<?xml version="1.0" encoding="UTF-8"?>
<kml xmlns="http://www.opengis.net/kml/2.2">
  <Document>
    <name>Sebastopol to Tonopah</name>
    <description>Day 1</description>
    <Style id="icon-1899-0288D1-nodesc-normal">
      <IconStyle>
        <color>ffd18802</color>
        <scale>1</scale>
        <Icon>
          <href>https://www.gstatic.com/mapspro/images/stock/503-wht-blank_maps.png</href>
        </Icon>
        <hotSpot x="32" xunits="pixels" y="64" yunits="insetPixels"/>
      </IconStyle>
      <LabelStyle>
        <scale>0</scale>
      </LabelStyle>
      <BalloonStyle>
        <text><![CDATA[<h3>$[name]</h3>]]></text>
      </BalloonStyle>
    </Style>
    <Style id="icon-1899-0288D1-nodesc-highlight">
      <IconStyle>
        <color>ffd18802</color>
        <scale>1</scale>
        <Icon>
          <href>https://www.gstatic.com/mapspro/images/stock/503-wht-blank_maps.png</href>
        </Icon>
        <hotSpot x="32" xunits="pixels" y="64" yunits="insetPixels"/>
      </IconStyle>
      <LabelStyle>
        <scale>1</scale>
      </LabelStyle>
      <BalloonStyle>
        <text><![CDATA[<h3>$[name]</h3>]]></text>
      </BalloonStyle>
    </Style>
    <StyleMap id="icon-1899-0288D1-nodesc">
      <Pair>
        <key>normal</key>
        <styleUrl>#icon-1899-0288D1-nodesc-normal</styleUrl>
      </Pair>
      <Pair>
        <key>highlight</key>
        <styleUrl>#icon-1899-0288D1-nodesc-highlight</styleUrl>
      </Pair>
    </StyleMap>
    <Style id="icon-1899-DB4436-nodesc-normal">
      <IconStyle>
        <color>ff3644db</color>
        <scale>1</scale>
        <Icon>
          <href>https://www.gstatic.com/mapspro/images/stock/503-wht-blank_maps.png</href>
        </Icon>
        <hotSpot x="32" xunits="pixels" y="64" yunits="insetPixels"/>
      </IconStyle>
      <LabelStyle>
        <scale>0</scale>
      </LabelStyle>
      <BalloonStyle>
        <text><![CDATA[<h3>$[name]</h3>]]></text>
      </BalloonStyle>
    </Style>
    <Style id="icon-1899-DB4436-nodesc-highlight">
      <IconStyle>
        <color>ff3644db</color>
        <scale>1</scale>
        <Icon>
          <href>https://www.gstatic.com/mapspro/images/stock/503-wht-blank_maps.png</href>
        </Icon>
        <hotSpot x="32" xunits="pixels" y="64" yunits="insetPixels"/>
      </IconStyle>
      <LabelStyle>
        <scale>1</scale>
      </LabelStyle>
      <BalloonStyle>
        <text><![CDATA[<h3>$[name]</h3>]]></text>
      </BalloonStyle>
    </Style>
    <StyleMap id="icon-1899-DB4436-nodesc">
      <Pair>
        <key>normal</key>
        <styleUrl>#icon-1899-DB4436-nodesc-normal</styleUrl>
      </Pair>
      <Pair>
        <key>highlight</key>
        <styleUrl>#icon-1899-DB4436-nodesc-highlight</styleUrl>
      </Pair>
    </StyleMap>
    <Style id="line-1267FF-5000-nodesc-normal">
      <LineStyle>
        <color>ffff6712</color>
        <width>5</width>
      </LineStyle>
      <BalloonStyle>
        <text><![CDATA[<h3>$[name]</h3>]]></text>
      </BalloonStyle>
    </Style>
    <Style id="line-1267FF-5000-nodesc-highlight">
      <LineStyle>
        <color>ffff6712</color>
        <width>7.5</width>
      </LineStyle>
      <BalloonStyle>
        <text><![CDATA[<h3>$[name]</h3>]]></text>
      </BalloonStyle>
    </Style>
    <StyleMap id="line-1267FF-5000-nodesc">
      <Pair>
        <key>normal</key>
        <styleUrl>#line-1267FF-5000-nodesc-normal</styleUrl>
      </Pair>
      <Pair>
        <key>highlight</key>
        <styleUrl>#line-1267FF-5000-nodesc-highlight</styleUrl>
      </Pair>
    </StyleMap>
    <Folder>
      <name>Untitled layer</name>
      <Placemark>
        <name>613 Sparkes Rd</name>
        <styleUrl>#icon-1899-0288D1-nodesc</styleUrl>
        <Point>
          <coordinates>
            -122.8087704,38.3749018,0
          </coordinates>
        </Point>
      </Placemark>
      <Placemark>
        <name>Shingle Springs</name>
        <styleUrl>#icon-1899-0288D1-nodesc</styleUrl>
        <Point>
          <coordinates>
            -120.9371642,38.661954,0
          </coordinates>
        </Point>
      </Placemark>
      <Placemark>
        <name>Meyers</name>
        <styleUrl>#icon-1899-0288D1-nodesc</styleUrl>
        <Point>
          <coordinates>
            -120.0221797,38.8509526,0
          </coordinates>
        </Point>
      </Placemark>
      <Placemark>
        <name>Alpine Village</name>
        <styleUrl>#icon-1899-0288D1-nodesc</styleUrl>
        <Point>
          <coordinates>
            -119.821921,38.7742988,0
          </coordinates>
        </Point>
      </Placemark>
      <Placemark>
        <name><![CDATA[Rosie's Place]]></name>
        <styleUrl>#icon-1899-0288D1-nodesc</styleUrl>
        <Point>
          <coordinates>
            -119.3852615,38.7611083,0
          </coordinates>
        </Point>
      </Placemark>
      <Placemark>
        <name>Walker Lake</name>
        <styleUrl>#icon-1899-0288D1-nodesc</styleUrl>
        <Point>
          <coordinates>
            -118.7551395,38.6482535,0
          </coordinates>
        </Point>
      </Placemark>
      <Placemark>
        <name>Tonopah</name>
        <styleUrl>#icon-1899-0288D1-nodesc</styleUrl>
        <Point>
          <coordinates>
            -117.2305861,38.069211,0
          </coordinates>
        </Point>
      </Placemark>
    </Folder>
    <Folder>
      <name>Directions from 613 Sparkes Rd to Tonopah, NV</name>
      <Placemark>
        <name>Directions from 613 Sparkes Rd to Tonopah, NV</name>
        <styleUrl>#line-1267FF-5000-nodesc</styleUrl>
        <LineString>
          <tessellate>1</tessellate>
          <coordinates>
            -122.80882,38.37472,0
            -122.80887,38.37473,0
            -122.80901,38.37473,0
            -122.80924,38.37472,0
            -122.80947,38.3747,0
            -122.8097,38.37469,0
            -122.81066,38.37468,0
            -122.81087,38.37466,0
            -122.81092,38.37465,0
            -122.81093,38.37491,0
            -122.81093,38.37545,0
            -122.81091,38.37577,0
            -122.81092,38.37763,0
            -122.81098,38.37905,0
            -122.81097,38.37908,0
            -122.81098,38.37931,0
            -122.81098,38.38085,0
            -122.81097,38.38116,0
            -122.81097,38.38247,0
            -122.81098,38.38294,0
            -122.81097,38.38315,0
            -122.81098,38.38369,0
            -122.80928,38.38278,0
            -122.80915,38.38274,0
            -122.80836,38.38232,0
            -122.80817,38.38223,0
            -122.80785,38.38206,0
            -122.80774,38.38198,0
            -122.80774,38.38197,0
            -122.80679,38.38145,0
            -122.80661,38.38137,0
            -122.80648,38.38132,0
            -122.80616,38.38121,0
            -122.80595,38.38115,0
            -122.80522,38.38099,0
            -122.80473,38.38091,0
            -122.80446,38.38088,0
            -122.80237,38.38048,0
            -122.80215,38.38043,0
            -122.80209,38.38042,0
            -122.80195,38.38038,0
            -122.80171,38.3803,0
            -122.79748,38.37871,0
            -122.79741,38.37868,0
            -122.79734,38.37864,0
            -122.79726,38.37861,0
            -122.79714,38.37855,0
            -122.797,38.37846,0
            -122.79688,38.37839,0
            -122.79634,38.378,0
            -122.79557,38.37741,0
            -122.79551,38.37737,0
            -122.7955,38.37736,0
            -122.79478,38.37682,0
            -122.79462,38.37671,0
            -122.79314,38.37561,0
            -122.79306,38.37556,0
            -122.79296,38.37548,0
            -122.79279,38.37536,0
            -122.79265,38.37527,0
            -122.79123,38.37424,0
            -122.78551,38.37018,0
            -122.78516,38.36992,0
            -122.7851,38.36988,0
            -122.78454,38.36947,0
            -122.78435,38.36932,0
            -122.78411,38.3691,0
            -122.78408,38.36908,0
            -122.78401,38.36901,0
            -122.78394,38.36893,0
            -122.78384,38.3688,0
            -122.78378,38.36873,0
            -122.78373,38.36865,0
            -122.7836,38.36849,0
            -122.78196,38.36616,0
            -122.78182,38.36595,0
            -122.78153,38.36554,0
            -122.78148,38.36548,0
            -122.78144,38.36542,0
            -122.78139,38.36536,0
            -122.78136,38.36533,0
            -122.78131,38.36527,0
            -122.78125,38.36521,0
            -122.78121,38.36516,0
            -122.78116,38.36512,0
            -122.78102,38.36498,0
            -122.78088,38.36486,0
            -122.78081,38.36479,0
            -122.78077,38.36476,0
            -122.78073,38.36471,0
            -122.78067,38.36466,0
            -122.77922,38.3633,0
            -122.77908,38.36316,0
            -122.77807,38.36222,0
            -122.7779,38.36209,0
            -122.7778,38.36202,0
            -122.77622,38.36102,0
            -122.77591,38.36086,0
            -122.77439,38.36025,0
            -122.77366,38.35997,0
            -122.77364,38.35996,0
            -122.77178,38.35922,0
            -122.77122,38.35896,0
            -122.77059,38.35862,0
            -122.77058,38.35861,0
            -122.77037,38.35849,0
            -122.7699,38.35817,0
            -122.76913,38.35759,0
            -122.76902,38.35749,0
            -122.76894,38.35741,0
            -122.76881,38.3573,0
            -122.76863,38.35713,0
            -122.7682,38.35666,0
            -122.76768,38.35602,0
            -122.76471,38.35147,0
            -122.7647,38.35145,0
            -122.76469,38.35145,0
            -122.76464,38.35136,0
            -122.76438,38.35097,0
            -122.76436,38.35093,0
            -122.76428,38.35083,0
            -122.76423,38.35076,0
            -122.76403,38.35053,0
            -122.76346,38.34994,0
            -122.76346,38.34993,0
            -122.76033,38.34663,0
            -122.76031,38.34657,0
            -122.76031,38.34656,0
            -122.76,38.34624,0
            -122.75972,38.34592,0
            -122.7583,38.34448,0
            -122.7582,38.34441,0
            -122.75728,38.34345,0
            -122.75687,38.34314,0
            -122.75681,38.34308,0
            -122.75661,38.3429,0
            -122.75648,38.3428,0
            -122.75635,38.34271,0
            -122.75626,38.34263,0
            -122.75615,38.34255,0
            -122.75583,38.34235,0
            -122.75551,38.34218,0
            -122.75548,38.34216,0
            -122.7538,38.34126,0
            -122.75361,38.34115,0
            -122.75002,38.33926,0
            -122.74881,38.33869,0
            -122.74701,38.33792,0
            -122.74518,38.33711,0
            -122.74341,38.33627,0
            -122.74168,38.33541,0
            -122.74092,38.33506,0
            -122.74073,38.33499,0
            -122.74071,38.33499,0
            -122.7406,38.33495,0
            -122.74031,38.33487,0
            -122.74026,38.33486,0
            -122.74011,38.33481,0
            -122.73983,38.33475,0
            -122.73961,38.33472,0
            -122.73953,38.33467,0
            -122.73948,38.33465,0
            -122.7384,38.33453,0
            -122.73852,38.334,0
            -122.73852,38.33399,0
            -122.73873,38.33292,0
            -122.73878,38.33249,0
            -122.73878,38.33196,0
            -122.73871,38.33175,0
            -122.73868,38.33136,0
            -122.73862,38.33095,0
            -122.73858,38.33075,0
            -122.73855,38.33067,0
            -122.73853,38.33058,0
            -122.73846,38.33035,0
            -122.73837,38.33011,0
            -122.73818,38.32965,0
            -122.73795,38.32921,0
            -122.7357,38.3252,0
            -122.73549,38.32516,0
            -122.73534,38.32512,0
            -122.73484,38.32494,0
            -122.7347,38.32488,0
            -122.73394,38.3246,0
            -122.73392,38.32459,0
            -122.73387,38.32458,0
            -122.73381,38.32455,0
            -122.73371,38.32452,0
            -122.73327,38.32435,0
            -122.73326,38.32435,0
            -122.73325,38.32434,0
            -122.73324,38.32434,0
            -122.73312,38.32428,0
            -122.73309,38.32427,0
            -122.73306,38.32425,0
            -122.73297,38.3242,0
            -122.73277,38.32406,0
            -122.73275,38.32405,0
            -122.73271,38.32401,0
            -122.73243,38.32378,0
            -122.73241,38.32377,0
            -122.7321,38.32351,0
            -122.73198,38.32342,0
            -122.73178,38.32325,0
            -122.73148,38.32304,0
            -122.73145,38.32301,0
            -122.73144,38.32301,0
            -122.73131,38.32292,0
            -122.7313,38.32291,0
            -122.73129,38.32291,0
            -122.73127,38.32289,0
            -122.73113,38.3228,0
            -122.73112,38.32279,0
            -122.73109,38.32278,0
            -122.7309,38.32267,0
            -122.73074,38.32261,0
            -122.7307,38.32259,0
            -122.73052,38.32253,0
            -122.73041,38.3225,0
            -122.7303,38.32248,0
            -122.73027,38.32247,0
            -122.73021,38.32246,0
            -122.73008,38.32245,0
            -122.73004,38.32245,0
            -122.72993,38.32244,0
            -122.72966,38.32244,0
            -122.72959,38.32245,0
            -122.72956,38.32245,0
            -122.72939,38.32247,0
            -122.72935,38.32248,0
            -122.72918,38.32251,0
            -122.72898,38.32257,0
            -122.72893,38.32259,0
            -122.72892,38.32259,0
            -122.72881,38.32264,0
            -122.72873,38.32267,0
            -122.72861,38.32273,0
            -122.72854,38.32278,0
            -122.72844,38.32284,0
            -122.72809,38.32309,0
            -122.72808,38.3231,0
            -122.72803,38.32314,0
            -122.7275,38.32351,0
            -122.72736,38.32359,0
            -122.72727,38.32365,0
            -122.72699,38.32377,0
            -122.72658,38.32393,0
            -122.72559,38.32434,0
            -122.7253,38.32445,0
            -122.72501,38.32452,0
            -122.72482,38.32454,0
            -122.72462,38.32454,0
            -122.72451,38.32453,0
            -122.72427,38.32449,0
            -122.72411,38.32445,0
            -122.72399,38.32441,0
            -122.72365,38.32425,0
            -122.72352,38.32417,0
            -122.72341,38.32412,0
            -122.72336,38.32409,0
            -122.72313,38.32398,0
            -122.72296,38.32389,0
            -122.72274,38.32379,0
            -122.7226,38.32372,0
            -122.72254,38.3237,0
            -122.72234,38.32362,0
            -122.72133,38.32328,0
            -122.72126,38.32325,0
            -122.72119,38.32323,0
            -122.71842,38.3223,0
            -122.71786,38.3221,0
            -122.71749,38.322,0
            -122.71696,38.32187,0
            -122.7169,38.32185,0
            -122.71473,38.32134,0
            -122.71464,38.32134,0
            -122.71449,38.32133,0
            -122.71434,38.32124,0
            -122.71428,38.32118,0
            -122.71423,38.32112,0
            -122.71425,38.32101,0
            -122.71428,38.32077,0
            -122.71429,38.32064,0
            -122.71433,38.32029,0
            -122.71439,38.31937,0
            -122.7144,38.31929,0
            -122.7144,38.31924,0
            -122.71441,38.31922,0
            -122.71441,38.31919,0
            -122.71443,38.31901,0
            -122.71445,38.3189,0
            -122.71447,38.31883,0
            -122.71448,38.31874,0
            -122.71452,38.31853,0
            -122.71448,38.31832,0
            -122.71451,38.31823,0
            -122.71459,38.3179,0
            -122.7146,38.31788,0
            -122.71486,38.31697,0
            -122.71518,38.31559,0
            -122.71522,38.31523,0
            -122.71524,38.31487,0
            -122.71524,38.31419,0
            -122.71519,38.31379,0
            -122.71517,38.31356,0
            -122.71508,38.31308,0
            -122.71503,38.31285,0
            -122.71496,38.31263,0
            -122.71496,38.31262,0
            -122.7148,38.31213,0
            -122.71462,38.31171,0
            -122.71429,38.311,0
            -122.714,38.31051,0
            -122.71386,38.3103,0
            -122.71378,38.3102,0
            -122.71371,38.31009,0
            -122.71358,38.30993,0
            -122.71346,38.30977,0
            -122.71291,38.3091,0
            -122.71281,38.30899,0
            -122.7117,38.30768,0
            -122.71168,38.30766,0
            -122.71159,38.30755,0
            -122.71157,38.30753,0
            -122.71146,38.30739,0
            -122.71132,38.30723,0
            -122.71104,38.30688,0
            -122.71096,38.30679,0
            -122.71095,38.30677,0
            -122.71084,38.30665,0
            -122.71058,38.30634,0
            -122.71056,38.30632,0
            -122.71047,38.30621,0
            -122.71042,38.30614,0
            -122.71005,38.30571,0
            -122.70991,38.30553,0
            -122.70967,38.30526,0
            -122.70909,38.30456,0
            -122.70904,38.30449,0
            -122.70901,38.30447,0
            -122.709,38.30446,0
            -122.70871,38.3041,0
            -122.70855,38.30392,0
            -122.70816,38.30345,0
            -122.70805,38.30333,0
            -122.70764,38.30283,0
            -122.70762,38.30281,0
            -122.70761,38.30279,0
            -122.70751,38.30268,0
            -122.70743,38.30257,0
            -122.70733,38.30247,0
            -122.70724,38.30235,0
            -122.70715,38.30225,0
            -122.70706,38.30213,0
            -122.70687,38.30192,0
            -122.70623,38.30114,0
            -122.70604,38.30093,0
            -122.70594,38.30081,0
            -122.70586,38.3007,0
            -122.70581,38.30064,0
            -122.70575,38.30058,0
            -122.70558,38.30037,0
            -122.70521,38.29994,0
            -122.70512,38.29982,0
            -122.70503,38.29972,0
            -122.70496,38.29963,0
            -122.70494,38.29961,0
            -122.70466,38.29928,0
            -122.70462,38.29922,0
            -122.70457,38.29917,0
            -122.70448,38.29906,0
            -122.70445,38.29903,0
            -122.70429,38.29883,0
            -122.7042,38.29873,0
            -122.70407,38.29857,0
            -122.70402,38.29852,0
            -122.70392,38.29839,0
            -122.70367,38.2981,0
            -122.70361,38.29802,0
            -122.70353,38.29793,0
            -122.70311,38.29742,0
            -122.70307,38.29738,0
            -122.70298,38.29726,0
            -122.7027,38.29694,0
            -122.70191,38.29599,0
            -122.70188,38.29597,0
            -122.70186,38.29594,0
            -122.70166,38.29572,0
            -122.70136,38.29541,0
            -122.70131,38.29535,0
            -122.70107,38.2951,0
            -122.70084,38.29488,0
            -122.70027,38.2944,0
            -122.69962,38.29395,0
            -122.69955,38.29391,0
            -122.69818,38.29298,0
            -122.69797,38.29283,0
            -122.69785,38.29276,0
            -122.69695,38.29216,0
            -122.69684,38.29208,0
            -122.69677,38.29204,0
            -122.69629,38.29171,0
            -122.69591,38.29147,0
            -122.69539,38.29112,0
            -122.69536,38.29109,0
            -122.69458,38.29058,0
            -122.6941,38.29025,0
            -122.69289,38.28946,0
            -122.69259,38.28925,0
            -122.69248,38.28918,0
            -122.69171,38.28863,0
            -122.69154,38.28852,0
            -122.69063,38.28786,0
            -122.6854,38.28383,0
            -122.68539,38.28382,0
            -122.68519,38.28367,0
            -122.68507,38.28357,0
            -122.68496,38.28349,0
            -122.68488,38.28342,0
            -122.68326,38.28218,0
            -122.68324,38.28217,0
            -122.68307,38.28203,0
            -122.68263,38.2817,0
            -122.68224,38.28139,0
            -122.68193,38.28116,0
            -122.6801,38.27974,0
            -122.67987,38.27957,0
            -122.67953,38.2793,0
            -122.6793,38.27913,0
            -122.67927,38.2791,0
            -122.67766,38.27787,0
            -122.67745,38.27772,0
            -122.67702,38.27738,0
            -122.67605,38.27665,0
            -122.67575,38.27641,0
            -122.67536,38.27612,0
            -122.67513,38.27593,0
            -122.67168,38.27326,0
            -122.67137,38.27303,0
            -122.67134,38.273,0
            -122.67033,38.27223,0
            -122.66967,38.27171,0
            -122.66785,38.27032,0
            -122.66705,38.26967,0
            -122.66574,38.26853,0
            -122.66565,38.26844,0
            -122.66523,38.26806,0
            -122.66499,38.26786,0
            -122.66477,38.26765,0
            -122.66454,38.26745,0
            -122.66454,38.26744,0
            -122.66392,38.26689,0
            -122.66387,38.26684,0
            -122.66375,38.26674,0
            -122.66352,38.26653,0
            -122.66341,38.26644,0
            -122.6633,38.26634,0
            -122.66318,38.26624,0
            -122.66292,38.26604,0
            -122.66283,38.26596,0
            -122.66259,38.26578,0
            -122.66207,38.26542,0
            -122.66195,38.26535,0
            -122.66176,38.26522,0
            -122.66155,38.2651,0
            -122.66141,38.26501,0
            -122.66127,38.26494,0
            -122.66086,38.2647,0
            -122.66072,38.26463,0
            -122.66044,38.26447,0
            -122.66017,38.26433,0
            -122.66016,38.26432,0
            -122.66002,38.26425,0
            -122.65975,38.26409,0
            -122.65961,38.26402,0
            -122.6596,38.26401,0
            -122.65952,38.26397,0
            -122.65947,38.26394,0
            -122.65933,38.26387,0
            -122.65933,38.26386,0
            -122.65904,38.2637,0
            -122.65892,38.26364,0
            -122.65772,38.26294,0
            -122.65755,38.26285,0
            -122.65742,38.26277,0
            -122.65728,38.2627,0
            -122.65715,38.26262,0
            -122.65011,38.25866,0
            -122.65007,38.25863,0
            -122.64984,38.25851,0
            -122.64955,38.25834,0
            -122.649,38.25804,0
            -122.64886,38.25795,0
            -122.64872,38.25788,0
            -122.64859,38.2578,0
            -122.64777,38.25734,0
            -122.64749,38.25717,0
            -122.64649,38.2566,0
            -122.64639,38.25655,0
            -122.6463,38.25649,0
            -122.64527,38.25592,0
            -122.64514,38.25584,0
            -122.64472,38.25561,0
            -122.64465,38.25558,0
            -122.64457,38.25553,0
            -122.6443,38.25538,0
            -122.64416,38.25531,0
            -122.64396,38.25519,0
            -122.64386,38.25514,0
            -122.64348,38.25493,0
            -122.64319,38.25479,0
            -122.64305,38.25471,0
            -122.64278,38.25458,0
            -122.64264,38.2545,0
            -122.64249,38.25443,0
            -122.64221,38.25427,0
            -122.64206,38.2542,0
            -122.64031,38.25327,0
            -122.63866,38.25243,0
            -122.63853,38.25237,0
            -122.63725,38.25171,0
            -122.63719,38.25167,0
            -122.63712,38.25164,0
            -122.63428,38.25017,0
            -122.63399,38.25003,0
            -122.63385,38.24995,0
            -122.63371,38.24988,0
            -122.63357,38.2498,0
            -122.63316,38.2496,0
            -122.63312,38.24957,0
            -122.63246,38.24923,0
            -122.63232,38.24915,0
            -122.63203,38.24901,0
            -122.63191,38.24894,0
            -122.6316,38.24879,0
            -122.63137,38.24866,0
            -122.63132,38.24864,0
            -122.63075,38.24835,0
            -122.63061,38.24827,0
            -122.63046,38.2482,0
            -122.63032,38.24812,0
            -122.62648,38.24612,0
            -122.62595,38.24582,0
            -122.62578,38.2457,0
            -122.62564,38.24562,0
            -122.62539,38.24545,0
            -122.6252,38.2453,0
            -122.62506,38.2452,0
            -122.6246,38.24482,0
            -122.62447,38.24469,0
            -122.62427,38.24451,0
            -122.62406,38.2443,0
            -122.62387,38.24408,0
            -122.62377,38.24398,0
            -122.62359,38.24376,0
            -122.6235,38.24364,0
            -122.62341,38.24353,0
            -122.62333,38.24342,0
            -122.62317,38.24318,0
            -122.62316,38.24317,0
            -122.62309,38.24306,0
            -122.62305,38.24301,0
            -122.62301,38.24295,0
            -122.62286,38.24268,0
            -122.62281,38.24258,0
            -122.62274,38.24246,0
            -122.62268,38.24233,0
            -122.62261,38.24221,0
            -122.62255,38.24208,0
            -122.62236,38.24171,0
            -122.6223,38.24158,0
            -122.62223,38.24146,0
            -122.62204,38.24107,0
            -122.62191,38.24083,0
            -122.62179,38.24058,0
            -122.62172,38.24046,0
            -122.6216,38.24021,0
            -122.62153,38.24009,0
            -122.62032,38.23773,0
            -122.62029,38.23768,0
            -122.62024,38.2374,0
            -122.62024,38.23738,0
            -122.62004,38.23678,0
            -122.61986,38.23634,0
            -122.6197,38.23583,0
            -122.6197,38.23569,0
            -122.61972,38.23559,0
            -122.61975,38.23552,0
            -122.61979,38.23544,0
            -122.61983,38.23539,0
            -122.61987,38.23535,0
            -122.62,38.2352,0
            -122.6203,38.23491,0
            -122.62038,38.23482,0
            -122.62028,38.23475,0
            -122.61993,38.23442,0
            -122.61975,38.23426,0
            -122.6197,38.23421,0
            -122.61951,38.23404,0
            -122.61935,38.23388,0
            -122.61901,38.23364,0
            -122.61888,38.23357,0
            -122.61887,38.23356,0
            -122.61864,38.23344,0
            -122.61834,38.23333,0
            -122.61808,38.23326,0
            -122.61806,38.23326,0
            -122.61802,38.23325,0
            -122.61707,38.23309,0
            -122.6169,38.23305,0
            -122.61679,38.233,0
            -122.61618,38.23294,0
            -122.61565,38.2329,0
            -122.61538,38.23287,0
            -122.61517,38.23286,0
            -122.61507,38.23285,0
            -122.61499,38.23286,0
            -122.61467,38.23287,0
            -122.61321,38.23297,0
            -122.61243,38.23305,0
            -122.61076,38.23311,0
            -122.60978,38.23319,0
            -122.60958,38.2332,0
            -122.60858,38.23328,0
            -122.60851,38.23329,0
            -122.60848,38.23329,0
            -122.60425,38.2336,0
            -122.6034,38.23368,0
            -122.60137,38.23391,0
            -122.60112,38.23395,0
            -122.60047,38.23402,0
            -122.59846,38.2342,0
            -122.5983,38.23422,0
            -122.59721,38.23432,0
            -122.59599,38.2344,0
            -122.59467,38.23451,0
            -122.59464,38.23452,0
            -122.59399,38.23458,0
            -122.59387,38.23458,0
            -122.59259,38.23471,0
            -122.59242,38.23472,0
            -122.59235,38.23473,0
            -122.59199,38.23474,0
            -122.59172,38.23473,0
            -122.5912,38.23468,0
            -122.59111,38.23466,0
            -122.59089,38.23463,0
            -122.59062,38.23457,0
            -122.59056,38.23455,0
            -122.59048,38.23453,0
            -122.59047,38.23453,0
            -122.59036,38.2345,0
            -122.58987,38.23433,0
            -122.58947,38.23415,0
            -122.58896,38.23386,0
            -122.58749,38.23306,0
            -122.58734,38.23295,0
            -122.58726,38.23291,0
            -122.58444,38.23131,0
            -122.58431,38.23125,0
            -122.58375,38.23094,0
            -122.58287,38.23048,0
            -122.58273,38.23044,0
            -122.57882,38.22825,0
            -122.57872,38.2282,0
            -122.57851,38.22808,0
            -122.5785,38.22807,0
            -122.5777,38.22762,0
            -122.57769,38.22762,0
            -122.57646,38.22693,0
            -122.5764,38.22689,0
            -122.5757,38.2265,0
            -122.57566,38.22647,0
            -122.57388,38.22547,0
            -122.56991,38.22329,0
            -122.5699,38.22329,0
            -122.56983,38.22325,0
            -122.56971,38.22319,0
            -122.56748,38.22197,0
            -122.56514,38.22083,0
            -122.56493,38.22074,0
            -122.56377,38.22016,0
            -122.56361,38.22009,0
            -122.56263,38.21961,0
            -122.5626,38.2196,0
            -122.56106,38.21887,0
            -122.56103,38.21885,0
            -122.56008,38.2184,0
            -122.56003,38.21837,0
            -122.55971,38.21822,0
            -122.5595,38.21811,0
            -122.55894,38.21778,0
            -122.5566,38.21635,0
            -122.55658,38.21634,0
            -122.55649,38.21628,0
            -122.55551,38.21569,0
            -122.55421,38.21496,0
            -122.55415,38.21493,0
            -122.55414,38.21492,0
            -122.55272,38.21412,0
            -122.55271,38.21412,0
            -122.55265,38.21408,0
            -122.55211,38.21377,0
            -122.55153,38.21337,0
            -122.5495,38.21216,0
            -122.54928,38.21202,0
            -122.54905,38.21185,0
            -122.54849,38.21138,0
            -122.54828,38.21118,0
            -122.54766,38.21063,0
            -122.54757,38.21054,0
            -122.54749,38.21047,0
            -122.54744,38.21041,0
            -122.54737,38.21034,0
            -122.54732,38.21028,0
            -122.54727,38.2102,0
            -122.54717,38.21007,0
            -122.5471,38.20997,0
            -122.54705,38.20989,0
            -122.54699,38.20978,0
            -122.54695,38.20968,0
            -122.54689,38.20955,0
            -122.54686,38.20946,0
            -122.54679,38.20915,0
            -122.54677,38.209,0
            -122.54676,38.20887,0
            -122.54676,38.20875,0
            -122.54677,38.20867,0
            -122.54677,38.20856,0
            -122.54708,38.20675,0
            -122.54716,38.20645,0
            -122.54718,38.20636,0
            -122.54718,38.20631,0
            -122.54719,38.20627,0
            -122.54722,38.20603,0
            -122.54727,38.20576,0
            -122.5473,38.20555,0
            -122.54746,38.20467,0
            -122.54766,38.20367,0
            -122.54775,38.2031,0
            -122.54777,38.20292,0
            -122.54777,38.20272,0
            -122.54775,38.20254,0
            -122.54774,38.20248,0
            -122.54772,38.2024,0
            -122.54769,38.20224,0
            -122.54751,38.20156,0
            -122.5475,38.20155,0
            -122.54741,38.20118,0
            -122.54735,38.20098,0
            -122.54711,38.20006,0
            -122.54698,38.19963,0
            -122.54678,38.19891,0
            -122.54671,38.19869,0
            -122.54664,38.19851,0
            -122.54656,38.19836,0
            -122.54606,38.19751,0
            -122.54547,38.19661,0
            -122.54534,38.19639,0
            -122.54532,38.19632,0
            -122.54464,38.19516,0
            -122.54431,38.19451,0
            -122.54375,38.19346,0
            -122.5437,38.19335,0
            -122.54365,38.19328,0
            -122.54327,38.19261,0
            -122.54318,38.19242,0
            -122.54307,38.19221,0
            -122.54288,38.19177,0
            -122.54287,38.19176,0
            -122.5428,38.19156,0
            -122.54277,38.19146,0
            -122.54237,38.19046,0
            -122.54221,38.19003,0
            -122.54198,38.18946,0
            -122.54195,38.18936,0
            -122.54175,38.18887,0
            -122.54174,38.18884,0
            -122.54166,38.18865,0
            -122.54147,38.18828,0
            -122.54127,38.18802,0
            -122.54072,38.18744,0
            -122.54012,38.18685,0
            -122.54012,38.18684,0
            -122.54011,38.18684,0
            -122.53998,38.1867,0
            -122.53997,38.1867,0
            -122.53997,38.18669,0
            -122.53897,38.1857,0
            -122.53884,38.18558,0
            -122.53874,38.18547,0
            -122.53779,38.18453,0
            -122.53774,38.18447,0
            -122.53649,38.18323,0
            -122.53622,38.183,0
            -122.53609,38.18292,0
            -122.536,38.18285,0
            -122.5347,38.18195,0
            -122.53459,38.18188,0
            -122.53334,38.18102,0
            -122.53315,38.1809,0
            -122.53314,38.18089,0
            -122.53311,38.18087,0
            -122.5331,38.18086,0
            -122.53176,38.17994,0
            -122.53167,38.17987,0
            -122.53166,38.17987,0
            -122.53157,38.17981,0
            -122.53156,38.1798,0
            -122.53095,38.17938,0
            -122.53094,38.17938,0
            -122.53094,38.17937,0
            -122.53021,38.17887,0
            -122.53019,38.17885,0
            -122.52996,38.17869,0
            -122.52906,38.17801,0
            -122.52766,38.17688,0
            -122.52765,38.17688,0
            -122.5275,38.17675,0
            -122.52608,38.17561,0
            -122.52606,38.1756,0
            -122.52602,38.17556,0
            -122.52542,38.17507,0
            -122.5252,38.1749,0
            -122.52504,38.17476,0
            -122.52376,38.17371,0
            -122.52369,38.17367,0
            -122.5233,38.17339,0
            -122.52257,38.17295,0
            -122.522,38.17259,0
            -122.52181,38.17248,0
            -122.52169,38.1724,0
            -122.52139,38.17222,0
            -122.52122,38.1721,0
            -122.52112,38.17205,0
            -122.5211,38.17203,0
            -122.52104,38.17199,0
            -122.52074,38.17181,0
            -122.52071,38.17178,0
            -122.52068,38.17177,0
            -122.51979,38.1712,0
            -122.51967,38.17113,0
            -122.51961,38.17109,0
            -122.51949,38.17102,0
            -122.51943,38.17098,0
            -122.51931,38.17091,0
            -122.51896,38.17068,0
            -122.51889,38.17064,0
            -122.51885,38.17061,0
            -122.51878,38.17057,0
            -122.51875,38.17056,0
            -122.51784,38.16998,0
            -122.51767,38.16988,0
            -122.51749,38.16976,0
            -122.51678,38.16932,0
            -122.51657,38.16918,0
            -122.51588,38.16876,0
            -122.51575,38.16867,0
            -122.51371,38.16738,0
            -122.51299,38.16694,0
            -122.51282,38.16682,0
            -122.50817,38.1639,0
            -122.50808,38.16385,0
            -122.50694,38.16313,0
            -122.50677,38.16303,0
            -122.50528,38.16209,0
            -122.50526,38.16207,0
            -122.50327,38.16083,0
            -122.50321,38.1608,0
            -122.50294,38.16064,0
            -122.50244,38.16032,0
            -122.5024,38.1603,0
            -122.50196,38.16002,0
            -122.50179,38.15992,0
            -122.5017,38.15986,0
            -122.50169,38.15985,0
            -122.50167,38.15984,0
            -122.50165,38.15982,0
            -122.50152,38.15972,0
            -122.50136,38.15965,0
            -122.50136,38.15964,0
            -122.50116,38.15952,0
            -122.50052,38.1591,0
            -122.50034,38.15897,0
            -122.5003,38.15895,0
            -122.50018,38.15887,0
            -122.50016,38.15885,0
            -122.50012,38.15882,0
            -122.50004,38.15875,0
            -122.5,38.1587,0
            -122.49992,38.15865,0
            -122.4999,38.15863,0
            -122.49893,38.15791,0
            -122.49886,38.15789,0
            -122.49786,38.15709,0
            -122.49771,38.15698,0
            -122.49724,38.15661,0
            -122.49719,38.15656,0
            -122.4967,38.15618,0
            -122.49632,38.15586,0
            -122.49599,38.1556,0
            -122.49592,38.15555,0
            -122.49549,38.15521,0
            -122.49542,38.15515,0
            -122.49536,38.15511,0
            -122.49529,38.15505,0
            -122.49525,38.15501,0
            -122.4951,38.1549,0
            -122.49506,38.15486,0
            -122.49494,38.15476,0
            -122.49474,38.15461,0
            -122.49425,38.15421,0
            -122.49411,38.15411,0
            -122.49409,38.15409,0
            -122.49389,38.15396,0
            -122.49384,38.15392,0
            -122.49353,38.15374,0
            -122.49214,38.15299,0
            -122.49195,38.15288,0
            -122.49143,38.1526,0
            -122.4914,38.15258,0
            -122.49016,38.15192,0
            -122.49014,38.1519,0
            -122.48989,38.15176,0
            -122.48971,38.15165,0
            -122.48969,38.15163,0
            -122.48954,38.15152,0
            -122.48934,38.15132,0
            -122.48912,38.15107,0
            -122.48859,38.15038,0
            -122.48845,38.15021,0
            -122.48833,38.15005,0
            -122.48824,38.14994,0
            -122.48823,38.14991,0
            -122.48812,38.14978,0
            -122.48804,38.14966,0
            -122.4871,38.14841,0
            -122.48698,38.14824,0
            -122.48684,38.14807,0
            -122.48673,38.14791,0
            -122.48613,38.14712,0
            -122.48595,38.14687,0
            -122.48503,38.14565,0
            -122.4849,38.14546,0
            -122.48309,38.14306,0
            -122.48305,38.143,0
            -122.48274,38.14258,0
            -122.48268,38.14251,0
            -122.48265,38.14246,0
            -122.48211,38.14174,0
            -122.48209,38.14172,0
            -122.48202,38.14162,0
            -122.48199,38.14159,0
            -122.48165,38.14112,0
            -122.48141,38.14081,0
            -122.48138,38.14076,0
            -122.48057,38.13968,0
            -122.48056,38.13967,0
            -122.47971,38.13853,0
            -122.47971,38.13852,0
            -122.47964,38.13844,0
            -122.47956,38.13832,0
            -122.47661,38.13437,0
            -122.47644,38.13417,0
            -122.47631,38.134,0
            -122.47596,38.13421,0
            -122.47595,38.13421,0
            -122.47593,38.13422,0
            -122.46546,38.14054,0
            -122.46544,38.14056,0
            -122.46493,38.14087,0
            -122.46492,38.14087,0
            -122.46489,38.14089,0
            -122.46475,38.14097,0
            -122.46427,38.14127,0
            -122.46376,38.14157,0
            -122.46343,38.14178,0
            -122.46224,38.14249,0
            -122.4613,38.14307,0
            -122.46081,38.14335,0
            -122.45933,38.14427,0
            -122.45932,38.14427,0
            -122.45916,38.14438,0
            -122.45914,38.14439,0
            -122.4588,38.14461,0
            -122.45879,38.14461,0
            -122.45862,38.14472,0
            -122.45861,38.14472,0
            -122.45856,38.14476,0
            -122.45763,38.14533,0
            -122.45722,38.14557,0
            -122.45662,38.14594,0
            -122.45592,38.14635,0
            -122.45579,38.14644,0
            -122.4554,38.14669,0
            -122.45528,38.14676,0
            -122.45518,38.14684,0
            -122.45502,38.14695,0
            -122.45497,38.14698,0
            -122.45437,38.14742,0
            -122.45435,38.14744,0
            -122.45426,38.1475,0
            -122.45394,38.14775,0
            -122.45371,38.14791,0
            -122.45369,38.14794,0
            -122.45357,38.14802,0
            -122.45321,38.1483,0
            -122.45319,38.14831,0
            -122.45071,38.15017,0
            -122.45054,38.15026,0
            -122.45035,38.15038,0
            -122.45034,38.15039,0
            -122.45012,38.15053,0
            -122.45001,38.15059,0
            -122.44963,38.15077,0
            -122.44938,38.15087,0
            -122.44924,38.15091,0
            -122.44909,38.15097,0
            -122.44784,38.15138,0
            -122.44761,38.15147,0
            -122.44752,38.15151,0
            -122.44698,38.15169,0
            -122.44689,38.15173,0
            -122.44679,38.15176,0
            -122.44497,38.15241,0
            -122.44492,38.15242,0
            -122.44464,38.15252,0
            -122.44401,38.15267,0
            -122.44372,38.15272,0
            -122.44318,38.15278,0
            -122.44315,38.15278,0
            -122.43841,38.15324,0
            -122.43816,38.15327,0
            -122.43811,38.15327,0
            -122.43629,38.15344,0
            -122.43595,38.15348,0
            -122.42311,38.15472,0
            -122.42302,38.15474,0
            -122.42277,38.15478,0
            -122.42188,38.15487,0
            -122.42184,38.15488,0
            -122.42146,38.15492,0
            -122.42143,38.15492,0
            -122.42133,38.15494,0
            -122.42112,38.1549,0
            -122.42105,38.1549,0
            -122.41133,38.15584,0
            -122.41127,38.15584,0
            -122.4111,38.15586,0
            -122.41047,38.15586,0
            -122.40885,38.15576,0
            -122.40836,38.15574,0
            -122.4072,38.15567,0
            -122.40712,38.15566,0
            -122.40699,38.15566,0
            -122.40656,38.15563,0
            -122.40611,38.15561,0
            -122.40588,38.15559,0
            -122.40542,38.15557,0
            -122.4052,38.15555,0
            -122.40492,38.15554,0
            -122.40483,38.15553,0
            -122.40475,38.15553,0
            -122.40356,38.15545,0
            -122.40347,38.15545,0
            -122.40314,38.15541,0
            -122.40272,38.15534,0
            -122.40268,38.15533,0
            -122.40267,38.15533,0
            -122.40255,38.15531,0
            -122.4019,38.15514,0
            -122.40141,38.15497,0
            -122.40003,38.15443,0
            -122.39994,38.1544,0
            -122.3999,38.15438,0
            -122.3994,38.15422,0
            -122.39906,38.15413,0
            -122.39374,38.1531,0
            -122.39338,38.15304,0
            -122.39331,38.15302,0
            -122.39206,38.15279,0
            -122.3917,38.15271,0
            -122.38995,38.15227,0
            -122.38991,38.15225,0
            -122.38739,38.15161,0
            -122.38654,38.15138,0
            -122.38594,38.15119,0
            -122.38547,38.15103,0
            -122.3843,38.15055,0
            -122.38363,38.15023,0
            -122.38268,38.14974,0
            -122.38251,38.14966,0
            -122.38092,38.14884,0
            -122.38089,38.14882,0
            -122.37696,38.1468,0
            -122.37524,38.14595,0
            -122.37482,38.14576,0
            -122.37376,38.14534,0
            -122.37308,38.14511,0
            -122.37295,38.14508,0
            -122.37223,38.14486,0
            -122.37145,38.14465,0
            -122.37108,38.14456,0
            -122.37058,38.14442,0
            -122.37037,38.14437,0
            -122.36998,38.14426,0
            -122.36942,38.14408,0
            -122.36883,38.14387,0
            -122.36874,38.14383,0
            -122.36838,38.1437,0
            -122.36775,38.14344,0
            -122.36598,38.14261,0
            -122.3652,38.14228,0
            -122.36452,38.14203,0
            -122.35549,38.139,0
            -122.35493,38.13879,0
            -122.3548,38.13873,0
            -122.3542,38.13848,0
            -122.35385,38.13832,0
            -122.35328,38.13804,0
            -122.35153,38.13713,0
            -122.35088,38.13683,0
            -122.3501,38.1365,0
            -122.34966,38.13633,0
            -122.34683,38.13541,0
            -122.34615,38.13517,0
            -122.34607,38.13515,0
            -122.34377,38.13434,0
            -122.34364,38.1343,0
            -122.34342,38.13422,0
            -122.34331,38.13417,0
            -122.34241,38.13386,0
            -122.33935,38.1329,0
            -122.33922,38.13285,0
            -122.33898,38.13277,0
            -122.33802,38.1324,0
            -122.33551,38.13132,0
            -122.33549,38.13132,0
            -122.33506,38.13113,0
            -122.33218,38.12992,0
            -122.32854,38.12855,0
            -122.3285,38.12853,0
            -122.32848,38.12853,0
            -122.3273,38.12808,0
            -122.32227,38.12597,0
            -122.32222,38.12594,0
            -122.32209,38.12589,0
            -122.31986,38.12494,0
            -122.31804,38.12414,0
            -122.31748,38.12391,0
            -122.31236,38.12165,0
            -122.30787,38.11944,0
            -122.3071,38.11908,0
            -122.30672,38.11893,0
            -122.30663,38.11889,0
            -122.30555,38.11849,0
            -122.3046,38.1182,0
            -122.30411,38.11807,0
            -122.30345,38.11791,0
            -122.30246,38.11771,0
            -122.30204,38.11764,0
            -122.30096,38.1175,0
            -122.29952,38.1174,0
            -122.29929,38.1174,0
            -122.29906,38.11739,0
            -122.29678,38.11739,0
            -122.29582,38.11737,0
            -122.29531,38.11737,0
            -122.2949,38.11736,0
            -122.29478,38.11735,0
            -122.29415,38.11734,0
            -122.29398,38.11733,0
            -122.29031,38.11733,0
            -122.29015,38.11734,0
            -122.28998,38.11734,0
            -122.28982,38.11735,0
            -122.2897,38.11735,0
            -122.28966,38.11736,0
            -122.2894,38.11738,0
            -122.28903,38.11742,0
            -122.28899,38.11743,0
            -122.28887,38.11745,0
            -122.28883,38.11745,0
            -122.28871,38.11747,0
            -122.28867,38.11748,0
            -122.28866,38.11748,0
            -122.28838,38.11752,0
            -122.28834,38.11753,0
            -122.28821,38.11755,0
            -122.28771,38.11767,0
            -122.28709,38.11785,0
            -122.28678,38.11795,0
            -122.28628,38.11813,0
            -122.28577,38.11833,0
            -122.28573,38.11835,0
            -122.28553,38.11842,0
            -122.2848,38.11871,0
            -122.28092,38.12014,0
            -122.27969,38.12061,0
            -122.27948,38.12068,0
            -122.27939,38.12072,0
            -122.27927,38.12076,0
            -122.27745,38.12145,0
            -122.27716,38.12155,0
            -122.27508,38.12233,0
            -122.27502,38.12236,0
            -122.275,38.12236,0
            -122.27481,38.12243,0
            -122.27459,38.12252,0
            -122.27398,38.12275,0
            -122.27396,38.12275,0
            -122.27373,38.12284,0
            -122.27357,38.12289,0
            -122.27339,38.12297,0
            -122.27335,38.12298,0
            -122.27305,38.12311,0
            -122.27302,38.12312,0
            -122.27293,38.12317,0
            -122.27263,38.12331,0
            -122.2726,38.12332,0
            -122.27248,38.12338,0
            -122.27232,38.12347,0
            -122.27222,38.12352,0
            -122.27221,38.12353,0
            -122.27193,38.12368,0
            -122.27151,38.12394,0
            -122.27109,38.12422,0
            -122.27083,38.12442,0
            -122.27082,38.12442,0
            -122.27073,38.12449,0
            -122.27069,38.12453,0
            -122.27058,38.12461,0
            -122.27031,38.12484,0
            -122.2703,38.12486,0
            -122.26967,38.12541,0
            -122.2692,38.12584,0
            -122.26916,38.12587,0
            -122.26914,38.12589,0
            -122.26908,38.12594,0
            -122.26877,38.12623,0
            -122.26872,38.12627,0
            -122.26869,38.12629,0
            -122.26857,38.12641,0
            -122.26854,38.12643,0
            -122.26751,38.12735,0
            -122.26743,38.12743,0
            -122.26738,38.12747,0
            -122.26729,38.12756,0
            -122.26677,38.12801,0
            -122.26663,38.12815,0
            -122.26651,38.12825,0
            -122.26595,38.12876,0
            -122.26584,38.12885,0
            -122.26569,38.12899,0
            -122.26545,38.1292,0
            -122.26527,38.12937,0
            -122.26491,38.12968,0
            -122.26482,38.12977,0
            -122.26481,38.12977,0
            -122.26413,38.13039,0
            -122.26402,38.13048,0
            -122.26378,38.1307,0
            -122.26373,38.13074,0
            -122.26363,38.13084,0
            -122.26347,38.13097,0
            -122.26247,38.13188,0
            -122.26245,38.13189,0
            -122.26158,38.13267,0
            -122.26157,38.13269,0
            -122.26147,38.13277,0
            -122.26135,38.13288,0
            -122.26104,38.13319,0
            -122.26099,38.13323,0
            -122.26083,38.13341,0
            -122.26072,38.13352,0
            -122.26054,38.13372,0
            -122.26015,38.13418,0
            -122.25999,38.13438,0
            -122.25997,38.1344,0
            -122.25991,38.13448,0
            -122.2599,38.1345,0
            -122.25952,38.13503,0
            -122.25951,38.13505,0
            -122.2594,38.13521,0
            -122.25937,38.13526,0
            -122.25929,38.13536,0
            -122.25928,38.13538,0
            -122.25922,38.13546,0
            -122.25909,38.13565,0
            -122.25908,38.13566,0
            -122.25892,38.13589,0
            -122.25892,38.1359,0
            -122.25885,38.13599,0
            -122.25867,38.13625,0
            -122.25863,38.13632,0
            -122.25852,38.13648,0
            -122.25848,38.13653,0
            -122.25829,38.13681,0
            -122.25817,38.13697,0
            -122.25788,38.1374,0
            -122.25763,38.13775,0
            -122.2576,38.1378,0
            -122.25732,38.1382,0
            -122.25727,38.13828,0
            -122.25722,38.13834,0
            -122.25703,38.13861,0
            -122.25694,38.13872,0
            -122.25688,38.13881,0
            -122.25678,38.13894,0
            -122.25678,38.13895,0
            -122.25673,38.13903,0
            -122.25654,38.13929,0
            -122.25635,38.13953,0
            -122.25634,38.13954,0
            -122.25626,38.13964,0
            -122.25595,38.13998,0
            -122.25587,38.14005,0
            -122.25572,38.1402,0
            -122.25557,38.14034,0
            -122.2551,38.14072,0
            -122.25505,38.14075,0
            -122.25497,38.14081,0
            -122.25454,38.1411,0
            -122.25411,38.14134,0
            -122.25371,38.14154,0
            -122.25371,38.14155,0
            -122.25367,38.14156,0
            -122.25357,38.14161,0
            -122.25354,38.14162,0
            -122.25331,38.14172,0
            -122.2533,38.14172,0
            -122.25329,38.14173,0
            -122.25326,38.14174,0
            -122.25312,38.1418,0
            -122.253,38.14184,0
            -122.25293,38.14187,0
            -122.25282,38.14191,0
            -122.25272,38.14194,0
            -122.25264,38.14197,0
            -122.25253,38.142,0
            -122.25242,38.14204,0
            -122.2524,38.14205,0
            -122.25215,38.14212,0
            -122.25213,38.14212,0
            -122.25199,38.14216,0
            -122.25189,38.14218,0
            -122.25156,38.14226,0
            -122.25126,38.14231,0
            -122.25123,38.14232,0
            -122.25118,38.14233,0
            -122.25116,38.14233,0
            -122.25103,38.14235,0
            -122.25052,38.14241,0
            -122.2505,38.14242,0
            -122.24964,38.14247,0
            -122.24905,38.14247,0
            -122.249,38.14246,0
            -122.24883,38.14246,0
            -122.24872,38.14245,0
            -122.24868,38.14245,0
            -122.24856,38.14244,0
            -122.24854,38.14243,0
            -122.24805,38.14239,0
            -122.24801,38.14238,0
            -122.24788,38.14237,0
            -122.24784,38.14236,0
            -122.24778,38.14236,0
            -122.24714,38.14228,0
            -122.24665,38.14223,0
            -122.24659,38.14222,0
            -122.24473,38.14201,0
            -122.24469,38.14201,0
            -122.24459,38.142,0
            -122.24455,38.14199,0
            -122.24409,38.14194,0
            -122.24399,38.14192,0
            -122.24344,38.14186,0
            -122.2433,38.14184,0
            -122.24284,38.14179,0
            -122.2427,38.14177,0
            -122.24214,38.14171,0
            -122.24195,38.14168,0
            -122.24191,38.14168,0
            -122.24147,38.14163,0
            -122.24142,38.14162,0
            -122.24127,38.14161,0
            -122.24126,38.1416,0
            -122.24114,38.14159,0
            -122.24109,38.14158,0
            -122.24094,38.14157,0
            -122.24093,38.14156,0
            -122.2408,38.14155,0
            -122.24076,38.14154,0
            -122.24064,38.14153,0
            -122.2406,38.14152,0
            -122.24043,38.1415,0
            -122.24027,38.14149,0
            -122.24017,38.14147,0
            -122.2401,38.14146,0
            -122.23997,38.14145,0
            -122.2399,38.14144,0
            -122.23978,38.14143,0
            -122.23977,38.14142,0
            -122.23962,38.14141,0
            -122.23945,38.14139,0
            -122.23939,38.14139,0
            -122.23933,38.14138,0
            -122.23928,38.14138,0
            -122.23912,38.14136,0
            -122.23846,38.14132,0
            -122.23842,38.14132,0
            -122.23829,38.14131,0
            -122.23813,38.14131,0
            -122.23795,38.1413,0
            -122.23786,38.1413,0
            -122.23782,38.14129,0
            -122.23696,38.14128,0
            -122.23679,38.14127,0
            -122.23629,38.14127,0
            -122.23619,38.14126,0
            -122.23546,38.14126,0
            -122.23529,38.14125,0
            -122.23446,38.14125,0
            -122.23429,38.14124,0
            -122.23269,38.14124,0
            -122.2318,38.14126,0
            -122.23131,38.14126,0
            -122.23099,38.14127,0
            -122.23062,38.14127,0
            -122.23055,38.14128,0
            -122.22777,38.14128,0
            -122.22729,38.14127,0
            -122.22724,38.14128,0
            -122.22706,38.1413,0
            -122.22702,38.14131,0
            -122.22434,38.14131,0
            -122.2241,38.14129,0
            -122.22406,38.14128,0
            -122.22399,38.14128,0
            -122.22398,38.14127,0
            -122.22396,38.14127,0
            -122.22379,38.14125,0
            -122.22371,38.14123,0
            -122.22351,38.14119,0
            -122.22349,38.14118,0
            -122.22347,38.14118,0
            -122.22325,38.14113,0
            -122.22304,38.14107,0
            -122.22301,38.14107,0
            -122.22255,38.14095,0
            -122.2225,38.14094,0
            -122.22242,38.14091,0
            -122.2219,38.14079,0
            -122.22168,38.14075,0
            -122.2215,38.14073,0
            -122.22145,38.14072,0
            -122.22126,38.14071,0
            -122.22114,38.14071,0
            -122.22103,38.1407,0
            -122.22065,38.1407,0
            -122.22028,38.14073,0
            -122.22028,38.14074,0
            -122.22023,38.14074,0
            -122.22018,38.14075,0
            -122.22007,38.14076,0
            -122.2198,38.14082,0
            -122.21973,38.14083,0
            -122.21966,38.14085,0
            -122.21953,38.14088,0
            -122.21944,38.14091,0
            -122.21933,38.14094,0
            -122.21912,38.14101,0
            -122.2191,38.14102,0
            -122.21899,38.14106,0
            -122.21895,38.14108,0
            -122.21892,38.14109,0
            -122.21878,38.14116,0
            -122.21872,38.14118,0
            -122.21834,38.14138,0
            -122.21795,38.14166,0
            -122.21785,38.14174,0
            -122.21773,38.14185,0
            -122.21769,38.14188,0
            -122.21768,38.1419,0
            -122.21764,38.14193,0
            -122.21751,38.14206,0
            -122.21744,38.14214,0
            -122.21742,38.14217,0
            -122.2174,38.14218,0
            -122.21733,38.14227,0
            -122.21732,38.14228,0
            -122.21726,38.14237,0
            -122.21724,38.14239,0
            -122.21708,38.14263,0
            -122.21696,38.14285,0
            -122.21696,38.14287,0
            -122.21692,38.14297,0
            -122.21686,38.1431,0
            -122.21682,38.14323,0
            -122.21679,38.14336,0
            -122.21678,38.14338,0
            -122.21676,38.14348,0
            -122.21673,38.1436,0
            -122.21673,38.14366,0
            -122.21669,38.14398,0
            -122.21669,38.14401,0
            -122.21668,38.14404,0
            -122.21667,38.14416,0
            -122.21667,38.14419,0
            -122.21665,38.14433,0
            -122.21664,38.14448,0
            -122.21663,38.14453,0
            -122.21662,38.14468,0
            -122.21661,38.14471,0
            -122.2166,38.14483,0
            -122.21659,38.14489,0
            -122.21657,38.14507,0
            -122.21657,38.1451,0
            -122.21655,38.14525,0
            -122.21655,38.14534,0
            -122.21668,38.14555,0
            -122.21667,38.14566,0
            -122.21664,38.14584,0
            -122.21664,38.14589,0
            -122.21663,38.14601,0
            -122.21662,38.14607,0
            -122.2166,38.14647,0
            -122.21659,38.14656,0
            -122.21659,38.14717,0
            -122.21661,38.1474,0
            -122.21661,38.14747,0
            -122.21672,38.14897,0
            -122.21671,38.14974,0
            -122.2167,38.14983,0
            -122.21669,38.15,0
            -122.21661,38.1508,0
            -122.2165,38.15136,0
            -122.21643,38.15161,0
            -122.21642,38.15166,0
            -122.21639,38.15175,0
            -122.21638,38.1518,0
            -122.21636,38.15184,0
            -122.21635,38.15189,0
            -122.21622,38.15227,0
            -122.21608,38.15263,0
            -122.2159,38.15303,0
            -122.21586,38.1531,0
            -122.2158,38.15323,0
            -122.21572,38.15336,0
            -122.21564,38.15352,0
            -122.21544,38.15387,0
            -122.21538,38.15396,0
            -122.21532,38.15406,0
            -122.21526,38.15414,0
            -122.21522,38.15421,0
            -122.21482,38.15478,0
            -122.21477,38.15484,0
            -122.21375,38.15628,0
            -122.21373,38.15632,0
            -122.21366,38.15641,0
            -122.21364,38.15644,0
            -122.21359,38.1565,0
            -122.21346,38.1567,0
            -122.21303,38.1573,0
            -122.21295,38.15742,0
            -122.21294,38.15743,0
            -122.21188,38.15893,0
            -122.21186,38.15895,0
            -122.21182,38.15902,0
            -122.2118,38.15904,0
            -122.21164,38.15927,0
            -122.21154,38.1594,0
            -122.21148,38.1595,0
            -122.21144,38.15954,0
            -122.21138,38.15964,0
            -122.21131,38.15972,0
            -122.21129,38.15975,0
            -122.21126,38.15981,0
            -122.21124,38.15983,0
            -122.21123,38.15985,0
            -122.21121,38.15987,0
            -122.21083,38.1604,0
            -122.21075,38.16052,0
            -122.21073,38.16054,0
            -122.21065,38.16066,0
            -122.21059,38.16074,0
            -122.21051,38.16086,0
            -122.21049,38.16088,0
            -122.21043,38.16097,0
            -122.21041,38.16099,0
            -122.21037,38.16106,0
            -122.21034,38.1611,0
            -122.21033,38.16112,0
            -122.21007,38.16148,0
            -122.21003,38.16153,0
            -122.20986,38.16178,0
            -122.20986,38.16179,0
            -122.20979,38.16187,0
            -122.20969,38.16202,0
            -122.20957,38.16218,0
            -122.20955,38.16222,0
            -122.20953,38.16224,0
            -122.20945,38.16235,0
            -122.20927,38.16256,0
            -122.20923,38.16262,0
            -122.20917,38.16268,0
            -122.2091,38.16277,0
            -122.20899,38.16289,0
            -122.20896,38.16293,0
            -122.2088,38.1631,0
            -122.2085,38.1634,0
            -122.20825,38.16363,0
            -122.20753,38.16423,0
            -122.20736,38.16436,0
            -122.20735,38.16437,0
            -122.20733,38.16438,0
            -122.20724,38.16444,0
            -122.20714,38.16452,0
            -122.20713,38.16453,0
            -122.20697,38.16464,0
            -122.20687,38.1647,0
            -122.20654,38.16492,0
            -122.20648,38.16495,0
            -122.20645,38.16497,0
            -122.20636,38.16504,0
            -122.20632,38.16506,0
            -122.2062,38.16514,0
            -122.2061,38.1652,0
            -122.20569,38.16547,0
            -122.20548,38.1656,0
            -122.20546,38.16562,0
            -122.2052,38.16578,0
            -122.20455,38.16621,0
            -122.20451,38.16624,0
            -122.20427,38.16639,0
            -122.20425,38.1664,0
            -122.20422,38.16643,0
            -122.20375,38.16673,0
            -122.20371,38.16676,0
            -122.20349,38.1669,0
            -122.20339,38.16697,0
            -122.20324,38.16706,0
            -122.2031,38.16716,0
            -122.203,38.16722,0
            -122.20297,38.16725,0
            -122.20287,38.16731,0
            -122.20186,38.168,0
            -122.20184,38.16802,0
            -122.2016,38.16819,0
            -122.20148,38.16826,0
            -122.20136,38.16834,0
            -122.20124,38.16843,0
            -122.20112,38.16851,0
            -122.20109,38.16854,0
            -122.20037,38.16903,0
            -122.20035,38.16905,0
            -122.20025,38.16911,0
            -122.20014,38.16919,0
            -122.20003,38.16926,0
            -122.19998,38.1693,0
            -122.19997,38.16931,0
            -122.19951,38.16962,0
            -122.19948,38.16965,0
            -122.19939,38.16971,0
            -122.19935,38.16973,0
            -122.19926,38.1698,0
            -122.19925,38.1698,0
            -122.19903,38.16996,0
            -122.19856,38.17028,0
            -122.19854,38.17029,0
            -122.19768,38.17089,0
            -122.19755,38.17097,0
            -122.19744,38.17105,0
            -122.19733,38.17112,0
            -122.19731,38.17114,0
            -122.19638,38.17178,0
            -122.19625,38.17188,0
            -122.19621,38.1719,0
            -122.19611,38.17197,0
            -122.19596,38.17206,0
            -122.19479,38.17288,0
            -122.19469,38.17296,0
            -122.19463,38.173,0
            -122.19457,38.17306,0
            -122.19445,38.17314,0
            -122.19434,38.17323,0
            -122.1941,38.17341,0
            -122.1941,38.17342,0
            -122.19408,38.17343,0
            -122.19396,38.17353,0
            -122.19341,38.17403,0
            -122.19311,38.17433,0
            -122.19301,38.17444,0
            -122.19288,38.17457,0
            -122.19272,38.17475,0
            -122.19244,38.17509,0
            -122.19226,38.17529,0
            -122.19181,38.17582,0
            -122.19175,38.1759,0
            -122.1917,38.17595,0
            -122.19107,38.1767,0
            -122.19097,38.17681,0
            -122.1909,38.1769,0
            -122.19077,38.17704,0
            -122.19069,38.17714,0
            -122.19059,38.17724,0
            -122.19029,38.17757,0
            -122.19003,38.17783,0
            -122.18997,38.17788,0
            -122.18988,38.17797,0
            -122.18966,38.17817,0
            -122.1894,38.17839,0
            -122.18932,38.17845,0
            -122.18919,38.17856,0
            -122.18897,38.17873,0
            -122.18887,38.1788,0
            -122.18884,38.17883,0
            -122.18827,38.17923,0
            -122.18825,38.17924,0
            -122.1882,38.17928,0
            -122.18806,38.17937,0
            -122.18742,38.17974,0
            -122.18732,38.17981,0
            -122.18715,38.17991,0
            -122.18705,38.17996,0
            -122.18669,38.18018,0
            -122.1865,38.18028,0
            -122.18626,38.18043,0
            -122.18623,38.18044,0
            -122.18544,38.18096,0
            -122.18532,38.18105,0
            -122.18518,38.18114,0
            -122.18507,38.18123,0
            -122.18484,38.1814,0
            -122.18471,38.18151,0
            -122.18469,38.18152,0
            -122.18435,38.1818,0
            -122.18413,38.182,0
            -122.18402,38.18211,0
            -122.18241,38.18361,0
            -122.18206,38.18389,0
            -122.18206,38.1839,0
            -122.18197,38.18397,0
            -122.18134,38.18441,0
            -122.18121,38.18449,0
            -122.18109,38.18458,0
            -122.18026,38.18506,0
            -122.18,38.1852,0
            -122.17972,38.18534,0
            -122.17945,38.18546,0
            -122.17931,38.18553,0
            -122.17886,38.18571,0
            -122.17826,38.18593,0
            -122.17804,38.186,0
            -122.17804,38.18601,0
            -122.17746,38.18618,0
            -122.17694,38.18632,0
            -122.17657,38.18641,0
            -122.17633,38.18648,0
            -122.17594,38.18658,0
            -122.17541,38.1867,0
            -122.17518,38.18676,0
            -122.17502,38.18681,0
            -122.17484,38.18685,0
            -122.17457,38.18693,0
            -122.17402,38.18712,0
            -122.17341,38.18737,0
            -122.17323,38.18746,0
            -122.1731,38.18751,0
            -122.17303,38.18755,0
            -122.17295,38.18758,0
            -122.17252,38.18779,0
            -122.17163,38.18828,0
            -122.17139,38.18843,0
            -122.1712,38.18854,0
            -122.17114,38.18859,0
            -122.17096,38.1887,0
            -122.17068,38.18889,0
            -122.17031,38.18916,0
            -122.1703,38.18917,0
            -122.17006,38.18935,0
            -122.16996,38.18944,0
            -122.16972,38.18963,0
            -122.16966,38.18969,0
            -122.16953,38.1898,0
            -122.16917,38.19013,0
            -122.16907,38.19023,0
            -122.16907,38.19024,0
            -122.16886,38.19045,0
            -122.16876,38.19056,0
            -122.16866,38.19066,0
            -122.16858,38.19076,0
            -122.16856,38.19078,0
            -122.16836,38.19101,0
            -122.16828,38.19112,0
            -122.16811,38.19132,0
            -122.16793,38.19151,0
            -122.16782,38.19164,0
            -122.16777,38.19171,0
            -122.16773,38.19174,0
            -122.16763,38.19186,0
            -122.16763,38.19187,0
            -122.16754,38.19196,0
            -122.16745,38.19208,0
            -122.16726,38.19229,0
            -122.16722,38.19234,0
            -122.16705,38.19253,0
            -122.16698,38.19262,0
            -122.16681,38.19281,0
            -122.1667,38.19295,0
            -122.16658,38.19307,0
            -122.1665,38.19317,0
            -122.16641,38.19327,0
            -122.16627,38.19344,0
            -122.16603,38.19371,0
            -122.16575,38.19405,0
            -122.16565,38.19415,0
            -122.16528,38.19458,0
            -122.16522,38.19466,0
            -122.16506,38.19484,0
            -122.16499,38.19491,0
            -122.1648,38.19512,0
            -122.1646,38.19532,0
            -122.16448,38.19543,0
            -122.16438,38.19553,0
            -122.16426,38.19563,0
            -122.16394,38.19592,0
            -122.16382,38.19602,0
            -122.16377,38.19607,0
            -122.16348,38.19632,0
            -122.16338,38.1964,0
            -122.16304,38.19671,0
            -122.16293,38.1968,0
            -122.16282,38.1969,0
            -122.16275,38.19695,0
            -122.1627,38.197,0
            -122.1626,38.19708,0
            -122.16227,38.19738,0
            -122.16202,38.19759,0
            -122.16181,38.19778,0
            -122.16143,38.1981,0
            -122.16134,38.19819,0
            -122.16102,38.19847,0
            -122.16086,38.1986,0
            -122.16079,38.19867,0
            -122.16068,38.19876,0
            -122.16058,38.19886,0
            -122.16034,38.19906,0
            -122.16029,38.19911,0
            -122.16012,38.19926,0
            -122.16001,38.19934,0
            -122.1599,38.19945,0
            -122.15952,38.19977,0
            -122.15922,38.20004,0
            -122.15911,38.20013,0
            -122.15855,38.20063,0
            -122.15832,38.20082,0
            -122.15799,38.20112,0
            -122.15776,38.20131,0
            -122.15675,38.2022,0
            -122.15597,38.20286,0
            -122.15576,38.20305,0
            -122.15552,38.20325,0
            -122.15542,38.20335,0
            -122.15507,38.20365,0
            -122.15495,38.20376,0
            -122.15473,38.20394,0
            -122.15449,38.20416,0
            -122.15418,38.20442,0
            -122.15396,38.20462,0
            -122.15392,38.20465,0
            -122.15373,38.20481,0
            -122.15318,38.2053,0
            -122.15294,38.2055,0
            -122.15203,38.2063,0
            -122.15193,38.20638,0
            -122.15184,38.20646,0
            -122.15177,38.20653,0
            -122.15168,38.2066,0
            -122.1512,38.20702,0
            -122.15117,38.20705,0
            -122.15104,38.20715,0
            -122.15073,38.20743,0
            -122.15044,38.20771,0
            -122.1499,38.20817,0
            -122.149,38.20886,0
            -122.14849,38.20921,0
            -122.14837,38.2093,0
            -122.14731,38.21003,0
            -122.14725,38.21008,0
            -122.14713,38.21016,0
            -122.14708,38.2102,0
            -122.14687,38.21035,0
            -122.1468,38.21039,0
            -122.14662,38.21051,0
            -122.1464,38.21067,0
            -122.14534,38.2114,0
            -122.14508,38.21157,0
            -122.14483,38.21175,0
            -122.14482,38.21175,0
            -122.14457,38.21193,0
            -122.14446,38.212,0
            -122.14333,38.21278,0
            -122.14316,38.21291,0
            -122.14271,38.21321,0
            -122.14259,38.2133,0
            -122.14235,38.21346,0
            -122.14191,38.21377,0
            -122.14189,38.21378,0
            -122.14181,38.21384,0
            -122.14164,38.21395,0
            -122.14146,38.21408,0
            -122.14129,38.21419,0
            -122.14083,38.21452,0
            -122.14081,38.21453,0
            -122.14057,38.2147,0
            -122.14037,38.21483,0
            -122.14025,38.21492,0
            -122.13916,38.21567,0
            -122.13902,38.21576,0
            -122.13841,38.21618,0
            -122.13832,38.21625,0
            -122.13818,38.21634,0
            -122.13744,38.21686,0
            -122.13742,38.21687,0
            -122.13565,38.2181,0
            -122.1356,38.21814,0
            -122.13519,38.21842,0
            -122.13511,38.21847,0
            -122.13479,38.2187,0
            -122.13249,38.22028,0
            -122.13236,38.22036,0
            -122.12954,38.22232,0
            -122.12948,38.22237,0
            -122.12836,38.22311,0
            -122.12695,38.22399,0
            -122.1254,38.22492,0
            -122.12371,38.22588,0
            -122.12342,38.22603,0
            -122.12323,38.22614,0
            -122.1227,38.22642,0
            -122.12077,38.2274,0
            -122.11962,38.22795,0
            -122.11862,38.2284,0
            -122.11271,38.23094,0
            -122.11253,38.23101,0
            -122.11225,38.23113,0
            -122.1122,38.23116,0
            -122.11214,38.23118,0
            -122.10728,38.2333,0
            -122.10656,38.2336,0
            -122.10595,38.23387,0
            -122.10511,38.23422,0
            -122.10352,38.23491,0
            -122.10322,38.23505,0
            -122.09949,38.23668,0
            -122.09949,38.23669,0
            -122.09642,38.23801,0
            -122.09025,38.24073,0
            -122.09006,38.24082,0
            -122.08976,38.24094,0
            -122.0893,38.24115,0
            -122.08787,38.24177,0
            -122.08786,38.24178,0
            -122.08777,38.24181,0
            -122.08756,38.24191,0
            -122.08729,38.24202,0
            -122.08696,38.24217,0
            -122.08681,38.24223,0
            -122.08651,38.24237,0
            -122.08509,38.24299,0
            -122.08501,38.24302,0
            -122.08497,38.24304,0
            -122.08489,38.24307,0
            -122.08391,38.2435,0
            -122.0839,38.2435,0
            -122.08361,38.24363,0
            -122.08341,38.24371,0
            -122.08276,38.244,0
            -122.08264,38.24406,0
            -122.08079,38.24486,0
            -122.08078,38.24486,0
            -122.0802,38.24512,0
            -122.07963,38.24536,0
            -122.07899,38.24565,0
            -122.07895,38.24566,0
            -122.07815,38.24602,0
            -122.07767,38.24621,0
            -122.07759,38.24625,0
            -122.07725,38.24639,0
            -122.07695,38.2465,0
            -122.07683,38.24655,0
            -122.07624,38.24676,0
            -122.0758,38.2469,0
            -122.07548,38.24699,0
            -122.07535,38.24702,0
            -122.07501,38.24712,0
            -122.07368,38.24746,0
            -122.07315,38.24762,0
            -122.07239,38.2479,0
            -122.07223,38.24798,0
            -122.07205,38.24805,0
            -122.07156,38.2483,0
            -122.071,38.24863,0
            -122.07064,38.24887,0
            -122.07027,38.24915,0
            -122.07021,38.2492,0
            -122.07018,38.24922,0
            -122.06992,38.24944,0
            -122.06973,38.24962,0
            -122.06967,38.24967,0
            -122.06955,38.24979,0
            -122.06922,38.25015,0
            -122.06816,38.25139,0
            -122.06813,38.25143,0
            -122.06711,38.25263,0
            -122.06685,38.25295,0
            -122.06607,38.25386,0
            -122.06586,38.25412,0
            -122.06462,38.25556,0
            -122.0633,38.25714,0
            -122.0632,38.25724,0
            -122.06311,38.25735,0
            -122.0628,38.2577,0
            -122.06271,38.25781,0
            -122.06238,38.25818,0
            -122.06185,38.25883,0
            -122.0617,38.259,0
            -122.06064,38.2603,0
            -122.05953,38.26162,0
            -122.0593,38.26188,0
            -122.05888,38.26238,0
            -122.0587,38.26261,0
            -122.05835,38.26301,0
            -122.05811,38.2633,0
            -122.05783,38.26362,0
            -122.05766,38.26383,0
            -122.05694,38.26467,0
            -122.05688,38.26475,0
            -122.05672,38.26493,0
            -122.05661,38.26507,0
            -122.05628,38.26545,0
            -122.05619,38.26557,0
            -122.05465,38.26738,0
            -122.05459,38.26746,0
            -122.05446,38.2676,0
            -122.05444,38.26763,0
            -122.0544,38.26768,0
            -122.0543,38.26779,0
            -122.05203,38.27047,0
            -122.05191,38.27062,0
            -122.05176,38.27079,0
            -122.05173,38.27082,0
            -122.05169,38.27088,0
            -122.05025,38.27257,0
            -122.05023,38.2726,0
            -122.05022,38.2726,0
            -122.04903,38.27402,0
            -122.04886,38.27421,0
            -122.04871,38.2744,0
            -122.04848,38.27467,0
            -122.04846,38.27468,0
            -122.04825,38.27493,0
            -122.04821,38.27497,0
            -122.0482,38.27499,0
            -122.04772,38.27557,0
            -122.04766,38.27563,0
            -122.04721,38.27617,0
            -122.04712,38.27627,0
            -122.04701,38.27641,0
            -122.04689,38.27655,0
            -122.04683,38.27661,0
            -122.04676,38.2767,0
            -122.04646,38.27705,0
            -122.04639,38.27714,0
            -122.04591,38.2777,0
            -122.04579,38.27785,0
            -122.04413,38.27976,0
            -122.04303,38.28106,0
            -122.0428,38.28132,0
            -122.04249,38.2817,0
            -122.0423,38.28191,0
            -122.04221,38.28203,0
            -122.04212,38.28214,0
            -122.04193,38.28235,0
            -122.04185,38.28246,0
            -122.04175,38.28257,0
            -122.04166,38.28268,0
            -122.04156,38.28279,0
            -122.03898,38.28583,0
            -122.03881,38.28604,0
            -122.03862,38.28625,0
            -122.0366,38.28865,0
            -122.03659,38.28867,0
            -122.03654,38.28872,0
            -122.03646,38.28882,0
            -122.03627,38.28904,0
            -122.03619,38.28914,0
            -122.03608,38.28926,0
            -122.03599,38.28937,0
            -122.03589,38.28948,0
            -122.03513,38.2904,0
            -122.03491,38.29071,0
            -122.03477,38.29095,0
            -122.0347,38.29106,0
            -122.03439,38.29169,0
            -122.03431,38.2919,0
            -122.03427,38.29198,0
            -122.03426,38.29209,0
            -122.03424,38.29216,0
            -122.03422,38.2922,0
            -122.03421,38.29224,0
            -122.03419,38.29229,0
            -122.03414,38.29246,0
            -122.03408,38.29268,0
            -122.03408,38.29272,0
            -122.03407,38.29276,0
            -122.03405,38.29287,0
            -122.03403,38.29294,0
            -122.03402,38.29304,0
            -122.03401,38.29308,0
            -122.034,38.29314,0
            -122.034,38.29318,0
            -122.03398,38.29332,0
            -122.03393,38.29425,0
            -122.03392,38.29579,0
            -122.03387,38.29795,0
            -122.03387,38.29834,0
            -122.0338,38.30178,0
            -122.03376,38.30563,0
            -122.03372,38.30679,0
            -122.03364,38.30769,0
            -122.03354,38.30844,0
            -122.03276,38.31311,0
            -122.03264,38.31354,0
            -122.03259,38.31368,0
            -122.0325,38.31397,0
            -122.03236,38.31429,0
            -122.03226,38.31454,0
            -122.03213,38.31482,0
            -122.03184,38.31537,0
            -122.03148,38.31594,0
            -122.03139,38.31606,0
            -122.03131,38.31618,0
            -122.0312,38.31632,0
            -122.03118,38.31634,0
            -122.03105,38.31652,0
            -122.02738,38.32063,0
            -122.02716,38.32086,0
            -122.027,38.32105,0
            -122.02571,38.32248,0
            -122.02534,38.32292,0
            -122.02531,38.32297,0
            -122.02526,38.32303,0
            -122.02511,38.32324,0
            -122.02501,38.32337,0
            -122.02497,38.32343,0
            -122.02492,38.32349,0
            -122.02467,38.32389,0
            -122.0244,38.3243,0
            -122.02424,38.32456,0
            -122.02423,38.32456,0
            -122.02394,38.32503,0
            -122.02382,38.3252,0
            -122.02237,38.32749,0
            -122.02206,38.328,0
            -122.01973,38.33163,0
            -122.01888,38.333,0
            -122.01859,38.33343,0
            -122.01742,38.33526,0
            -122.0174,38.3353,0
            -122.01636,38.33693,0
            -122.01596,38.33749,0
            -122.01595,38.33751,0
            -122.0156,38.33793,0
            -122.01556,38.33797,0
            -122.01541,38.33816,0
            -122.01532,38.33826,0
            -122.01458,38.33901,0
            -122.01406,38.33946,0
            -122.01356,38.33985,0
            -122.01319,38.34012,0
            -122.01281,38.34038,0
            -122.01255,38.34054,0
            -122.01244,38.3406,0
            -122.01213,38.34079,0
            -122.01165,38.34105,0
            -122.01162,38.34107,0
            -122.01106,38.34134,0
            -122.01075,38.34148,0
            -122.00986,38.34184,0
            -122.00966,38.34191,0
            -122.00956,38.34194,0
            -122.00941,38.342,0
            -122.00935,38.34202,0
            -122.00926,38.34204,0
            -122.00907,38.34211,0
            -122.00519,38.34322,0
            -122.00437,38.34348,0
            -122.00365,38.34373,0
            -122.00242,38.3442,0
            -122.0023,38.34424,0
            -122.00209,38.34433,0
            -122.00197,38.34437,0
            -122.00174,38.34447,0
            -122.00157,38.34453,0
            -121.99469,38.34721,0
            -121.99463,38.34724,0
            -121.9933,38.34775,0
            -121.99304,38.34786,0
            -121.99282,38.34794,0
            -121.98811,38.34978,0
            -121.98797,38.34983,0
            -121.98755,38.35,0
            -121.98743,38.35004,0
            -121.98553,38.35078,0
            -121.98547,38.3508,0
            -121.98493,38.35101,0
            -121.98484,38.35105,0
            -121.98165,38.3523,0
            -121.98139,38.35241,0
            -121.98127,38.35247,0
            -121.98117,38.35251,0
            -121.98031,38.35296,0
            -121.97995,38.35317,0
            -121.97937,38.35356,0
            -121.97923,38.35367,0
            -121.97907,38.35378,0
            -121.97884,38.35397,0
            -121.97883,38.35397,0
            -121.97874,38.35406,0
            -121.97524,38.35729,0
            -121.9749,38.35762,0
            -121.97447,38.35801,0
            -121.97437,38.35809,0
            -121.97413,38.3583,0
            -121.97391,38.35848,0
            -121.97341,38.35886,0
            -121.9729,38.3592,0
            -121.97009,38.36092,0
            -121.96906,38.36158,0
            -121.96849,38.3619,0
            -121.96593,38.36348,0
            -121.96557,38.36369,0
            -121.96479,38.36418,0
            -121.96462,38.3643,0
            -121.96436,38.36447,0
            -121.96403,38.3647,0
            -121.96368,38.36496,0
            -121.96368,38.36497,0
            -121.96293,38.36554,0
            -121.96276,38.36566,0
            -121.9627,38.36571,0
            -121.96254,38.36583,0
            -121.96243,38.36592,0
            -121.96175,38.36643,0
            -121.96133,38.36676,0
            -121.96097,38.36703,0
            -121.96095,38.36704,0
            -121.95907,38.36847,0
            -121.95875,38.36873,0
            -121.95789,38.36939,0
            -121.95783,38.36943,0
            -121.95755,38.36964,0
            -121.95743,38.36974,0
            -121.95732,38.36982,0
            -121.9572,38.36992,0
            -121.95684,38.37019,0
            -121.95627,38.37066,0
            -121.95614,38.37076,0
            -121.95603,38.37086,0
            -121.9558,38.37105,0
            -121.95577,38.37107,0
            -121.95522,38.37153,0
            -121.95511,38.37163,0
            -121.955,38.37172,0
            -121.95489,38.37182,0
            -121.95442,38.37222,0
            -121.95436,38.37226,0
            -121.95307,38.37328,0
            -121.95277,38.3735,0
            -121.95274,38.37353,0
            -121.9501,38.37556,0
            -121.95001,38.37564,0
            -121.94999,38.37565,0
            -121.94976,38.37582,0
            -121.94968,38.37589,0
            -121.94907,38.37636,0
            -121.94895,38.37644,0
            -121.94895,38.37645,0
            -121.94867,38.37666,0
            -121.94829,38.37696,0
            -121.94801,38.37717,0
            -121.94694,38.37801,0
            -121.94623,38.37855,0
            -121.94615,38.37862,0
            -121.94563,38.37901,0
            -121.94548,38.37913,0
            -121.94508,38.37943,0
            -121.9443,38.38004,0
            -121.94424,38.38008,0
            -121.94417,38.38014,0
            -121.94392,38.38032,0
            -121.94356,38.3806,0
            -121.94343,38.38069,0
            -121.9432,38.38087,0
            -121.94286,38.38112,0
            -121.94262,38.38131,0
            -121.94251,38.38138,0
            -121.94238,38.38148,0
            -121.94235,38.3815,0
            -121.94146,38.38218,0
            -121.94125,38.38235,0
            -121.94078,38.3827,0
            -121.94053,38.3829,0
            -121.94047,38.38294,0
            -121.94035,38.38304,0
            -121.94018,38.38316,0
            -121.94003,38.38328,0
            -121.93986,38.38339,0
            -121.93985,38.38341,0
            -121.9391,38.38396,0
            -121.93891,38.38411,0
            -121.93877,38.38421,0
            -121.93869,38.38428,0
            -121.93865,38.3843,0
            -121.93853,38.3844,0
            -121.93805,38.38476,0
            -121.93793,38.38486,0
            -121.93772,38.38501,0
            -121.93745,38.38523,0
            -121.93699,38.38558,0
            -121.93599,38.38637,0
            -121.93597,38.38638,0
            -121.93567,38.38662,0
            -121.93552,38.38673,0
            -121.93543,38.38681,0
            -121.93528,38.38692,0
            -121.93522,38.38697,0
            -121.93511,38.38705,0
            -121.93461,38.38745,0
            -121.93459,38.38746,0
            -121.93449,38.38754,0
            -121.93434,38.38765,0
            -121.93413,38.38782,0
            -121.93401,38.38791,0
            -121.9337,38.38816,0
            -121.93364,38.3882,0
            -121.93317,38.38856,0
            -121.93306,38.38866,0
            -121.93275,38.38889,0
            -121.93258,38.38903,0
            -121.93183,38.3896,0
            -121.93138,38.38996,0
            -121.93113,38.39015,0
            -121.93092,38.39032,0
            -121.93079,38.39041,0
            -121.93062,38.39054,0
            -121.93054,38.39061,0
            -121.93039,38.39072,0
            -121.93035,38.39076,0
            -121.93028,38.39081,0
            -121.92996,38.39107,0
            -121.92988,38.39112,0
            -121.92973,38.39125,0
            -121.92869,38.39206,0
            -121.92866,38.39208,0
            -121.92855,38.39217,0
            -121.92842,38.39226,0
            -121.92819,38.39245,0
            -121.92783,38.39272,0
            -121.92771,38.39282,0
            -121.92723,38.39318,0
            -121.92712,38.39328,0
            -121.9264,38.39383,0
            -121.92544,38.39462,0
            -121.92459,38.39527,0
            -121.92425,38.39556,0
            -121.92378,38.39591,0
            -121.92298,38.39654,0
            -121.9228,38.39669,0
            -121.922,38.39729,0
            -121.92136,38.3978,0
            -121.9208,38.39823,0
            -121.92059,38.3984,0
            -121.92057,38.39841,0
            -121.91737,38.4009,0
            -121.91722,38.40101,0
            -121.91617,38.40184,0
            -121.91586,38.40207,0
            -121.91567,38.40223,0
            -121.91557,38.4023,0
            -121.91519,38.40259,0
            -121.91497,38.40277,0
            -121.91273,38.40446,0
            -121.91257,38.40459,0
            -121.91212,38.40493,0
            -121.9121,38.40494,0
            -121.91199,38.40503,0
            -121.91175,38.40521,0
            -121.91127,38.40559,0
            -121.90998,38.40657,0
            -121.9099,38.40662,0
            -121.90989,38.40663,0
            -121.90816,38.40797,0
            -121.90671,38.40905,0
            -121.9067,38.40906,0
            -121.90664,38.4091,0
            -121.90649,38.40922,0
            -121.90606,38.40953,0
            -121.90568,38.40982,0
            -121.90567,38.40983,0
            -121.90525,38.41014,0
            -121.90518,38.4102,0
            -121.90494,38.41037,0
            -121.90469,38.41057,0
            -121.90399,38.4111,0
            -121.90393,38.41114,0
            -121.90377,38.41127,0
            -121.90294,38.41189,0
            -121.90284,38.41197,0
            -121.90277,38.41202,0
            -121.90081,38.41355,0
            -121.9005,38.41378,0
            -121.9002,38.41399,0
            -121.89981,38.41428,0
            -121.89956,38.41448,0
            -121.89924,38.41472,0
            -121.89913,38.41481,0
            -121.89904,38.41487,0
            -121.899,38.41491,0
            -121.89725,38.41622,0
            -121.89714,38.41631,0
            -121.89691,38.41648,0
            -121.89636,38.41691,0
            -121.89602,38.41716,0
            -121.89597,38.41721,0
            -121.89482,38.41808,0
            -121.8947,38.41818,0
            -121.89436,38.41843,0
            -121.89384,38.41884,0
            -121.88854,38.42286,0
            -121.88851,38.42289,0
            -121.88845,38.42293,0
            -121.88838,38.42299,0
            -121.88835,38.42301,0
            -121.88832,38.42304,0
            -121.88496,38.42559,0
            -121.88484,38.42569,0
            -121.88414,38.42621,0
            -121.88376,38.42651,0
            -121.88362,38.42661,0
            -121.88229,38.42762,0
            -121.88222,38.42768,0
            -121.88189,38.42792,0
            -121.88189,38.42793,0
            -121.88176,38.42802,0
            -121.88161,38.42814,0
            -121.88156,38.42817,0
            -121.88047,38.42901,0
            -121.88033,38.42911,0
            -121.88004,38.42934,0
            -121.87988,38.42945,0
            -121.87949,38.42975,0
            -121.87947,38.42976,0
            -121.87916,38.43001,0
            -121.87912,38.43003,0
            -121.87661,38.43194,0
            -121.87587,38.43252,0
            -121.87512,38.43307,0
            -121.87493,38.4332,0
            -121.87474,38.43334,0
            -121.87399,38.43393,0
            -121.87076,38.43639,0
            -121.87067,38.43645,0
            -121.87039,38.43667,0
            -121.87038,38.43668,0
            -121.87004,38.43695,0
            -121.86986,38.43708,0
            -121.86984,38.4371,0
            -121.86893,38.43778,0
            -121.86877,38.43791,0
            -121.86558,38.44035,0
            -121.86539,38.44051,0
            -121.86371,38.44181,0
            -121.86368,38.44183,0
            -121.85924,38.44528,0
            -121.85909,38.44539,0
            -121.85665,38.44732,0
            -121.85619,38.44767,0
            -121.85602,38.44781,0
            -121.85571,38.44805,0
            -121.85561,38.44812,0
            -121.85536,38.44832,0
            -121.85535,38.44833,0
            -121.85379,38.44954,0
            -121.85378,38.44955,0
            -121.8495,38.45287,0
            -121.84938,38.45297,0
            -121.84861,38.45356,0
            -121.84829,38.45382,0
            -121.84806,38.45399,0
            -121.84209,38.45864,0
            -121.84208,38.45864,0
            -121.8414,38.45917,0
            -121.84137,38.45919,0
            -121.84108,38.45943,0
            -121.83908,38.46098,0
            -121.83906,38.461,0
            -121.83571,38.46361,0
            -121.83546,38.46382,0
            -121.835,38.46416,0
            -121.83491,38.46424,0
            -121.83442,38.4646,0
            -121.83359,38.46525,0
            -121.83352,38.46531,0
            -121.83265,38.46599,0
            -121.83238,38.46619,0
            -121.83189,38.46658,0
            -121.83144,38.46692,0
            -121.83124,38.46708,0
            -121.83115,38.46714,0
            -121.83044,38.4677,0
            -121.83037,38.46776,0
            -121.83024,38.46785,0
            -121.82812,38.46951,0
            -121.82785,38.46971,0
            -121.82728,38.47016,0
            -121.82701,38.47036,0
            -121.82679,38.47054,0
            -121.82594,38.4712,0
            -121.82593,38.47121,0
            -121.82573,38.47136,0
            -121.82557,38.47149,0
            -121.82554,38.47151,0
            -121.82302,38.47348,0
            -121.82301,38.47348,0
            -121.82201,38.47427,0
            -121.82194,38.47433,0
            -121.81845,38.47708,0
            -121.81844,38.47709,0
            -121.81833,38.47717,0
            -121.81681,38.47837,0
            -121.81678,38.47839,0
            -121.81653,38.47859,0
            -121.81645,38.47866,0
            -121.81491,38.47987,0
            -121.8149,38.47988,0
            -121.81461,38.4801,0
            -121.81453,38.48017,0
            -121.81369,38.48083,0
            -121.81368,38.48084,0
            -121.81213,38.48207,0
            -121.8121,38.48208,0
            -121.80814,38.48521,0
            -121.80807,38.48526,0
            -121.80493,38.48774,0
            -121.8049,38.48776,0
            -121.80433,38.48821,0
            -121.80426,38.48826,0
            -121.80309,38.48918,0
            -121.80164,38.49036,0
            -121.80081,38.4911,0
            -121.79761,38.49409,0
            -121.79727,38.49442,0
            -121.79694,38.49472,0
            -121.79684,38.49482,0
            -121.79659,38.49504,0
            -121.79613,38.49547,0
            -121.7961,38.49551,0
            -121.79595,38.49564,0
            -121.79503,38.4965,0
            -121.7947,38.49679,0
            -121.79454,38.49695,0
            -121.78884,38.50225,0
            -121.78868,38.50239,0
            -121.78779,38.50322,0
            -121.78775,38.50325,0
            -121.78752,38.50348,0
            -121.78178,38.50883,0
            -121.78159,38.50902,0
            -121.78156,38.50904,0
            -121.78152,38.50908,0
            -121.78148,38.50911,0
            -121.78104,38.50953,0
            -121.78092,38.50963,0
            -121.7809,38.50966,0
            -121.77983,38.51065,0
            -121.77968,38.5108,0
            -121.7794,38.51105,0
            -121.77919,38.51125,0
            -121.77915,38.51128,0
            -121.77898,38.51145,0
            -121.77886,38.51155,0
            -121.77865,38.51176,0
            -121.77854,38.51185,0
            -121.77839,38.512,0
            -121.77757,38.51276,0
            -121.77748,38.51285,0
            -121.77735,38.51296,0
            -121.77599,38.51424,0
            -121.77596,38.51426,0
            -121.77555,38.51464,0
            -121.77543,38.51476,0
            -121.77532,38.51485,0
            -121.77528,38.51489,0
            -121.77525,38.51491,0
            -121.77455,38.51556,0
            -121.77445,38.51566,0
            -121.77442,38.51568,0
            -121.77434,38.51577,0
            -121.7739,38.51617,0
            -121.77379,38.51628,0
            -121.77369,38.51637,0
            -121.77356,38.5165,0
            -121.77341,38.51663,0
            -121.77186,38.51808,0
            -121.77175,38.51819,0
            -121.77155,38.51837,0
            -121.77142,38.5185,0
            -121.77138,38.51853,0
            -121.77026,38.51957,0
            -121.77006,38.51977,0
            -121.76991,38.5199,0
            -121.7695,38.52028,0
            -121.76915,38.52062,0
            -121.76768,38.52199,0
            -121.76756,38.52211,0
            -121.76754,38.52212,0
            -121.76718,38.52245,0
            -121.76701,38.52262,0
            -121.76696,38.52266,0
            -121.76641,38.52317,0
            -121.76633,38.52325,0
            -121.76615,38.52341,0
            -121.76596,38.52359,0
            -121.76561,38.5239,0
            -121.7651,38.52433,0
            -121.76478,38.52458,0
            -121.76392,38.52522,0
            -121.76354,38.52549,0
            -121.76304,38.52582,0
            -121.7624,38.52622,0
            -121.76201,38.52645,0
            -121.76137,38.5268,0
            -121.76048,38.52726,0
            -121.76039,38.5273,0
            -121.76021,38.52739,0
            -121.7602,38.5274,0
            -121.76008,38.52745,0
            -121.76003,38.52748,0
            -121.76,38.52749,0
            -121.75996,38.52751,0
            -121.7592,38.52784,0
            -121.75872,38.52803,0
            -121.75786,38.52834,0
            -121.75777,38.52838,0
            -121.75758,38.52844,0
            -121.75756,38.52845,0
            -121.75741,38.5285,0
            -121.75728,38.52855,0
            -121.75632,38.52885,0
            -121.75603,38.52893,0
            -121.75598,38.52894,0
            -121.75582,38.52899,0
            -121.75509,38.52919,0
            -121.7542,38.5294,0
            -121.75327,38.52958,0
            -121.75291,38.52966,0
            -121.7527,38.52969,0
            -121.75186,38.52985,0
            -121.75175,38.52988,0
            -121.75153,38.52991,0
            -121.74992,38.53028,0
            -121.74939,38.53044,0
            -121.74829,38.5308,0
            -121.74829,38.53081,0
            -121.74799,38.53092,0
            -121.74712,38.5313,0
            -121.74637,38.53165,0
            -121.74616,38.53176,0
            -121.74593,38.53189,0
            -121.74539,38.53217,0
            -121.74498,38.53241,0
            -121.7449,38.53245,0
            -121.74401,38.53301,0
            -121.74381,38.53315,0
            -121.7437,38.53322,0
            -121.7436,38.5333,0
            -121.74331,38.5335,0
            -121.74307,38.53368,0
            -121.74296,38.53377,0
            -121.74293,38.53379,0
            -121.74281,38.5339,0
            -121.74233,38.53429,0
            -121.74227,38.53435,0
            -121.74139,38.53509,0
            -121.74132,38.53514,0
            -121.7413,38.53517,0
            -121.74116,38.53528,0
            -121.74032,38.536,0
            -121.74011,38.53617,0
            -121.73993,38.53633,0
            -121.73829,38.5377,0
            -121.73821,38.53778,0
            -121.73783,38.53809,0
            -121.73761,38.53828,0
            -121.73745,38.5384,0
            -121.73713,38.53868,0
            -121.73513,38.54034,0
            -121.73493,38.54052,0
            -121.73486,38.54057,0
            -121.73466,38.54074,0
            -121.73448,38.54088,0
            -121.73434,38.54101,0
            -121.73355,38.54167,0
            -121.73333,38.54184,0
            -121.73323,38.54193,0
            -121.73244,38.54258,0
            -121.73244,38.54259,0
            -121.73241,38.54261,0
            -121.73237,38.54263,0
            -121.73225,38.54271,0
            -121.73182,38.54302,0
            -121.73156,38.54319,0
            -121.73145,38.54327,0
            -121.73078,38.54368,0
            -121.73048,38.54385,0
            -121.72966,38.54428,0
            -121.72909,38.54455,0
            -121.72821,38.54493,0
            -121.72775,38.5451,0
            -121.72761,38.54516,0
            -121.72747,38.54521,0
            -121.72637,38.54555,0
            -121.72636,38.54555,0
            -121.72582,38.54571,0
            -121.72472,38.54597,0
            -121.72429,38.54606,0
            -121.72384,38.54617,0
            -121.72381,38.54617,0
            -121.72301,38.54635,0
            -121.72269,38.54643,0
            -121.72248,38.54647,0
            -121.72179,38.54664,0
            -121.71429,38.54835,0
            -121.71386,38.54844,0
            -121.70863,38.54963,0
            -121.70836,38.5497,0
            -121.7082,38.54973,0
            -121.70389,38.55071,0
            -121.70367,38.55075,0
            -121.70365,38.55076,0
            -121.70287,38.55093,0
            -121.70281,38.55095,0
            -121.70247,38.55102,0
            -121.70219,38.55109,0
            -121.70195,38.55114,0
            -121.70195,38.55115,0
            -121.70048,38.55148,0
            -121.70047,38.55148,0
            -121.69989,38.55161,0
            -121.69901,38.55179,0
            -121.698,38.55194,0
            -121.69746,38.552,0
            -121.69713,38.55205,0
            -121.69676,38.55209,0
            -121.69671,38.55209,0
            -121.69545,38.55226,0
            -121.69537,38.55228,0
            -121.6949,38.55236,0
            -121.69419,38.55251,0
            -121.69403,38.55255,0
            -121.69392,38.55257,0
            -121.69345,38.55269,0
            -121.69293,38.55284,0
            -121.6928,38.55287,0
            -121.69265,38.55292,0
            -121.69251,38.55296,0
            -121.69232,38.55303,0
            -121.69192,38.55316,0
            -121.6919,38.55317,0
            -121.69054,38.55364,0
            -121.68947,38.55396,0
            -121.6889,38.55411,0
            -121.68616,38.55474,0
            -121.68608,38.55475,0
            -121.68548,38.5549,0
            -121.67778,38.55663,0
            -121.67604,38.557,0
            -121.67365,38.55754,0
            -121.67219,38.55785,0
            -121.67119,38.55808,0
            -121.67078,38.55816,0
            -121.67049,38.55823,0
            -121.66928,38.55847,0
            -121.66827,38.55861,0
            -121.66808,38.55863,0
            -121.6646,38.55912,0
            -121.66403,38.55921,0
            -121.66392,38.55922,0
            -121.65372,38.56063,0
            -121.65241,38.56084,0
            -121.6502,38.56123,0
            -121.6497,38.56133,0
            -121.6423,38.56264,0
            -121.64152,38.56279,0
            -121.64038,38.56299,0
            -121.6403,38.56301,0
            -121.64015,38.56303,0
            -121.63643,38.56371,0
            -121.6363,38.56374,0
            -121.62994,38.56488,0
            -121.62971,38.56491,0
            -121.61321,38.56788,0
            -121.60932,38.56855,0
            -121.60844,38.56872,0
            -121.58168,38.57351,0
            -121.57978,38.57379,0
            -121.57964,38.57382,0
            -121.57606,38.57435,0
            -121.57604,38.57435,0
            -121.57311,38.57478,0
            -121.5731,38.57478,0
            -121.57251,38.57487,0
            -121.57248,38.57487,0
            -121.57204,38.57495,0
            -121.57049,38.57519,0
            -121.57037,38.5752,0
            -121.56985,38.57527,0
            -121.56967,38.57528,0
            -121.56841,38.5754,0
            -121.5671,38.57546,0
            -121.56664,38.57546,0
            -121.56632,38.57547,0
            -121.56553,38.57546,0
            -121.56023,38.57517,0
            -121.56013,38.57517,0
            -121.56005,38.57516,0
            -121.55889,38.57509,0
            -121.55875,38.57509,0
            -121.55675,38.57496,0
            -121.55551,38.5749,0
            -121.55535,38.5749,0
            -121.5552,38.57489,0
            -121.53682,38.57489,0
            -121.53642,38.5749,0
            -121.53612,38.57492,0
            -121.53583,38.57493,0
            -121.53528,38.57498,0
            -121.53417,38.57513,0
            -121.53345,38.57527,0
            -121.53314,38.57532,0
            -121.53297,38.57536,0
            -121.53281,38.57539,0
            -121.53243,38.57548,0
            -121.53106,38.57584,0
            -121.53097,38.57587,0
            -121.53042,38.57602,0
            -121.53021,38.57607,0
            -121.52998,38.57614,0
            -121.5298,38.57618,0
            -121.52967,38.57622,0
            -121.52822,38.57661,0
            -121.52812,38.57663,0
            -121.52763,38.57677,0
            -121.52747,38.5768,0
            -121.52727,38.57685,0
            -121.52681,38.57693,0
            -121.52664,38.57695,0
            -121.5265,38.57696,0
            -121.52603,38.57701,0
            -121.52586,38.57701,0
            -121.52564,38.57702,0
            -121.52534,38.57702,0
            -121.52471,38.57698,0
            -121.52467,38.57698,0
            -121.52456,38.57697,0
            -121.52395,38.57688,0
            -121.52369,38.57683,0
            -121.52363,38.57681,0
            -121.52349,38.57679,0
            -121.52303,38.57666,0
            -121.52281,38.57659,0
            -121.52248,38.57647,0
            -121.52194,38.57623,0
            -121.52182,38.57617,0
            -121.52172,38.57611,0
            -121.52162,38.57606,0
            -121.52124,38.57583,0
            -121.52117,38.57578,0
            -121.52105,38.57571,0
            -121.52099,38.57566,0
            -121.52092,38.57562,0
            -121.5208,38.57552,0
            -121.52074,38.57548,0
            -121.5206,38.57537,0
            -121.52031,38.57511,0
            -121.5202,38.57502,0
            -121.51703,38.57218,0
            -121.51698,38.57212,0
            -121.51687,38.57203,0
            -121.5167,38.57187,0
            -121.51546,38.57076,0
            -121.51526,38.57059,0
            -121.51516,38.57049,0
            -121.51497,38.57032,0
            -121.51467,38.57007,0
            -121.51447,38.56993,0
            -121.51434,38.56983,0
            -121.51386,38.56951,0
            -121.51369,38.56941,0
            -121.51357,38.56935,0
            -121.51343,38.56926,0
            -121.51322,38.56915,0
            -121.51315,38.56912,0
            -121.5129,38.56899,0
            -121.51277,38.56893,0
            -121.51262,38.56887,0
            -121.51254,38.56883,0
            -121.51208,38.56865,0
            -121.51199,38.56861,0
            -121.51182,38.56856,0
            -121.51169,38.56851,0
            -121.51143,38.56843,0
            -121.5103,38.56812,0
            -121.51014,38.56807,0
            -121.51005,38.56805,0
            -121.50999,38.56803,0
            -121.50962,38.56793,0
            -121.50941,38.56788,0
            -121.50919,38.56781,0
            -121.50913,38.5678,0
            -121.50897,38.56775,0
            -121.50876,38.5677,0
            -121.50841,38.5676,0
            -121.50803,38.56751,0
            -121.5075,38.56736,0
            -121.50713,38.56727,0
            -121.50407,38.56645,0
            -121.50394,38.56642,0
            -121.50232,38.56598,0
            -121.50199,38.56588,0
            -121.49972,38.56526,0
            -121.49942,38.56517,0
            -121.49911,38.56509,0
            -121.49866,38.56496,0
            -121.49849,38.56492,0
            -121.49833,38.56487,0
            -121.49783,38.56474,0
            -121.49695,38.56449,0
            -121.4965,38.56438,0
            -121.49437,38.56381,0
            -121.49372,38.56365,0
            -121.49335,38.56354,0
            -121.49241,38.5633,0
            -121.4921,38.56321,0
            -121.49134,38.56301,0
            -121.49112,38.56296,0
            -121.49099,38.56292,0
            -121.49,38.56266,0
            -121.48999,38.56265,0
            -121.48928,38.56247,0
            -121.48924,38.56245,0
            -121.48907,38.56241,0
            -121.48904,38.5624,0
            -121.48891,38.56237,0
            -121.48753,38.562,0
            -121.48744,38.56198,0
            -121.48735,38.56195,0
            -121.48721,38.56192,0
            -121.48675,38.5618,0
            -121.48648,38.56172,0
            -121.48643,38.56171,0
            -121.48537,38.56143,0
            -121.48524,38.56139,0
            -121.48521,38.56139,0
            -121.48506,38.56135,0
            -121.485,38.56133,0
            -121.48424,38.56114,0
            -121.48383,38.56102,0
            -121.48357,38.56096,0
            -121.48075,38.56019,0
            -121.48029,38.56008,0
            -121.48027,38.56008,0
            -121.4778,38.55941,0
            -121.47663,38.55912,0
            -121.47648,38.55909,0
            -121.47597,38.55896,0
            -121.4756,38.5589,0
            -121.47535,38.55885,0
            -121.47438,38.55873,0
            -121.474,38.5587,0
            -121.47371,38.5587,0
            -121.47357,38.55869,0
            -121.4732,38.55869,0
            -121.47305,38.5587,0
            -121.47287,38.5587,0
            -121.47273,38.55871,0
            -121.4726,38.55871,0
            -121.47189,38.55876,0
            -121.47131,38.55883,0
            -121.47015,38.55907,0
            -121.46776,38.55967,0
            -121.46741,38.55975,0
            -121.46723,38.5598,0
            -121.46722,38.5598,0
            -121.46608,38.56009,0
            -121.46593,38.56012,0
            -121.46557,38.56022,0
            -121.46363,38.56066,0
            -121.46296,38.56076,0
            -121.462,38.56082,0
            -121.46154,38.56082,0
            -121.46114,38.5608,0
            -121.46104,38.5608,0
            -121.4607,38.56078,0
            -121.45993,38.56069,0
            -121.45943,38.56059,0
            -121.45936,38.56058,0
            -121.45929,38.56056,0
            -121.45922,38.56055,0
            -121.45915,38.56053,0
            -121.45897,38.56049,0
            -121.45892,38.56047,0
            -121.4586,38.56039,0
            -121.45829,38.5603,0
            -121.45826,38.5603,0
            -121.45821,38.56028,0
            -121.45252,38.55871,0
            -121.4525,38.55871,0
            -121.448,38.55746,0
            -121.44761,38.55734,0
            -121.44534,38.55669,0
            -121.44522,38.55672,0
            -121.44518,38.55672,0
            -121.44475,38.55666,0
            -121.4446,38.55663,0
            -121.44406,38.55654,0
            -121.44372,38.55645,0
            -121.44335,38.55637,0
            -121.44292,38.55624,0
            -121.44238,38.55604,0
            -121.44171,38.55574,0
            -121.43963,38.55462,0
            -121.4396,38.5546,0
            -121.43902,38.55427,0
            -121.43866,38.55408,0
            -121.43798,38.55375,0
            -121.43716,38.55343,0
            -121.4341,38.55237,0
            -121.43389,38.55229,0
            -121.43264,38.55186,0
            -121.43149,38.55143,0
            -121.43108,38.5513,0
            -121.43104,38.55128,0
            -121.43057,38.55114,0
            -121.43021,38.55105,0
            -121.4302,38.55104,0
            -121.43018,38.55104,0
            -121.42999,38.55099,0
            -121.4292,38.55082,0
            -121.42873,38.55074,0
            -121.42862,38.55073,0
            -121.4282,38.55066,0
            -121.42778,38.55061,0
            -121.42676,38.55052,0
            -121.42658,38.55051,0
            -121.42535,38.55049,0
            -121.42521,38.5505,0
            -121.425,38.5505,0
            -121.42489,38.55051,0
            -121.4248,38.55051,0
            -121.42451,38.55053,0
            -121.42442,38.55053,0
            -121.42421,38.55055,0
            -121.42412,38.55055,0
            -121.4238,38.55059,0
            -121.42373,38.55059,0
            -121.42353,38.55062,0
            -121.4229,38.55069,0
            -121.42206,38.55084,0
            -121.42037,38.55121,0
            -121.4203,38.55123,0
            -121.41912,38.5515,0
            -121.41895,38.55153,0
            -121.41778,38.5518,0
            -121.41752,38.55185,0
            -121.41737,38.55189,0
            -121.41729,38.5519,0
            -121.41711,38.55195,0
            -121.41509,38.5524,0
            -121.41508,38.5524,0
            -121.41487,38.55245,0
            -121.4147,38.55248,0
            -121.41314,38.55284,0
            -121.41288,38.55289,0
            -121.4116,38.55318,0
            -121.41152,38.55319,0
            -121.41146,38.55321,0
            -121.41135,38.55323,0
            -121.41025,38.55348,0
            -121.41014,38.5535,0
            -121.40951,38.55365,0
            -121.40938,38.55367,0
            -121.40722,38.55416,0
            -121.40719,38.55416,0
            -121.40704,38.5542,0
            -121.40698,38.55421,0
            -121.40697,38.55421,0
            -121.40464,38.55474,0
            -121.4037,38.55494,0
            -121.40341,38.55499,0
            -121.40318,38.55504,0
            -121.40317,38.55504,0
            -121.40297,38.555,0
            -121.40295,38.55501,0
            -121.39671,38.55642,0
            -121.39643,38.55647,0
            -121.39506,38.55677,0
            -121.39378,38.557,0
            -121.39272,38.55715,0
            -121.39103,38.55735,0
            -121.39102,38.55735,0
            -121.38778,38.55772,0
            -121.38632,38.55787,0
            -121.38559,38.55796,0
            -121.37521,38.55904,0
            -121.37457,38.55912,0
            -121.37434,38.55914,0
            -121.37422,38.55916,0
            -121.37397,38.55918,0
            -121.37098,38.5595,0
            -121.37092,38.55951,0
            -121.36822,38.55979,0
            -121.36802,38.55982,0
            -121.36785,38.55983,0
            -121.36634,38.56002,0
            -121.36468,38.56019,0
            -121.36462,38.5602,0
            -121.36419,38.56025,0
            -121.36325,38.56034,0
            -121.36173,38.56051,0
            -121.36158,38.56052,0
            -121.36145,38.56054,0
            -121.36025,38.56066,0
            -121.36002,38.56069,0
            -121.35988,38.5607,0
            -121.35974,38.56072,0
            -121.35838,38.56086,0
            -121.35825,38.56088,0
            -121.35787,38.56092,0
            -121.35772,38.56093,0
            -121.35644,38.56107,0
            -121.35609,38.5611,0
            -121.35588,38.56113,0
            -121.35446,38.56128,0
            -121.35421,38.5613,0
            -121.35259,38.56148,0
            -121.35253,38.56148,0
            -121.35143,38.5616,0
            -121.35137,38.5616,0
            -121.35068,38.56168,0
            -121.35053,38.56169,0
            -121.34995,38.56176,0
            -121.34821,38.56194,0
            -121.34809,38.56196,0
            -121.34762,38.562,0
            -121.34747,38.56202,0
            -121.34725,38.56204,0
            -121.34711,38.56206,0
            -121.34695,38.56207,0
            -121.34676,38.56209,0
            -121.34674,38.5621,0
            -121.34659,38.56211,0
            -121.34629,38.56216,0
            -121.34618,38.56217,0
            -121.34609,38.56219,0
            -121.34596,38.5622,0
            -121.34526,38.56232,0
            -121.34513,38.56235,0
            -121.34491,38.56239,0
            -121.3443,38.56252,0
            -121.34416,38.56256,0
            -121.34401,38.56259,0
            -121.34328,38.56279,0
            -121.34319,38.56282,0
            -121.343,38.56287,0
            -121.34217,38.56315,0
            -121.34215,38.56315,0
            -121.34101,38.56359,0
            -121.34054,38.5638,0
            -121.34051,38.56381,0
            -121.34033,38.5639,0
            -121.34,38.56405,0
            -121.33949,38.56431,0
            -121.33933,38.56438,0
            -121.33914,38.56448,0
            -121.33771,38.56517,0
            -121.33704,38.56551,0
            -121.33686,38.56559,0
            -121.33562,38.5662,0
            -121.33545,38.56629,0
            -121.33372,38.56713,0
            -121.33323,38.56738,0
            -121.33312,38.56743,0
            -121.33311,38.56744,0
            -121.33132,38.56831,0
            -121.33085,38.56855,0
            -121.32867,38.5696,0
            -121.32864,38.56962,0
            -121.32845,38.56971,0
            -121.32842,38.56973,0
            -121.32826,38.56981,0
            -121.32812,38.56987,0
            -121.32772,38.57006,0
            -121.32755,38.57015,0
            -121.32562,38.57108,0
            -121.32518,38.57128,0
            -121.32504,38.57135,0
            -121.32342,38.57205,0
            -121.32195,38.57264,0
            -121.32186,38.57267,0
            -121.3171,38.57457,0
            -121.31685,38.57468,0
            -121.31156,38.57679,0
            -121.3115,38.57682,0
            -121.31133,38.57688,0
            -121.31105,38.57699,0
            -121.31083,38.57709,0
            -121.31061,38.57717,0
            -121.30931,38.57774,0
            -121.30891,38.57793,0
            -121.30817,38.57831,0
            -121.30816,38.57831,0
            -121.30815,38.57832,0
            -121.30774,38.57853,0
            -121.30759,38.57862,0
            -121.30746,38.57869,0
            -121.30592,38.57962,0
            -121.30569,38.57977,0
            -121.30558,38.57983,0
            -121.30532,38.57999,0
            -121.30531,38.58,0
            -121.30528,38.58001,0
            -121.30524,38.58004,0
            -121.30471,38.58035,0
            -121.30458,38.58042,0
            -121.30361,38.58102,0
            -121.30352,38.58107,0
            -121.30322,38.58126,0
            -121.30313,38.58131,0
            -121.30299,38.5814,0
            -121.3029,38.58145,0
            -121.30286,38.58148,0
            -121.30259,38.58164,0
            -121.30244,38.58172,0
            -121.30239,38.58176,0
            -121.30231,38.58181,0
            -121.30218,38.58188,0
            -121.3021,38.58194,0
            -121.30207,38.58195,0
            -121.30195,38.58203,0
            -121.30188,38.58206,0
            -121.30142,38.58235,0
            -121.30003,38.58319,0
            -121.29997,38.58322,0
            -121.2999,38.58327,0
            -121.29935,38.5836,0
            -121.29929,38.58363,0
            -121.29922,38.58368,0
            -121.29882,38.58392,0
            -121.2987,38.584,0
            -121.29828,38.58425,0
            -121.29815,38.58432,0
            -121.29649,38.58534,0
            -121.2964,38.58539,0
            -121.29505,38.58621,0
            -121.29492,38.58628,0
            -121.29479,38.58637,0
            -121.29448,38.58655,0
            -121.29373,38.58701,0
            -121.2933,38.58726,0
            -121.29226,38.5879,0
            -121.29217,38.58795,0
            -121.29131,38.58847,0
            -121.29127,38.58849,0
            -121.29094,38.5887,0
            -121.29012,38.58919,0
            -121.29011,38.5892,0
            -121.28997,38.58929,0
            -121.28985,38.58935,0
            -121.2896,38.58951,0
            -121.2886,38.59011,0
            -121.28845,38.59021,0
            -121.28816,38.59038,0
            -121.28809,38.59043,0
            -121.28807,38.59044,0
            -121.28725,38.59095,0
            -121.28713,38.59101,0
            -121.28614,38.59161,0
            -121.28601,38.59168,0
            -121.28581,38.59181,0
            -121.28535,38.59209,0
            -121.28522,38.59216,0
            -121.28362,38.59313,0
            -121.28353,38.59319,0
            -121.28213,38.59402,0
            -121.2816,38.59435,0
            -121.28132,38.59454,0
            -121.28057,38.59509,0
            -121.28028,38.59534,0
            -121.28004,38.59556,0
            -121.28002,38.59557,0
            -121.27994,38.59565,0
            -121.27982,38.59576,0
            -121.27963,38.59595,0
            -121.27931,38.59629,0
            -121.27891,38.59675,0
            -121.27879,38.59692,0
            -121.2786,38.59717,0
            -121.27842,38.59744,0
            -121.27838,38.59749,0
            -121.27825,38.5977,0
            -121.27824,38.59771,0
            -121.27807,38.598,0
            -121.27785,38.59842,0
            -121.27781,38.59851,0
            -121.27769,38.59875,0
            -121.27765,38.59884,0
            -121.2776,38.59897,0
            -121.27755,38.59907,0
            -121.27754,38.59912,0
            -121.27736,38.5996,0
            -121.27728,38.59986,0
            -121.27655,38.60248,0
            -121.27652,38.60256,0
            -121.2765,38.60266,0
            -121.27639,38.60306,0
            -121.27635,38.60318,0
            -121.27635,38.60321,0
            -121.27621,38.60368,0
            -121.27616,38.60382,0
            -121.27613,38.60392,0
            -121.27594,38.60441,0
            -121.27587,38.60454,0
            -121.27582,38.60465,0
            -121.2757,38.60488,0
            -121.27564,38.60498,0
            -121.27562,38.60502,0
            -121.27561,38.60503,0
            -121.2756,38.60506,0
            -121.27548,38.60529,0
            -121.27543,38.60536,0
            -121.27536,38.60547,0
            -121.2752,38.6057,0
            -121.27511,38.60581,0
            -121.27502,38.60593,0
            -121.27498,38.60597,0
            -121.27483,38.60616,0
            -121.27463,38.60638,0
            -121.27423,38.60678,0
            -121.27402,38.60697,0
            -121.27401,38.60697,0
            -121.2739,38.60707,0
            -121.27368,38.60725,0
            -121.27352,38.60736,0
            -121.27329,38.60753,0
            -121.27303,38.6077,0
            -121.27301,38.60772,0
            -121.2728,38.60785,0
            -121.27273,38.6079,0
            -121.27241,38.60808,0
            -121.27229,38.60814,0
            -121.27215,38.60822,0
            -121.27187,38.60835,0
            -121.2718,38.60839,0
            -121.27172,38.60842,0
            -121.27169,38.60844,0
            -121.27149,38.60853,0
            -121.27138,38.60857,0
            -121.2713,38.60861,0
            -121.2712,38.60864,0
            -121.27109,38.60869,0
            -121.27072,38.60883,0
            -121.2707,38.60884,0
            -121.26996,38.60911,0
            -121.26979,38.60918,0
            -121.2697,38.60921,0
            -121.26932,38.60936,0
            -121.26919,38.6094,0
            -121.26905,38.60946,0
            -121.26859,38.60963,0
            -121.26847,38.60968,0
            -121.26846,38.60968,0
            -121.26632,38.61048,0
            -121.26618,38.61054,0
            -121.26602,38.6106,0
            -121.26598,38.61061,0
            -121.2651,38.61095,0
            -121.26494,38.611,0
            -121.26462,38.61113,0
            -121.2633,38.61162,0
            -121.26318,38.61167,0
            -121.26314,38.61168,0
            -121.25971,38.61298,0
            -121.25955,38.61303,0
            -121.25938,38.6131,0
            -121.25908,38.61321,0
            -121.25907,38.61321,0
            -121.25748,38.61381,0
            -121.25703,38.61399,0
            -121.25659,38.61415,0
            -121.25658,38.61415,0
            -121.25654,38.61417,0
            -121.25499,38.61475,0
            -121.25482,38.61482,0
            -121.25278,38.61559,0
            -121.25244,38.61571,0
            -121.25161,38.61603,0
            -121.25076,38.61634,0
            -121.25044,38.61647,0
            -121.24989,38.61667,0
            -121.24962,38.61678,0
            -121.24856,38.61718,0
            -121.24827,38.61728,0
            -121.2481,38.61735,0
            -121.24785,38.61744,0
            -121.24778,38.61747,0
            -121.24697,38.61777,0
            -121.24678,38.61785,0
            -121.24585,38.61819,0
            -121.2423,38.61954,0
            -121.24215,38.61959,0
            -121.2414,38.61988,0
            -121.24125,38.61993,0
            -121.23169,38.62353,0
            -121.23152,38.6236,0
            -121.22888,38.62459,0
            -121.22877,38.62464,0
            -121.2283,38.62483,0
            -121.22761,38.62515,0
            -121.22746,38.62523,0
            -121.22729,38.62531,0
            -121.22728,38.62532,0
            -121.2267,38.62563,0
            -121.22642,38.62577,0
            -121.22576,38.62613,0
            -121.22505,38.6265,0
            -121.22497,38.62655,0
            -121.22437,38.62686,0
            -121.22426,38.62693,0
            -121.22313,38.62751,0
            -121.22224,38.62799,0
            -121.222,38.62811,0
            -121.22059,38.62888,0
            -121.21802,38.63024,0
            -121.21788,38.63032,0
            -121.21774,38.63039,0
            -121.21747,38.63054,0
            -121.2172,38.63068,0
            -121.21715,38.63071,0
            -121.21688,38.63085,0
            -121.21677,38.6309,0
            -121.21648,38.63106,0
            -121.21639,38.6311,0
            -121.21631,38.63115,0
            -121.21562,38.6315,0
            -121.21315,38.63281,0
            -121.21312,38.63282,0
            -121.21117,38.63383,0
            -121.21092,38.63397,0
            -121.21058,38.63414,0
            -121.20923,38.63487,0
            -121.20908,38.63494,0
            -121.2087,38.63514,0
            -121.20867,38.63516,0
            -121.2078,38.63562,0
            -121.20757,38.63575,0
            -121.20743,38.63582,0
            -121.2073,38.6359,0
            -121.20717,38.63596,0
            -121.20674,38.63619,0
            -121.20644,38.63634,0
            -121.20625,38.63645,0
            -121.20605,38.63655,0
            -121.2059,38.63664,0
            -121.20563,38.63678,0
            -121.20549,38.63686,0
            -121.20531,38.63695,0
            -121.20521,38.63701,0
            -121.20507,38.63708,0
            -121.20493,38.63716,0
            -121.20451,38.63737,0
            -121.20319,38.63807,0
            -121.20306,38.63815,0
            -121.20245,38.63849,0
            -121.2019,38.63875,0
            -121.20138,38.63895,0
            -121.20136,38.63896,0
            -121.20097,38.6391,0
            -121.20037,38.63928,0
            -121.20023,38.63931,0
            -121.1999,38.6394,0
            -121.19944,38.6395,0
            -121.19891,38.63959,0
            -121.19889,38.63959,0
            -121.19767,38.63975,0
            -121.19629,38.63991,0
            -121.19573,38.63999,0
            -121.19444,38.64014,0
            -121.19395,38.64021,0
            -121.19329,38.64028,0
            -121.19318,38.6403,0
            -121.18473,38.64134,0
            -121.18458,38.64135,0
            -121.18447,38.64137,0
            -121.17864,38.64208,0
            -121.17844,38.64211,0
            -121.17778,38.64219,0
            -121.17754,38.64221,0
            -121.17707,38.64228,0
            -121.17693,38.64229,0
            -121.1768,38.64231,0
            -121.1749,38.64253,0
            -121.17386,38.6426,0
            -121.17335,38.64261,0
            -121.17322,38.64262,0
            -121.17263,38.64262,0
            -121.17246,38.64261,0
            -121.17217,38.64261,0
            -121.17152,38.64258,0
            -121.17126,38.64256,0
            -121.17119,38.64256,0
            -121.17106,38.64255,0
            -121.17096,38.64255,0
            -121.16837,38.64243,0
            -121.16819,38.64243,0
            -121.16788,38.64241,0
            -121.16659,38.64236,0
            -121.1663,38.64234,0
            -121.16214,38.64215,0
            -121.16203,38.64215,0
            -121.16051,38.64209,0
            -121.16042,38.64208,0
            -121.15998,38.64206,0
            -121.15983,38.64206,0
            -121.15819,38.64198,0
            -121.15778,38.64197,0
            -121.156,38.64189,0
            -121.15593,38.64189,0
            -121.15457,38.64183,0
            -121.15454,38.64182,0
            -121.15443,38.64182,0
            -121.15386,38.64179,0
            -121.15366,38.64179,0
            -121.15357,38.64178,0
            -121.15271,38.64174,0
            -121.15139,38.6417,0
            -121.15015,38.64168,0
            -121.14853,38.64168,0
            -121.1483,38.64169,0
            -121.14787,38.64169,0
            -121.14767,38.6417,0
            -121.14685,38.64171,0
            -121.14673,38.64172,0
            -121.14601,38.64174,0
            -121.14588,38.64175,0
            -121.14568,38.64175,0
            -121.14495,38.64178,0
            -121.14487,38.64179,0
            -121.14477,38.64179,0
            -121.14275,38.64188,0
            -121.14252,38.6419,0
            -121.14231,38.6419,0
            -121.14185,38.64193,0
            -121.14143,38.64194,0
            -121.14139,38.64195,0
            -121.14093,38.64196,0
            -121.13935,38.64203,0
            -121.13913,38.64205,0
            -121.13677,38.64215,0
            -121.13669,38.64216,0
            -121.13494,38.64223,0
            -121.13463,38.64225,0
            -121.13456,38.64225,0
            -121.13289,38.64233,0
            -121.13273,38.64233,0
            -121.13249,38.64235,0
            -121.13236,38.64235,0
            -121.13072,38.64243,0
            -121.13035,38.64244,0
            -121.13028,38.64245,0
            -121.12989,38.64246,0
            -121.12978,38.64247,0
            -121.1297,38.64247,0
            -121.12229,38.6428,0
            -121.12217,38.64281,0
            -121.12207,38.64281,0
            -121.12202,38.64282,0
            -121.12186,38.64282,0
            -121.12024,38.6429,0
            -121.12015,38.6429,0
            -121.12005,38.64291,0
            -121.11843,38.64298,0
            -121.11835,38.64298,0
            -121.11567,38.6431,0
            -121.1156,38.64311,0
            -121.11551,38.64311,0
            -121.11435,38.64316,0
            -121.11426,38.64317,0
            -121.11359,38.64319,0
            -121.11355,38.6432,0
            -121.11196,38.64327,0
            -121.11187,38.64327,0
            -121.11147,38.64329,0
            -121.11139,38.64329,0
            -121.11136,38.6433,0
            -121.11089,38.64332,0
            -121.1107,38.64332,0
            -121.10999,38.64336,0
            -121.10956,38.64337,0
            -121.10847,38.64342,0
            -121.10798,38.64343,0
            -121.10501,38.64356,0
            -121.10491,38.64357,0
            -121.099,38.64383,0
            -121.0984,38.64388,0
            -121.0978,38.64395,0
            -121.0968,38.64414,0
            -121.09674,38.64416,0
            -121.09643,38.64423,0
            -121.09614,38.64431,0
            -121.096,38.64436,0
            -121.09578,38.64442,0
            -121.0923,38.64558,0
            -121.09222,38.6456,0
            -121.09117,38.64596,0
            -121.09109,38.64598,0
            -121.0899,38.64639,0
            -121.08983,38.64641,0
            -121.08898,38.64671,0
            -121.0881,38.647,0
            -121.088,38.64704,0
            -121.0772,38.65064,0
            -121.07698,38.65072,0
            -121.07675,38.65079,0
            -121.07653,38.65087,0
            -121.07649,38.65088,0
            -121.07617,38.65098,0
            -121.07606,38.65102,0
            -121.07544,38.65122,0
            -121.07535,38.65126,0
            -121.07529,38.65127,0
            -121.07483,38.65142,0
            -121.07468,38.65148,0
            -121.07462,38.65149,0
            -121.07371,38.65177,0
            -121.07308,38.65198,0
            -121.07262,38.65216,0
            -121.07257,38.65217,0
            -121.07256,38.65218,0
            -121.07194,38.65239,0
            -121.0718,38.65243,0
            -121.06906,38.65334,0
            -121.0689,38.6534,0
            -121.06769,38.6538,0
            -121.06768,38.65381,0
            -121.06767,38.65381,0
            -121.06753,38.65386,0
            -121.06738,38.6539,0
            -121.06723,38.65396,0
            -121.06685,38.65408,0
            -121.06665,38.65415,0
            -121.06663,38.65416,0
            -121.06646,38.65421,0
            -121.06572,38.65446,0
            -121.06558,38.6545,0
            -121.06557,38.65451,0
            -121.06448,38.65487,0
            -121.06433,38.65493,0
            -121.0637,38.65514,0
            -121.06356,38.65518,0
            -121.06253,38.65553,0
            -121.06239,38.65557,0
            -121.06224,38.65563,0
            -121.06099,38.65604,0
            -121.06098,38.65604,0
            -121.05872,38.65678,0
            -121.05856,38.65684,0
            -121.05743,38.65721,0
            -121.05735,38.65723,0
            -121.05709,38.65731,0
            -121.05689,38.65738,0
            -121.05642,38.65751,0
            -121.05627,38.65754,0
            -121.05592,38.65764,0
            -121.05585,38.65765,0
            -121.05578,38.65767,0
            -121.05563,38.6577,0
            -121.05561,38.65771,0
            -121.05531,38.65777,0
            -121.05514,38.65781,0
            -121.05485,38.65786,0
            -121.05482,38.65787,0
            -121.05434,38.65795,0
            -121.05342,38.65806,0
            -121.05303,38.65809,0
            -121.05286,38.65811,0
            -121.05272,38.65811,0
            -121.05251,38.65813,0
            -121.05227,38.65814,0
            -121.05217,38.65815,0
            -121.05202,38.65815,0
            -121.05182,38.65817,0
            -121.05166,38.65817,0
            -121.05103,38.65821,0
            -121.05099,38.65821,0
            -121.05086,38.65822,0
            -121.05069,38.65822,0
            -121.05056,38.65823,0
            -121.05038,38.65823,0
            -121.05034,38.65824,0
            -121.0502,38.65824,0
            -121.05001,38.65825,0
            -121.04967,38.65825,0
            -121.04952,38.65826,0
            -121.04938,38.65825,0
            -121.0492,38.65825,0
            -121.04889,38.65823,0
            -121.04858,38.6582,0
            -121.04857,38.65819,0
            -121.04852,38.65819,0
            -121.04833,38.65816,0
            -121.0483,38.65816,0
            -121.04826,38.65815,0
            -121.04822,38.65815,0
            -121.04818,38.65814,0
            -121.04807,38.65812,0
            -121.04782,38.65806,0
            -121.04774,38.65805,0
            -121.0476,38.65801,0
            -121.04746,38.65798,0
            -121.04734,38.65794,0
            -121.04729,38.65793,0
            -121.04699,38.65785,0
            -121.04694,38.65783,0
            -121.04684,38.6578,0
            -121.04624,38.65758,0
            -121.04596,38.65745,0
            -121.04593,38.65743,0
            -121.04552,38.65723,0
            -121.04538,38.65714,0
            -121.04528,38.65709,0
            -121.04513,38.657,0
            -121.04453,38.65657,0
            -121.04441,38.65647,0
            -121.04429,38.65638,0
            -121.04372,38.65592,0
            -121.04371,38.65591,0
            -121.04364,38.65586,0
            -121.04313,38.65545,0
            -121.0429,38.65529,0
            -121.04288,38.65527,0
            -121.04276,38.6552,0
            -121.04262,38.65511,0
            -121.04237,38.65497,0
            -121.04192,38.65474,0
            -121.04165,38.65462,0
            -121.04113,38.65444,0
            -121.04076,38.65433,0
            -121.0407,38.65432,0
            -121.04048,38.65426,0
            -121.04042,38.65425,0
            -121.0403,38.65422,0
            -121.04014,38.6542,0
            -121.0399,38.65416,0
            -121.0398,38.65415,0
            -121.03968,38.65413,0
            -121.03963,38.65413,0
            -121.03948,38.65412,0
            -121.03931,38.6541,0
            -121.03912,38.6541,0
            -121.03899,38.65409,0
            -121.03882,38.65409,0
            -121.03865,38.6541,0
            -121.03848,38.6541,0
            -121.03831,38.65411,0
            -121.03826,38.65412,0
            -121.03801,38.65414,0
            -121.03796,38.65415,0
            -121.03783,38.65416,0
            -121.03763,38.65419,0
            -121.0375,38.65422,0
            -121.03736,38.65424,0
            -121.03735,38.65425,0
            -121.03727,38.65426,0
            -121.03691,38.65435,0
            -121.03689,38.65435,0
            -121.03671,38.6544,0
            -121.03591,38.65459,0
            -121.03574,38.65464,0
            -121.03559,38.65467,0
            -121.03558,38.65467,0
            -121.03514,38.65479,0
            -121.03499,38.65482,0
            -121.03482,38.65487,0
            -121.03453,38.65494,0
            -121.0345,38.65495,0
            -121.03449,38.65495,0
            -121.03421,38.65502,0
            -121.0342,38.65502,0
            -121.03385,38.65509,0
            -121.03357,38.65513,0
            -121.03355,38.65514,0
            -121.03329,38.65518,0
            -121.03306,38.6552,0
            -121.03282,38.65523,0
            -121.03276,38.65523,0
            -121.03258,38.65525,0
            -121.03209,38.65528,0
            -121.03164,38.65528,0
            -121.03159,38.65529,0
            -121.03141,38.65528,0
            -121.03086,38.65528,0
            -121.03013,38.65526,0
            -121.02985,38.65526,0
            -121.02965,38.65525,0
            -121.02927,38.65525,0
            -121.02905,38.65524,0
            -121.02677,38.65521,0
            -121.0261,38.65519,0
            -121.02553,38.65519,0
            -121.02531,38.65518,0
            -121.01866,38.65508,0
            -121.01852,38.65507,0
            -121.01657,38.65503,0
            -121.0154,38.65503,0
            -121.01397,38.65511,0
            -121.01379,38.65513,0
            -121.01312,38.65517,0
            -121.01295,38.65519,0
            -121.01228,38.65523,0
            -121.01212,38.65525,0
            -121.01144,38.65529,0
            -121.01128,38.65531,0
            -121.0111,38.65532,0
            -121.01062,38.65537,0
            -121.00893,38.65549,0
            -121.00862,38.65552,0
            -121.00855,38.65552,0
            -121.00771,38.65558,0
            -121.00747,38.65559,0
            -121.00703,38.65563,0
            -121.00677,38.65564,0
            -121.00647,38.65567,0
            -121.00615,38.65569,0
            -121.0061,38.65569,0
            -121.005,38.65577,0
            -121.00495,38.65578,0
            -121.00473,38.65579,0
            -121.00465,38.6558,0
            -121.0045,38.65581,0
            -121.00443,38.65581,0
            -121.00247,38.65596,0
            -121.00116,38.65609,0
            -121.00104,38.65611,0
            -121.00075,38.65614,0
            -121.0007,38.65615,0
            -121.0003,38.6562,0
            -120.99875,38.65644,0
            -120.99844,38.6565,0
            -120.99636,38.65684,0
            -120.99635,38.65685,0
            -120.9944,38.65717,0
            -120.99418,38.6572,0
            -120.9941,38.65722,0
            -120.99376,38.65727,0
            -120.99372,38.65728,0
            -120.9935,38.65731,0
            -120.99349,38.65731,0
            -120.99317,38.65735,0
            -120.9923,38.65741,0
            -120.99221,38.65741,0
            -120.99199,38.65742,0
            -120.99163,38.65742,0
            -120.99145,38.65741,0
            -120.9913,38.65741,0
            -120.99095,38.65739,0
            -120.9878,38.65707,0
            -120.9872,38.65703,0
            -120.98657,38.65703,0
            -120.98612,38.65706,0
            -120.98579,38.6571,0
            -120.98574,38.6571,0
            -120.98506,38.65721,0
            -120.98496,38.65724,0
            -120.9848,38.65727,0
            -120.98422,38.65744,0
            -120.98038,38.65878,0
            -120.98003,38.65891,0
            -120.97987,38.65896,0
            -120.97946,38.65907,0
            -120.97939,38.65908,0
            -120.9792,38.65913,0
            -120.97919,38.65913,0
            -120.97875,38.65921,0
            -120.97857,38.65923,0
            -120.9783,38.65927,0
            -120.97775,38.6593,0
            -120.97738,38.6593,0
            -120.97724,38.65931,0
            -120.97675,38.65931,0
            -120.9764,38.65932,0
            -120.97361,38.65932,0
            -120.97307,38.65933,0
            -120.97121,38.65933,0
            -120.97086,38.65934,0
            -120.97009,38.65934,0
            -120.96991,38.65935,0
            -120.96901,38.65935,0
            -120.96886,38.65936,0
            -120.96803,38.65936,0
            -120.96797,38.65937,0
            -120.96608,38.65938,0
            -120.96587,38.65939,0
            -120.96383,38.65939,0
            -120.96315,38.65941,0
            -120.96274,38.65941,0
            -120.96257,38.65942,0
            -120.96206,38.65942,0
            -120.96189,38.65943,0
            -120.96138,38.65943,0
            -120.96122,38.65944,0
            -120.96054,38.65944,0
            -120.96037,38.65945,0
            -120.95933,38.65945,0
            -120.95919,38.65946,0
            -120.9575,38.65946,0
            -120.95734,38.65947,0
            -120.95666,38.65947,0
            -120.95648,38.65948,0
            -120.95463,38.65948,0
            -120.95449,38.65949,0
            -120.95429,38.65949,0
            -120.95411,38.6595,0
            -120.95403,38.6595,0
            -120.95394,38.65951,0
            -120.95362,38.65953,0
            -120.95357,38.65953,0
            -120.95328,38.65955,0
            -120.95311,38.65957,0
            -120.95294,38.65958,0
            -120.95288,38.65959,0
            -120.95265,38.65961,0
            -120.9526,38.65961,0
            -120.95193,38.65969,0
            -120.95144,38.65976,0
            -120.95127,38.65979,0
            -120.95111,38.65981,0
            -120.95047,38.65993,0
            -120.95039,38.65994,0
            -120.95029,38.65996,0
            -120.95017,38.65999,0
            -120.95013,38.65999,0
            -120.95001,38.66001,0
            -120.94994,38.66003,0
            -120.9498,38.66006,0
            -120.94972,38.66007,0
            -120.94963,38.66009,0
            -120.9495,38.66011,0
            -120.94947,38.66012,0
            -120.94896,38.66021,0
            -120.94883,38.66024,0
            -120.9488,38.66025,0
            -120.94815,38.66037,0
            -120.94814,38.66037,0
            -120.94797,38.6604,0
            -120.94793,38.66041,0
            -120.94573,38.66081,0
            -120.94569,38.66082,0
            -120.94567,38.66082,0
            -120.9455,38.66085,0
            -120.94533,38.66089,0
            -120.94353,38.66122,0
            -120.94335,38.66126,0
            -120.94319,38.66128,0
            -120.94303,38.66132,0
            -120.94173,38.66156,0
            -120.94158,38.66151,0
            -120.94154,38.66152,0
            -120.94152,38.66152,0
            -120.94084,38.6616,0
            -120.94079,38.66161,0
            -120.94074,38.66161,0
            -120.94069,38.66162,0
            -120.94036,38.66166,0
            -120.94028,38.66166,0
            -120.94023,38.66167,0
            -120.93997,38.66167,0
            -120.93963,38.66164,0
            -120.93955,38.66162,0
            -120.93948,38.66161,0
            -120.9391,38.66151,0
            -120.93897,38.66145,0
            -120.93878,38.66138,0
            -120.9385,38.66131,0
            -120.93823,38.66127,0
            -120.93807,38.66127,0
            -120.93801,38.66128,0
            -120.93796,38.66128,0
            -120.93789,38.66129,0
            -120.93785,38.66129,0
            -120.93781,38.6613,0
            -120.93778,38.6613,0
            -120.93775,38.66131,0
            -120.93773,38.66131,0
            -120.93751,38.66137,0
            -120.93743,38.6614,0
            -120.93737,38.66141,0
            -120.93732,38.66143,0
            -120.93724,38.66145,0
            -120.93708,38.66151,0
            -120.93728,38.66192,0
            -120.93708,38.66151,0
            -120.93656,38.66169,0
            -120.93641,38.66176,0
            -120.9364,38.66176,0
            -120.93635,38.66179,0
            -120.93627,38.66183,0
            -120.93624,38.66185,0
            -120.93621,38.66186,0
            -120.93617,38.66188,0
            -120.93602,38.66197,0
            -120.93599,38.66203,0
            -120.93594,38.66206,0
            -120.93586,38.66212,0
            -120.93557,38.66239,0
            -120.93555,38.6624,0
            -120.93539,38.66255,0
            -120.93534,38.66259,0
            -120.93532,38.66262,0
            -120.93529,38.66264,0
            -120.93525,38.66268,0
            -120.93519,38.66272,0
            -120.93514,38.66276,0
            -120.935,38.66285,0
            -120.93494,38.66288,0
            -120.93482,38.66296,0
            -120.93477,38.66298,0
            -120.93469,38.66302,0
            -120.93462,38.66305,0
            -120.93454,38.66309,0
            -120.9345,38.6631,0
            -120.93447,38.66312,0
            -120.9344,38.66314,0
            -120.93433,38.66317,0
            -120.93432,38.66317,0
            -120.93423,38.66319,0
            -120.93416,38.66322,0
            -120.93408,38.66323,0
            -120.93406,38.66324,0
            -120.93399,38.66325,0
            -120.9339,38.66328,0
            -120.93383,38.66329,0
            -120.93361,38.66334,0
            -120.93345,38.66337,0
            -120.9331,38.66345,0
            -120.93304,38.66347,0
            -120.93283,38.66352,0
            -120.93266,38.66355,0
            -120.93261,38.66357,0
            -120.93211,38.6637,0
            -120.93088,38.66409,0
            -120.92995,38.66443,0
            -120.92952,38.66457,0
            -120.92803,38.66513,0
            -120.92775,38.66522,0
            -120.9273,38.66539,0
            -120.92549,38.66602,0
            -120.92529,38.6661,0
            -120.92313,38.66686,0
            -120.92296,38.66693,0
            -120.92267,38.66702,0
            -120.92204,38.66718,0
            -120.92201,38.66718,0
            -120.92199,38.66719,0
            -120.92135,38.66729,0
            -120.92133,38.6673,0
            -120.92068,38.66735,0
            -120.92065,38.66736,0
            -120.91807,38.66748,0
            -120.91809,38.66787,0
            -120.9181,38.66793,0
            -120.91808,38.668,0
            -120.91803,38.66807,0
            -120.91797,38.66811,0
            -120.9179,38.66815,0
            -120.91779,38.66817,0
            -120.91766,38.6682,0
            -120.91754,38.66822,0
            -120.91753,38.66822,0
            -120.91712,38.6683,0
            -120.91709,38.66831,0
            -120.91703,38.66832,0
            -120.91638,38.66846,0
            -120.91637,38.66846,0
            -120.91616,38.66852,0
            -120.91615,38.66852,0
            -120.91582,38.66862,0
            -120.91572,38.66866,0
            -120.9148,38.66898,0
            -120.91478,38.66898,0
            -120.91448,38.66906,0
            -120.91432,38.66909,0
            -120.91416,38.66911,0
            -120.91414,38.66912,0
            -120.9139,38.66915,0
            -120.91379,38.66915,0
            -120.91366,38.66916,0
            -120.91353,38.66916,0
            -120.9131,38.66919,0
            -120.9131,38.66937,0
            -120.91311,38.66939,0
            -120.91318,38.67075,0
            -120.91318,38.67089,0
            -120.91322,38.67156,0
            -120.9133,38.67259,0
            -120.9133,38.67288,0
            -120.91329,38.67304,0
            -120.91322,38.67334,0
            -120.91321,38.67336,0
            -120.91318,38.67344,0
            -120.91316,38.67351,0
            -120.9131,38.67365,0
            -120.91306,38.67378,0
            -120.91303,38.67386,0
            -120.91296,38.67408,0
            -120.91289,38.67426,0
            -120.91285,38.67446,0
            -120.91284,38.67447,0
            -120.91283,38.67457,0
            -120.91281,38.67466,0
            -120.9128,38.67477,0
            -120.9128,38.6751,0
            -120.91282,38.67527,0
            -120.9129,38.67555,0
            -120.91301,38.67581,0
            -120.91314,38.67601,0
            -120.91318,38.67608,0
            -120.91385,38.67694,0
            -120.91423,38.67745,0
            -120.91428,38.67753,0
            -120.91431,38.67757,0
            -120.9144,38.67774,0
            -120.91444,38.67784,0
            -120.91447,38.6779,0
            -120.91453,38.67808,0
            -120.91464,38.67846,0
            -120.91464,38.67848,0
            -120.91465,38.6785,0
            -120.91467,38.67861,0
            -120.91472,38.6788,0
            -120.91475,38.67899,0
            -120.91476,38.67901,0
            -120.91486,38.67957,0
            -120.91452,38.68,0
            -120.9145,38.68003,0
            -120.91448,38.68005,0
            -120.9144,38.68015,0
            -120.91438,38.68018,0
            -120.91412,38.68052,0
            -120.91389,38.6808,0
            -120.91379,38.68095,0
            -120.91336,38.68151,0
            -120.91329,38.68159,0
            -120.91317,38.68174,0
            -120.91312,38.68179,0
            -120.91312,38.6818,0
            -120.91308,38.68184,0
            -120.91301,38.68192,0
            -120.91292,38.68201,0
            -120.91285,38.68209,0
            -120.91213,38.68283,0
            -120.91208,38.68289,0
            -120.91208,38.68301,0
            -120.91171,38.68338,0
            -120.91156,38.68352,0
            -120.91155,38.68354,0
            -120.91131,38.68378,0
            -120.91126,38.68382,0
            -120.91074,38.68435,0
            -120.9093,38.68575,0
            -120.90928,38.68578,0
            -120.90899,38.68607,0
            -120.90887,38.68618,0
            -120.90798,38.68705,0
            -120.90731,38.68773,0
            -120.90728,38.68775,0
            -120.90727,38.68776,0
            -120.90727,38.68777,0
            -120.90718,38.68785,0
            -120.90717,38.68787,0
            -120.90694,38.68809,0
            -120.90692,38.6881,0
            -120.90667,38.68835,0
            -120.90658,38.68842,0
            -120.90647,38.68853,0
            -120.90604,38.6889,0
            -120.90548,38.68936,0
            -120.9051,38.68964,0
            -120.90508,38.68965,0
            -120.905,38.68971,0
            -120.9049,38.68977,0
            -120.90446,38.69008,0
            -120.90421,38.69024,0
            -120.9037,38.69054,0
            -120.90364,38.69058,0
            -120.90345,38.69068,0
            -120.90327,38.69079,0
            -120.90286,38.69101,0
            -120.90258,38.69115,0
            -120.90232,38.69127,0
            -120.90227,38.6913,0
            -120.90129,38.6917,0
            -120.90098,38.69181,0
            -120.90042,38.69203,0
            -120.90019,38.6921,0
            -120.89941,38.69241,0
            -120.89923,38.6925,0
            -120.89668,38.6935,0
            -120.89666,38.69351,0
            -120.89576,38.69386,0
            -120.89574,38.69387,0
            -120.89559,38.69393,0
            -120.89555,38.69394,0
            -120.895,38.69416,0
            -120.8947,38.69427,0
            -120.89454,38.69434,0
            -120.89438,38.6944,0
            -120.89424,38.69446,0
            -120.8941,38.69451,0
            -120.89403,38.69453,0
            -120.89394,38.69457,0
            -120.89348,38.69473,0
            -120.89302,38.69487,0
            -120.89285,38.69493,0
            -120.89271,38.69497,0
            -120.89269,38.69497,0
            -120.89254,38.69501,0
            -120.89239,38.69506,0
            -120.89124,38.69534,0
            -120.89027,38.69552,0
            -120.88977,38.69559,0
            -120.8896,38.69562,0
            -120.88893,38.6957,0
            -120.88876,38.69571,0
            -120.8886,38.69573,0
            -120.88759,38.69579,0
            -120.88744,38.69579,0
            -120.88736,38.6958,0
            -120.88699,38.6958,0
            -120.88676,38.69581,0
            -120.88626,38.69581,0
            -120.88593,38.69582,0
            -120.88538,38.69582,0
            -120.88524,38.69583,0
            -120.88489,38.69583,0
            -120.88456,38.69585,0
            -120.88439,38.69585,0
            -120.88428,38.69586,0
            -120.88405,38.69587,0
            -120.88337,38.69593,0
            -120.88269,38.69601,0
            -120.88217,38.69609,0
            -120.88206,38.6961,0
            -120.8814,38.69622,0
            -120.88139,38.69622,0
            -120.88108,38.69628,0
            -120.88082,38.69634,0
            -120.88075,38.69635,0
            -120.8806,38.69639,0
            -120.88012,38.6965,0
            -120.8801,38.69651,0
            -120.87946,38.69668,0
            -120.87915,38.69678,0
            -120.87899,38.69682,0
            -120.87836,38.69703,0
            -120.87806,38.69714,0
            -120.8779,38.69719,0
            -120.87775,38.69725,0
            -120.87744,38.69735,0
            -120.87683,38.69757,0
            -120.8762,38.69778,0
            -120.87607,38.69783,0
            -120.87586,38.6979,0
            -120.87545,38.69805,0
            -120.87529,38.6981,0
            -120.87513,38.69816,0
            -120.8739,38.69858,0
            -120.8738,38.69862,0
            -120.87374,38.69863,0
            -120.87359,38.69869,0
            -120.87288,38.69893,0
            -120.87275,38.69898,0
            -120.87236,38.69911,0
            -120.87221,38.69917,0
            -120.87211,38.6992,0
            -120.87206,38.69922,0
            -120.8719,38.69927,0
            -120.87175,38.69933,0
            -120.87144,38.69943,0
            -120.87137,38.69946,0
            -120.86773,38.70072,0
            -120.86766,38.70075,0
            -120.86603,38.70131,0
            -120.8654,38.70154,0
            -120.8648,38.70174,0
            -120.86465,38.7018,0
            -120.86449,38.70185,0
            -120.86433,38.70191,0
            -120.86403,38.70201,0
            -120.86388,38.70207,0
            -120.8638,38.70209,0
            -120.86356,38.70218,0
            -120.86295,38.70238,0
            -120.85765,38.70422,0
            -120.85751,38.70426,0
            -120.85617,38.70473,0
            -120.85613,38.70474,0
            -120.85536,38.70501,0
            -120.85534,38.70502,0
            -120.85441,38.70534,0
            -120.85412,38.70545,0
            -120.8529,38.70586,0
            -120.85274,38.70592,0
            -120.85256,38.70598,0
            -120.85243,38.70603,0
            -120.85201,38.70617,0
            -120.85197,38.70619,0
            -120.85127,38.70643,0
            -120.8512,38.70646,0
            -120.85104,38.70651,0
            -120.85074,38.70662,0
            -120.85058,38.70667,0
            -120.85042,38.70673,0
            -120.84991,38.7069,0
            -120.84982,38.70694,0
            -120.84952,38.70704,0
            -120.84948,38.70705,0
            -120.84828,38.70747,0
            -120.84812,38.70752,0
            -120.84706,38.70789,0
            -120.84672,38.70799,0
            -120.84658,38.70804,0
            -120.84627,38.70813,0
            -120.84578,38.70825,0
            -120.84562,38.7083,0
            -120.84546,38.70833,0
            -120.84531,38.70837,0
            -120.84449,38.70856,0
            -120.84443,38.70857,0
            -120.84434,38.7086,0
            -120.84418,38.70864,0
            -120.84403,38.70867,0
            -120.84388,38.70871,0
            -120.8437,38.70875,0
            -120.84324,38.70887,0
            -120.84318,38.70888,0
            -120.84311,38.70891,0
            -120.84306,38.70892,0
            -120.84275,38.70901,0
            -120.84268,38.70904,0
            -120.8426,38.70906,0
            -120.84247,38.70911,0
            -120.84245,38.70912,0
            -120.84228,38.70918,0
            -120.84185,38.70936,0
            -120.84146,38.70954,0
            -120.84108,38.70974,0
            -120.84049,38.71011,0
            -120.84008,38.71041,0
            -120.83999,38.71049,0
            -120.83992,38.71054,0
            -120.83988,38.71058,0
            -120.83978,38.71066,0
            -120.83973,38.71071,0
            -120.83966,38.71077,0
            -120.83962,38.71081,0
            -120.83956,38.71086,0
            -120.83945,38.71098,0
            -120.83933,38.71109,0
            -120.83905,38.7114,0
            -120.83878,38.71174,0
            -120.83863,38.71196,0
            -120.83862,38.71198,0
            -120.83846,38.71222,0
            -120.83824,38.71261,0
            -120.83788,38.7133,0
            -120.83767,38.71373,0
            -120.83752,38.71401,0
            -120.8375,38.71404,0
            -120.83744,38.71416,0
            -120.83742,38.71421,0
            -120.83742,38.71422,0
            -120.83732,38.71445,0
            -120.83727,38.71455,0
            -120.83714,38.71487,0
            -120.83705,38.71507,0
            -120.83703,38.71513,0
            -120.83696,38.7153,0
            -120.8369,38.71547,0
            -120.83644,38.71662,0
            -120.83644,38.71663,0
            -120.83637,38.71679,0
            -120.83544,38.71919,0
            -120.83533,38.71944,0
            -120.83517,38.71977,0
            -120.83511,38.71987,0
            -120.83504,38.71997,0
            -120.83499,38.72005,0
            -120.83493,38.72013,0
            -120.83474,38.72035,0
            -120.83455,38.72055,0
            -120.8345,38.72061,0
            -120.83444,38.72067,0
            -120.83423,38.72084,0
            -120.8341,38.72092,0
            -120.83398,38.72101,0
            -120.83385,38.72109,0
            -120.83349,38.72127,0
            -120.83332,38.72134,0
            -120.83065,38.72225,0
            -120.8305,38.72231,0
            -120.8304,38.72234,0
            -120.83014,38.72244,0
            -120.83006,38.72248,0
            -120.82993,38.72253,0
            -120.82992,38.72254,0
            -120.8298,38.72259,0
            -120.8296,38.72269,0
            -120.82957,38.72271,0
            -120.82954,38.72272,0
            -120.82915,38.72294,0
            -120.82905,38.72301,0
            -120.82871,38.72323,0
            -120.82863,38.72329,0
            -120.82857,38.72333,0
            -120.82822,38.72361,0
            -120.8279,38.7239,0
            -120.82784,38.72396,0
            -120.8276,38.72424,0
            -120.8272,38.72467,0
            -120.8271,38.72479,0
            -120.82692,38.72499,0
            -120.82683,38.72511,0
            -120.82639,38.72561,0
            -120.82619,38.72586,0
            -120.82609,38.72597,0
            -120.82563,38.72652,0
            -120.82554,38.72661,0
            -120.82535,38.72683,0
            -120.82526,38.72692,0
            -120.82517,38.72702,0
            -120.82482,38.72734,0
            -120.82476,38.72739,0
            -120.8247,38.72745,0
            -120.82461,38.72753,0
            -120.82458,38.72755,0
            -120.82451,38.72761,0
            -120.82411,38.72792,0
            -120.82389,38.72808,0
            -120.8231,38.72858,0
            -120.823,38.72863,0
            -120.82248,38.72894,0
            -120.82243,38.72896,0
            -120.82189,38.72928,0
            -120.8217,38.72938,0
            -120.82169,38.72939,0
            -120.82161,38.72944,0
            -120.82091,38.72984,0
            -120.82063,38.72998,0
            -120.82046,38.73005,0
            -120.82036,38.73008,0
            -120.82021,38.73015,0
            -120.82012,38.73017,0
            -120.82003,38.7302,0
            -120.81987,38.73024,0
            -120.81963,38.73029,0
            -120.81953,38.73032,0
            -120.81922,38.73037,0
            -120.81913,38.73038,0
            -120.81897,38.73039,0
            -120.81888,38.7304,0
            -120.8187,38.7304,0
            -120.81857,38.73041,0
            -120.81837,38.73041,0
            -120.81825,38.7304,0
            -120.8178,38.73038,0
            -120.81737,38.73033,0
            -120.81709,38.73028,0
            -120.8167,38.73023,0
            -120.81659,38.73021,0
            -120.81602,38.73015,0
            -120.81594,38.73015,0
            -120.81569,38.73012,0
            -120.81537,38.7301,0
            -120.81516,38.73008,0
            -120.81485,38.73004,0
            -120.81432,38.72999,0
            -120.81402,38.72995,0
            -120.81319,38.72987,0
            -120.81184,38.7297,0
            -120.81182,38.7297,0
            -120.8116,38.72968,0
            -120.81156,38.72967,0
            -120.81122,38.72961,0
            -120.81091,38.72953,0
            -120.81076,38.72948,0
            -120.8105,38.72938,0
            -120.81017,38.72922,0
            -120.81004,38.72914,0
            -120.80979,38.72897,0
            -120.80967,38.72888,0
            -120.80925,38.72861,0
            -120.80913,38.72854,0
            -120.80912,38.72854,0
            -120.80897,38.72845,0
            -120.80866,38.72833,0
            -120.80853,38.72829,0
            -120.80837,38.72826,0
            -120.80825,38.72823,0
            -120.80821,38.72823,0
            -120.80819,38.72822,0
            -120.808,38.7282,0
            -120.8072,38.72808,0
            -120.80702,38.72806,0
            -120.80675,38.72805,0
            -120.80655,38.72805,0
            -120.80637,38.72804,0
            -120.80633,38.72805,0
            -120.80537,38.7281,0
            -120.80514,38.72812,0
            -120.80493,38.72813,0
            -120.80477,38.72815,0
            -120.8044,38.72823,0
            -120.80425,38.72827,0
            -120.80421,38.72829,0
            -120.80413,38.72831,0
            -120.80404,38.72834,0
            -120.80325,38.7287,0
            -120.80298,38.72884,0
            -120.80061,38.73,0
            -120.8002,38.73019,0
            -120.80003,38.73025,0
            -120.79993,38.73028,0
            -120.79992,38.73028,0
            -120.79974,38.73031,0
            -120.79951,38.73034,0
            -120.79934,38.73035,0
            -120.79912,38.73035,0
            -120.79898,38.73034,0
            -120.79891,38.73034,0
            -120.79878,38.73032,0
            -120.79863,38.73029,0
            -120.79823,38.73018,0
            -120.79818,38.73016,0
            -120.79801,38.73012,0
            -120.79782,38.73006,0
            -120.79776,38.73005,0
            -120.79721,38.7299,0
            -120.79711,38.72988,0
            -120.79699,38.72985,0
            -120.79698,38.72985,0
            -120.79662,38.7298,0
            -120.79653,38.7298,0
            -120.79644,38.72979,0
            -120.79638,38.7298,0
            -120.79624,38.7298,0
            -120.79611,38.72981,0
            -120.79604,38.72981,0
            -120.7957,38.72987,0
            -120.79538,38.72997,0
            -120.79511,38.73009,0
            -120.79496,38.73017,0
            -120.79417,38.73065,0
            -120.79382,38.73083,0
            -120.79326,38.73101,0
            -120.79277,38.73115,0
            -120.79155,38.73154,0
            -120.7913,38.7316,0
            -120.79127,38.73161,0
            -120.7911,38.73165,0
            -120.79108,38.73166,0
            -120.79096,38.73167,0
            -120.79085,38.73169,0
            -120.79078,38.73169,0
            -120.79063,38.7317,0
            -120.79042,38.7317,0
            -120.78989,38.73163,0
            -120.78942,38.73152,0
            -120.78924,38.73147,0
            -120.78912,38.73145,0
            -120.78893,38.73141,0
            -120.78862,38.73137,0
            -120.78858,38.73136,0
            -120.78841,38.73135,0
            -120.78837,38.73134,0
            -120.78824,38.73134,0
            -120.78815,38.73133,0
            -120.78757,38.73133,0
            -120.7874,38.73135,0
            -120.78731,38.73135,0
            -120.78704,38.73139,0
            -120.78694,38.7314,0
            -120.78689,38.73141,0
            -120.78686,38.73141,0
            -120.78663,38.73145,0
            -120.7862,38.73156,0
            -120.78616,38.73158,0
            -120.78592,38.73165,0
            -120.78557,38.73179,0
            -120.78535,38.73187,0
            -120.7849,38.73205,0
            -120.78467,38.73215,0
            -120.78371,38.73253,0
            -120.78322,38.7327,0
            -120.78292,38.73277,0
            -120.78275,38.73279,0
            -120.78247,38.73284,0
            -120.78214,38.73286,0
            -120.78163,38.73287,0
            -120.78144,38.73288,0
            -120.78046,38.73289,0
            -120.77978,38.73292,0
            -120.77948,38.73296,0
            -120.77899,38.73304,0
            -120.77888,38.73307,0
            -120.77881,38.73308,0
            -120.77866,38.73312,0
            -120.77865,38.73312,0
            -120.77819,38.73325,0
            -120.77635,38.7339,0
            -120.77619,38.73394,0
            -120.77604,38.73399,0
            -120.77558,38.73408,0
            -120.77551,38.73409,0
            -120.77527,38.73411,0
            -120.77523,38.73411,0
            -120.77491,38.73413,0
            -120.7747,38.73413,0
            -120.77423,38.7341,0
            -120.77372,38.73402,0
            -120.77177,38.73358,0
            -120.77146,38.7335,0
            -120.77116,38.73339,0
            -120.77103,38.73333,0
            -120.77072,38.7332,0
            -120.77031,38.73297,0
            -120.77006,38.73281,0
            -120.76993,38.7327,0
            -120.76992,38.7327,0
            -120.76983,38.73261,0
            -120.76971,38.7325,0
            -120.76869,38.73148,0
            -120.76858,38.73138,0
            -120.76834,38.73118,0
            -120.76832,38.73117,0
            -120.76821,38.73109,0
            -120.76795,38.73092,0
            -120.76784,38.73086,0
            -120.76739,38.73064,0
            -120.7671,38.73053,0
            -120.76697,38.73049,0
            -120.76693,38.73047,0
            -120.76677,38.73043,0
            -120.76675,38.73042,0
            -120.76645,38.73035,0
            -120.76632,38.73033,0
            -120.76629,38.73032,0
            -120.76613,38.7303,0
            -120.76597,38.73027,0
            -120.76579,38.73025,0
            -120.76564,38.73024,0
            -120.76511,38.73024,0
            -120.76362,38.73031,0
            -120.76344,38.73031,0
            -120.76305,38.73034,0
            -120.76238,38.73043,0
            -120.76228,38.73045,0
            -120.76216,38.73048,0
            -120.76212,38.73048,0
            -120.76194,38.73052,0
            -120.7615,38.73064,0
            -120.76105,38.73079,0
            -120.76071,38.73092,0
            -120.75926,38.73159,0
            -120.75892,38.73172,0
            -120.75865,38.73181,0
            -120.75858,38.73184,0
            -120.75831,38.73191,0
            -120.75769,38.73203,0
            -120.75749,38.73205,0
            -120.75746,38.73206,0
            -120.7572,38.73208,0
            -120.75668,38.73208,0
            -120.75619,38.73205,0
            -120.75602,38.73203,0
            -120.75588,38.732,0
            -120.75539,38.73192,0
            -120.75524,38.73189,0
            -120.75502,38.73186,0
            -120.75321,38.73154,0
            -120.75299,38.73151,0
            -120.75291,38.73149,0
            -120.75271,38.73146,0
            -120.75269,38.73145,0
            -120.75224,38.73138,0
            -120.7521,38.73135,0
            -120.75209,38.73135,0
            -120.75144,38.73124,0
            -120.75142,38.73123,0
            -120.75091,38.73115,0
            -120.75077,38.73112,0
            -120.75069,38.73111,0
            -120.75042,38.73106,0
            -120.74996,38.731,0
            -120.74945,38.73097,0
            -120.74906,38.73097,0
            -120.7484,38.73102,0
            -120.74812,38.73106,0
            -120.7478,38.73113,0
            -120.74733,38.73129,0
            -120.7469,38.7315,0
            -120.74664,38.73167,0
            -120.74641,38.73184,0
            -120.7464,38.73185,0
            -120.74628,38.73194,0
            -120.74625,38.73197,0
            -120.74617,38.73204,0
            -120.74597,38.73226,0
            -120.74579,38.7325,0
            -120.74572,38.73261,0
            -120.74564,38.73271,0
            -120.74543,38.73303,0
            -120.74542,38.73305,0
            -120.74521,38.73335,0
            -120.7451,38.73352,0
            -120.74502,38.73366,0
            -120.74408,38.73517,0
            -120.74382,38.73552,0
            -120.74371,38.73565,0
            -120.74356,38.7358,0
            -120.74352,38.73585,0
            -120.74336,38.73599,0
            -120.74331,38.73604,0
            -120.74319,38.73614,0
            -120.74285,38.73638,0
            -120.74272,38.73646,0
            -120.74256,38.73655,0
            -120.74255,38.73655,0
            -120.7423,38.73667,0
            -120.74197,38.7368,0
            -120.74066,38.73735,0
            -120.74054,38.73741,0
            -120.74033,38.73749,0
            -120.74012,38.73759,0
            -120.73978,38.73772,0
            -120.73964,38.73778,0
            -120.7395,38.73783,0
            -120.73944,38.73786,0
            -120.73916,38.73798,0
            -120.7387,38.73816,0
            -120.73862,38.7382,0
            -120.73828,38.73832,0
            -120.73801,38.73839,0
            -120.73782,38.73843,0
            -120.73752,38.73847,0
            -120.73718,38.73849,0
            -120.73703,38.73849,0
            -120.73682,38.73848,0
            -120.7367,38.73848,0
            -120.73655,38.73846,0
            -120.73651,38.73846,0
            -120.73647,38.73845,0
            -120.73636,38.73844,0
            -120.73607,38.73839,0
            -120.73587,38.73834,0
            -120.7357,38.73829,0
            -120.73558,38.73826,0
            -120.73465,38.73795,0
            -120.73429,38.73785,0
            -120.73382,38.73774,0
            -120.73366,38.73772,0
            -120.73349,38.73769,0
            -120.73334,38.73767,0
            -120.73323,38.73767,0
            -120.73317,38.73766,0
            -120.73299,38.73765,0
            -120.73265,38.73765,0
            -120.73228,38.73767,0
            -120.73204,38.73773,0
            -120.73196,38.73774,0
            -120.73148,38.73784,0
            -120.73121,38.73792,0
            -120.72993,38.73836,0
            -120.72922,38.73857,0
            -120.729,38.73862,0
            -120.72854,38.73871,0
            -120.72837,38.73872,0
            -120.72819,38.73874,0
            -120.72816,38.73875,0
            -120.72814,38.73875,0
            -120.72805,38.73876,0
            -120.72774,38.73878,0
            -120.72757,38.73878,0
            -120.72691,38.7388,0
            -120.72457,38.7388,0
            -120.72435,38.73881,0
            -120.72421,38.7388,0
            -120.724,38.7388,0
            -120.72353,38.73877,0
            -120.72319,38.73873,0
            -120.72288,38.73868,0
            -120.72255,38.73861,0
            -120.72254,38.7386,0
            -120.72223,38.73852,0
            -120.72069,38.73803,0
            -120.72022,38.73789,0
            -120.72003,38.73784,0
            -120.71975,38.73775,0
            -120.71962,38.73772,0
            -120.71817,38.73729,0
            -120.71811,38.73728,0
            -120.71767,38.73715,0
            -120.71719,38.73704,0
            -120.71703,38.73701,0
            -120.717,38.73701,0
            -120.71697,38.737,0
            -120.71696,38.737,0
            -120.71688,38.73699,0
            -120.71678,38.73697,0
            -120.71673,38.73697,0
            -120.7167,38.73696,0
            -120.71637,38.73692,0
            -120.71632,38.73692,0
            -120.71588,38.73689,0
            -120.71581,38.73688,0
            -120.71543,38.73687,0
            -120.71352,38.73687,0
            -120.70763,38.73693,0
            -120.70736,38.73694,0
            -120.70715,38.73694,0
            -120.70637,38.737,0
            -120.70564,38.7371,0
            -120.70477,38.73724,0
            -120.70425,38.73734,0
            -120.70356,38.73751,0
            -120.70303,38.73766,0
            -120.70262,38.73779,0
            -120.70201,38.738,0
            -120.70164,38.73814,0
            -120.70158,38.73817,0
            -120.70157,38.73817,0
            -120.70127,38.73829,0
            -120.70076,38.73851,0
            -120.70067,38.73856,0
            -120.70063,38.73857,0
            -120.70057,38.7386,0
            -120.70056,38.73861,0
            -120.70017,38.7388,0
            -120.69967,38.73906,0
            -120.69947,38.73915,0
            -120.69902,38.73938,0
            -120.69899,38.73939,0
            -120.6987,38.73953,0
            -120.69843,38.73967,0
            -120.69828,38.73974,0
            -120.69815,38.73978,0
            -120.6981,38.73979,0
            -120.69799,38.73983,0
            -120.69784,38.73987,0
            -120.69759,38.73992,0
            -120.69733,38.73996,0
            -120.69703,38.73999,0
            -120.69673,38.73999,0
            -120.69647,38.74,0
            -120.69604,38.73997,0
            -120.69577,38.73994,0
            -120.69559,38.7399,0
            -120.69545,38.73988,0
            -120.69532,38.73984,0
            -120.69515,38.7398,0
            -120.695,38.73975,0
            -120.69392,38.73935,0
            -120.69026,38.73805,0
            -120.69025,38.73804,0
            -120.68954,38.73777,0
            -120.68452,38.73598,0
            -120.68452,38.73597,0
            -120.6837,38.73568,0
            -120.68302,38.73546,0
            -120.6822,38.73525,0
            -120.68159,38.73512,0
            -120.68097,38.73501,0
            -120.68096,38.73501,0
            -120.68074,38.73498,0
            -120.68073,38.73498,0
            -120.68054,38.73495,0
            -120.68051,38.73495,0
            -120.67711,38.73466,0
            -120.67708,38.73466,0
            -120.67616,38.73458,0
            -120.67602,38.73456,0
            -120.67337,38.73434,0
            -120.67335,38.73433,0
            -120.67199,38.73423,0
            -120.67197,38.73422,0
            -120.67148,38.73418,0
            -120.67127,38.73418,0
            -120.67107,38.73417,0
            -120.67093,38.73417,0
            -120.67067,38.73418,0
            -120.67012,38.73424,0
            -120.66994,38.73427,0
            -120.66978,38.73429,0
            -120.66915,38.73445,0
            -120.66898,38.73451,0
            -120.66883,38.73455,0
            -120.66853,38.73467,0
            -120.66797,38.73494,0
            -120.6677,38.7351,0
            -120.66754,38.73521,0
            -120.66708,38.73556,0
            -120.66687,38.73575,0
            -120.66674,38.73589,0
            -120.66553,38.73733,0
            -120.66547,38.73739,0
            -120.66162,38.74201,0
            -120.66134,38.74233,0
            -120.66101,38.74264,0
            -120.66078,38.74283,0
            -120.66052,38.74302,0
            -120.66028,38.74317,0
            -120.65998,38.74333,0
            -120.65969,38.74347,0
            -120.65925,38.74364,0
            -120.65881,38.74377,0
            -120.65849,38.74385,0
            -120.65814,38.74391,0
            -120.65782,38.74395,0
            -120.65766,38.74396,0
            -120.65746,38.74398,0
            -120.65699,38.74398,0
            -120.65279,38.74376,0
            -120.65256,38.74374,0
            -120.65247,38.74374,0
            -120.6521,38.74372,0
            -120.65187,38.7437,0
            -120.64933,38.74357,0
            -120.64889,38.74357,0
            -120.64847,38.7436,0
            -120.6483,38.74362,0
            -120.64799,38.74367,0
            -120.64796,38.74367,0
            -120.64779,38.74371,0
            -120.64751,38.74376,0
            -120.64751,38.74377,0
            -120.64729,38.74382,0
            -120.64577,38.7443,0
            -120.64544,38.74439,0
            -120.64498,38.74449,0
            -120.64492,38.7445,0
            -120.64491,38.7445,0
            -120.64463,38.74454,0
            -120.64452,38.74455,0
            -120.64446,38.74455,0
            -120.64428,38.74457,0
            -120.64377,38.74458,0
            -120.64347,38.74457,0
            -120.64298,38.74452,0
            -120.64281,38.74449,0
            -120.64266,38.74447,0
            -120.63849,38.74378,0
            -120.63807,38.74372,0
            -120.6371,38.74356,0
            -120.6366,38.7435,0
            -120.63641,38.74349,0
            -120.6361,38.74346,0
            -120.6358,38.74345,0
            -120.63493,38.74345,0
            -120.63441,38.74348,0
            -120.63418,38.7435,0
            -120.63395,38.74353,0
            -120.63373,38.74355,0
            -120.63314,38.74365,0
            -120.63305,38.74366,0
            -120.63232,38.74382,0
            -120.63227,38.74384,0
            -120.63217,38.74386,0
            -120.63195,38.74393,0
            -120.63173,38.74399,0
            -120.62997,38.74452,0
            -120.62994,38.74452,0
            -120.62952,38.74464,0
            -120.62928,38.74467,0
            -120.62903,38.74469,0
            -120.62891,38.74471,0
            -120.62715,38.74484,0
            -120.62711,38.74485,0
            -120.62679,38.74487,0
            -120.62665,38.74489,0
            -120.62647,38.7449,0
            -120.62614,38.74496,0
            -120.62565,38.74509,0
            -120.6253,38.74521,0
            -120.62489,38.7454,0
            -120.62449,38.74561,0
            -120.62418,38.74581,0
            -120.62252,38.74704,0
            -120.62213,38.74728,0
            -120.6217,38.7475,0
            -120.62155,38.74757,0
            -120.62115,38.74774,0
            -120.6207,38.7479,0
            -120.62052,38.74795,0
            -120.62051,38.74795,0
            -120.62035,38.748,0
            -120.62018,38.74804,0
            -120.62016,38.74805,0
            -120.61959,38.74817,0
            -120.61896,38.74825,0
            -120.61182,38.74892,0
            -120.61153,38.74897,0
            -120.61138,38.74899,0
            -120.6108,38.74911,0
            -120.61058,38.74917,0
            -120.60952,38.74951,0
            -120.60951,38.74952,0
            -120.60931,38.74958,0
            -120.60767,38.75013,0
            -120.60739,38.75021,0
            -120.60526,38.75091,0
            -120.60465,38.75113,0
            -120.60419,38.75133,0
            -120.60413,38.75135,0
            -120.60386,38.75148,0
            -120.6025,38.75223,0
            -120.60229,38.75233,0
            -120.60192,38.75254,0
            -120.60101,38.75303,0
            -120.60069,38.75318,0
            -120.60018,38.75338,0
            -120.59991,38.75347,0
            -120.59936,38.75362,0
            -120.59905,38.75369,0
            -120.59662,38.7541,0
            -120.59615,38.75421,0
            -120.59563,38.75435,0
            -120.59531,38.75447,0
            -120.59488,38.75465,0
            -120.59342,38.75537,0
            -120.5933,38.75542,0
            -120.59324,38.75546,0
            -120.58875,38.75769,0
            -120.58872,38.7577,0
            -120.58833,38.75787,0
            -120.58766,38.75814,0
            -120.58696,38.75838,0
            -120.58561,38.75878,0
            -120.5837,38.75938,0
            -120.58351,38.75943,0
            -120.58347,38.75945,0
            -120.58326,38.75951,0
            -120.58324,38.75952,0
            -120.58309,38.75957,0
            -120.58294,38.75964,0
            -120.58265,38.75976,0
            -120.58149,38.76033,0
            -120.58058,38.76075,0
            -120.5802,38.76091,0
            -120.58008,38.76095,0
            -120.57936,38.76113,0
            -120.57857,38.76127,0
            -120.57815,38.76132,0
            -120.57773,38.76134,0
            -120.57732,38.76134,0
            -120.57306,38.76119,0
            -120.57283,38.76119,0
            -120.57141,38.76113,0
            -120.57109,38.76113,0
            -120.57035,38.76109,0
            -120.56797,38.76101,0
            -120.56781,38.761,0
            -120.5665,38.76102,0
            -120.56643,38.76103,0
            -120.56621,38.76103,0
            -120.56505,38.76111,0
            -120.56227,38.76144,0
            -120.56225,38.76144,0
            -120.56123,38.76157,0
            -120.56055,38.76167,0
            -120.55982,38.76182,0
            -120.55977,38.76184,0
            -120.5597,38.76192,0
            -120.55926,38.76211,0
            -120.55925,38.76211,0
            -120.55886,38.76231,0
            -120.55868,38.76243,0
            -120.55863,38.76247,0
            -120.55848,38.76256,0
            -120.55833,38.7626,0
            -120.55806,38.76283,0
            -120.55786,38.76303,0
            -120.55745,38.76348,0
            -120.557,38.76403,0
            -120.55691,38.76413,0
            -120.55685,38.76422,0
            -120.55673,38.76437,0
            -120.5566,38.76463,0
            -120.5565,38.7649,0
            -120.55648,38.76497,0
            -120.55645,38.76511,0
            -120.55644,38.76522,0
            -120.55636,38.76566,0
            -120.55633,38.76578,0
            -120.55631,38.76589,0
            -120.55628,38.76599,0
            -120.55619,38.76619,0
            -120.55614,38.76629,0
            -120.55601,38.76649,0
            -120.5559,38.76662,0
            -120.55578,38.76675,0
            -120.55568,38.76685,0
            -120.55561,38.7669,0
            -120.55555,38.76695,0
            -120.5555,38.76698,0
            -120.55546,38.76701,0
            -120.55542,38.76705,0
            -120.55533,38.7671,0
            -120.55506,38.76723,0
            -120.55498,38.76726,0
            -120.55474,38.76733,0
            -120.55466,38.76736,0
            -120.55457,38.76738,0
            -120.55449,38.76739,0
            -120.55429,38.76743,0
            -120.55421,38.76743,0
            -120.55411,38.76744,0
            -120.55401,38.76744,0
            -120.55391,38.76745,0
            -120.5538,38.76744,0
            -120.55368,38.76744,0
            -120.55357,38.76743,0
            -120.55356,38.76742,0
            -120.55338,38.7674,0
            -120.55335,38.76739,0
            -120.5531,38.76733,0
            -120.55291,38.76727,0
            -120.5529,38.76726,0
            -120.55265,38.76716,0
            -120.55248,38.76708,0
            -120.55241,38.76703,0
            -120.55233,38.76698,0
            -120.55223,38.76691,0
            -120.5521,38.7668,0
            -120.55206,38.76676,0
            -120.55201,38.76672,0
            -120.55178,38.76643,0
            -120.55161,38.76616,0
            -120.55135,38.76569,0
            -120.5512,38.76545,0
            -120.55115,38.76536,0
            -120.55109,38.76529,0
            -120.55094,38.76508,0
            -120.55079,38.7649,0
            -120.55072,38.76484,0
            -120.55072,38.76483,0
            -120.55052,38.76463,0
            -120.55043,38.76456,0
            -120.5504,38.76453,0
            -120.55018,38.76435,0
            -120.55009,38.76429,0
            -120.54996,38.76419,0
            -120.54985,38.76413,0
            -120.54984,38.76412,0
            -120.54961,38.76399,0
            -120.5493,38.76383,0
            -120.54903,38.76372,0
            -120.54898,38.76369,0
            -120.54894,38.76368,0
            -120.54806,38.76332,0
            -120.54795,38.76327,0
            -120.5476,38.76313,0
            -120.54756,38.76311,0
            -120.54745,38.76307,0
            -120.54704,38.76289,0
            -120.54683,38.76282,0
            -120.54654,38.76274,0
            -120.54631,38.76269,0
            -120.54601,38.76265,0
            -120.54589,38.76265,0
            -120.54582,38.76264,0
            -120.54571,38.76265,0
            -120.54556,38.76265,0
            -120.54544,38.76266,0
            -120.54535,38.76266,0
            -120.54524,38.76268,0
            -120.54516,38.76269,0
            -120.54485,38.76277,0
            -120.5448,38.76278,0
            -120.54465,38.76283,0
            -120.54464,38.76283,0
            -120.54421,38.76299,0
            -120.54401,38.76305,0
            -120.54388,38.76308,0
            -120.54376,38.76312,0
            -120.54356,38.76315,0
            -120.54352,38.76316,0
            -120.5434,38.76317,0
            -120.54333,38.76318,0
            -120.54328,38.76318,0
            -120.54317,38.76319,0
            -120.543,38.76319,0
            -120.54264,38.76317,0
            -120.54256,38.76317,0
            -120.54218,38.76314,0
            -120.54195,38.76313,0
            -120.54172,38.76311,0
            -120.54149,38.7631,0
            -120.54102,38.76305,0
            -120.54099,38.76305,0
            -120.54085,38.76304,0
            -120.54079,38.76304,0
            -120.54074,38.76303,0
            -120.5405,38.76301,0
            -120.54038,38.76299,0
            -120.54034,38.76298,0
            -120.5401,38.76294,0
            -120.53967,38.76285,0
            -120.53924,38.76278,0
            -120.53922,38.76277,0
            -120.53834,38.7626,0
            -120.53702,38.76232,0
            -120.53699,38.76232,0
            -120.53697,38.76231,0
            -120.53694,38.76231,0
            -120.53676,38.76227,0
            -120.53675,38.76227,0
            -120.53601,38.76211,0
            -120.53539,38.76199,0
            -120.53476,38.76185,0
            -120.53473,38.76185,0
            -120.53471,38.76184,0
            -120.53454,38.7618,0
            -120.53452,38.76179,0
            -120.53442,38.76177,0
            -120.5343,38.76173,0
            -120.53412,38.76168,0
            -120.53377,38.76156,0
            -120.53318,38.76133,0
            -120.53236,38.76104,0
            -120.53175,38.76084,0
            -120.53166,38.76082,0
            -120.5316,38.7608,0
            -120.53111,38.76068,0
            -120.52994,38.76045,0
            -120.52769,38.76007,0
            -120.52741,38.76005,0
            -120.52715,38.76005,0
            -120.52683,38.76007,0
            -120.52664,38.76009,0
            -120.52639,38.76014,0
            -120.52627,38.76017,0
            -120.52617,38.76019,0
            -120.52598,38.76024,0
            -120.52568,38.76034,0
            -120.5248,38.76059,0
            -120.52454,38.76065,0
            -120.52453,38.76065,0
            -120.5245,38.76066,0
            -120.52433,38.7607,0
            -120.52431,38.7607,0
            -120.52419,38.76072,0
            -120.52369,38.76076,0
            -120.52359,38.76076,0
            -120.52343,38.76075,0
            -120.52331,38.76075,0
            -120.52316,38.76073,0
            -120.52272,38.76065,0
            -120.52255,38.7606,0
            -120.52239,38.76056,0
            -120.52194,38.76039,0
            -120.52004,38.75962,0
            -120.5193,38.75938,0
            -120.51911,38.75934,0
            -120.51897,38.75932,0
            -120.51877,38.7593,0
            -120.51863,38.75928,0
            -120.51845,38.75927,0
            -120.51834,38.75927,0
            -120.51827,38.75926,0
            -120.51793,38.75927,0
            -120.51744,38.75933,0
            -120.51726,38.75937,0
            -120.51708,38.75942,0
            -120.51699,38.75944,0
            -120.51678,38.7595,0
            -120.51636,38.75967,0
            -120.51605,38.75982,0
            -120.5155,38.76011,0
            -120.51541,38.76015,0
            -120.51502,38.76035,0
            -120.51491,38.7604,0
            -120.51473,38.76047,0
            -120.51406,38.76064,0
            -120.51396,38.76065,0
            -120.51347,38.76068,0
            -120.5131,38.76066,0
            -120.51296,38.76064,0
            -120.51264,38.76058,0
            -120.51216,38.76043,0
            -120.51216,38.76042,0
            -120.51202,38.76037,0
            -120.51128,38.76003,0
            -120.51087,38.75988,0
            -120.51048,38.75978,0
            -120.5103,38.75974,0
            -120.51001,38.7597,0
            -120.50984,38.75969,0
            -120.50966,38.75969,0
            -120.50916,38.75971,0
            -120.50889,38.75975,0
            -120.50717,38.76007,0
            -120.50694,38.76012,0
            -120.50666,38.76017,0
            -120.50633,38.76024,0
            -120.50601,38.76032,0
            -120.5057,38.76042,0
            -120.50555,38.76048,0
            -120.50551,38.76049,0
            -120.50546,38.76052,0
            -120.5053,38.76059,0
            -120.5051,38.76069,0
            -120.50484,38.76087,0
            -120.50474,38.76095,0
            -120.50435,38.76121,0
            -120.50409,38.76137,0
            -120.50386,38.76149,0
            -120.50383,38.76151,0
            -120.50369,38.76158,0
            -120.50368,38.76158,0
            -120.50367,38.76159,0
            -120.50344,38.76168,0
            -120.50326,38.76174,0
            -120.50288,38.76184,0
            -120.50255,38.7619,0
            -120.50222,38.76198,0
            -120.50193,38.76206,0
            -120.50178,38.76211,0
            -120.50173,38.76212,0
            -120.50146,38.76221,0
            -120.50114,38.76233,0
            -120.5011,38.76235,0
            -120.50109,38.76236,0
            -120.50091,38.76245,0
            -120.5009,38.76246,0
            -120.50075,38.76253,0
            -120.50041,38.76275,0
            -120.50037,38.76279,0
            -120.5002,38.76292,0
            -120.49999,38.76311,0
            -120.49977,38.76334,0
            -120.49943,38.76376,0
            -120.49893,38.76441,0
            -120.49892,38.76442,0
            -120.49857,38.76487,0
            -120.49856,38.76488,0
            -120.49786,38.76577,0
            -120.49763,38.76602,0
            -120.49756,38.76608,0
            -120.49743,38.76618,0
            -120.4974,38.7662,0
            -120.49739,38.76621,0
            -120.4973,38.76628,0
            -120.49717,38.76636,0
            -120.49678,38.76655,0
            -120.49663,38.7666,0
            -120.49661,38.76661,0
            -120.49644,38.76666,0
            -120.49627,38.7667,0
            -120.49594,38.76675,0
            -120.49576,38.76677,0
            -120.49543,38.76677,0
            -120.4941,38.76665,0
            -120.49329,38.76661,0
            -120.49321,38.7666,0
            -120.49309,38.7666,0
            -120.4926,38.76654,0
            -120.49243,38.76651,0
            -120.49218,38.76645,0
            -120.49187,38.76635,0
            -120.49183,38.76634,0
            -120.49166,38.76628,0
            -120.49159,38.76626,0
            -120.49133,38.76617,0
            -120.49102,38.76608,0
            -120.4906,38.76598,0
            -120.49035,38.76594,0
            -120.49018,38.76592,0
            -120.48986,38.7659,0
            -120.4895,38.7659,0
            -120.48928,38.76591,0
            -120.48927,38.76592,0
            -120.48845,38.766,0
            -120.48812,38.76601,0
            -120.48801,38.76602,0
            -120.48772,38.76602,0
            -120.48732,38.76599,0
            -120.48716,38.76597,0
            -120.48701,38.76594,0
            -120.48657,38.76583,0
            -120.4864,38.76576,0
            -120.48626,38.76571,0
            -120.48613,38.76565,0
            -120.48593,38.76558,0
            -120.48592,38.76557,0
            -120.48572,38.76549,0
            -120.48526,38.76529,0
            -120.48504,38.76521,0
            -120.48453,38.76508,0
            -120.484,38.765,0
            -120.48389,38.76499,0
            -120.48377,38.76499,0
            -120.48369,38.76498,0
            -120.48353,38.76498,0
            -120.48311,38.765,0
            -120.48108,38.76524,0
            -120.48069,38.76534,0
            -120.48059,38.76536,0
            -120.48038,38.76544,0
            -120.48037,38.76544,0
            -120.48028,38.76548,0
            -120.47998,38.76563,0
            -120.47993,38.76566,0
            -120.47988,38.76568,0
            -120.47967,38.76581,0
            -120.47915,38.76621,0
            -120.47913,38.76623,0
            -120.47897,38.76636,0
            -120.4788,38.76648,0
            -120.47848,38.76674,0
            -120.47831,38.76686,0
            -120.47805,38.76707,0
            -120.47784,38.76725,0
            -120.47772,38.76734,0
            -120.47741,38.76764,0
            -120.47726,38.76782,0
            -120.47715,38.76798,0
            -120.47701,38.76822,0
            -120.47698,38.76831,0
            -120.47696,38.76834,0
            -120.47691,38.76848,0
            -120.47685,38.76875,0
            -120.47684,38.76883,0
            -120.47683,38.76888,0
            -120.47681,38.76915,0
            -120.47681,38.76929,0
            -120.47688,38.7702,0
            -120.47688,38.77033,0
            -120.47687,38.77046,0
            -120.47685,38.77059,0
            -120.47677,38.77085,0
            -120.47672,38.77096,0
            -120.4767,38.77099,0
            -120.47665,38.77108,0
            -120.47649,38.77132,0
            -120.4764,38.77143,0
            -120.47636,38.77147,0
            -120.47631,38.77153,0
            -120.47609,38.77173,0
            -120.47584,38.77191,0
            -120.47556,38.77207,0
            -120.47554,38.77209,0
            -120.47544,38.77214,0
            -120.47527,38.77221,0
            -120.47514,38.77227,0
            -120.47438,38.77256,0
            -120.47392,38.77275,0
            -120.47226,38.7734,0
            -120.47224,38.77341,0
            -120.4709,38.77393,0
            -120.47081,38.77396,0
            -120.4706,38.77406,0
            -120.4704,38.77413,0
            -120.4702,38.77422,0
            -120.46985,38.77436,0
            -120.46979,38.77439,0
            -120.46955,38.77448,0
            -120.4691,38.77467,0
            -120.46792,38.77513,0
            -120.4669,38.7755,0
            -120.46688,38.77551,0
            -120.46526,38.77613,0
            -120.46525,38.77613,0
            -120.46509,38.77619,0
            -120.46504,38.7762,0
            -120.46477,38.77629,0
            -120.46462,38.77633,0
            -120.46439,38.77638,0
            -120.46411,38.77643,0
            -120.46394,38.77645,0
            -120.46379,38.77646,0
            -120.46362,38.77648,0
            -120.46345,38.77648,0
            -120.46329,38.77649,0
            -120.46306,38.77649,0
            -120.46281,38.77647,0
            -120.4625,38.77643,0
            -120.46233,38.7764,0
            -120.46231,38.7764,0
            -120.46211,38.77635,0
            -120.46209,38.77634,0
            -120.46191,38.77628,0
            -120.4619,38.77627,0
            -120.46176,38.7762,0
            -120.46171,38.77618,0
            -120.46166,38.77615,0
            -120.46155,38.7761,0
            -120.46141,38.77601,0
            -120.46134,38.77596,0
            -120.46129,38.77593,0
            -120.46118,38.77583,0
            -120.46108,38.77575,0
            -120.46101,38.77571,0
            -120.4608,38.77554,0
            -120.46061,38.77532,0
            -120.46058,38.77529,0
            -120.46046,38.7751,0
            -120.46039,38.77496,0
            -120.46037,38.77493,0
            -120.46032,38.77473,0
            -120.46029,38.77458,0
            -120.46025,38.77446,0
            -120.46022,38.77432,0
            -120.46001,38.77368,0
            -120.45995,38.77355,0
            -120.45974,38.77318,0
            -120.45966,38.77307,0
            -120.45965,38.77306,0
            -120.45956,38.77294,0
            -120.45946,38.77283,0
            -120.45936,38.77273,0
            -120.45925,38.77264,0
            -120.459,38.77245,0
            -120.45873,38.77229,0
            -120.45872,38.77229,0
            -120.45845,38.77214,0
            -120.45774,38.77179,0
            -120.45759,38.77173,0
            -120.45755,38.77172,0
            -120.45722,38.77158,0
            -120.45711,38.77154,0
            -120.45698,38.7715,0
            -120.45673,38.77144,0
            -120.45661,38.7714,0
            -120.45617,38.77132,0
            -120.45557,38.77125,0
            -120.45534,38.77124,0
            -120.45481,38.77124,0
            -120.4546,38.77126,0
            -120.4544,38.77127,0
            -120.45424,38.77129,0
            -120.45419,38.77129,0
            -120.45271,38.77149,0
            -120.45256,38.77152,0
            -120.45204,38.77159,0
            -120.45165,38.77163,0
            -120.45122,38.77163,0
            -120.45107,38.77161,0
            -120.45092,38.7716,0
            -120.45062,38.77155,0
            -120.45044,38.7715,0
            -120.4501,38.77139,0
            -120.44987,38.77129,0
            -120.44968,38.77119,0
            -120.44946,38.77105,0
            -120.44935,38.77097,0
            -120.4492,38.77084,0
            -120.44755,38.76929,0
            -120.44747,38.76923,0
            -120.44726,38.76909,0
            -120.44717,38.76904,0
            -120.44692,38.76892,0
            -120.4465,38.76877,0
            -120.44638,38.76874,0
            -120.44629,38.76873,0
            -120.44614,38.7687,0
            -120.44613,38.7687,0
            -120.446,38.76868,0
            -120.44589,38.76867,0
            -120.4458,38.76867,0
            -120.44561,38.76866,0
            -120.44539,38.76868,0
            -120.44531,38.76868,0
            -120.44508,38.76873,0
            -120.44452,38.76887,0
            -120.44423,38.76893,0
            -120.4439,38.76896,0
            -120.44353,38.76898,0
            -120.44336,38.76898,0
            -120.44328,38.76897,0
            -120.44144,38.76886,0
            -120.44121,38.76884,0
            -120.44108,38.76882,0
            -120.44099,38.7688,0
            -120.44089,38.76879,0
            -120.44075,38.76875,0
            -120.44048,38.76869,0
            -120.44041,38.76869,0
            -120.44034,38.76868,0
            -120.44024,38.76868,0
            -120.44013,38.76869,0
            -120.44009,38.7687,0
            -120.44006,38.7687,0
            -120.43982,38.76877,0
            -120.43946,38.76892,0
            -120.43931,38.76899,0
            -120.43889,38.7691,0
            -120.43844,38.7692,0
            -120.43812,38.76926,0
            -120.43799,38.76929,0
            -120.43793,38.76931,0
            -120.43791,38.76931,0
            -120.43781,38.76935,0
            -120.43774,38.76937,0
            -120.43772,38.76938,0
            -120.43769,38.7694,0
            -120.43763,38.76942,0
            -120.43698,38.7697,0
            -120.43674,38.76982,0
            -120.43671,38.76983,0
            -120.43662,38.76987,0
            -120.43645,38.76993,0
            -120.43622,38.76998,0
            -120.43597,38.77002,0
            -120.43549,38.77008,0
            -120.43538,38.77011,0
            -120.4351,38.7702,0
            -120.4349,38.77028,0
            -120.43463,38.77043,0
            -120.43459,38.77044,0
            -120.43447,38.7705,0
            -120.43443,38.77051,0
            -120.43424,38.77057,0
            -120.43388,38.77064,0
            -120.43364,38.77067,0
            -120.43349,38.7707,0
            -120.43342,38.77071,0
            -120.43317,38.77077,0
            -120.4331,38.7708,0
            -120.43291,38.77087,0
            -120.43283,38.77091,0
            -120.43256,38.77106,0
            -120.43212,38.77134,0
            -120.43193,38.77144,0
            -120.43178,38.77151,0
            -120.43157,38.77159,0
            -120.43148,38.77163,0
            -120.43136,38.77167,0
            -120.43131,38.77168,0
            -120.43102,38.77179,0
            -120.43086,38.77186,0
            -120.43054,38.77206,0
            -120.43042,38.77215,0
            -120.43009,38.77242,0
            -120.42975,38.77267,0
            -120.42939,38.7729,0
            -120.42883,38.77322,0
            -120.42852,38.77337,0
            -120.42844,38.7734,0
            -120.4284,38.77342,0
            -120.42785,38.77365,0
            -120.42769,38.77371,0
            -120.42741,38.7738,0
            -120.42735,38.77381,0
            -120.42726,38.77384,0
            -120.42719,38.77385,0
            -120.42717,38.77385,0
            -120.42708,38.77387,0
            -120.42681,38.7739,0
            -120.42535,38.774,0
            -120.42491,38.77404,0
            -120.42475,38.77407,0
            -120.42469,38.77409,0
            -120.42458,38.77411,0
            -120.42447,38.77415,0
            -120.42435,38.77418,0
            -120.4239,38.77436,0
            -120.4237,38.77446,0
            -120.42366,38.77449,0
            -120.42355,38.77455,0
            -120.42313,38.77484,0
            -120.42278,38.77505,0
            -120.42277,38.77506,0
            -120.4225,38.77518,0
            -120.42236,38.77523,0
            -120.42235,38.77524,0
            -120.42222,38.77527,0
            -120.42182,38.77538,0
            -120.42171,38.7754,0
            -120.42155,38.77544,0
            -120.42109,38.77551,0
            -120.42103,38.77551,0
            -120.42091,38.77553,0
            -120.42071,38.77554,0
            -120.42055,38.77554,0
            -120.42035,38.77553,0
            -120.42002,38.77549,0
            -120.41985,38.77545,0
            -120.41956,38.77536,0
            -120.41939,38.7753,0
            -120.41912,38.77518,0
            -120.41856,38.77491,0
            -120.41833,38.77482,0
            -120.41823,38.77479,0
            -120.41814,38.77477,0
            -120.41795,38.77475,0
            -120.41777,38.77475,0
            -120.41755,38.77477,0
            -120.4153,38.7751,0
            -120.41516,38.77513,0
            -120.41489,38.77521,0
            -120.4147,38.77528,0
            -120.41435,38.77539,0
            -120.41394,38.77549,0
            -120.41363,38.77552,0
            -120.41362,38.77553,0
            -120.41347,38.77554,0
            -120.41339,38.77554,0
            -120.41252,38.77559,0
            -120.41221,38.7756,0
            -120.41194,38.77559,0
            -120.41171,38.77559,0
            -120.41146,38.77557,0
            -120.41132,38.77555,0
            -120.41109,38.77553,0
            -120.41105,38.77553,0
            -120.41087,38.77551,0
            -120.41055,38.77549,0
            -120.41032,38.77549,0
            -120.40993,38.77551,0
            -120.40985,38.77551,0
            -120.40975,38.77552,0
            -120.40867,38.7757,0
            -120.40837,38.77572,0
            -120.40824,38.77572,0
            -120.40777,38.77576,0
            -120.40751,38.77581,0
            -120.40728,38.77588,0
            -120.4071,38.77595,0
            -120.40694,38.77602,0
            -120.40679,38.7761,0
            -120.40644,38.77621,0
            -120.40621,38.77625,0
            -120.40599,38.77627,0
            -120.4058,38.77627,0
            -120.40572,38.77626,0
            -120.40567,38.77625,0
            -120.40556,38.77624,0
            -120.40525,38.77617,0
            -120.40447,38.77594,0
            -120.4041,38.77582,0
            -120.40376,38.77567,0
            -120.40342,38.77548,0
            -120.40323,38.77535,0
            -120.40316,38.77531,0
            -120.40315,38.7753,0
            -120.40305,38.77524,0
            -120.40271,38.77501,0
            -120.40236,38.7748,0
            -120.40229,38.77477,0
            -120.40217,38.77471,0
            -120.40213,38.7747,0
            -120.40203,38.77465,0
            -120.40185,38.77459,0
            -120.40184,38.77459,0
            -120.40023,38.77412,0
            -120.39993,38.77404,0
            -120.39905,38.77378,0
            -120.39872,38.7737,0
            -120.39869,38.7737,0
            -120.39854,38.77367,0
            -120.39838,38.77366,0
            -120.39813,38.77366,0
            -120.39776,38.7737,0
            -120.39747,38.77376,0
            -120.39746,38.77377,0
            -120.39738,38.77378,0
            -120.39725,38.77382,0
            -120.39724,38.77382,0
            -120.39723,38.77383,0
            -120.39659,38.77399,0
            -120.39624,38.77405,0
            -120.39579,38.7741,0
            -120.39559,38.77411,0
            -120.39515,38.77411,0
            -120.39483,38.77409,0
            -120.3947,38.77407,0
            -120.39448,38.77405,0
            -120.39328,38.77378,0
            -120.39307,38.77374,0
            -120.39305,38.77373,0
            -120.39121,38.77332,0
            -120.39107,38.77328,0
            -120.39086,38.77321,0
            -120.38997,38.77286,0
            -120.38983,38.77282,0
            -120.38975,38.77279,0
            -120.38955,38.77275,0
            -120.38948,38.77273,0
            -120.38925,38.77271,0
            -120.38891,38.77266,0
            -120.38878,38.77263,0
            -120.38856,38.77257,0
            -120.38852,38.77255,0
            -120.38843,38.77253,0
            -120.38837,38.7725,0
            -120.38832,38.77248,0
            -120.38822,38.77243,0
            -120.38819,38.77242,0
            -120.38818,38.77241,0
            -120.38815,38.77239,0
            -120.38811,38.77237,0
            -120.38801,38.77231,0
            -120.38792,38.77224,0
            -120.38778,38.77212,0
            -120.38769,38.77203,0
            -120.38768,38.77203,0
            -120.38756,38.7719,0
            -120.38736,38.7717,0
            -120.38726,38.77161,0
            -120.38723,38.77159,0
            -120.38706,38.77146,0
            -120.38677,38.7713,0
            -120.38672,38.77128,0
            -120.38633,38.77109,0
            -120.38619,38.77103,0
            -120.38484,38.7704,0
            -120.38414,38.77009,0
            -120.38313,38.76962,0
            -120.38297,38.76952,0
            -120.38275,38.76936,0
            -120.38268,38.7693,0
            -120.38264,38.76926,0
            -120.38257,38.76918,0
            -120.3825,38.76909,0
            -120.38241,38.76896,0
            -120.38226,38.76872,0
            -120.38207,38.76845,0
            -120.38199,38.76835,0
            -120.38194,38.76828,0
            -120.38186,38.7682,0
            -120.38178,38.76811,0
            -120.38169,38.76804,0
            -120.38167,38.76802,0
            -120.38153,38.76791,0
            -120.38144,38.76785,0
            -120.38103,38.76761,0
            -120.3806,38.76739,0
            -120.38031,38.76723,0
            -120.37999,38.76709,0
            -120.37988,38.76705,0
            -120.37959,38.76697,0
            -120.37923,38.7669,0
            -120.37904,38.76688,0
            -120.37876,38.76686,0
            -120.37863,38.76686,0
            -120.37857,38.76687,0
            -120.37842,38.76688,0
            -120.37818,38.76691,0
            -120.37772,38.767,0
            -120.37752,38.76706,0
            -120.37666,38.76738,0
            -120.37643,38.76745,0
            -120.37624,38.7675,0
            -120.37597,38.76755,0
            -120.37576,38.76758,0
            -120.37553,38.7676,0
            -120.37519,38.7676,0
            -120.37499,38.76759,0
            -120.37461,38.76754,0
            -120.3743,38.76749,0
            -120.37344,38.76733,0
            -120.37317,38.76729,0
            -120.37304,38.76722,0
            -120.37291,38.76717,0
            -120.37274,38.76713,0
            -120.37244,38.76704,0
            -120.37029,38.76626,0
            -120.37013,38.76623,0
            -120.36999,38.76622,0
            -120.36914,38.76601,0
            -120.36911,38.766,0
            -120.36869,38.76592,0
            -120.3674,38.76571,0
            -120.36701,38.76566,0
            -120.367,38.76566,0
            -120.36691,38.76564,0
            -120.36663,38.7656,0
            -120.36634,38.76554,0
            -120.36616,38.76551,0
            -120.36523,38.76529,0
            -120.36522,38.76529,0
            -120.36514,38.76526,0
            -120.36513,38.76526,0
            -120.36501,38.76523,0
            -120.365,38.76523,0
            -120.36454,38.76512,0
            -120.36414,38.765,0
            -120.36249,38.76447,0
            -120.36218,38.76435,0
            -120.36211,38.76433,0
            -120.36194,38.76425,0
            -120.36181,38.76417,0
            -120.36173,38.76413,0
            -120.36173,38.76412,0
            -120.36164,38.76407,0
            -120.36144,38.76394,0
            -120.36126,38.76384,0
            -120.36098,38.76372,0
            -120.36089,38.76369,0
            -120.36076,38.76366,0
            -120.36062,38.76364,0
            -120.36038,38.76362,0
            -120.36013,38.76364,0
            -120.35991,38.76368,0
            -120.35967,38.76375,0
            -120.35944,38.76386,0
            -120.35938,38.76388,0
            -120.35909,38.76406,0
            -120.35907,38.76407,0
            -120.35898,38.76413,0
            -120.35874,38.76432,0
            -120.35845,38.7646,0
            -120.35835,38.76472,0
            -120.35833,38.76476,0
            -120.3583,38.76479,0
            -120.35812,38.76506,0
            -120.35789,38.76548,0
            -120.3577,38.76585,0
            -120.35756,38.76606,0
            -120.35745,38.7662,0
            -120.3573,38.76635,0
            -120.35729,38.76635,0
            -120.35713,38.76648,0
            -120.35711,38.76649,0
            -120.35695,38.76659,0
            -120.35695,38.7666,0
            -120.35684,38.76665,0
            -120.35675,38.76668,0
            -120.35675,38.76669,0
            -120.35671,38.7667,0
            -120.35653,38.76676,0
            -120.35634,38.7668,0
            -120.35622,38.76682,0
            -120.35608,38.76683,0
            -120.35591,38.76683,0
            -120.35572,38.76681,0
            -120.35553,38.76678,0
            -120.3554,38.76675,0
            -120.35526,38.76671,0
            -120.35514,38.76667,0
            -120.35502,38.76662,0
            -120.35464,38.76644,0
            -120.35442,38.7663,0
            -120.35425,38.76618,0
            -120.35417,38.76613,0
            -120.35409,38.76607,0
            -120.35388,38.76589,0
            -120.35345,38.76547,0
            -120.35326,38.76527,0
            -120.35323,38.76525,0
            -120.35309,38.76511,0
            -120.35306,38.76509,0
            -120.35302,38.76505,0
            -120.35287,38.76492,0
            -120.35269,38.76481,0
            -120.35261,38.76477,0
            -120.35245,38.7647,0
            -120.35236,38.76468,0
            -120.35228,38.76465,0
            -120.35186,38.76457,0
            -120.35151,38.76454,0
            -120.35147,38.76453,0
            -120.35082,38.76448,0
            -120.35055,38.76445,0
            -120.35051,38.76445,0
            -120.3504,38.76443,0
            -120.35032,38.76442,0
            -120.35029,38.76442,0
            -120.35023,38.76441,0
            -120.35013,38.76438,0
            -120.35003,38.76436,0
            -120.34996,38.76434,0
            -120.34955,38.76418,0
            -120.34926,38.76403,0
            -120.34903,38.76393,0
            -120.34869,38.7638,0
            -120.34867,38.7638,0
            -120.34865,38.76379,0
            -120.34834,38.76371,0
            -120.34796,38.76365,0
            -120.34775,38.76364,0
            -120.34745,38.76364,0
            -120.34729,38.76365,0
            -120.34671,38.76373,0
            -120.34663,38.76375,0
            -120.34661,38.76375,0
            -120.34638,38.76379,0
            -120.34605,38.76382,0
            -120.34591,38.76382,0
            -120.34572,38.76383,0
            -120.34562,38.76383,0
            -120.3453,38.76386,0
            -120.34523,38.76386,0
            -120.34495,38.76391,0
            -120.34457,38.76402,0
            -120.34439,38.76409,0
            -120.34436,38.76411,0
            -120.34429,38.76413,0
            -120.34422,38.76417,0
            -120.34419,38.76418,0
            -120.34416,38.7642,0
            -120.34406,38.76425,0
            -120.34395,38.76432,0
            -120.34363,38.76449,0
            -120.34306,38.7647,0
            -120.34229,38.76496,0
            -120.34183,38.76515,0
            -120.34153,38.76524,0
            -120.34141,38.76526,0
            -120.34128,38.76529,0
            -120.34122,38.7653,0
            -120.34108,38.76531,0
            -120.34102,38.76532,0
            -120.34076,38.76532,0
            -120.34052,38.76531,0
            -120.34041,38.7653,0
            -120.3403,38.76528,0
            -120.34018,38.76525,0
            -120.34002,38.76522,0
            -120.33821,38.76474,0
            -120.33765,38.76462,0
            -120.33747,38.7646,0
            -120.33733,38.76459,0
            -120.33632,38.7646,0
            -120.33618,38.76459,0
            -120.33608,38.76459,0
            -120.33577,38.76456,0
            -120.33564,38.76454,0
            -120.33553,38.76453,0
            -120.3352,38.76446,0
            -120.33481,38.76435,0
            -120.33472,38.76432,0
            -120.33463,38.76428,0
            -120.33445,38.76422,0
            -120.33398,38.76401,0
            -120.33393,38.76397,0
            -120.3336,38.7638,0
            -120.33339,38.7637,0
            -120.33333,38.76368,0
            -120.33321,38.76363,0
            -120.33289,38.76352,0
            -120.33258,38.76345,0
            -120.33237,38.76343,0
            -120.33219,38.76342,0
            -120.33182,38.76345,0
            -120.33151,38.7635,0
            -120.33134,38.76354,0
            -120.33014,38.76386,0
            -120.33008,38.7639,0
            -120.32993,38.76394,0
            -120.32965,38.76398,0
            -120.32954,38.76399,0
            -120.32939,38.76399,0
            -120.32921,38.764,0
            -120.325,38.76406,0
            -120.32486,38.76407,0
            -120.32434,38.76413,0
            -120.32373,38.76427,0
            -120.32326,38.76443,0
            -120.32306,38.76451,0
            -120.32134,38.76527,0
            -120.32113,38.76535,0
            -120.31926,38.76598,0
            -120.31913,38.76603,0
            -120.31901,38.76607,0
            -120.31886,38.76613,0
            -120.31884,38.76614,0
            -120.31883,38.76614,0
            -120.31854,38.76629,0
            -120.31847,38.76634,0
            -120.3184,38.76638,0
            -120.31834,38.76642,0
            -120.31814,38.76659,0
            -120.31787,38.76688,0
            -120.31773,38.76702,0
            -120.31773,38.76703,0
            -120.31767,38.76709,0
            -120.31738,38.76733,0
            -120.31729,38.76739,0
            -120.31701,38.76754,0
            -120.31687,38.7676,0
            -120.31671,38.76766,0
            -120.31631,38.76783,0
            -120.31607,38.76795,0
            -120.31584,38.76809,0
            -120.31565,38.76822,0
            -120.31551,38.76833,0
            -120.31544,38.7684,0
            -120.31524,38.76858,0
            -120.31502,38.76879,0
            -120.315,38.7688,0
            -120.31453,38.76918,0
            -120.31427,38.76936,0
            -120.31388,38.7696,0
            -120.3136,38.76975,0
            -120.31334,38.76986,0
            -120.31279,38.77002,0
            -120.31278,38.77002,0
            -120.31265,38.77006,0
            -120.31236,38.77013,0
            -120.31234,38.77014,0
            -120.3117,38.7703,0
            -120.30803,38.77128,0
            -120.30798,38.77129,0
            -120.30693,38.77157,0
            -120.3068,38.7716,0
            -120.3067,38.77163,0
            -120.30664,38.77166,0
            -120.3063,38.77177,0
            -120.30579,38.77196,0
            -120.30576,38.77198,0
            -120.30548,38.77209,0
            -120.30489,38.77237,0
            -120.30475,38.77245,0
            -120.30425,38.77271,0
            -120.30354,38.7731,0
            -120.30333,38.7732,0
            -120.30309,38.77333,0
            -120.30298,38.77338,0
            -120.30292,38.7734,0
            -120.30279,38.77346,0
            -120.30233,38.77365,0
            -120.30145,38.77396,0
            -120.30134,38.77399,0
            -120.30107,38.77408,0
            -120.30093,38.77412,0
            -120.30064,38.77419,0
            -120.30031,38.77428,0
            -120.29969,38.7744,0
            -120.29926,38.77447,0
            -120.29853,38.77457,0
            -120.29809,38.77462,0
            -120.29766,38.77465,0
            -120.29699,38.77465,0
            -120.29605,38.77462,0
            -120.29529,38.77456,0
            -120.29471,38.77449,0
            -120.29447,38.77445,0
            -120.2943,38.77443,0
            -120.2942,38.7744,0
            -120.29413,38.77439,0
            -120.29363,38.77424,0
            -120.29352,38.77419,0
            -120.29337,38.77413,0
            -120.29311,38.77399,0
            -120.29294,38.77388,0
            -120.29294,38.77387,0
            -120.29257,38.77361,0
            -120.29165,38.77291,0
            -120.29151,38.77282,0
            -120.29142,38.77275,0
            -120.29124,38.77265,0
            -120.29091,38.77251,0
            -120.2908,38.77247,0
            -120.29071,38.77245,0
            -120.29062,38.77242,0
            -120.29044,38.77237,0
            -120.29033,38.77235,0
            -120.29029,38.77235,0
            -120.29025,38.77234,0
            -120.29022,38.77234,0
            -120.29002,38.77231,0
            -120.28991,38.7723,0
            -120.28964,38.7723,0
            -120.28958,38.77231,0
            -120.28946,38.77231,0
            -120.28917,38.77235,0
            -120.28905,38.77238,0
            -120.28904,38.77238,0
            -120.28893,38.7724,0
            -120.28855,38.77254,0
            -120.28834,38.77264,0
            -120.28813,38.77272,0
            -120.28808,38.77275,0
            -120.28802,38.77277,0
            -120.28792,38.77281,0
            -120.28783,38.77286,0
            -120.28746,38.77304,0
            -120.28743,38.77305,0
            -120.28701,38.77325,0
            -120.287,38.77325,0
            -120.28606,38.77371,0
            -120.28584,38.77381,0
            -120.28572,38.77388,0
            -120.28564,38.77392,0
            -120.28561,38.77394,0
            -120.2856,38.77395,0
            -120.28552,38.77398,0
            -120.28541,38.77403,0
            -120.28518,38.77411,0
            -120.28516,38.77411,0
            -120.28511,38.77413,0
            -120.28496,38.77417,0
            -120.28494,38.77417,0
            -120.28489,38.77419,0
            -120.28462,38.77425,0
            -120.28406,38.7744,0
            -120.28387,38.77447,0
            -120.28386,38.77448,0
            -120.28366,38.77456,0
            -120.28346,38.77466,0
            -120.28343,38.77467,0
            -120.28338,38.7747,0
            -120.28337,38.77471,0
            -120.28311,38.77488,0
            -120.2831,38.77489,0
            -120.28297,38.77499,0
            -120.28288,38.77507,0
            -120.28279,38.77516,0
            -120.28275,38.77519,0
            -120.28266,38.77529,0
            -120.28263,38.77533,0
            -120.28257,38.7754,0
            -120.28228,38.7758,0
            -120.28215,38.77594,0
            -120.28205,38.77603,0
            -120.28196,38.77613,0
            -120.28167,38.77634,0
            -120.28135,38.77653,0
            -120.28095,38.77671,0
            -120.28091,38.77672,0
            -120.28066,38.77681,0
            -120.28031,38.77692,0
            -120.2802,38.77694,0
            -120.28014,38.77696,0
            -120.27994,38.777,0
            -120.27986,38.77701,0
            -120.27984,38.77702,0
            -120.27832,38.77719,0
            -120.27826,38.77719,0
            -120.27826,38.7772,0
            -120.27803,38.77722,0
            -120.27789,38.77724,0
            -120.27758,38.77727,0
            -120.27746,38.77729,0
            -120.27667,38.77739,0
            -120.27666,38.77739,0
            -120.27528,38.77756,0
            -120.27515,38.77756,0
            -120.27506,38.77757,0
            -120.27482,38.77757,0
            -120.27472,38.77756,0
            -120.27465,38.77756,0
            -120.27453,38.77755,0
            -120.2744,38.77753,0
            -120.27415,38.77747,0
            -120.27405,38.77744,0
            -120.27395,38.7774,0
            -120.27383,38.77736,0
            -120.2734,38.77717,0
            -120.27319,38.77707,0
            -120.27279,38.7769,0
            -120.27254,38.77681,0
            -120.27218,38.77672,0
            -120.27207,38.7767,0
            -120.27197,38.77669,0
            -120.2718,38.77666,0
            -120.27155,38.77664,0
            -120.27105,38.77664,0
            -120.27088,38.77666,0
            -120.2706,38.77668,0
            -120.2702,38.77672,0
            -120.26973,38.77672,0
            -120.26948,38.77669,0
            -120.26906,38.77662,0
            -120.26869,38.77652,0
            -120.26857,38.7765,0
            -120.26843,38.77647,0
            -120.26819,38.77644,0
            -120.26802,38.77643,0
            -120.26785,38.77641,0
            -120.26775,38.77641,0
            -120.26765,38.7764,0
            -120.26726,38.7764,0
            -120.2671,38.77641,0
            -120.26677,38.77645,0
            -120.26639,38.77651,0
            -120.26636,38.77651,0
            -120.2661,38.77655,0
            -120.26559,38.7766,0
            -120.2655,38.7766,0
            -120.26489,38.77666,0
            -120.26471,38.77669,0
            -120.26442,38.77677,0
            -120.26426,38.77682,0
            -120.26415,38.77686,0
            -120.26412,38.77688,0
            -120.26353,38.77715,0
            -120.26352,38.77715,0
            -120.26331,38.77724,0
            -120.26296,38.77735,0
            -120.26267,38.77742,0
            -120.26155,38.77766,0
            -120.26153,38.77767,0
            -120.26058,38.77788,0
            -120.26025,38.77794,0
            -120.26022,38.77794,0
            -120.26012,38.77796,0
            -120.25971,38.778,0
            -120.25916,38.77804,0
            -120.25907,38.77804,0
            -120.25846,38.77809,0
            -120.25832,38.77811,0
            -120.2579,38.77819,0
            -120.25743,38.77832,0
            -120.2571,38.77844,0
            -120.25693,38.77851,0
            -120.25612,38.77892,0
            -120.25564,38.77915,0
            -120.25531,38.77929,0
            -120.25528,38.7793,0
            -120.2549,38.77946,0
            -120.25482,38.77948,0
            -120.25416,38.77973,0
            -120.25385,38.77981,0
            -120.25341,38.77995,0
            -120.2534,38.77996,0
            -120.25309,38.78007,0
            -120.25308,38.78007,0
            -120.25178,38.78056,0
            -120.25128,38.78073,0
            -120.251,38.78081,0
            -120.251,38.78082,0
            -120.25097,38.78082,0
            -120.25078,38.78087,0
            -120.25062,38.78088,0
            -120.25032,38.78092,0
            -120.24992,38.78092,0
            -120.24406,38.78054,0
            -120.24374,38.78053,0
            -120.2435,38.78054,0
            -120.24305,38.78058,0
            -120.24294,38.7806,0
            -120.24287,38.78062,0
            -120.24276,38.78064,0
            -120.2426,38.78068,0
            -120.24232,38.78077,0
            -120.2422,38.78082,0
            -120.24206,38.78087,0
            -120.24205,38.78087,0
            -120.24161,38.78107,0
            -120.24135,38.7812,0
            -120.24129,38.78122,0
            -120.24111,38.78135,0
            -120.24091,38.78143,0
            -120.24071,38.78152,0
            -120.24068,38.78153,0
            -120.24051,38.7816,0
            -120.24051,38.78161,0
            -120.2401,38.78178,0
            -120.23978,38.78193,0
            -120.23938,38.78214,0
            -120.23919,38.78227,0
            -120.23916,38.7823,0
            -120.23903,38.78239,0
            -120.239,38.78242,0
            -120.23885,38.78254,0
            -120.23874,38.78265,0
            -120.23871,38.78269,0
            -120.23871,38.7827,0
            -120.2387,38.7827,0
            -120.23859,38.78285,0
            -120.23858,38.78286,0
            -120.23835,38.78315,0
            -120.23827,38.78324,0
            -120.23822,38.78331,0
            -120.23821,38.78331,0
            -120.23818,38.78335,0
            -120.23804,38.78349,0
            -120.23772,38.78374,0
            -120.2376,38.78381,0
            -120.23738,38.78392,0
            -120.23737,38.78393,0
            -120.23701,38.78406,0
            -120.23672,38.78414,0
            -120.23658,38.78417,0
            -120.23651,38.78418,0
            -120.23641,38.7842,0
            -120.23604,38.78423,0
            -120.2357,38.78423,0
            -120.23552,38.78421,0
            -120.23536,38.7842,0
            -120.23482,38.7841,0
            -120.23472,38.78407,0
            -120.23471,38.78407,0
            -120.23451,38.78401,0
            -120.23449,38.78401,0
            -120.23335,38.78372,0
            -120.23274,38.78361,0
            -120.23272,38.78361,0
            -120.2326,38.78358,0
            -120.23219,38.78351,0
            -120.23175,38.78345,0
            -120.2312,38.78341,0
            -120.2302,38.78341,0
            -120.22996,38.78342,0
            -120.22962,38.78342,0
            -120.22941,38.78343,0
            -120.22918,38.78343,0
            -120.22681,38.78335,0
            -120.22598,38.78329,0
            -120.22451,38.78322,0
            -120.22445,38.78322,0
            -120.22404,38.7832,0
            -120.22341,38.78315,0
            -120.22298,38.78308,0
            -120.22253,38.78296,0
            -120.22221,38.78285,0
            -120.22192,38.78276,0
            -120.22182,38.78272,0
            -120.22178,38.78271,0
            -120.22178,38.7827,0
            -120.22158,38.78263,0
            -120.22157,38.78263,0
            -120.2215,38.7826,0
            -120.22083,38.78237,0
            -120.22073,38.78233,0
            -120.22067,38.78231,0
            -120.22055,38.78228,0
            -120.22052,38.78226,0
            -120.22033,38.78222,0
            -120.2203,38.78221,0
            -120.22016,38.78218,0
            -120.22008,38.78217,0
            -120.22007,38.78217,0
            -120.22003,38.78216,0
            -120.21989,38.78214,0
            -120.21984,38.78214,0
            -120.21971,38.78213,0
            -120.21966,38.78212,0
            -120.21961,38.78212,0
            -120.21949,38.78211,0
            -120.21903,38.78211,0
            -120.21893,38.78212,0
            -120.21882,38.78212,0
            -120.21874,38.78213,0
            -120.21869,38.78214,0
            -120.21858,38.78215,0
            -120.21839,38.78219,0
            -120.21823,38.78223,0
            -120.2181,38.78227,0
            -120.21746,38.7825,0
            -120.21721,38.78262,0
            -120.21718,38.78263,0
            -120.21703,38.78272,0
            -120.21702,38.78272,0
            -120.21689,38.78281,0
            -120.21685,38.78285,0
            -120.2168,38.78288,0
            -120.21653,38.7831,0
            -120.21649,38.78314,0
            -120.21626,38.78333,0
            -120.21612,38.78346,0
            -120.21548,38.78401,0
            -120.21527,38.78418,0
            -120.21512,38.78432,0
            -120.21498,38.78444,0
            -120.21449,38.78482,0
            -120.21426,38.78498,0
            -120.21407,38.78509,0
            -120.21388,38.78518,0
            -120.2137,38.78525,0
            -120.21342,38.78533,0
            -120.21315,38.78539,0
            -120.21313,38.7854,0
            -120.21301,38.78542,0
            -120.21236,38.78559,0
            -120.20563,38.78722,0
            -120.20526,38.78732,0
            -120.20508,38.78738,0
            -120.20477,38.7875,0
            -120.20376,38.78793,0
            -120.20353,38.78802,0
            -120.20351,38.78803,0
            -120.20343,38.78805,0
            -120.20332,38.7881,0
            -120.20311,38.78816,0
            -120.20309,38.78817,0
            -120.20295,38.78821,0
            -120.20257,38.7883,0
            -120.20241,38.78833,0
            -120.20224,38.78835,0
            -120.20198,38.78839,0
            -120.20004,38.78862,0
            -120.19994,38.78864,0
            -120.19971,38.78867,0
            -120.19967,38.78868,0
            -120.19953,38.7887,0
            -120.19952,38.7887,0
            -120.1995,38.78871,0
            -120.19936,38.78873,0
            -120.19935,38.78873,0
            -120.1991,38.78879,0
            -120.19879,38.78889,0
            -120.19871,38.78892,0
            -120.19866,38.78893,0
            -120.19865,38.78894,0
            -120.19854,38.78897,0
            -120.19833,38.78906,0
            -120.19823,38.78911,0
            -120.19803,38.7892,0
            -120.19785,38.78929,0
            -120.19528,38.79049,0
            -120.19519,38.79054,0
            -120.19489,38.79067,0
            -120.1946,38.79078,0
            -120.19423,38.79089,0
            -120.19416,38.7909,0
            -120.19403,38.79093,0
            -120.19391,38.79095,0
            -120.19309,38.79105,0
            -120.19308,38.79105,0
            -120.19148,38.79124,0
            -120.19119,38.79126,0
            -120.19061,38.79126,0
            -120.19015,38.79122,0
            -120.18923,38.79107,0
            -120.1892,38.79106,0
            -120.18876,38.79097,0
            -120.18875,38.79097,0
            -120.18869,38.79096,0
            -120.18852,38.79092,0
            -120.18822,38.79082,0
            -120.18811,38.79079,0
            -120.18769,38.79064,0
            -120.18678,38.79034,0
            -120.18677,38.79033,0
            -120.18618,38.79011,0
            -120.18542,38.78987,0
            -120.18508,38.7898,0
            -120.18492,38.78976,0
            -120.18463,38.78971,0
            -120.18452,38.7897,0
            -120.1844,38.78968,0
            -120.18434,38.78968,0
            -120.18292,38.78958,0
            -120.18236,38.78953,0
            -120.18233,38.78952,0
            -120.18194,38.78947,0
            -120.18142,38.78937,0
            -120.18077,38.78922,0
            -120.18066,38.7892,0
            -120.18033,38.78912,0
            -120.18012,38.78908,0
            -120.1801,38.78907,0
            -120.17946,38.78893,0
            -120.17944,38.78892,0
            -120.17899,38.78883,0
            -120.17897,38.78882,0
            -120.17855,38.78873,0
            -120.17854,38.78873,0
            -120.17833,38.78868,0
            -120.17827,38.78866,0
            -120.17746,38.78848,0
            -120.17744,38.78847,0
            -120.17723,38.78843,0
            -120.17722,38.78843,0
            -120.17695,38.78837,0
            -120.17667,38.78833,0
            -120.17614,38.78828,0
            -120.1754,38.78828,0
            -120.17524,38.78829,0
            -120.17512,38.78829,0
            -120.17503,38.7883,0
            -120.17495,38.7883,0
            -120.17447,38.78837,0
            -120.17421,38.78842,0
            -120.17405,38.78846,0
            -120.17398,38.78847,0
            -120.17387,38.7885,0
            -120.17326,38.78871,0
            -120.17305,38.78879,0
            -120.17262,38.78898,0
            -120.17244,38.78905,0
            -120.17236,38.78909,0
            -120.17224,38.78913,0
            -120.17214,38.78917,0
            -120.17207,38.78919,0
            -120.17198,38.78921,0
            -120.17191,38.78923,0
            -120.17172,38.78927,0
            -120.1713,38.78933,0
            -120.17087,38.78936,0
            -120.17076,38.78936,0
            -120.17033,38.78932,0
            -120.17026,38.78932,0
            -120.16809,38.78912,0
            -120.16806,38.78912,0
            -120.16737,38.78907,0
            -120.16732,38.78907,0
            -120.16676,38.78903,0
            -120.16646,38.78899,0
            -120.16618,38.78894,0
            -120.16601,38.7889,0
            -120.16571,38.78884,0
            -120.16553,38.78879,0
            -120.16431,38.78841,0
            -120.16427,38.7884,0
            -120.16409,38.78834,0
            -120.16378,38.78825,0
            -120.16366,38.78821,0
            -120.16345,38.78815,0
            -120.16296,38.78799,0
            -120.1628,38.78795,0
            -120.16237,38.78781,0
            -120.16173,38.78762,0
            -120.16173,38.78761,0
            -120.1617,38.78761,0
            -120.15977,38.78701,0
            -120.15943,38.78693,0
            -120.15896,38.78687,0
            -120.15868,38.78687,0
            -120.15836,38.78688,0
            -120.15812,38.7869,0
            -120.15786,38.78694,0
            -120.15783,38.78694,0
            -120.15774,38.78696,0
            -120.15765,38.78697,0
            -120.15753,38.787,0
            -120.15727,38.78708,0
            -120.1571,38.78715,0
            -120.15709,38.78715,0
            -120.15676,38.78729,0
            -120.15672,38.78732,0
            -120.15658,38.78739,0
            -120.15648,38.78745,0
            -120.15645,38.78746,0
            -120.1561,38.7877,0
            -120.15557,38.78809,0
            -120.15541,38.78822,0
            -120.15469,38.78873,0
            -120.15411,38.78917,0
            -120.15376,38.78945,0
            -120.1534,38.78981,0
            -120.15308,38.79017,0
            -120.15287,38.79044,0
            -120.15273,38.79066,0
            -120.15205,38.79164,0
            -120.15152,38.79235,0
            -120.15127,38.7927,0
            -120.15115,38.79285,0
            -120.15113,38.79288,0
            -120.15079,38.79328,0
            -120.15053,38.79356,0
            -120.15033,38.79376,0
            -120.15019,38.79389,0
            -120.14994,38.7941,0
            -120.14935,38.79456,0
            -120.14893,38.79486,0
            -120.1487,38.795,0
            -120.14847,38.79513,0
            -120.1475,38.79563,0
            -120.14748,38.79565,0
            -120.14662,38.79612,0
            -120.14575,38.79665,0
            -120.14554,38.7968,0
            -120.14525,38.79703,0
            -120.14475,38.79753,0
            -120.14457,38.79774,0
            -120.14446,38.79789,0
            -120.14436,38.79801,0
            -120.14404,38.79848,0
            -120.14403,38.79849,0
            -120.14377,38.79895,0
            -120.14368,38.79914,0
            -120.14249,38.80138,0
            -120.14248,38.80139,0
            -120.14199,38.80228,0
            -120.14133,38.80361,0
            -120.14131,38.80363,0
            -120.14081,38.80458,0
            -120.14042,38.80518,0
            -120.14028,38.80537,0
            -120.14018,38.80549,0
            -120.14001,38.80567,0
            -120.13996,38.80573,0
            -120.13973,38.80595,0
            -120.1386,38.80675,0
            -120.13682,38.80794,0
            -120.13681,38.80795,0
            -120.13677,38.80798,0
            -120.13619,38.80834,0
            -120.13614,38.80836,0
            -120.13577,38.80855,0
            -120.13546,38.80867,0
            -120.13504,38.80881,0
            -120.13471,38.80889,0
            -120.1344,38.80893,0
            -120.13424,38.80896,0
            -120.13269,38.80909,0
            -120.13229,38.80914,0
            -120.13157,38.80926,0
            -120.13113,38.80935,0
            -120.13111,38.80936,0
            -120.13018,38.8096,0
            -120.12945,38.80981,0
            -120.12917,38.80988,0
            -120.12771,38.81031,0
            -120.1269,38.81053,0
            -120.12541,38.81086,0
            -120.1251,38.81094,0
            -120.12479,38.81101,0
            -120.12386,38.81118,0
            -120.12175,38.81152,0
            -120.12172,38.81152,0
            -120.1216,38.81153,0
            -120.12131,38.81153,0
            -120.12126,38.81152,0
            -120.12123,38.81152,0
            -120.12105,38.8115,0
            -120.12096,38.81148,0
            -120.12078,38.81142,0
            -120.12062,38.81134,0
            -120.12048,38.81126,0
            -120.12041,38.81121,0
            -120.1203,38.8111,0
            -120.1202,38.81098,0
            -120.12015,38.81091,0
            -120.12011,38.81082,0
            -120.12004,38.81063,0
            -120.12004,38.81059,0
            -120.12003,38.81055,0
            -120.12003,38.81044,0
            -120.12005,38.81024,0
            -120.12012,38.80998,0
            -120.12018,38.80987,0
            -120.12036,38.80958,0
            -120.12048,38.80943,0
            -120.12063,38.80928,0
            -120.12064,38.80926,0
            -120.12079,38.80912,0
            -120.12088,38.80905,0
            -120.12096,38.80898,0
            -120.12109,38.8089,0
            -120.1212,38.80882,0
            -120.12143,38.80869,0
            -120.12156,38.80861,0
            -120.12168,38.80855,0
            -120.12169,38.80854,0
            -120.12186,38.80844,0
            -120.1222,38.8082,0
            -120.12239,38.80809,0
            -120.12256,38.80798,0
            -120.12257,38.80798,0
            -120.12274,38.80785,0
            -120.12276,38.80784,0
            -120.12289,38.80772,0
            -120.12304,38.80761,0
            -120.1231,38.80755,0
            -120.12316,38.80746,0
            -120.12318,38.80745,0
            -120.12324,38.80735,0
            -120.12326,38.8073,0
            -120.12328,38.80728,0
            -120.1233,38.80723,0
            -120.12333,38.80717,0
            -120.12338,38.80709,0
            -120.12341,38.80701,0
            -120.12343,38.80697,0
            -120.12345,38.80692,0
            -120.12349,38.8068,0
            -120.12355,38.80651,0
            -120.12357,38.80635,0
            -120.12355,38.80618,0
            -120.12353,38.80608,0
            -120.1235,38.80601,0
            -120.12344,38.80591,0
            -120.12338,38.80586,0
            -120.12327,38.8058,0
            -120.12323,38.80576,0
            -120.12302,38.80564,0
            -120.12287,38.80557,0
            -120.12279,38.80554,0
            -120.12271,38.80552,0
            -120.12251,38.80549,0
            -120.12244,38.80547,0
            -120.12205,38.80543,0
            -120.12174,38.80536,0
            -120.12168,38.80534,0
            -120.12156,38.80527,0
            -120.12149,38.80522,0
            -120.12146,38.80519,0
            -120.12142,38.80516,0
            -120.12138,38.80512,0
            -120.12129,38.80499,0
            -120.12127,38.80495,0
            -120.12124,38.8049,0
            -120.12122,38.80486,0
            -120.12118,38.80468,0
            -120.12117,38.80461,0
            -120.12117,38.80456,0
            -120.12119,38.80445,0
            -120.12121,38.80441,0
            -120.12124,38.80433,0
            -120.12134,38.80415,0
            -120.12137,38.80408,0
            -120.12176,38.80333,0
            -120.12183,38.80317,0
            -120.12183,38.80316,0
            -120.12186,38.80306,0
            -120.12186,38.80302,0
            -120.12187,38.80298,0
            -120.12187,38.80295,0
            -120.12186,38.80289,0
            -120.12185,38.80285,0
            -120.12183,38.80279,0
            -120.12182,38.80278,0
            -120.1218,38.80271,0
            -120.12178,38.80266,0
            -120.12176,38.80262,0
            -120.12174,38.80257,0
            -120.12163,38.80241,0
            -120.1215,38.80225,0
            -120.12137,38.80213,0
            -120.12124,38.802,0
            -120.12117,38.80194,0
            -120.12111,38.8019,0
            -120.1211,38.80189,0
            -120.12106,38.80186,0
            -120.12096,38.8018,0
            -120.12086,38.80175,0
            -120.12081,38.80173,0
            -120.12075,38.80172,0
            -120.12071,38.80171,0
            -120.12069,38.8017,0
            -120.12059,38.80168,0
            -120.1205,38.80167,0
            -120.12026,38.80167,0
            -120.12009,38.8017,0
            -120.12002,38.80173,0
            -120.11997,38.80174,0
            -120.1199,38.80177,0
            -120.11986,38.8018,0
            -120.11975,38.80185,0
            -120.11966,38.80191,0
            -120.11956,38.802,0
            -120.11946,38.8021,0
            -120.11934,38.80224,0
            -120.11934,38.80225,0
            -120.11904,38.80267,0
            -120.11884,38.80292,0
            -120.11871,38.80306,0
            -120.1186,38.80316,0
            -120.11853,38.8032,0
            -120.11841,38.80329,0
            -120.11824,38.80338,0
            -120.11795,38.80351,0
            -120.11777,38.80357,0
            -120.11762,38.8036,0
            -120.11755,38.80362,0
            -120.11746,38.80363,0
            -120.1173,38.8036,0
            -120.1171,38.80361,0
            -120.11676,38.80359,0
            -120.11659,38.80357,0
            -120.11485,38.80325,0
            -120.11469,38.80326,0
            -120.11421,38.80316,0
            -120.1139,38.80306,0
            -120.11366,38.80295,0
            -120.11349,38.80286,0
            -120.11332,38.80278,0
            -120.11279,38.80251,0
            -120.11264,38.80245,0
            -120.11257,38.80243,0
            -120.11227,38.80239,0
            -120.11215,38.80239,0
            -120.11204,38.80241,0
            -120.11196,38.80242,0
            -120.11172,38.8025,0
            -120.11162,38.80254,0
            -120.11154,38.80258,0
            -120.11146,38.80266,0
            -120.11139,38.80274,0
            -120.1113,38.80287,0
            -120.11123,38.803,0
            -120.1112,38.80304,0
            -120.11106,38.80333,0
            -120.11085,38.8037,0
            -120.11059,38.80406,0
            -120.11055,38.80411,0
            -120.1105,38.80416,0
            -120.11041,38.80423,0
            -120.11031,38.80432,0
            -120.11012,38.80447,0
            -120.10969,38.80475,0
            -120.10924,38.80496,0
            -120.10901,38.80505,0
            -120.10843,38.8052,0
            -120.10808,38.80527,0
            -120.10755,38.80535,0
            -120.10662,38.80542,0
            -120.10638,38.80542,0
            -120.10549,38.80539,0
            -120.10538,38.80538,0
            -120.1053,38.80538,0
            -120.10515,38.80537,0
            -120.10507,38.80537,0
            -120.10316,38.80528,0
            -120.10307,38.80528,0
            -120.10125,38.80518,0
            -120.10097,38.80519,0
            -120.10064,38.80522,0
            -120.10044,38.80525,0
            -120.10033,38.80526,0
            -120.10008,38.80532,0
            -120.0997,38.80544,0
            -120.09937,38.80558,0
            -120.09916,38.80569,0
            -120.09853,38.80609,0
            -120.0983,38.80625,0
            -120.09803,38.80641,0
            -120.09766,38.80666,0
            -120.0959,38.80774,0
            -120.09549,38.80801,0
            -120.0952,38.80819,0
            -120.09498,38.80836,0
            -120.09497,38.80837,0
            -120.09481,38.8085,0
            -120.09456,38.80875,0
            -120.09423,38.809,0
            -120.09406,38.80911,0
            -120.09401,38.80913,0
            -120.09381,38.80923,0
            -120.09324,38.80946,0
            -120.0932,38.80947,0
            -120.09304,38.80954,0
            -120.09278,38.80969,0
            -120.09259,38.80981,0
            -120.09238,38.80997,0
            -120.09223,38.81011,0
            -120.09202,38.81033,0
            -120.09141,38.81102,0
            -120.09138,38.81106,0
            -120.09127,38.81118,0
            -120.09125,38.81121,0
            -120.09084,38.81168,0
            -120.09066,38.81187,0
            -120.09044,38.81206,0
            -120.09028,38.81218,0
            -120.09015,38.81226,0
            -120.0899,38.8124,0
            -120.08955,38.81254,0
            -120.0894,38.81259,0
            -120.08922,38.81264,0
            -120.08909,38.81269,0
            -120.0889,38.81274,0
            -120.08855,38.81282,0
            -120.08838,38.81287,0
            -120.08837,38.81287,0
            -120.088,38.81295,0
            -120.08739,38.8131,0
            -120.08705,38.8132,0
            -120.08693,38.81323,0
            -120.08643,38.8134,0
            -120.08614,38.81351,0
            -120.08585,38.81365,0
            -120.08524,38.81398,0
            -120.08432,38.81452,0
            -120.08427,38.81456,0
            -120.08406,38.81468,0
            -120.08366,38.81497,0
            -120.08359,38.81503,0
            -120.08352,38.8151,0
            -120.08348,38.81513,0
            -120.08323,38.8154,0
            -120.08304,38.81562,0
            -120.08298,38.81568,0
            -120.08291,38.81577,0
            -120.08273,38.81596,0
            -120.08245,38.81621,0
            -120.08238,38.81626,0
            -120.08231,38.81632,0
            -120.08224,38.81637,0
            -120.08218,38.81642,0
            -120.08212,38.81645,0
            -120.08207,38.81649,0
            -120.08206,38.81649,0
            -120.08185,38.81662,0
            -120.08155,38.81677,0
            -120.08138,38.81684,0
            -120.08087,38.81702,0
            -120.07938,38.81747,0
            -120.07919,38.81752,0
            -120.07898,38.81759,0
            -120.07877,38.81765,0
            -120.07837,38.81779,0
            -120.07814,38.81788,0
            -120.07797,38.81796,0
            -120.0775,38.81821,0
            -120.07718,38.81842,0
            -120.07716,38.81843,0
            -120.07715,38.81843,0
            -120.077,38.81853,0
            -120.07698,38.81854,0
            -120.07683,38.81865,0
            -120.07664,38.81875,0
            -120.07655,38.81881,0
            -120.07621,38.81901,0
            -120.0757,38.81936,0
            -120.07496,38.81989,0
            -120.07472,38.82005,0
            -120.07448,38.82019,0
            -120.07439,38.82025,0
            -120.0741,38.8204,0
            -120.07333,38.82074,0
            -120.07325,38.82077,0
            -120.07305,38.82088,0
            -120.0714,38.82144,0
            -120.07052,38.82172,0
            -120.07005,38.82184,0
            -120.0697,38.82192,0
            -120.06964,38.82194,0
            -120.06948,38.82197,0
            -120.06939,38.822,0
            -120.06802,38.82232,0
            -120.0677,38.82238,0
            -120.06756,38.8224,0
            -120.06723,38.82243,0
            -120.06686,38.82243,0
            -120.0667,38.82242,0
            -120.06628,38.82238,0
            -120.06596,38.82234,0
            -120.06571,38.82232,0
            -120.06558,38.82232,0
            -120.06541,38.82231,0
            -120.06526,38.82231,0
            -120.06471,38.82236,0
            -120.06457,38.82239,0
            -120.06445,38.82241,0
            -120.06401,38.82253,0
            -120.06295,38.82291,0
            -120.06249,38.82306,0
            -120.06183,38.82331,0
            -120.06181,38.82332,0
            -120.06171,38.82336,0
            -120.06164,38.8234,0
            -120.06163,38.8234,0
            -120.06147,38.82348,0
            -120.06103,38.82373,0
            -120.06089,38.82383,0
            -120.06078,38.8239,0
            -120.06035,38.8242,0
            -120.06018,38.8243,0
            -120.06011,38.82435,0
            -120.06002,38.82439,0
            -120.05983,38.82449,0
            -120.05982,38.82449,0
            -120.05958,38.82459,0
            -120.05948,38.82462,0
            -120.05935,38.82467,0
            -120.05895,38.82478,0
            -120.05875,38.82482,0
            -120.05766,38.82509,0
            -120.05765,38.82509,0
            -120.05754,38.82512,0
            -120.05585,38.82552,0
            -120.05527,38.82567,0
            -120.05448,38.82585,0
            -120.05386,38.82594,0
            -120.05377,38.82594,0
            -120.05344,38.82597,0
            -120.05308,38.82597,0
            -120.05251,38.82594,0
            -120.05229,38.82592,0
            -120.05214,38.8259,0
            -120.05117,38.82573,0
            -120.05089,38.82567,0
            -120.05039,38.82558,0
            -120.05037,38.82557,0
            -120.05036,38.82557,0
            -120.04954,38.82543,0
            -120.04951,38.82542,0
            -120.0486,38.82527,0
            -120.04856,38.82526,0
            -120.04828,38.82521,0
            -120.04811,38.82517,0
            -120.04774,38.82507,0
            -120.04731,38.82492,0
            -120.04702,38.82481,0
            -120.04689,38.82475,0
            -120.04658,38.82463,0
            -120.04607,38.82448,0
            -120.04605,38.82447,0
            -120.04589,38.82444,0
            -120.04574,38.82442,0
            -120.04562,38.82441,0
            -120.0455,38.82437,0
            -120.04521,38.82435,0
            -120.0438,38.82421,0
            -120.04379,38.8242,0
            -120.04357,38.82417,0
            -120.04299,38.82407,0
            -120.04296,38.82406,0
            -120.04295,38.82406,0
            -120.04294,38.82405,0
            -120.04265,38.82399,0
            -120.04245,38.82394,0
            -120.04194,38.82379,0
            -120.04177,38.82375,0
            -120.04163,38.82373,0
            -120.04156,38.82371,0
            -120.04105,38.82352,0
            -120.04064,38.82335,0
            -120.04031,38.8232,0
            -120.03988,38.82298,0
            -120.03977,38.82291,0
            -120.03917,38.82256,0
            -120.03899,38.82244,0
            -120.03864,38.82219,0
            -120.03863,38.82217,0
            -120.03851,38.82208,0
            -120.03807,38.82171,0
            -120.03794,38.82159,0
            -120.03784,38.82149,0
            -120.03608,38.81985,0
            -120.03594,38.81971,0
            -120.03564,38.81944,0
            -120.03561,38.8194,0
            -120.0355,38.81929,0
            -120.03548,38.81928,0
            -120.0354,38.8192,0
            -120.03496,38.81871,0
            -120.03488,38.81861,0
            -120.03469,38.81834,0
            -120.03456,38.81813,0
            -120.03433,38.81767,0
            -120.03415,38.81721,0
            -120.03381,38.816,0
            -120.03382,38.81595,0
            -120.03382,38.8159,0
            -120.03381,38.81583,0
            -120.0337,38.81536,0
            -120.03361,38.81493,0
            -120.03351,38.81455,0
            -120.0334,38.8143,0
            -120.03324,38.81406,0
            -120.03324,38.81405,0
            -120.03319,38.81399,0
            -120.0331,38.81386,0
            -120.03284,38.81358,0
            -120.03269,38.81346,0
            -120.03256,38.81337,0
            -120.03244,38.8133,0
            -120.0323,38.81321,0
            -120.03212,38.81313,0
            -120.032,38.81309,0
            -120.03185,38.81307,0
            -120.03175,38.81304,0
            -120.03163,38.81301,0
            -120.03137,38.81296,0
            -120.03128,38.81295,0
            -120.03079,38.81292,0
            -120.03062,38.81293,0
            -120.03049,38.81293,0
            -120.03033,38.81295,0
            -120.03018,38.81296,0
            -120.03006,38.81299,0
            -120.02993,38.81301,0
            -120.02981,38.81304,0
            -120.02947,38.81316,0
            -120.02928,38.81325,0
            -120.02911,38.81336,0
            -120.02897,38.81347,0
            -120.02874,38.81367,0
            -120.02857,38.81386,0
            -120.02842,38.81408,0
            -120.02832,38.81424,0
            -120.02824,38.81441,0
            -120.02821,38.81446,0
            -120.02815,38.81461,0
            -120.02809,38.81474,0
            -120.02809,38.81475,0
            -120.02804,38.81489,0
            -120.02804,38.81492,0
            -120.028,38.81505,0
            -120.02797,38.81519,0
            -120.02793,38.81547,0
            -120.0279,38.81589,0
            -120.0279,38.81602,0
            -120.02791,38.81617,0
            -120.02791,38.81635,0
            -120.02794,38.81682,0
            -120.02798,38.81725,0
            -120.028,38.81738,0
            -120.028,38.81765,0
            -120.02798,38.81777,0
            -120.02798,38.81779,0
            -120.02796,38.81786,0
            -120.02792,38.81796,0
            -120.02791,38.81796,0
            -120.02786,38.81805,0
            -120.02779,38.81816,0
            -120.02752,38.81852,0
            -120.02748,38.81859,0
            -120.02742,38.81868,0
            -120.02736,38.8188,0
            -120.02732,38.81893,0
            -120.02728,38.81911,0
            -120.02727,38.81923,0
            -120.02728,38.81935,0
            -120.02728,38.81945,0
            -120.02735,38.81981,0
            -120.0275,38.82089,0
            -120.02751,38.82093,0
            -120.02752,38.82107,0
            -120.02753,38.82114,0
            -120.02755,38.82124,0
            -120.02758,38.82134,0
            -120.02766,38.82151,0
            -120.02772,38.82161,0
            -120.02795,38.82192,0
            -120.02799,38.82199,0
            -120.02803,38.82213,0
            -120.02804,38.82222,0
            -120.02803,38.82225,0
            -120.02803,38.8223,0
            -120.02802,38.82239,0
            -120.028,38.82249,0
            -120.02799,38.82257,0
            -120.02796,38.82266,0
            -120.02795,38.82274,0
            -120.02795,38.82292,0
            -120.02796,38.82299,0
            -120.02802,38.8232,0
            -120.02808,38.82336,0
            -120.02816,38.82352,0
            -120.0282,38.82361,0
            -120.02823,38.82369,0
            -120.02827,38.82383,0
            -120.02828,38.8239,0
            -120.0283,38.82398,0
            -120.0283,38.82416,0
            -120.02828,38.82434,0
            -120.02824,38.82453,0
            -120.02823,38.82462,0
            -120.02823,38.82483,0
            -120.02825,38.82496,0
            -120.02827,38.82503,0
            -120.02831,38.82513,0
            -120.02836,38.82521,0
            -120.02841,38.82528,0
            -120.02853,38.8254,0
            -120.02867,38.82552,0
            -120.02895,38.8257,0
            -120.02915,38.82581,0
            -120.02971,38.82619,0
            -120.02999,38.82642,0
            -120.03032,38.82677,0
            -120.03055,38.82706,0
            -120.03075,38.82738,0
            -120.03076,38.82738,0
            -120.03114,38.82795,0
            -120.03123,38.82813,0
            -120.03134,38.82839,0
            -120.03139,38.82854,0
            -120.0314,38.82856,0
            -120.03156,38.82923,0
            -120.03157,38.82934,0
            -120.03162,38.82959,0
            -120.03169,38.82981,0
            -120.03181,38.83024,0
            -120.03186,38.83037,0
            -120.03194,38.83051,0
            -120.03198,38.83059,0
            -120.03201,38.83062,0
            -120.03208,38.83071,0
            -120.03212,38.83074,0
            -120.0322,38.83082,0
            -120.03224,38.83085,0
            -120.03229,38.83088,0
            -120.03237,38.83094,0
            -120.03247,38.831,0
            -120.03253,38.83103,0
            -120.03258,38.83105,0
            -120.03264,38.83108,0
            -120.03268,38.83109,0
            -120.0329,38.83117,0
            -120.03301,38.83119,0
            -120.03324,38.83121,0
            -120.03334,38.83121,0
            -120.03349,38.8312,0
            -120.03374,38.8312,0
            -120.03379,38.83119,0
            -120.03399,38.83119,0
            -120.03409,38.8312,0
            -120.03418,38.8312,0
            -120.03432,38.83122,0
            -120.03457,38.83127,0
            -120.03474,38.83134,0
            -120.03486,38.83141,0
            -120.03515,38.83163,0
            -120.03525,38.83177,0
            -120.03536,38.83194,0
            -120.03537,38.83195,0
            -120.03563,38.83263,0
            -120.03565,38.83267,0
            -120.03569,38.8328,0
            -120.03571,38.83296,0
            -120.03569,38.83308,0
            -120.0356,38.83336,0
            -120.03557,38.83343,0
            -120.0355,38.83354,0
            -120.03545,38.8336,0
            -120.03529,38.83376,0
            -120.03502,38.83398,0
            -120.03486,38.83412,0
            -120.03472,38.83426,0
            -120.03459,38.83449,0
            -120.03457,38.83455,0
            -120.03454,38.83462,0
            -120.03451,38.83474,0
            -120.03449,38.83485,0
            -120.03449,38.835,0
            -120.0345,38.83511,0
            -120.03452,38.83522,0
            -120.03463,38.83545,0
            -120.03467,38.83552,0
            -120.03479,38.83566,0
            -120.03489,38.83576,0
            -120.03507,38.8359,0
            -120.03538,38.83604,0
            -120.03553,38.83608,0
            -120.03627,38.83623,0
            -120.03638,38.83627,0
            -120.03655,38.83632,0
            -120.03668,38.83638,0
            -120.03685,38.83647,0
            -120.037,38.83657,0
            -120.03716,38.8367,0
            -120.03729,38.83687,0
            -120.03742,38.83707,0
            -120.03753,38.83727,0
            -120.03765,38.83751,0
            -120.0377,38.83764,0
            -120.03782,38.83782,0
            -120.03792,38.83794,0
            -120.03799,38.83801,0
            -120.03808,38.83808,0
            -120.03818,38.83815,0
            -120.0383,38.83821,0
            -120.03858,38.83832,0
            -120.03887,38.83839,0
            -120.03923,38.83842,0
            -120.03971,38.83842,0
            -120.03998,38.83844,0
            -120.04011,38.83844,0
            -120.04035,38.83848,0
            -120.04061,38.83857,0
            -120.04088,38.8387,0
            -120.04095,38.83874,0
            -120.04101,38.83879,0
            -120.04111,38.83886,0
            -120.0412,38.83894,0
            -120.04127,38.83902,0
            -120.04133,38.8391,0
            -120.04143,38.83925,0
            -120.04152,38.83935,0
            -120.04165,38.83954,0
            -120.04182,38.83975,0
            -120.04242,38.84054,0
            -120.04261,38.84082,0
            -120.04268,38.84097,0
            -120.04272,38.84104,0
            -120.04276,38.84117,0
            -120.04278,38.84126,0
            -120.04278,38.84127,0
            -120.04279,38.84132,0
            -120.04279,38.84145,0
            -120.04276,38.8416,0
            -120.04266,38.8418,0
            -120.04263,38.84185,0
            -120.04248,38.84204,0
            -120.04242,38.84209,0
            -120.04239,38.84212,0
            -120.04233,38.84217,0
            -120.04224,38.84222,0
            -120.04216,38.84227,0
            -120.04207,38.8423,0
            -120.042,38.84233,0
            -120.04191,38.84236,0
            -120.04183,38.84238,0
            -120.04181,38.84239,0
            -120.04162,38.84242,0
            -120.04158,38.84242,0
            -120.04156,38.84243,0
            -120.04147,38.84243,0
            -120.04139,38.84244,0
            -120.04134,38.84244,0
            -120.04119,38.84243,0
            -120.04106,38.84243,0
            -120.04092,38.84241,0
            -120.04046,38.84236,0
            -120.04017,38.84234,0
            -120.03999,38.84234,0
            -120.0398,38.84235,0
            -120.0397,38.84235,0
            -120.03962,38.84236,0
            -120.03939,38.8424,0
            -120.03906,38.84247,0
            -120.03603,38.84321,0
            -120.03467,38.84352,0
            -120.03416,38.84365,0
            -120.03382,38.84375,0
            -120.03301,38.84403,0
            -120.03295,38.84406,0
            -120.03269,38.84417,0
            -120.03248,38.84425,0
            -120.03201,38.84447,0
            -120.03165,38.84467,0
            -120.03106,38.84503,0
            -120.03081,38.8452,0
            -120.03049,38.84539,0
            -120.03035,38.84549,0
            -120.03011,38.84568,0
            -120.02968,38.84604,0
            -120.02909,38.84662,0
            -120.02903,38.84666,0
            -120.0288,38.84689,0
            -120.02773,38.8479,0
            -120.02753,38.84808,0
            -120.02743,38.84818,0
            -120.02713,38.84844,0
            -120.02684,38.84866,0
            -120.02682,38.84868,0
            -120.02651,38.8489,0
            -120.0256,38.84947,0
            -120.02514,38.84972,0
            -120.02483,38.84987,0
            -120.02476,38.8499,0
            -120.02424,38.85015,0
            -120.0239,38.8503,0
            -120.02371,38.85037,0
            -120.02325,38.85052,0
            -120.0231,38.85058,0
            -120.02281,38.85076,0
            -120.02277,38.85078,0
            -120.02272,38.8508,0
            -120.02263,38.85082,0
            -120.02249,38.85084,0
            -120.02248,38.85084,0
            -120.02247,38.85083,0
            -120.02243,38.85083,0
            -120.02242,38.85082,0
            -120.02238,38.85082,0
            -120.02237,38.85083,0
            -120.02234,38.85083,0
            -120.02233,38.85084,0
            -120.02231,38.85084,0
            -120.02229,38.85086,0
            -120.02228,38.85086,0
            -120.02225,38.85089,0
            -120.02224,38.85089,0
            -120.02224,38.8509,0
            -120.02222,38.85092,0
            -120.02222,38.85094,0
            -120.02221,38.85095,0
            -120.02221,38.85101,0
            -120.02222,38.85102,0
            -120.02222,38.85104,0
            -120.02223,38.85105,0
            -120.02223,38.85106,0
            -120.02224,38.85107,0
            -120.02225,38.85107,0
            -120.02229,38.85111,0
            -120.02231,38.85112,0
            -120.02234,38.85113,0
            -120.02236,38.85113,0
            -120.02238,38.85114,0
            -120.02246,38.85114,0
            -120.02247,38.85113,0
            -120.0225,38.85113,0
            -120.02251,38.85112,0
            -120.02252,38.85112,0
            -120.02254,38.85111,0
            -120.02255,38.8511,0
            -120.02256,38.8511,0
            -120.02257,38.85109,0
            -120.02257,38.85108,0
            -120.0226,38.85105,0
            -120.0226,38.85104,0
            -120.02261,38.85103,0
            -120.02261,38.85101,0
            -120.02262,38.851,0
            -120.02262,38.85097,0
            -120.02261,38.85096,0
            -120.02261,38.85094,0
            -120.0226,38.85093,0
            -120.0226,38.85092,0
            -120.02259,38.85091,0
            -120.02259,38.8509,0
            -120.02258,38.85089,0
            -120.02257,38.85089,0
            -120.02254,38.85086,0
            -120.02253,38.85086,0
            -120.02251,38.85084,0
            -120.02248,38.85084,0
            -120.02247,38.85083,0
            -120.02243,38.85083,0
            -120.02242,38.85082,0
            -120.02238,38.85082,0
            -120.02219,38.85068,0
            -120.02198,38.85047,0
            -120.02179,38.85026,0
            -120.02177,38.85023,0
            -120.02147,38.84989,0
            -120.02139,38.84983,0
            -120.02128,38.84969,0
            -120.02121,38.84962,0
            -120.02021,38.84833,0
            -120.01994,38.848,0
            -120.01955,38.84739,0
            -120.0194,38.84713,0
            -120.01928,38.8469,0
            -120.01912,38.84655,0
            -120.01899,38.84623,0
            -120.01875,38.84545,0
            -120.01861,38.84478,0
            -120.01855,38.84453,0
            -120.01852,38.84431,0
            -120.01832,38.84319,0
            -120.01808,38.842,0
            -120.01801,38.84151,0
            -120.01782,38.8406,0
            -120.01741,38.83842,0
            -120.01739,38.83827,0
            -120.01734,38.83799,0
            -120.01727,38.83749,0
            -120.01724,38.83708,0
            -120.01723,38.83638,0
            -120.01751,38.83242,0
            -120.01832,38.82215,0
            -120.01841,38.82071,0
            -120.01848,38.81982,0
            -120.01847,38.8197,0
            -120.01848,38.81954,0
            -120.01848,38.81944,0
            -120.01845,38.81913,0
            -120.01838,38.81872,0
            -120.01828,38.81831,0
            -120.01818,38.81803,0
            -120.01807,38.81775,0
            -120.01794,38.81747,0
            -120.01779,38.81726,0
            -120.0177,38.81709,0
            -120.01694,38.81582,0
            -120.01666,38.81538,0
            -120.01625,38.81469,0
            -120.01619,38.8146,0
            -120.01576,38.81389,0
            -120.01576,38.81388,0
            -120.01568,38.81373,0
            -120.01532,38.81314,0
            -120.01513,38.81285,0
            -120.01496,38.81261,0
            -120.0146,38.81213,0
            -120.01432,38.8118,0
            -120.01305,38.81037,0
            -120.01302,38.81034,0
            -120.01114,38.8082,0
            -120.0108,38.80776,0
            -120.01067,38.80757,0
            -120.01051,38.80728,0
            -120.01046,38.80717,0
            -120.01045,38.80716,0
            -120.01032,38.80689,0
            -120.01014,38.80638,0
            -120.01006,38.80602,0
            -120.01002,38.80581,0
            -120.00993,38.80508,0
            -120.00993,38.80505,0
            -120.0099,38.80483,0
            -120.00988,38.80459,0
            -120.00976,38.80399,0
            -120.00963,38.80357,0
            -120.00955,38.80337,0
            -120.00905,38.80222,0
            -120.00899,38.80205,0
            -120.0089,38.80168,0
            -120.00887,38.80146,0
            -120.00885,38.80122,0
            -120.00885,38.80101,0
            -120.00887,38.80076,0
            -120.00946,38.79805,0
            -120.00983,38.79659,0
            -120.01024,38.79551,0
            -120.01068,38.79448,0
            -120.01074,38.7943,0
            -120.01086,38.79387,0
            -120.01095,38.79333,0
            -120.01096,38.79316,0
            -120.01096,38.79299,0
            -120.01095,38.79282,0
            -120.01092,38.79257,0
            -120.01092,38.79249,0
            -120.0109,38.79239,0
            -120.01089,38.79232,0
            -120.01081,38.79199,0
            -120.01075,38.7918,0
            -120.01051,38.79117,0
            -120.00989,38.78981,0
            -120.00988,38.7898,0
            -120.00959,38.78913,0
            -120.00912,38.78813,0
            -120.00903,38.78796,0
            -120.00902,38.78795,0
            -120.00895,38.78781,0
            -120.00885,38.78766,0
            -120.00882,38.78763,0
            -120.00875,38.78754,0
            -120.00862,38.78739,0
            -120.00848,38.78725,0
            -120.0083,38.78709,0
            -120.00813,38.78695,0
            -120.0081,38.78693,0
            -120.00793,38.7868,0
            -120.00752,38.78656,0
            -120.00726,38.78643,0
            -120.00705,38.78634,0
            -120.00685,38.78627,0
            -120.00661,38.7862,0
            -120.00637,38.78614,0
            -120.00609,38.78609,0
            -120.00587,38.78606,0
            -120.00585,38.78605,0
            -120.00558,38.78603,0
            -120.00531,38.78602,0
            -120.00488,38.78602,0
            -120.00449,38.78606,0
            -120.00429,38.78609,0
            -120.00384,38.78618,0
            -120.00364,38.78623,0
            -120.00265,38.78652,0
            -120.00241,38.7866,0
            -120.00199,38.78676,0
            -120.00181,38.78684,0
            -120.00167,38.78691,0
            -120.00153,38.78699,0
            -120.00144,38.78705,0
            -120.00138,38.78708,0
            -120.00115,38.78723,0
            -120.00106,38.7873,0
            -120.00095,38.78737,0
            -120.0005,38.78779,0
            -120.00019,38.78817,0
            -120.00004,38.78837,0
            -119.99993,38.78854,0
            -119.99873,38.79067,0
            -119.99852,38.79109,0
            -119.99835,38.7914,0
            -119.9981,38.79179,0
            -119.99782,38.79213,0
            -119.9977,38.79226,0
            -119.99758,38.79238,0
            -119.99744,38.79251,0
            -119.9973,38.79265,0
            -119.99718,38.79276,0
            -119.997,38.79291,0
            -119.99684,38.79303,0
            -119.99639,38.79334,0
            -119.99623,38.79343,0
            -119.99605,38.79354,0
            -119.99525,38.79392,0
            -119.99486,38.79406,0
            -119.99451,38.79417,0
            -119.99376,38.79436,0
            -119.99284,38.79455,0
            -119.9923,38.7947,0
            -119.99202,38.7948,0
            -119.99166,38.79494,0
            -119.99066,38.7953,0
            -119.99037,38.79539,0
            -119.99005,38.79547,0
            -119.99003,38.79547,0
            -119.98985,38.79551,0
            -119.98949,38.79557,0
            -119.98914,38.79561,0
            -119.98892,38.79562,0
            -119.98838,38.79562,0
            -119.98822,38.79563,0
            -119.98815,38.79563,0
            -119.98796,38.79562,0
            -119.98779,38.79563,0
            -119.98761,38.79563,0
            -119.98745,38.79565,0
            -119.98729,38.79566,0
            -119.98715,38.79568,0
            -119.98686,38.79574,0
            -119.98645,38.79586,0
            -119.9863,38.79592,0
            -119.98564,38.79629,0
            -119.98539,38.79642,0
            -119.98503,38.79657,0
            -119.98475,38.79666,0
            -119.9845,38.79672,0
            -119.98437,38.79673,0
            -119.98422,38.79675,0
            -119.9841,38.79675,0
            -119.98396,38.79676,0
            -119.98382,38.79676,0
            -119.98351,38.79674,0
            -119.98307,38.7967,0
            -119.98292,38.79668,0
            -119.98277,38.79667,0
            -119.98261,38.79665,0
            -119.98247,38.79665,0
            -119.98235,38.79666,0
            -119.98224,38.79666,0
            -119.98196,38.79668,0
            -119.98036,38.79688,0
            -119.98022,38.79689,0
            -119.98005,38.79691,0
            -119.97953,38.79694,0
            -119.97939,38.79693,0
            -119.97925,38.79693,0
            -119.97898,38.79691,0
            -119.97858,38.79686,0
            -119.97806,38.79675,0
            -119.97792,38.79671,0
            -119.9779,38.79671,0
            -119.97727,38.79653,0
            -119.97711,38.79649,0
            -119.97701,38.79646,0
            -119.97687,38.79643,0
            -119.97683,38.79643,0
            -119.97675,38.79641,0
            -119.97661,38.79639,0
            -119.9766,38.79639,0
            -119.97638,38.79635,0
            -119.97629,38.79635,0
            -119.97617,38.79634,0
            -119.97614,38.79634,0
            -119.97601,38.79633,0
            -119.97583,38.79634,0
            -119.97564,38.79634,0
            -119.97543,38.79636,0
            -119.97479,38.79646,0
            -119.97073,38.79721,0
            -119.96995,38.79734,0
            -119.96979,38.79735,0
            -119.96965,38.79737,0
            -119.96917,38.79737,0
            -119.96862,38.79732,0
            -119.96832,38.79728,0
            -119.96814,38.79724,0
            -119.96782,38.79718,0
            -119.9669,38.79694,0
            -119.96637,38.79678,0
            -119.966,38.79665,0
            -119.96597,38.79663,0
            -119.96586,38.79659,0
            -119.9658,38.79656,0
            -119.96576,38.79655,0
            -119.96414,38.79586,0
            -119.96383,38.79575,0
            -119.96374,38.79571,0
            -119.96361,38.79567,0
            -119.96348,38.79562,0
            -119.96337,38.79559,0
            -119.96328,38.79556,0
            -119.9625,38.79534,0
            -119.96159,38.79511,0
            -119.96153,38.7951,0
            -119.95803,38.79419,0
            -119.95781,38.79414,0
            -119.95514,38.79345,0
            -119.95475,38.79332,0
            -119.95473,38.79332,0
            -119.9543,38.79316,0
            -119.95402,38.79304,0
            -119.95393,38.79299,0
            -119.95382,38.79295,0
            -119.95321,38.79263,0
            -119.95318,38.79261,0
            -119.95225,38.79207,0
            -119.95206,38.79197,0
            -119.95169,38.79175,0
            -119.95168,38.79174,0
            -119.95154,38.79166,0
            -119.95151,38.79164,0
            -119.95082,38.79124,0
            -119.95026,38.79093,0
            -119.94964,38.79056,0
            -119.94949,38.79046,0
            -119.94947,38.79044,0
            -119.94917,38.79024,0
            -119.94903,38.79012,0
            -119.949,38.79011,0
            -119.94896,38.79007,0
            -119.94849,38.7897,0
            -119.94848,38.78969,0
            -119.94833,38.78957,0
            -119.94819,38.78947,0
            -119.94752,38.78893,0
            -119.9475,38.78892,0
            -119.94702,38.78853,0
            -119.94687,38.78842,0
            -119.94683,38.78838,0
            -119.94638,38.78803,0
            -119.94622,38.78793,0
            -119.94615,38.78788,0
            -119.946,38.78779,0
            -119.94593,38.78776,0
            -119.94591,38.78774,0
            -119.94588,38.78773,0
            -119.9458,38.78769,0
            -119.94564,38.78762,0
            -119.94563,38.78761,0
            -119.94562,38.78761,0
            -119.94551,38.78756,0
            -119.94543,38.78753,0
            -119.94534,38.78749,0
            -119.94508,38.7874,0
            -119.94498,38.78736,0
            -119.9449,38.78734,0
            -119.94481,38.78731,0
            -119.94475,38.7873,0
            -119.94457,38.78725,0
            -119.9445,38.78724,0
            -119.94422,38.78718,0
            -119.94408,38.78716,0
            -119.94398,38.78714,0
            -119.94391,38.78714,0
            -119.94354,38.7871,0
            -119.94342,38.7871,0
            -119.94334,38.78709,0
            -119.94294,38.78709,0
            -119.94285,38.7871,0
            -119.94279,38.7871,0
            -119.94267,38.78711,0
            -119.94262,38.78711,0
            -119.9421,38.78718,0
            -119.94202,38.7872,0
            -119.94172,38.78726,0
            -119.94162,38.78729,0
            -119.94152,38.78731,0
            -119.94117,38.78742,0
            -119.94088,38.78752,0
            -119.94086,38.78752,0
            -119.93959,38.78796,0
            -119.93955,38.78797,0
            -119.93853,38.78831,0
            -119.93832,38.78839,0
            -119.93818,38.78843,0
            -119.93811,38.78846,0
            -119.93769,38.78861,0
            -119.93759,38.78864,0
            -119.9374,38.78871,0
            -119.93728,38.78876,0
            -119.93727,38.78876,0
            -119.93689,38.78891,0
            -119.93675,38.78898,0
            -119.93654,38.78907,0
            -119.93616,38.78926,0
            -119.93597,38.78937,0
            -119.93589,38.78941,0
            -119.93576,38.78949,0
            -119.93485,38.79001,0
            -119.93396,38.79054,0
            -119.93274,38.79123,0
            -119.93113,38.79219,0
            -119.93023,38.7927,0
            -119.93011,38.79276,0
            -119.93004,38.7928,0
            -119.92995,38.79284,0
            -119.92978,38.79293,0
            -119.92968,38.79297,0
            -119.92966,38.79297,0
            -119.92958,38.79301,0
            -119.92947,38.79305,0
            -119.92946,38.79306,0
            -119.92895,38.79324,0
            -119.92862,38.79333,0
            -119.92832,38.7934,0
            -119.9283,38.7934,0
            -119.92822,38.79342,0
            -119.92796,38.79347,0
            -119.92785,38.79348,0
            -119.92775,38.7935,0
            -119.9276,38.79352,0
            -119.92748,38.79353,0
            -119.92736,38.79355,0
            -119.92691,38.79358,0
            -119.92665,38.79358,0
            -119.92463,38.79346,0
            -119.92454,38.79346,0
            -119.92354,38.79338,0
            -119.92334,38.79335,0
            -119.92317,38.79331,0
            -119.9231,38.7933,0
            -119.92277,38.7932,0
            -119.92271,38.79319,0
            -119.9227,38.79318,0
            -119.9224,38.79307,0
            -119.92233,38.79305,0
            -119.92224,38.79301,0
            -119.92213,38.79295,0
            -119.92206,38.79292,0
            -119.92188,38.79283,0
            -119.92163,38.79268,0
            -119.92159,38.79265,0
            -119.92153,38.79262,0
            -119.92146,38.79256,0
            -119.92138,38.79251,0
            -119.92121,38.79237,0
            -119.92111,38.79228,0
            -119.92101,38.79218,0
            -119.92091,38.79209,0
            -119.92078,38.79194,0
            -119.92073,38.79187,0
            -119.92067,38.7918,0
            -119.92054,38.79162,0
            -119.92044,38.79146,0
            -119.92035,38.79128,0
            -119.92032,38.79121,0
            -119.92028,38.79113,0
            -119.92024,38.79103,0
            -119.92018,38.79084,0
            -119.92015,38.79071,0
            -119.92012,38.79061,0
            -119.92009,38.79044,0
            -119.92008,38.79034,0
            -119.92008,38.79028,0
            -119.92007,38.79021,0
            -119.91997,38.78891,0
            -119.91995,38.78876,0
            -119.91994,38.78855,0
            -119.91989,38.788,0
            -119.91987,38.78784,0
            -119.9196,38.78467,0
            -119.91949,38.78356,0
            -119.91947,38.78326,0
            -119.91946,38.78322,0
            -119.91945,38.78302,0
            -119.91942,38.78272,0
            -119.91941,38.78266,0
            -119.91941,38.78254,0
            -119.9194,38.78248,0
            -119.91934,38.78188,0
            -119.91931,38.78147,0
            -119.9193,38.78142,0
            -119.91929,38.78122,0
            -119.91925,38.78084,0
            -119.91923,38.78057,0
            -119.91922,38.78052,0
            -119.91914,38.77949,0
            -119.91913,38.77945,0
            -119.91887,38.77637,0
            -119.9179,38.77617,0
            -119.91682,38.77593,0
            -119.91637,38.77582,0
            -119.91617,38.77578,0
            -119.91616,38.77577,0
            -119.91604,38.77575,0
            -119.91581,38.7757,0
            -119.91562,38.77565,0
            -119.91531,38.77559,0
            -119.9152,38.77556,0
            -119.91509,38.77554,0
            -119.91494,38.77552,0
            -119.91471,38.77548,0
            -119.9147,38.77548,0
            -119.91419,38.77542,0
            -119.91196,38.77531,0
            -119.91196,38.7753,0
            -119.91185,38.7753,0
            -119.91165,38.77527,0
            -119.91141,38.77525,0
            -119.91131,38.77523,0
            -119.91129,38.77523,0
            -119.91127,38.77522,0
            -119.91122,38.77522,0
            -119.91114,38.7752,0
            -119.91106,38.77519,0
            -119.91089,38.77516,0
            -119.91078,38.77513,0
            -119.90862,38.77466,0
            -119.9086,38.77466,0
            -119.90858,38.77465,0
            -119.90843,38.77462,0
            -119.90839,38.77462,0
            -119.90838,38.77461,0
            -119.90806,38.77457,0
            -119.90788,38.77454,0
            -119.90774,38.77453,0
            -119.90771,38.77453,0
            -119.9077,38.77452,0
            -119.90694,38.77447,0
            -119.90643,38.77447,0
            -119.90591,38.77449,0
            -119.90579,38.77449,0
            -119.90563,38.77451,0
            -119.90525,38.77454,0
            -119.90495,38.77458,0
            -119.90463,38.77464,0
            -119.90449,38.77466,0
            -119.90434,38.77469,0
            -119.90418,38.77473,0
            -119.90397,38.77477,0
            -119.90301,38.77502,0
            -119.90231,38.77522,0
            -119.9011,38.77554,0
            -119.90109,38.77554,0
            -119.90066,38.77566,0
            -119.90065,38.77566,0
            -119.90011,38.77581,0
            -119.89979,38.77588,0
            -119.89968,38.77591,0
            -119.89957,38.77593,0
            -119.89939,38.77595,0
            -119.89933,38.77596,0
            -119.89932,38.77596,0
            -119.89928,38.77597,0
            -119.89916,38.77597,0
            -119.89899,38.77598,0
            -119.89863,38.77598,0
            -119.89758,38.77587,0
            -119.89729,38.77583,0
            -119.89727,38.77583,0
            -119.89715,38.77581,0
            -119.89692,38.77579,0
            -119.89685,38.77579,0
            -119.89678,38.77578,0
            -119.89668,38.77578,0
            -119.89659,38.77579,0
            -119.89649,38.77579,0
            -119.89634,38.77581,0
            -119.89621,38.77584,0
            -119.89601,38.7759,0
            -119.89599,38.7759,0
            -119.89592,38.77593,0
            -119.89584,38.77595,0
            -119.89561,38.77605,0
            -119.89511,38.77633,0
            -119.89448,38.77671,0
            -119.89416,38.77689,0
            -119.89405,38.77696,0
            -119.89402,38.77697,0
            -119.89385,38.77706,0
            -119.89382,38.77707,0
            -119.89364,38.77715,0
            -119.89352,38.77719,0
            -119.89345,38.77722,0
            -119.89322,38.77728,0
            -119.89319,38.77728,0
            -119.89307,38.77731,0
            -119.89296,38.77733,0
            -119.89263,38.77736,0
            -119.89064,38.77731,0
            -119.89025,38.77729,0
            -119.89014,38.77728,0
            -119.89007,38.77728,0
            -119.88997,38.77726,0
            -119.88988,38.77725,0
            -119.8898,38.77723,0
            -119.88975,38.77721,0
            -119.88963,38.77718,0
            -119.88945,38.77712,0
            -119.88928,38.77705,0
            -119.88915,38.77701,0
            -119.88874,38.77685,0
            -119.8887,38.77684,0
            -119.88845,38.77676,0
            -119.88814,38.77672,0
            -119.8879,38.77672,0
            -119.8878,38.77673,0
            -119.88774,38.77673,0
            -119.88766,38.77674,0
            -119.88743,38.77679,0
            -119.88738,38.77681,0
            -119.88729,38.77683,0
            -119.88722,38.77686,0
            -119.88718,38.77687,0
            -119.88712,38.7769,0
            -119.88705,38.77692,0
            -119.88698,38.77695,0
            -119.88638,38.77726,0
            -119.88637,38.77727,0
            -119.88608,38.77741,0
            -119.88601,38.77744,0
            -119.88595,38.77746,0
            -119.88588,38.77749,0
            -119.88582,38.77751,0
            -119.88576,38.77754,0
            -119.88568,38.77756,0
            -119.8856,38.77759,0
            -119.88546,38.77761,0
            -119.88536,38.77763,0
            -119.8853,38.77763,0
            -119.88525,38.77764,0
            -119.88493,38.77764,0
            -119.8849,38.77763,0
            -119.88485,38.77763,0
            -119.8848,38.77762,0
            -119.88475,38.77762,0
            -119.88446,38.77755,0
            -119.88436,38.77751,0
            -119.88424,38.77747,0
            -119.88417,38.77743,0
            -119.88401,38.77735,0
            -119.88372,38.77719,0
            -119.88343,38.77701,0
            -119.8833,38.77694,0
            -119.88253,38.77647,0
            -119.8824,38.7764,0
            -119.88231,38.77636,0
            -119.88211,38.77626,0
            -119.88204,38.77624,0
            -119.88195,38.7762,0
            -119.8817,38.77612,0
            -119.88161,38.7761,0
            -119.88155,38.77608,0
            -119.88147,38.77607,0
            -119.88133,38.77604,0
            -119.87952,38.7758,0
            -119.87946,38.7758,0
            -119.87927,38.77576,0
            -119.87886,38.77565,0
            -119.87868,38.77558,0
            -119.87852,38.7755,0
            -119.87836,38.77541,0
            -119.87823,38.77535,0
            -119.87823,38.77534,0
            -119.87804,38.77524,0
            -119.87778,38.77509,0
            -119.87751,38.77492,0
            -119.87749,38.77491,0
            -119.87741,38.77486,0
            -119.87733,38.77479,0
            -119.87732,38.77479,0
            -119.8772,38.7747,0
            -119.87716,38.77466,0
            -119.87708,38.77459,0
            -119.87688,38.77438,0
            -119.87687,38.77438,0
            -119.87674,38.77423,0
            -119.87634,38.77362,0
            -119.87622,38.77346,0
            -119.87613,38.77336,0
            -119.87585,38.77308,0
            -119.87577,38.77301,0
            -119.87565,38.77289,0
            -119.87547,38.77275,0
            -119.87546,38.77274,0
            -119.87535,38.77265,0
            -119.87531,38.77261,0
            -119.87484,38.77221,0
            -119.87479,38.77218,0
            -119.87468,38.77208,0
            -119.8742,38.77171,0
            -119.87419,38.7717,0
            -119.87404,38.77158,0
            -119.87403,38.77157,0
            -119.87402,38.77157,0
            -119.87385,38.77144,0
            -119.87349,38.77114,0
            -119.87341,38.77106,0
            -119.87339,38.77105,0
            -119.87334,38.77101,0
            -119.8733,38.77096,0
            -119.87319,38.77084,0
            -119.8731,38.77075,0
            -119.87296,38.77059,0
            -119.87253,38.77002,0
            -119.87251,38.77001,0
            -119.87251,38.77,0
            -119.87218,38.76954,0
            -119.87217,38.76953,0
            -119.87202,38.76929,0
            -119.87153,38.76858,0
            -119.87136,38.76835,0
            -119.87121,38.76817,0
            -119.87109,38.76804,0
            -119.87101,38.76797,0
            -119.87095,38.7679,0
            -119.87058,38.76757,0
            -119.87041,38.76744,0
            -119.87038,38.76741,0
            -119.87025,38.76732,0
            -119.87024,38.76731,0
            -119.87011,38.76722,0
            -119.86988,38.76708,0
            -119.86976,38.767,0
            -119.86968,38.76696,0
            -119.86941,38.76681,0
            -119.86909,38.76666,0
            -119.86865,38.76648,0
            -119.86812,38.76628,0
            -119.86803,38.76625,0
            -119.86786,38.76618,0
            -119.86738,38.766,0
            -119.86731,38.76597,0
            -119.86459,38.76499,0
            -119.86421,38.76488,0
            -119.86379,38.76478,0
            -119.86367,38.76476,0
            -119.86359,38.76474,0
            -119.8613,38.76443,0
            -119.86107,38.76439,0
            -119.86044,38.76431,0
            -119.86039,38.7643,0
            -119.85658,38.76381,0
            -119.85588,38.76374,0
            -119.85561,38.76372,0
            -119.85542,38.76372,0
            -119.85529,38.76371,0
            -119.85477,38.76372,0
            -119.85456,38.76374,0
            -119.85423,38.76376,0
            -119.85411,38.76378,0
            -119.85399,38.76379,0
            -119.85364,38.76384,0
            -119.85356,38.76386,0
            -119.85244,38.76407,0
            -119.85237,38.76408,0
            -119.85165,38.76422,0
            -119.85133,38.76427,0
            -119.85116,38.76431,0
            -119.851,38.76434,0
            -119.85078,38.7644,0
            -119.85068,38.76444,0
            -119.8506,38.76446,0
            -119.85052,38.76449,0
            -119.85045,38.76451,0
            -119.85005,38.76467,0
            -119.85001,38.76468,0
            -119.84767,38.76591,0
            -119.84766,38.76592,0
            -119.84441,38.76761,0
            -119.84405,38.76778,0
            -119.84208,38.76884,0
            -119.84183,38.76896,0
            -119.84164,38.76906,0
            -119.84133,38.76918,0
            -119.8409,38.76932,0
            -119.84072,38.76936,0
            -119.84066,38.76938,0
            -119.8406,38.76939,0
            -119.84042,38.76943,0
            -119.84028,38.76945,0
            -119.84002,38.7695,0
            -119.83974,38.76954,0
            -119.83943,38.7696,0
            -119.83578,38.77014,0
            -119.83556,38.77018,0
            -119.83542,38.7702,0
            -119.83533,38.77022,0
            -119.83492,38.77029,0
            -119.83486,38.77031,0
            -119.83473,38.77034,0
            -119.83467,38.77036,0
            -119.83459,38.77038,0
            -119.83437,38.77045,0
            -119.83403,38.77058,0
            -119.83351,38.7708,0
            -119.83233,38.77135,0
            -119.83215,38.77144,0
            -119.8321,38.77147,0
            -119.83204,38.7715,0
            -119.83193,38.77157,0
            -119.83177,38.77166,0
            -119.83167,38.77173,0
            -119.83159,38.77178,0
            -119.83128,38.77202,0
            -119.83042,38.77273,0
            -119.83025,38.77288,0
            -119.83024,38.77288,0
            -119.82993,38.77314,0
            -119.8297,38.77332,0
            -119.82963,38.77338,0
            -119.82954,38.77344,0
            -119.8295,38.77346,0
            -119.82947,38.77348,0
            -119.82925,38.7736,0
            -119.82902,38.7737,0
            -119.82894,38.77374,0
            -119.82886,38.77377,0
            -119.8288,38.7738,0
            -119.82876,38.77381,0
            -119.82871,38.77383,0
            -119.82863,38.77385,0
            -119.82851,38.77389,0
            -119.82839,38.77392,0
            -119.82815,38.77397,0
            -119.82797,38.774,0
            -119.82778,38.77402,0
            -119.82638,38.77424,0
            -119.82617,38.77429,0
            -119.8261,38.7743,0
            -119.82608,38.7743,0
            -119.82596,38.77434,0
            -119.82589,38.77437,0
            -119.82587,38.77437,0
            -119.82572,38.77443,0
            -119.82566,38.77445,0
            -119.82561,38.77448,0
            -119.82555,38.77451,0
            -119.82548,38.77454,0
            -119.82533,38.77462,0
            -119.82472,38.775,0
            -119.82463,38.77505,0
            -119.82444,38.77518,0
            -119.82443,38.77518,0
            -119.82404,38.77543,0
            -119.82394,38.77545,0
            -119.82387,38.77546,0
            -119.82383,38.77547,0
            -119.8238,38.77547,0
            -119.82373,38.77546,0
            -119.82365,38.77546,0
            -119.82357,38.77545,0
            -119.8231,38.77511,0
            -119.823,38.77503,0
            -119.82259,38.77473,0
            -119.82222,38.77448,0
            -119.82198,38.77434,0
            -119.82191,38.77431,0
            -119.82198,38.77434,0
            -119.82222,38.77448,0
            -119.82259,38.77473,0
            -119.823,38.77503,0
            -119.8231,38.77511,0
            -119.82357,38.77545,0
            -119.82359,38.77551,0
            -119.82359,38.77561,0
            -119.82355,38.77575,0
            -119.82332,38.7759,0
            -119.82328,38.77593,0
            -119.82326,38.77594,0
            -119.82289,38.77617,0
            -119.82276,38.77626,0
            -119.82275,38.77627,0
            -119.8227,38.77631,0
            -119.82264,38.77635,0
            -119.82247,38.7765,0
            -119.82223,38.77674,0
            -119.8221,38.77689,0
            -119.82192,38.77714,0
            -119.82186,38.77724,0
            -119.82169,38.7776,0
            -119.82161,38.77783,0
            -119.82154,38.77816,0
            -119.82152,38.77835,0
            -119.82152,38.77852,0
            -119.82153,38.77871,0
            -119.82153,38.77908,0
            -119.82151,38.77938,0
            -119.8215,38.77945,0
            -119.82148,38.77969,0
            -119.82146,38.77985,0
            -119.82144,38.77996,0
            -119.82142,38.78,0
            -119.82132,38.78037,0
            -119.82117,38.78075,0
            -119.82114,38.7808,0
            -119.82111,38.78087,0
            -119.82107,38.78095,0
            -119.82104,38.78102,0
            -119.82103,38.78103,0
            -119.82099,38.7811,0
            -119.82095,38.78118,0
            -119.82094,38.78119,0
            -119.82087,38.78132,0
            -119.82077,38.78146,0
            -119.82073,38.78153,0
            -119.82048,38.78186,0
            -119.82043,38.78192,0
            -119.82019,38.78214,0
            -119.82012,38.78221,0
            -119.82,38.7823,0
            -119.81992,38.78237,0
            -119.81961,38.78262,0
            -119.81961,38.78263,0
            -119.81944,38.78274,0
            -119.81944,38.78275,0
            -119.81939,38.78278,0
            -119.81809,38.78365,0
            -119.81786,38.78382,0
            -119.81763,38.78401,0
            -119.81682,38.78453,0
            -119.81665,38.78465,0
            -119.81647,38.78476,0
            -119.81594,38.78511,0
            -119.81577,38.78523,0
            -119.81506,38.78569,0
            -119.81489,38.78581,0
            -119.81294,38.78709,0
            -119.81293,38.7871,0
            -119.81101,38.78838,0
            -119.811,38.78838,0
            -119.81084,38.7885,0
            -119.80742,38.79076,0
            -119.80721,38.79089,0
            -119.80704,38.79101,0
            -119.80581,38.79183,0
            -119.80563,38.79194,0
            -119.80546,38.79206,0
            -119.8051,38.79229,0
            -119.8046,38.79263,0
            -119.80458,38.79264,0
            -119.80423,38.79288,0
            -119.80405,38.79299,0
            -119.8037,38.79323,0
            -119.80352,38.79334,0
            -119.80229,38.79416,0
            -119.80211,38.79427,0
            -119.79888,38.79642,0
            -119.7987,38.79653,0
            -119.79835,38.79677,0
            -119.79695,38.79768,0
            -119.79647,38.79797,0
            -119.79567,38.79841,0
            -119.79476,38.79886,0
            -119.79132,38.80044,0
            -119.79132,38.80045,0
            -119.79128,38.80046,0
            -119.78423,38.80368,0
            -119.78395,38.8038,0
            -119.78395,38.80381,0
            -119.78375,38.80389,0
            -119.78314,38.80419,0
            -119.78297,38.80428,0
            -119.78288,38.80432,0
            -119.78279,38.80438,0
            -119.78278,38.80439,0
            -119.78262,38.80448,0
            -119.78214,38.80479,0
            -119.78178,38.80506,0
            -119.78145,38.80533,0
            -119.781,38.80576,0
            -119.7809,38.80588,0
            -119.78084,38.80594,0
            -119.78064,38.80616,0
            -119.78055,38.80628,0
            -119.78037,38.8065,0
            -119.78019,38.80676,0
            -119.78012,38.80687,0
            -119.77983,38.80738,0
            -119.77979,38.80748,0
            -119.77967,38.80773,0
            -119.77958,38.80797,0
            -119.77954,38.80806,0
            -119.77954,38.80808,0
            -119.77941,38.80849,0
            -119.77932,38.80885,0
            -119.77928,38.80905,0
            -119.77925,38.80928,0
            -119.77923,38.80953,0
            -119.77921,38.80997,0
            -119.77921,38.81113,0
            -119.7792,38.81144,0
            -119.7792,38.81518,0
            -119.77917,38.81844,0
            -119.77916,38.81862,0
            -119.77915,38.82113,0
            -119.77914,38.82149,0
            -119.77909,38.83226,0
            -119.7791,38.83296,0
            -119.77905,38.84302,0
            -119.77904,38.84336,0
            -119.77903,38.84713,0
            -119.77901,38.84859,0
            -119.77902,38.85363,0
            -119.77903,38.85381,0
            -119.77905,38.86185,0
            -119.77903,38.86259,0
            -119.77909,38.88767,0
            -119.77908,38.88839,0
            -119.77911,38.89692,0
            -119.7791,38.89712,0
            -119.77905,38.89724,0
            -119.77908,38.90084,0
            -119.77911,38.90092,0
            -119.77913,38.90111,0
            -119.77914,38.90756,0
            -119.77915,38.90781,0
            -119.77916,38.90937,0
            -119.77913,38.90944,0
            -119.77912,38.90952,0
            -119.77912,38.90962,0
            -119.7791,38.90989,0
            -119.77912,38.91018,0
            -119.77911,38.91023,0
            -119.77911,38.91028,0
            -119.77909,38.91034,0
            -119.77906,38.91035,0
            -119.77904,38.91036,0
            -119.77902,38.91038,0
            -119.77902,38.91039,0
            -119.77879,38.91046,0
            -119.77875,38.91048,0
            -119.77844,38.91054,0
            -119.77816,38.91057,0
            -119.76769,38.91061,0
            -119.76341,38.91066,0
            -119.76051,38.91066,0
            -119.75934,38.91068,0
            -119.75612,38.91069,0
            -119.75612,38.91102,0
            -119.75613,38.91115,0
            -119.75613,38.9114,0
            -119.75618,38.91296,0
            -119.75618,38.91351,0
            -119.75617,38.91353,0
            -119.75616,38.9136,0
            -119.75614,38.91368,0
            -119.75608,38.9138,0
            -119.75604,38.91386,0
            -119.75599,38.91392,0
            -119.75592,38.91399,0
            -119.7557,38.91414,0
            -119.75556,38.9142,0
            -119.75543,38.91424,0
            -119.75535,38.91426,0
            -119.7551,38.91429,0
            -119.74285,38.91414,0
            -119.74266,38.91412,0
            -119.74217,38.91412,0
            -119.74214,38.91413,0
            -119.73919,38.91414,0
            -119.73849,38.91412,0
            -119.73419,38.91411,0
            -119.73393,38.91408,0
            -119.73374,38.91402,0
            -119.73367,38.91399,0
            -119.73353,38.91391,0
            -119.73337,38.91378,0
            -119.73334,38.91375,0
            -119.73326,38.91364,0
            -119.73321,38.91355,0
            -119.73319,38.91349,0
            -119.73318,38.91345,0
            -119.73318,38.91342,0
            -119.73317,38.91337,0
            -119.73317,38.91332,0
            -119.73316,38.91325,0
            -119.73316,38.91308,0
            -119.73317,38.91289,0
            -119.73318,38.91244,0
            -119.73316,38.91211,0
            -119.73316,38.91137,0
            -119.73315,38.91125,0
            -119.73311,38.9111,0
            -119.73308,38.91102,0
            -119.73303,38.91094,0
            -119.73292,38.91079,0
            -119.7329,38.91078,0
            -119.73286,38.91073,0
            -119.73279,38.91068,0
            -119.73271,38.91063,0
            -119.73261,38.91058,0
            -119.7324,38.91051,0
            -119.73233,38.9105,0
            -119.73219,38.91049,0
            -119.73073,38.91049,0
            -119.73048,38.9105,0
            -119.72949,38.9105,0
            -119.72846,38.91052,0
            -119.72694,38.9105,0
            -119.72468,38.91052,0
            -119.72368,38.91055,0
            -119.72358,38.91056,0
            -119.72356,38.91056,0
            -119.72351,38.91057,0
            -119.7234,38.91061,0
            -119.72336,38.91062,0
            -119.72328,38.91066,0
            -119.72319,38.91072,0
            -119.72317,38.91074,0
            -119.7204,38.91305,0
            -119.72024,38.91317,0
            -119.72011,38.91326,0
            -119.71999,38.91333,0
            -119.71997,38.91333,0
            -119.71983,38.9134,0
            -119.71955,38.9135,0
            -119.71954,38.9135,0
            -119.71919,38.91361,0
            -119.71883,38.91371,0
            -119.71862,38.91376,0
            -119.71842,38.91382,0
            -119.71828,38.91388,0
            -119.71808,38.91399,0
            -119.71794,38.91409,0
            -119.71786,38.91416,0
            -119.71764,38.91439,0
            -119.71725,38.91484,0
            -119.71714,38.91493,0
            -119.71707,38.91498,0
            -119.71695,38.91505,0
            -119.7169,38.91507,0
            -119.71677,38.91514,0
            -119.71655,38.91523,0
            -119.71654,38.91524,0
            -119.71643,38.91528,0
            -119.71631,38.91535,0
            -119.71622,38.91535,0
            -119.71618,38.91537,0
            -119.71611,38.91542,0
            -119.7159,38.91559,0
            -119.71427,38.91433,0
            -119.71392,38.91402,0
            -119.71351,38.91364,0
            -119.71303,38.91317,0
            -119.71187,38.91192,0
            -119.71116,38.91121,0
            -119.71085,38.91087,0
            -119.71018,38.91017,0
            -119.71012,38.91008,0
            -119.7097,38.90964,0
            -119.70958,38.90954,0
            -119.70842,38.90834,0
            -119.70814,38.90801,0
            -119.70801,38.90787,0
            -119.70766,38.9074,0
            -119.70766,38.90739,0
            -119.7073,38.90678,0
            -119.70716,38.90656,0
            -119.70703,38.90633,0
            -119.70688,38.90609,0
            -119.70679,38.90596,0
            -119.70666,38.90584,0
            -119.70655,38.90562,0
            -119.70637,38.9053,0
            -119.70601,38.90462,0
            -119.70602,38.90459,0
            -119.706,38.90452,0
            -119.70418,38.90119,0
            -119.70347,38.89994,0
            -119.70345,38.89993,0
            -119.70344,38.89992,0
            -119.70342,38.89991,0
            -119.7022,38.89767,0
            -119.7019,38.89708,0
            -119.70144,38.89611,0
            -119.70138,38.89597,0
            -119.70037,38.8938,0
            -119.70038,38.89379,0
            -119.70037,38.89377,0
            -119.70035,38.89368,0
            -119.70027,38.89351,0
            -119.69996,38.89278,0
            -119.69979,38.89243,0
            -119.69971,38.89228,0
            -119.69931,38.89161,0
            -119.69902,38.8912,0
            -119.69874,38.89085,0
            -119.6986,38.89069,0
            -119.69859,38.89069,0
            -119.69847,38.89054,0
            -119.69846,38.89054,0
            -119.6984,38.89047,0
            -119.69837,38.89044,0
            -119.69836,38.89042,0
            -119.69835,38.89042,0
            -119.69833,38.89041,0
            -119.69832,38.89041,0
            -119.69796,38.89003,0
            -119.69464,38.8868,0
            -119.69464,38.88678,0
            -119.69349,38.88564,0
            -119.69341,38.88558,0
            -119.69322,38.88538,0
            -119.69306,38.88524,0
            -119.69162,38.88381,0
            -119.69158,38.88378,0
            -119.69154,38.88376,0
            -119.69137,38.88362,0
            -119.68937,38.88167,0
            -119.68902,38.88135,0
            -119.68836,38.88069,0
            -119.68785,38.88021,0
            -119.68767,38.88003,0
            -119.68715,38.87948,0
            -119.68691,38.87918,0
            -119.68688,38.87915,0
            -119.68678,38.87901,0
            -119.68666,38.87886,0
            -119.68653,38.87867,0
            -119.68636,38.8784,0
            -119.68604,38.87785,0
            -119.68529,38.8763,0
            -119.68522,38.87614,0
            -119.68491,38.87554,0
            -119.68477,38.87525,0
            -119.68441,38.87456,0
            -119.68441,38.87454,0
            -119.68426,38.87427,0
            -119.68424,38.87422,0
            -119.68382,38.87348,0
            -119.68371,38.87331,0
            -119.68366,38.87321,0
            -119.68316,38.87245,0
            -119.68298,38.8722,0
            -119.68293,38.87212,0
            -119.6826,38.87166,0
            -119.68199,38.87088,0
            -119.68155,38.87037,0
            -119.68109,38.86986,0
            -119.68068,38.86944,0
            -119.68008,38.86885,0
            -119.67965,38.86845,0
            -119.67963,38.86844,0
            -119.67894,38.86784,0
            -119.67829,38.86731,0
            -119.67789,38.867,0
            -119.67787,38.86698,0
            -119.67693,38.86624,0
            -119.67692,38.86623,0
            -119.6766,38.86597,0
            -119.67658,38.86595,0
            -119.67618,38.86564,0
            -119.6758,38.86533,0
            -119.67579,38.86533,0
            -119.67478,38.86452,0
            -119.67411,38.864,0
            -119.67369,38.86366,0
            -119.67368,38.86365,0
            -119.67337,38.8634,0
            -119.6733,38.86335,0
            -119.67302,38.86312,0
            -119.67283,38.86298,0
            -119.67202,38.86234,0
            -119.67146,38.86188,0
            -119.67103,38.86155,0
            -119.67072,38.86129,0
            -119.67001,38.86074,0
            -119.66981,38.86057,0
            -119.66952,38.86035,0
            -119.66799,38.85912,0
            -119.66797,38.85911,0
            -119.66685,38.85822,0
            -119.66683,38.85821,0
            -119.66669,38.8581,0
            -119.66667,38.85808,0
            -119.66621,38.85771,0
            -119.66619,38.85769,0
            -119.66612,38.85764,0
            -119.66521,38.85692,0
            -119.6649,38.85666,0
            -119.66397,38.85595,0
            -119.66346,38.85559,0
            -119.66289,38.85523,0
            -119.66244,38.85498,0
            -119.66185,38.85467,0
            -119.66184,38.85467,0
            -119.66166,38.85458,0
            -119.66154,38.85453,0
            -119.66121,38.85437,0
            -119.66067,38.85415,0
            -119.66017,38.85397,0
            -119.65934,38.8537,0
            -119.6586,38.8535,0
            -119.65765,38.8533,0
            -119.65748,38.85327,0
            -119.65741,38.85325,0
            -119.6547,38.85271,0
            -119.6543,38.85262,0
            -119.65356,38.85242,0
            -119.65292,38.85223,0
            -119.65243,38.85206,0
            -119.65173,38.8518,0
            -119.6507,38.85138,0
            -119.6507,38.85137,0
            -119.65069,38.85136,0
            -119.65068,38.85134,0
            -119.65047,38.85124,0
            -119.64998,38.85098,0
            -119.64997,38.85097,0
            -119.64979,38.85087,0
            -119.64972,38.85084,0
            -119.64697,38.84934,0
            -119.64635,38.84899,0
            -119.64606,38.84884,0
            -119.64574,38.84866,0
            -119.64475,38.84814,0
            -119.64466,38.84811,0
            -119.6438,38.84761,0
            -119.64318,38.8472,0
            -119.64255,38.84676,0
            -119.64202,38.84634,0
            -119.64186,38.8462,0
            -119.64166,38.84601,0
            -119.64111,38.84553,0
            -119.64045,38.84489,0
            -119.64038,38.84483,0
            -119.64014,38.8446,0
            -119.63964,38.84418,0
            -119.63844,38.84329,0
            -119.6381,38.84305,0
            -119.63793,38.84292,0
            -119.63769,38.84275,0
            -119.63727,38.84241,0
            -119.63694,38.84213,0
            -119.63664,38.84183,0
            -119.63636,38.84153,0
            -119.63594,38.841,0
            -119.6356,38.84051,0
            -119.63541,38.84019,0
            -119.63473,38.83893,0
            -119.63442,38.83833,0
            -119.6343,38.83812,0
            -119.63417,38.83792,0
            -119.6341,38.8378,0
            -119.6328,38.83617,0
            -119.63235,38.83563,0
            -119.63187,38.83494,0
            -119.63153,38.83435,0
            -119.63099,38.83319,0
            -119.63059,38.8324,0
            -119.63007,38.83163,0
            -119.6299,38.8314,0
            -119.62989,38.83139,0
            -119.62953,38.83095,0
            -119.62939,38.8308,0
            -119.62931,38.8307,0
            -119.62711,38.82845,0
            -119.62664,38.82789,0
            -119.62617,38.82724,0
            -119.62509,38.82562,0
            -119.62458,38.82482,0
            -119.62431,38.82436,0
            -119.62403,38.82395,0
            -119.62391,38.82379,0
            -119.62354,38.82334,0
            -119.62346,38.82325,0
            -119.62315,38.82293,0
            -119.62293,38.82269,0
            -119.62282,38.8226,0
            -119.62275,38.82253,0
            -119.62238,38.82221,0
            -119.62218,38.82206,0
            -119.62203,38.82193,0
            -119.62182,38.82177,0
            -119.62138,38.82147,0
            -119.62117,38.82134,0
            -119.61999,38.82053,0
            -119.61957,38.82026,0
            -119.6186,38.81959,0
            -119.61773,38.8189,0
            -119.61744,38.81865,0
            -119.61744,38.81864,0
            -119.6174,38.81861,0
            -119.61703,38.81827,0
            -119.61675,38.818,0
            -119.61633,38.81755,0
            -119.61623,38.81745,0
            -119.61608,38.81727,0
            -119.61602,38.81721,0
            -119.6159,38.81707,0
            -119.6158,38.81693,0
            -119.61561,38.8167,0
            -119.61538,38.8164,0
            -119.61507,38.81597,0
            -119.61501,38.81587,0
            -119.61485,38.81565,0
            -119.61464,38.81533,0
            -119.61352,38.8137,0
            -119.61341,38.81355,0
            -119.61337,38.81348,0
            -119.61325,38.81332,0
            -119.61114,38.81024,0
            -119.61113,38.81022,0
            -119.61112,38.81021,0
            -119.61069,38.80958,0
            -119.61058,38.80943,0
            -119.61016,38.80881,0
            -119.61014,38.80879,0
            -119.60818,38.80594,0
            -119.60814,38.80587,0
            -119.60807,38.80578,0
            -119.60807,38.80577,0
            -119.60447,38.80055,0
            -119.60446,38.80054,0
            -119.60445,38.80052,0
            -119.60248,38.79765,0
            -119.60237,38.7975,0
            -119.59783,38.79088,0
            -119.59751,38.79044,0
            -119.59737,38.79026,0
            -119.59676,38.78953,0
            -119.59637,38.78912,0
            -119.59611,38.78886,0
            -119.59547,38.78827,0
            -119.59448,38.78745,0
            -119.59437,38.78735,0
            -119.59433,38.78732,0
            -119.59417,38.78718,0
            -119.59317,38.78637,0
            -119.59294,38.78617,0
            -119.59286,38.78611,0
            -119.59245,38.78576,0
            -119.59242,38.78574,0
            -119.5903,38.78399,0
            -119.58947,38.78326,0
            -119.58888,38.7827,0
            -119.588,38.78181,0
            -119.58763,38.7814,0
            -119.58722,38.78092,0
            -119.58663,38.78019,0
            -119.58582,38.77908,0
            -119.58515,38.77798,0
            -119.58411,38.77616,0
            -119.58407,38.77608,0
            -119.58094,38.77059,0
            -119.58091,38.77053,0
            -119.5792,38.76755,0
            -119.57875,38.76667,0
            -119.57681,38.76259,0
            -119.57594,38.76071,0
            -119.57577,38.76041,0
            -119.57576,38.7604,0
            -119.5751,38.75906,0
            -119.57501,38.7589,0
            -119.57475,38.7584,0
            -119.57475,38.75839,0
            -119.57412,38.75734,0
            -119.57393,38.75704,0
            -119.57356,38.75649,0
            -119.57342,38.7563,0
            -119.57282,38.75543,0
            -119.57109,38.753,0
            -119.57109,38.75299,0
            -119.56665,38.74668,0
            -119.56653,38.74653,0
            -119.56573,38.74539,0
            -119.56561,38.74523,0
            -119.56556,38.74515,0
            -119.56506,38.74444,0
            -119.56494,38.74428,0
            -119.56203,38.74014,0
            -119.5615,38.73941,0
            -119.5615,38.7394,0
            -119.55883,38.73562,0
            -119.55844,38.73505,0
            -119.55804,38.73442,0
            -119.55796,38.73418,0
            -119.55759,38.73354,0
            -119.55691,38.73227,0
            -119.55665,38.73173,0
            -119.55636,38.73109,0
            -119.55636,38.73107,0
            -119.55624,38.73079,0
            -119.55617,38.73061,0
            -119.55615,38.73058,0
            -119.55601,38.73019,0
            -119.55601,38.73018,0
            -119.55584,38.72975,0
            -119.55556,38.72885,0
            -119.55536,38.72806,0
            -119.55442,38.7282,0
            -119.55441,38.7282,0
            -119.55329,38.72838,0
            -119.55173,38.72857,0
            -119.55087,38.72863,0
            -119.55038,38.72865,0
            -119.54946,38.72865,0
            -119.54898,38.72864,0
            -119.54855,38.72862,0
            -119.54829,38.7286,0
            -119.54822,38.7286,0
            -119.54806,38.72858,0
            -119.54761,38.72855,0
            -119.54691,38.72847,0
            -119.54632,38.72838,0
            -119.54558,38.72825,0
            -119.54503,38.72814,0
            -119.54497,38.72812,0
            -119.54319,38.72776,0
            -119.54302,38.72772,0
            -119.54185,38.72748,0
            -119.54165,38.72743,0
            -119.54163,38.72743,0
            -119.5309,38.72521,0
            -119.53033,38.72511,0
            -119.52952,38.72499,0
            -119.52871,38.7249,0
            -119.5278,38.72484,0
            -119.52704,38.72482,0
            -119.52679,38.72482,0
            -119.52662,38.72481,0
            -119.52582,38.72483,0
            -119.52481,38.7249,0
            -119.52388,38.725,0
            -119.52348,38.72506,0
            -119.52313,38.7251,0
            -119.5225,38.72521,0
            -119.52233,38.72525,0
            -119.52173,38.72537,0
            -119.52082,38.7256,0
            -119.52025,38.72577,0
            -119.51989,38.72589,0
            -119.51972,38.72594,0
            -119.51312,38.72814,0
            -119.51311,38.72815,0
            -119.51291,38.72821,0
            -119.51058,38.72899,0
            -119.51054,38.729,0
            -119.50702,38.73017,0
            -119.50654,38.73034,0
            -119.50152,38.73202,0
            -119.50103,38.73217,0
            -119.499,38.73285,0
            -119.49898,38.73286,0
            -119.48982,38.73591,0
            -119.48863,38.73625,0
            -119.48754,38.73653,0
            -119.48744,38.73656,0
            -119.48589,38.73691,0
            -119.47921,38.73812,0
            -119.47912,38.73814,0
            -119.47724,38.73848,0
            -119.47722,38.73848,0
            -119.46666,38.74038,0
            -119.46649,38.74042,0
            -119.45902,38.74176,0
            -119.45888,38.74179,0
            -119.4537,38.74271,0
            -119.45369,38.74271,0
            -119.4528,38.74287,0
            -119.45279,38.74287,0
            -119.45258,38.74291,0
            -119.45256,38.74292,0
            -119.45134,38.74315,0
            -119.45083,38.74326,0
            -119.4499,38.74349,0
            -119.44935,38.74366,0
            -119.44892,38.74381,0
            -119.44822,38.74408,0
            -119.44821,38.74409,0
            -119.44813,38.74411,0
            -119.44745,38.74437,0
            -119.44708,38.74453,0
            -119.44652,38.7448,0
            -119.44613,38.745,0
            -119.44554,38.74532,0
            -119.4453,38.74546,0
            -119.44516,38.74555,0
            -119.44512,38.74557,0
            -119.44454,38.74594,0
            -119.44438,38.74606,0
            -119.44424,38.74615,0
            -119.44421,38.74618,0
            -119.44361,38.74659,0
            -119.44116,38.74832,0
            -119.44112,38.74834,0
            -119.4303,38.75597,0
            -119.43029,38.75598,0
            -119.43015,38.75607,0
            -119.43013,38.75609,0
            -119.42777,38.75775,0
            -119.42694,38.75827,0
            -119.42626,38.75862,0
            -119.42552,38.75894,0
            -119.42449,38.75929,0
            -119.42391,38.75944,0
            -119.42383,38.75945,0
            -119.42361,38.75951,0
            -119.42339,38.75955,0
            -119.42339,38.75956,0
            -119.42306,38.75962,0
            -119.42205,38.75976,0
            -119.41934,38.7601,0
            -119.41888,38.76017,0
            -119.41884,38.76018,0
            -119.4177,38.76039,0
            -119.41726,38.76049,0
            -119.41672,38.76063,0
            -119.41606,38.76082,0
            -119.41597,38.76084,0
            -119.41054,38.7625,0
            -119.41028,38.76257,0
            -119.41003,38.76262,0
            -119.40977,38.76266,0
            -119.40952,38.76269,0
            -119.40903,38.76272,0
            -119.40852,38.76272,0
            -119.40795,38.76268,0
            -119.40606,38.76237,0
            -119.40569,38.76232,0
            -119.40534,38.76226,0
            -119.4051,38.76224,0
            -119.40464,38.76222,0
            -119.40442,38.76222,0
            -119.40414,38.76223,0
            -119.40348,38.7623,0
            -119.40328,38.76234,0
            -119.40307,38.76239,0
            -119.40304,38.76239,0
            -119.40287,38.76244,0
            -119.40266,38.76249,0
            -119.40261,38.76251,0
            -119.4024,38.76258,0
            -119.40213,38.76268,0
            -119.40186,38.7628,0
            -119.40179,38.76284,0
            -119.40162,38.76292,0
            -119.40159,38.76294,0
            -119.4013,38.7631,0
            -119.40122,38.76316,0
            -119.40105,38.76327,0
            -119.40104,38.76327,0
            -119.40097,38.76332,0
            -119.40072,38.76352,0
            -119.39947,38.76468,0
            -119.39911,38.765,0
            -119.39908,38.76503,0
            -119.39859,38.76541,0
            -119.39843,38.76551,0
            -119.39841,38.76552,0
            -119.3984,38.76553,0
            -119.39789,38.76583,0
            -119.39753,38.766,0
            -119.39718,38.76615,0
            -119.39658,38.76637,0
            -119.39631,38.76645,0
            -119.3962,38.76647,0
            -119.39598,38.76653,0
            -119.39589,38.76656,0
            -119.39555,38.76662,0
            -119.39554,38.76662,0
            -119.39509,38.76669,0
            -119.39438,38.76676,0
            -119.3937,38.76676,0
            -119.39357,38.76675,0
            -119.3933,38.76674,0
            -119.39325,38.76673,0
            -119.39311,38.76672,0
            -119.39255,38.76665,0
            -119.39215,38.76658,0
            -119.39193,38.76653,0
            -119.39186,38.76651,0
            -119.3918,38.7665,0
            -119.39167,38.76646,0
            -119.39165,38.76646,0
            -119.39093,38.76622,0
            -119.39072,38.76614,0
            -119.39041,38.766,0
            -119.3898,38.76569,0
            -119.38966,38.7656,0
            -119.38929,38.76539,0
            -119.38874,38.76494,0
            -119.38854,38.76475,0
            -119.38851,38.76473,0
            -119.38848,38.76469,0
            -119.38833,38.76454,0
            -119.38813,38.76432,0
            -119.38805,38.76421,0
            -119.38798,38.76414,0
            -119.38786,38.76399,0
            -119.38784,38.76396,0
            -119.38748,38.76353,0
            -119.38745,38.7635,0
            -119.38736,38.76338,0
            -119.387,38.76296,0
            -119.38694,38.7629,0
            -119.3869,38.76285,0
            -119.38681,38.76275,0
            -119.38649,38.76243,0
            -119.38627,38.76224,0
            -119.38609,38.7621,0
            -119.38584,38.76192,0
            -119.38583,38.76191,0
            -119.38558,38.76175,0
            -119.38557,38.76174,0
            -119.38524,38.76154,0
            -119.38496,38.7614,0
            -119.38491,38.76138,0
            -119.38491,38.76137,0
            -119.38478,38.76131,0
            -119.38477,38.76131,0
            -119.38472,38.76128,0
            -119.38464,38.76124,0
            -119.38459,38.76121,0
            -119.38454,38.76119,0
            -119.38416,38.761,0
            -119.38405,38.76095,0
            -119.384,38.76092,0
            -119.38395,38.7609,0
            -119.38165,38.75976,0
            -119.38125,38.75955,0
            -119.38092,38.75935,0
            -119.37991,38.75859,0
            -119.37964,38.75836,0
            -119.37757,38.75671,0
            -119.37677,38.75604,0
            -119.37675,38.75602,0
            -119.37634,38.75571,0
            -119.37517,38.75492,0
            -119.37463,38.75454,0
            -119.37458,38.75452,0
            -119.37361,38.75384,0
            -119.3735,38.75377,0
            -119.37296,38.7534,0
            -119.37295,38.75339,0
            -119.37183,38.75263,0
            -119.37172,38.75255,0
            -119.37121,38.75223,0
            -119.37111,38.75218,0
            -119.37076,38.75209,0
            -119.37064,38.75207,0
            -119.37051,38.75206,0
            -119.37037,38.75207,0
            -119.37022,38.75209,0
            -119.36994,38.75218,0
            -119.36956,38.75239,0
            -119.36937,38.75268,0
            -119.3691,38.75312,0
            -119.36907,38.75316,0
            -119.36905,38.7532,0
            -119.36817,38.75466,0
            -119.36817,38.75467,0
            -119.36807,38.75482,0
            -119.36768,38.75547,0
            -119.36764,38.75555,0
            -119.36761,38.75559,0
            -119.36729,38.75613,0
            -119.36682,38.75688,0
            -119.36679,38.75694,0
            -119.36672,38.75704,0
            -119.36669,38.7571,0
            -119.36642,38.75753,0
            -119.36607,38.758,0
            -119.36604,38.75803,0
            -119.36601,38.75807,0
            -119.366,38.75809,0
            -119.36598,38.75811,0
            -119.36539,38.75885,0
            -119.36508,38.75921,0
            -119.36495,38.75935,0
            -119.36495,38.75936,0
            -119.36484,38.75946,0
            -119.36484,38.75947,0
            -119.36458,38.75974,0
            -119.3638,38.76048,0
            -119.36305,38.76116,0
            -119.3628,38.76142,0
            -119.36261,38.76163,0
            -119.36239,38.7619,0
            -119.36227,38.76206,0
            -119.36206,38.76239,0
            -119.36182,38.76282,0
            -119.36169,38.76308,0
            -119.36157,38.76339,0
            -119.36155,38.76343,0
            -119.36153,38.76351,0
            -119.36152,38.76352,0
            -119.36146,38.76374,0
            -119.3614,38.76392,0
            -119.36129,38.7644,0
            -119.36129,38.76441,0
            -119.36128,38.76444,0
            -119.36127,38.76457,0
            -119.36126,38.76462,0
            -119.36125,38.76472,0
            -119.36125,38.7648,0
            -119.36123,38.76512,0
            -119.36123,38.76588,0
            -119.36122,38.76637,0
            -119.36122,38.7717,0
            -119.36121,38.77181,0
            -119.36121,38.77196,0
            -119.36119,38.77212,0
            -119.36112,38.77232,0
            -119.36104,38.77247,0
            -119.36096,38.7726,0
            -119.36081,38.77277,0
            -119.36074,38.77283,0
            -119.36053,38.77298,0
            -119.36022,38.77318,0
            -119.35942,38.77363,0
            -119.35924,38.77374,0
            -119.35719,38.7749,0
            -119.3567,38.77519,0
            -119.35446,38.77646,0
            -119.35446,38.77647,0
            -119.35111,38.77838,0
            -119.35092,38.77848,0
            -119.34999,38.77902,0
            -119.3498,38.77912,0
            -119.34646,38.78103,0
            -119.34645,38.78103,0
            -119.34627,38.78114,0
            -119.3449,38.78191,0
            -119.34413,38.78232,0
            -119.34374,38.7825,0
            -119.34362,38.78255,0
            -119.34144,38.78329,0
            -119.34123,38.78337,0
            -119.33457,38.78565,0
            -119.33444,38.78569,0
            -119.33423,38.78577,0
            -119.33381,38.78591,0
            -119.33374,38.78594,0
            -119.3336,38.78598,0
            -119.33085,38.78692,0
            -119.33064,38.787,0
            -119.33001,38.78722,0
            -119.32994,38.78724,0
            -119.32963,38.78739,0
            -119.3295,38.78748,0
            -119.32934,38.7876,0
            -119.32921,38.78773,0
            -119.32904,38.78795,0
            -119.32894,38.78817,0
            -119.3289,38.7883,0
            -119.32889,38.79706,0
            -119.3289,38.7971,0
            -119.3289,38.7994,0
            -119.32891,38.79971,0
            -119.32888,38.79981,0
            -119.32885,38.79989,0
            -119.32882,38.79995,0
            -119.32875,38.80002,0
            -119.32869,38.80009,0
            -119.3286,38.80017,0
            -119.32851,38.80023,0
            -119.32834,38.80032,0
            -119.32817,38.80038,0
            -119.32807,38.80041,0
            -119.32794,38.80044,0
            -119.32066,38.80046,0
            -119.32012,38.8005,0
            -119.3201,38.80051,0
            -119.3199,38.80055,0
            -119.31989,38.80055,0
            -119.31928,38.80073,0
            -119.31902,38.80084,0
            -119.31897,38.80087,0
            -119.31884,38.80093,0
            -119.31857,38.80109,0
            -119.31844,38.80116,0
            -119.31783,38.80153,0
            -119.31765,38.80163,0
            -119.31757,38.80168,0
            -119.31746,38.80173,0
            -119.31745,38.80173,0
            -119.31729,38.80181,0
            -119.31725,38.80182,0
            -119.31697,38.80193,0
            -119.31684,38.80197,0
            -119.31683,38.80197,0
            -119.31678,38.80199,0
            -119.31646,38.80207,0
            -119.3164,38.80209,0
            -119.3162,38.80212,0
            -119.31617,38.80213,0
            -119.31599,38.80215,0
            -119.31594,38.80215,0
            -119.31584,38.80217,0
            -119.31569,38.80217,0
            -119.3156,38.80218,0
            -119.3141,38.80218,0
            -119.31387,38.80217,0
            -119.30744,38.80214,0
            -119.30741,38.80215,0
            -119.30717,38.80214,0
            -119.27798,38.80201,0
            -119.27755,38.80202,0
            -119.27717,38.80204,0
            -119.27647,38.8021,0
            -119.27572,38.80219,0
            -119.27476,38.80236,0
            -119.27376,38.80259,0
            -119.27271,38.80291,0
            -119.27217,38.8031,0
            -119.27215,38.80311,0
            -119.2717,38.80329,0
            -119.27117,38.80352,0
            -119.27032,38.80394,0
            -119.26971,38.80429,0
            -119.26876,38.80487,0
            -119.2687,38.8049,0
            -119.26852,38.80501,0
            -119.26851,38.80501,0
            -119.26824,38.80518,0
            -119.26352,38.80801,0
            -119.2634,38.80809,0
            -119.26243,38.80866,0
            -119.26212,38.80883,0
            -119.2617,38.80904,0
            -119.26113,38.80929,0
            -119.2605,38.80953,0
            -119.25991,38.80971,0
            -119.25931,38.80987,0
            -119.2587,38.81,0
            -119.25765,38.81015,0
            -119.2576,38.81015,0
            -119.25744,38.81017,0
            -119.25714,38.81019,0
            -119.25709,38.8102,0
            -119.25692,38.81021,0
            -119.25668,38.81021,0
            -119.25636,38.81022,0
            -119.25576,38.81021,0
            -119.25562,38.8102,0
            -119.25553,38.8102,0
            -119.25354,38.81003,0
            -119.25301,38.80997,0
            -119.25209,38.80989,0
            -119.25205,38.80989,0
            -119.25076,38.80976,0
            -119.25072,38.80976,0
            -119.24744,38.80945,0
            -119.24739,38.80944,0
            -119.24423,38.80915,0
            -119.244,38.80912,0
            -119.2385,38.80861,0
            -119.23827,38.80858,0
            -119.23554,38.80833,0
            -119.23531,38.8083,0
            -119.23524,38.8083,0
            -119.23416,38.8082,0
            -119.23409,38.80819,0
            -119.23318,38.8081,0
            -119.23279,38.80807,0
            -119.23256,38.80804,0
            -119.23249,38.80804,0
            -119.23073,38.80787,0
            -119.23066,38.80786,0
            -119.2305,38.80785,0
            -119.23046,38.80785,0
            -119.22977,38.80778,0
            -119.22975,38.80778,0
            -119.22947,38.80775,0
            -119.22931,38.80774,0
            -119.22912,38.80772,0
            -119.22906,38.80772,0
            -119.22831,38.80764,0
            -119.22768,38.80759,0
            -119.22745,38.80756,0
            -119.2266,38.80748,0
            -119.22654,38.80747,0
            -119.22648,38.80747,0
            -119.22642,38.80746,0
            -119.22622,38.80745,0
            -119.22545,38.80738,0
            -119.22539,38.80737,0
            -119.22534,38.80737,0
            -119.22528,38.80736,0
            -119.22523,38.80736,0
            -119.225,38.80734,0
            -119.22479,38.80733,0
            -119.22461,38.80734,0
            -119.22454,38.80734,0
            -119.22435,38.80736,0
            -119.2243,38.80736,0
            -119.22424,38.80737,0
            -119.22419,38.80737,0
            -119.22412,38.80738,0
            -119.22408,38.80739,0
            -119.224,38.8074,0
            -119.22371,38.80746,0
            -119.22352,38.80751,0
            -119.22346,38.80753,0
            -119.22342,38.80754,0
            -119.22336,38.80756,0
            -119.22334,38.80756,0
            -119.22321,38.8076,0
            -119.2232,38.8076,0
            -119.22305,38.80766,0
            -119.22271,38.80781,0
            -119.22246,38.80795,0
            -119.22218,38.80813,0
            -119.22203,38.80825,0
            -119.22201,38.80826,0
            -119.22188,38.80839,0
            -119.22179,38.80846,0
            -119.2214,38.80887,0
            -119.22136,38.80892,0
            -119.22096,38.80934,0
            -119.21995,38.81044,0
            -119.21977,38.8106,0
            -119.21972,38.81063,0
            -119.21958,38.81073,0
            -119.21924,38.8109,0
            -119.2185,38.81121,0
            -119.2184,38.81126,0
            -119.21813,38.81137,0
            -119.21789,38.81148,0
            -119.21758,38.81166,0
            -119.21744,38.81176,0
            -119.21694,38.81219,0
            -119.21692,38.81221,0
            -119.21667,38.81239,0
            -119.21638,38.81258,0
            -119.21627,38.81264,0
            -119.21608,38.81273,0
            -119.21583,38.81283,0
            -119.2158,38.81285,0
            -119.21567,38.81289,0
            -119.21562,38.81291,0
            -119.21561,38.81291,0
            -119.21542,38.81298,0
            -119.21541,38.81298,0
            -119.21461,38.81325,0
            -119.21416,38.81339,0
            -119.21278,38.81386,0
            -119.21254,38.81393,0
            -119.21175,38.81419,0
            -119.21145,38.81428,0
            -119.21116,38.81438,0
            -119.21115,38.81438,0
            -119.21097,38.81446,0
            -119.21079,38.81455,0
            -119.21072,38.81459,0
            -119.21066,38.81463,0
            -119.21061,38.81467,0
            -119.21059,38.81469,0
            -119.2103,38.81492,0
            -119.20945,38.81567,0
            -119.20902,38.81603,0
            -119.20886,38.81621,0
            -119.20879,38.81631,0
            -119.20871,38.81648,0
            -119.20871,38.81649,0
            -119.20868,38.81655,0
            -119.20866,38.81663,0
            -119.20865,38.81666,0
            -119.20862,38.81691,0
            -119.20855,38.81729,0
            -119.20851,38.8174,0
            -119.20847,38.81747,0
            -119.20844,38.81754,0
            -119.20841,38.81759,0
            -119.20827,38.81777,0
            -119.20809,38.81794,0
            -119.20793,38.81806,0
            -119.20764,38.81823,0
            -119.20747,38.81832,0
            -119.20709,38.81846,0
            -119.20699,38.81848,0
            -119.20674,38.81855,0
            -119.20663,38.81857,0
            -119.20661,38.81858,0
            -119.20649,38.81861,0
            -119.20642,38.81864,0
            -119.20641,38.81864,0
            -119.20639,38.81865,0
            -119.20621,38.81871,0
            -119.20602,38.8188,0
            -119.20585,38.81891,0
            -119.20579,38.81896,0
            -119.20576,38.81898,0
            -119.20569,38.81904,0
            -119.20554,38.81919,0
            -119.20541,38.81934,0
            -119.20541,38.81935,0
            -119.2054,38.81935,0
            -119.20534,38.81943,0
            -119.20528,38.81949,0
            -119.20527,38.81949,0
            -119.2052,38.81956,0
            -119.20513,38.81961,0
            -119.20504,38.81966,0
            -119.20496,38.81971,0
            -119.20482,38.81978,0
            -119.20458,38.81986,0
            -119.20404,38.82,0
            -119.20395,38.82003,0
            -119.20379,38.8201,0
            -119.20372,38.82014,0
            -119.2036,38.82023,0
            -119.20356,38.82027,0
            -119.20353,38.82029,0
            -119.20343,38.82039,0
            -119.20338,38.82047,0
            -119.20333,38.82054,0
            -119.20329,38.82061,0
            -119.20329,38.82062,0
            -119.20325,38.82074,0
            -119.20325,38.82079,0
            -119.20324,38.82083,0
            -119.20324,38.82096,0
            -119.20325,38.82105,0
            -119.20332,38.82121,0
            -119.20342,38.82138,0
            -119.20347,38.82145,0
            -119.20358,38.82162,0
            -119.20363,38.82172,0
            -119.20366,38.82182,0
            -119.20369,38.82194,0
            -119.20369,38.82204,0
            -119.20368,38.82208,0
            -119.20367,38.82216,0
            -119.20367,38.82217,0
            -119.20364,38.82227,0
            -119.20361,38.82233,0
            -119.2036,38.82234,0
            -119.20356,38.82242,0
            -119.20352,38.82249,0
            -119.20341,38.82265,0
            -119.2034,38.82265,0
            -119.20338,38.82268,0
            -119.20328,38.8228,0
            -119.2032,38.82287,0
            -119.20314,38.82293,0
            -119.20299,38.82305,0
            -119.20279,38.82317,0
            -119.20264,38.82324,0
            -119.20257,38.82328,0
            -119.20221,38.82344,0
            -119.202,38.82352,0
            -119.20198,38.82353,0
            -119.20197,38.82353,0
            -119.2018,38.82359,0
            -119.20176,38.8236,0
            -119.20175,38.8236,0
            -119.2017,38.82362,0
            -119.20162,38.82364,0
            -119.20156,38.82366,0
            -119.20154,38.82366,0
            -119.20132,38.82372,0
            -119.20125,38.82373,0
            -119.20106,38.82377,0
            -119.20087,38.8238,0
            -119.20083,38.82381,0
            -119.20043,38.82388,0
            -119.20042,38.82388,0
            -119.19952,38.82402,0
            -119.19951,38.82402,0
            -119.1993,38.82406,0
            -119.19928,38.82406,0
            -119.19907,38.8241,0
            -119.19906,38.8241,0
            -119.19671,38.82449,0
            -119.19667,38.8245,0
            -119.19666,38.8245,0
            -119.19662,38.82451,0
            -119.1966,38.82451,0
            -119.19625,38.8246,0
            -119.19592,38.82471,0
            -119.19567,38.82481,0
            -119.1953,38.82499,0
            -119.19491,38.82522,0
            -119.19472,38.82536,0
            -119.1947,38.82537,0
            -119.19469,38.82538,0
            -119.1946,38.82545,0
            -119.19455,38.82548,0
            -119.19454,38.8255,0
            -119.19435,38.82566,0
            -119.19421,38.82579,0
            -119.19401,38.82599,0
            -119.19388,38.82614,0
            -119.19375,38.82631,0
            -119.19355,38.82659,0
            -119.19352,38.82664,0
            -119.19349,38.82667,0
            -119.19349,38.82668,0
            -119.19295,38.82749,0
            -119.19273,38.82786,0
            -119.19262,38.82803,0
            -119.19257,38.82813,0
            -119.19218,38.82876,0
            -119.19216,38.82877,0
            -119.1921,38.82888,0
            -119.19167,38.82956,0
            -119.19166,38.82958,0
            -119.19159,38.82969,0
            -119.19157,38.82973,0
            -119.19156,38.82974,0
            -119.1914,38.82998,0
            -119.19124,38.83027,0
            -119.19111,38.83053,0
            -119.19095,38.83089,0
            -119.19088,38.83107,0
            -119.19069,38.83167,0
            -119.19058,38.83222,0
            -119.1905,38.83273,0
            -119.19046,38.83332,0
            -119.19046,38.83366,0
            -119.19048,38.83389,0
            -119.19049,38.83411,0
            -119.19057,38.83463,0
            -119.19062,38.83487,0
            -119.19065,38.83498,0
            -119.19065,38.83499,0
            -119.1907,38.83516,0
            -119.19072,38.83525,0
            -119.19091,38.83591,0
            -119.19094,38.83604,0
            -119.19131,38.83734,0
            -119.19146,38.838,0
            -119.19153,38.83844,0
            -119.19156,38.83869,0
            -119.19157,38.83872,0
            -119.19161,38.83919,0
            -119.19162,38.83925,0
            -119.19164,38.83975,0
            -119.19164,38.83997,0
            -119.19163,38.84015,0
            -119.19163,38.84031,0
            -119.19154,38.84181,0
            -119.19152,38.84204,0
            -119.19149,38.8426,0
            -119.19139,38.84394,0
            -119.19136,38.84451,0
            -119.19133,38.84487,0
            -119.1912,38.8473,0
            -119.19118,38.84755,0
            -119.19116,38.84803,0
            -119.19105,38.8493,0
            -119.19103,38.84964,0
            -119.19099,38.85008,0
            -119.19099,38.85014,0
            -119.19097,38.85044,0
            -119.19096,38.85051,0
            -119.19095,38.85074,0
            -119.1909,38.85128,0
            -119.1909,38.85138,0
            -119.19087,38.85171,0
            -119.19087,38.85182,0
            -119.19085,38.85204,0
            -119.1907,38.85435,0
            -119.1907,38.85445,0
            -119.19069,38.85463,0
            -119.19069,38.85499,0
            -119.1907,38.85511,0
            -119.1907,38.85533,0
            -119.19071,38.85545,0
            -119.19072,38.85551,0
            -119.19073,38.85565,0
            -119.19073,38.85576,0
            -119.19074,38.85587,0
            -119.19075,38.85589,0
            -119.19078,38.85621,0
            -119.19079,38.85625,0
            -119.19082,38.85643,0
            -119.19083,38.85653,0
            -119.19085,38.8566,0
            -119.19088,38.85677,0
            -119.19089,38.85685,0
            -119.19099,38.8573,0
            -119.19102,38.8574,0
            -119.19111,38.85777,0
            -119.1916,38.85954,0
            -119.19161,38.85959,0
            -119.19164,38.8597,0
            -119.19166,38.85976,0
            -119.19171,38.85998,0
            -119.19186,38.86051,0
            -119.19189,38.86066,0
            -119.19199,38.86105,0
            -119.19211,38.86172,0
            -119.1922,38.86271,0
            -119.19222,38.86303,0
            -119.19222,38.86337,0
            -119.19215,38.86486,0
            -119.19215,38.86504,0
            -119.19198,38.86828,0
            -119.19197,38.86864,0
            -119.19168,38.87438,0
            -119.19168,38.87447,0
            -119.19163,38.87527,0
            -119.19163,38.87545,0
            -119.19155,38.87703,0
            -119.1915,38.87759,0
            -119.19143,38.87807,0
            -119.19135,38.8785,0
            -119.19127,38.87886,0
            -119.1911,38.87948,0
            -119.1907,38.8806,0
            -119.19016,38.88179,0
            -119.18845,38.88529,0
            -119.18805,38.88614,0
            -119.18766,38.88692,0
            -119.18692,38.8885,0
            -119.18685,38.88869,0
            -119.18674,38.88904,0
            -119.18665,38.88943,0
            -119.1866,38.88973,0
            -119.18658,38.88992,0
            -119.18657,38.89013,0
            -119.18658,38.89067,0
            -119.18659,38.89074,0
            -119.18673,38.89254,0
            -119.1869,38.89438,0
            -119.18695,38.89471,0
            -119.18714,38.89558,0
            -119.18724,38.89593,0
            -119.18749,38.89666,0
            -119.18782,38.89742,0
            -119.18792,38.89761,0
            -119.18794,38.89764,0
            -119.18803,38.89781,0
            -119.18846,38.89856,0
            -119.18958,38.90028,0
            -119.18964,38.9004,0
            -119.18986,38.9008,0
            -119.19028,38.90173,0
            -119.19344,38.91014,0
            -119.19377,38.91118,0
            -119.19387,38.91162,0
            -119.19393,38.91201,0
            -119.19404,38.91286,0
            -119.19407,38.91305,0
            -119.19409,38.91332,0
            -119.1941,38.91383,0
            -119.19407,38.91452,0
            -119.193,38.92651,0
            -119.19297,38.92693,0
            -119.19225,38.9349,0
            -119.19215,38.93616,0
            -119.19213,38.93633,0
            -119.19149,38.94347,0
            -119.19144,38.94427,0
            -119.19139,38.94538,0
            -119.19139,38.94555,0
            -119.19138,38.94573,0
            -119.19137,38.94685,0
            -119.19138,38.94753,0
            -119.19137,38.9535,0
            -119.19135,38.9543,0
            -119.19127,38.9551,0
            -119.1912,38.95547,0
            -119.19107,38.95608,0
            -119.1905,38.95852,0
            -119.19037,38.95902,0
            -119.18957,38.96237,0
            -119.18955,38.96244,0
            -119.18955,38.96245,0
            -119.18952,38.96255,0
            -119.18951,38.96262,0
            -119.18951,38.96263,0
            -119.1895,38.96265,0
            -119.18889,38.96514,0
            -119.18888,38.9652,0
            -119.18884,38.9653,0
            -119.18841,38.96667,0
            -119.18789,38.96808,0
            -119.18786,38.96818,0
            -119.18738,38.96932,0
            -119.18736,38.96936,0
            -119.18721,38.96973,0
            -119.18713,38.9699,0
            -119.18692,38.97041,0
            -119.18689,38.97047,0
            -119.18644,38.97153,0
            -119.1864,38.97161,0
            -119.1864,38.97162,0
            -119.18633,38.97178,0
            -119.18606,38.97247,0
            -119.18592,38.97287,0
            -119.18587,38.97304,0
            -119.18568,38.97377,0
            -119.1855,38.97475,0
            -119.1855,38.97476,0
            -119.18548,38.97487,0
            -119.18543,38.97539,0
            -119.1854,38.97599,0
            -119.1854,38.97638,0
            -119.18536,38.97671,0
            -119.18535,38.9769,0
            -119.18518,38.97757,0
            -119.18516,38.97761,0
            -119.18498,38.97805,0
            -119.18494,38.97813,0
            -119.18491,38.9782,0
            -119.18432,38.97924,0
            -119.18401,38.97976,0
            -119.18396,38.97987,0
            -119.18393,38.97991,0
            -119.18384,38.98011,0
            -119.18371,38.98049,0
            -119.18363,38.9808,0
            -119.18357,38.98122,0
            -119.18347,38.9817,0
            -119.1831,38.98454,0
            -119.18305,38.98521,0
            -119.18305,38.9853,0
            -119.18272,38.98762,0
            -119.18217,38.99208,0
            -119.18209,38.99257,0
            -119.18196,38.99357,0
            -119.18192,38.99397,0
            -119.18132,38.99398,0
            -119.17941,38.99398,0
            -119.17932,38.99397,0
            -119.17251,38.99393,0
            -119.17225,38.99392,0
            -119.16556,38.99389,0
            -119.16509,38.99388,0
            -119.16357,38.99388,0
            -119.16317,38.99387,0
            -119.16317,38.99417,0
            -119.16315,38.99425,0
            -119.16312,38.99447,0
            -119.16312,38.99449,0
            -119.16302,38.99486,0
            -119.16298,38.99497,0
            -119.16288,38.99515,0
            -119.16276,38.99539,0
            -119.16261,38.99562,0
            -119.1625,38.99577,0
            -119.16242,38.99587,0
            -119.16221,38.99609,0
            -119.162,38.99629,0
            -119.16178,38.99646,0
            -119.16138,38.99673,0
            -119.16115,38.99686,0
            -119.16069,38.99707,0
            -119.16046,38.99716,0
            -119.16026,38.99723,0
            -119.16006,38.99729,0
            -119.15973,38.99737,0
            -119.1593,38.99744,0
            -119.1591,38.99746,0
            -119.15886,38.99747,0
            -119.13708,38.99759,0
            -119.13669,38.9976,0
            -119.13621,38.99759,0
            -119.12403,38.99767,0
            -119.12287,38.99763,0
            -119.12225,38.99762,0
            -119.11709,38.99745,0
            -119.11693,38.99745,0
            -119.11685,38.99744,0
            -119.11668,38.99744,0
            -119.11647,38.99743,0
            -119.11547,38.99741,0
            -119.11369,38.99742,0
            -119.11346,38.99743,0
            -119.11323,38.99743,0
            -119.10707,38.99759,0
            -119.10664,38.99761,0
            -119.10578,38.99768,0
            -119.1052,38.99774,0
            -119.10482,38.99779,0
            -119.10419,38.99789,0
            -119.10392,38.99794,0
            -119.10297,38.99814,0
            -119.10223,38.99834,0
            -119.10147,38.99857,0
            -119.1009,38.99877,0
            -119.1002,38.99905,0
            -119.09951,38.99935,0
            -119.04755,39.02569,0
            -119.04736,39.02578,0
            -119.04731,39.02581,0
            -119.04607,39.02644,0
            -119.046,39.02647,0
            -119.04333,39.02782,0
            -119.04214,39.02839,0
            -119.04089,39.02893,0
            -119.04088,39.02893,0
            -119.04027,39.02918,0
            -119.03939,39.02951,0
            -119.03849,39.02983,0
            -119.03663,39.03041,0
            -119.0357,39.03066,0
            -119.03433,39.031,0
            -119.03427,39.03101,0
            -119.03322,39.03124,0
            -119.03239,39.0314,0
            -119.0311,39.03161,0
            -119.02833,39.03201,0
            -119.02823,39.03203,0
            -119.02264,39.03285,0
            -119.02242,39.03289,0
            -119.0206,39.03315,0
            -119.02037,39.03319,0
            -119.01996,39.03324,0
            -119.01945,39.03328,0
            -119.01941,39.03329,0
            -119.01922,39.03329,0
            -119.01862,39.03331,0
            -119.01789,39.0333,0
            -119.01743,39.03327,0
            -119.01704,39.03323,0
            -119.01634,39.03314,0
            -119.01563,39.033,0
            -119.01486,39.0328,0
            -119.01143,39.03179,0
            -119.0111,39.03171,0
            -119.01038,39.03159,0
            -119.01003,39.03155,0
            -119.00975,39.03153,0
            -119.00941,39.03152,0
            -119.00892,39.03152,0
            -119.00877,39.03153,0
            -119.00869,39.03153,0
            -119.00841,39.03155,0
            -119.0081,39.03159,0
            -119.00779,39.03164,0
            -119.00778,39.03164,0
            -119.00755,39.03168,0
            -119.00753,39.03169,0
            -119.00723,39.03175,0
            -119.00666,39.03188,0
            -119.00575,39.03211,0
            -119.00504,39.03226,0
            -119.0044,39.03234,0
            -119.00418,39.03236,0
            -119.0036,39.03238,0
            -119.00331,39.03238,0
            -119.00078,39.03223,0
            -119.00039,39.03223,0
            -118.99982,39.03225,0
            -118.99918,39.03232,0
            -118.99873,39.03239,0
            -118.99837,39.03247,0
            -118.99764,39.03265,0
            -118.99748,39.0327,0
            -118.99704,39.03286,0
            -118.99636,39.03316,0
            -118.99581,39.03346,0
            -118.99519,39.03387,0
            -118.98981,39.03767,0
            -118.98979,39.03769,0
            -118.98365,39.04203,0
            -118.98348,39.04216,0
            -118.98217,39.04307,0
            -118.98123,39.04365,0
            -118.98059,39.044,0
            -118.98007,39.04426,0
            -118.97953,39.04451,0
            -118.97923,39.04463,0
            -118.97903,39.04472,0
            -118.9782,39.04504,0
            -118.97816,39.04505,0
            -118.97738,39.04531,0
            -118.97692,39.04545,0
            -118.97635,39.04561,0
            -118.97576,39.04575,0
            -118.97483,39.04594,0
            -118.97387,39.04609,0
            -118.97292,39.0462,0
            -118.97287,39.04621,0
            -118.97264,39.04623,0
            -118.97258,39.04623,0
            -118.97208,39.04627,0
            -118.97162,39.04628,0
            -118.97126,39.0463,0
            -118.9706,39.0463,0
            -118.96978,39.04628,0
            -118.96917,39.04624,0
            -118.96848,39.04618,0
            -118.96825,39.04615,0
            -118.96803,39.04613,0
            -118.96368,39.04559,0
            -118.96363,39.04558,0
            -118.95819,39.04492,0
            -118.95807,39.04491,0
            -118.95545,39.04457,0
            -118.95477,39.04446,0
            -118.95454,39.04443,0
            -118.95274,39.04409,0
            -118.95074,39.04364,0
            -118.95067,39.04362,0
            -118.94896,39.04324,0
            -118.94874,39.04318,0
            -118.94507,39.04235,0
            -118.94496,39.04232,0
            -118.94474,39.04227,0
            -118.94452,39.04221,0
            -118.94413,39.04212,0
            -118.94347,39.04194,0
            -118.94342,39.04193,0
            -118.94294,39.0418,0
            -118.94228,39.0416,0
            -118.94114,39.04123,0
            -118.94042,39.04098,0
            -118.93895,39.04042,0
            -118.9367,39.03952,0
            -118.93647,39.03942,0
            -118.93401,39.03846,0
            -118.9336,39.03829,0
            -118.9303,39.03699,0
            -118.92887,39.0364,0
            -118.92795,39.03599,0
            -118.92747,39.03576,0
            -118.9174,39.03063,0
            -118.91726,39.03057,0
            -118.91708,39.03047,0
            -118.91707,39.03047,0
            -118.91702,39.03044,0
            -118.91397,39.02889,0
            -118.91392,39.02887,0
            -118.91069,39.02722,0
            -118.91067,39.02722,0
            -118.91062,39.02719,0
            -118.91017,39.02696,0
            -118.91006,39.02691,0
            -118.90953,39.02663,0
            -118.90332,39.02347,0
            -118.90327,39.02344,0
            -118.90308,39.02334,0
            -118.90288,39.02325,0
            -118.90154,39.02256,0
            -118.9014,39.02248,0
            -118.90114,39.02236,0
            -118.90082,39.02219,0
            -118.90075,39.02216,0
            -118.90037,39.02196,0
            -118.89959,39.02157,0
            -118.89931,39.02142,0
            -118.89611,39.01979,0
            -118.89572,39.0196,0
            -118.89306,39.01823,0
            -118.89301,39.01821,0
            -118.89268,39.01805,0
            -118.89225,39.01782,0
            -118.89155,39.01747,0
            -118.89129,39.01732,0
            -118.89125,39.0173,0
            -118.89051,39.01685,0
            -118.88968,39.0163,0
            -118.88919,39.01595,0
            -118.88887,39.01567,0
            -118.88851,39.01538,0
            -118.88795,39.01486,0
            -118.88781,39.01472,0
            -118.88775,39.01467,0
            -118.88655,39.01345,0
            -118.88497,39.01188,0
            -118.88483,39.01173,0
            -118.88428,39.01119,0
            -118.88387,39.01076,0
            -118.87959,39.00647,0
            -118.87945,39.00632,0
            -118.87593,39.00278,0
            -118.87582,39.00268,0
            -118.8755,39.00236,0
            -118.87536,39.00221,0
            -118.87479,39.00165,0
            -118.87437,39.00122,0
            -118.87422,39.00108,0
            -118.87314,38.99998,0
            -118.87302,38.99987,0
            -118.87251,38.99935,0
            -118.87165,38.99838,0
            -118.87155,38.99826,0
            -118.87102,38.99758,0
            -118.87054,38.9969,0
            -118.87049,38.99682,0
            -118.87038,38.99667,0
            -118.87012,38.99628,0
            -118.86987,38.99588,0
            -118.8694,38.99502,0
            -118.86913,38.99447,0
            -118.8689,38.99403,0
            -118.86867,38.99356,0
            -118.86865,38.99353,0
            -118.86849,38.99319,0
            -118.86752,38.99131,0
            -118.86745,38.99115,0
            -118.86721,38.99068,0
            -118.86713,38.99051,0
            -118.86704,38.99035,0
            -118.86618,38.98868,0
            -118.8661,38.98851,0
            -118.86594,38.9882,0
            -118.86593,38.98817,0
            -118.86584,38.98801,0
            -118.86581,38.98794,0
            -118.86469,38.98573,0
            -118.86443,38.98519,0
            -118.86327,38.98295,0
            -118.86169,38.97981,0
            -118.8615,38.97945,0
            -118.86127,38.97906,0
            -118.86102,38.97867,0
            -118.86088,38.97847,0
            -118.86055,38.97803,0
            -118.86043,38.97786,0
            -118.86017,38.97754,0
            -118.85988,38.97721,0
            -118.85913,38.97641,0
            -118.8587,38.976,0
            -118.85774,38.97519,0
            -118.85535,38.97312,0
            -118.85527,38.97306,0
            -118.8545,38.97239,0
            -118.85434,38.97226,0
            -118.85326,38.97132,0
            -118.8531,38.97119,0
            -118.85175,38.97002,0
            -118.85119,38.96955,0
            -118.85016,38.96865,0
            -118.85,38.96852,0
            -118.84979,38.96833,0
            -118.84823,38.96699,0
            -118.84822,38.96699,0
            -118.84821,38.96697,0
            -118.8481,38.96688,0
            -118.84716,38.96604,0
            -118.84692,38.96584,0
            -118.84665,38.9656,0
            -118.84631,38.96532,0
            -118.8463,38.9653,0
            -118.84415,38.96344,0
            -118.8441,38.96339,0
            -118.844,38.96331,0
            -118.84353,38.96288,0
            -118.8432,38.9626,0
            -118.84317,38.96257,0
            -118.84186,38.96146,0
            -118.8413,38.96097,0
            -118.84123,38.96092,0
            -118.83817,38.95826,0
            -118.83741,38.95762,0
            -118.83713,38.9574,0
            -118.8367,38.95709,0
            -118.83585,38.95656,0
            -118.8355,38.95636,0
            -118.83494,38.95601,0
            -118.83077,38.95355,0
            -118.83059,38.95345,0
            -118.83058,38.95344,0
            -118.82763,38.9517,0
            -118.82745,38.9516,0
            -118.82745,38.95159,0
            -118.82594,38.95071,0
            -118.82563,38.95052,0
            -118.82557,38.95049,0
            -118.82301,38.94897,0
            -118.82296,38.94895,0
            -118.82198,38.94837,0
            -118.82197,38.94836,0
            -118.82189,38.94831,0
            -118.82172,38.94822,0
            -118.82108,38.94783,0
            -118.8207,38.94758,0
            -118.82055,38.94747,0
            -118.82014,38.94715,0
            -118.81976,38.94683,0
            -118.81968,38.94674,0
            -118.81959,38.94666,0
            -118.81933,38.9464,0
            -118.81926,38.94631,0
            -118.81888,38.94589,0
            -118.81658,38.94323,0
            -118.81622,38.94285,0
            -118.81572,38.94241,0
            -118.81555,38.94227,0
            -118.81488,38.94181,0
            -118.81446,38.94157,0
            -118.81427,38.94147,0
            -118.81402,38.94135,0
            -118.81357,38.94115,0
            -118.81315,38.94099,0
            -118.81261,38.94082,0
            -118.81216,38.94069,0
            -118.81186,38.94063,0
            -118.81185,38.94063,0
            -118.81157,38.94057,0
            -118.81137,38.94054,0
            -118.81096,38.94045,0
            -118.81095,38.94045,0
            -118.81069,38.94036,0
            -118.81055,38.94028,0
            -118.81048,38.94021,0
            -118.81041,38.9401,0
            -118.81034,38.93991,0
            -118.81025,38.93956,0
            -118.81022,38.93941,0
            -118.80989,38.93813,0
            -118.80978,38.93763,0
            -118.80947,38.9364,0
            -118.80943,38.9362,0
            -118.80941,38.93614,0
            -118.80941,38.93609,0
            -118.80939,38.93607,0
            -118.80937,38.93604,0
            -118.80801,38.9304,0
            -118.80791,38.93002,0
            -118.80786,38.92977,0
            -118.80784,38.92962,0
            -118.80736,38.92754,0
            -118.80721,38.92697,0
            -118.80715,38.92671,0
            -118.80713,38.92664,0
            -118.80713,38.92662,0
            -118.80709,38.92646,0
            -118.80709,38.92644,0
            -118.80693,38.92579,0
            -118.80687,38.9255,0
            -118.8068,38.9254,0
            -118.80656,38.92447,0
            -118.80628,38.92328,0
            -118.80626,38.92322,0
            -118.80607,38.92239,0
            -118.80605,38.92234,0
            -118.80585,38.92145,0
            -118.80583,38.9214,0
            -118.80529,38.91905,0
            -118.80355,38.91188,0
            -118.80332,38.91087,0
            -118.80306,38.90981,0
            -118.80301,38.90963,0
            -118.80228,38.90669,0
            -118.80227,38.90663,0
            -118.80219,38.90628,0
            -118.80214,38.9061,0
            -118.80162,38.90381,0
            -118.80127,38.9024,0
            -118.80103,38.90134,0
            -118.8006,38.89957,0
            -118.80055,38.89939,0
            -118.80025,38.89816,0
            -118.8002,38.89798,0
            -118.8002,38.89797,0
            -118.79873,38.89179,0
            -118.79868,38.89161,0
            -118.79843,38.89055,0
            -118.79837,38.89033,0
            -118.79714,38.88525,0
            -118.79709,38.88508,0
            -118.79679,38.88388,0
            -118.79589,38.88001,0
            -118.7954,38.87844,0
            -118.79534,38.8783,0
            -118.79512,38.87767,0
            -118.79483,38.87692,0
            -118.79455,38.8763,0
            -118.79438,38.8759,0
            -118.79361,38.87443,0
            -118.79349,38.87424,0
            -118.7934,38.87407,0
            -118.79187,38.87145,0
            -118.79128,38.87048,0
            -118.79127,38.87046,0
            -118.79011,38.86852,0
            -118.7901,38.86851,0
            -118.78984,38.86804,0
            -118.78983,38.86803,0
            -118.78954,38.86754,0
            -118.78926,38.86704,0
            -118.78916,38.86688,0
            -118.78645,38.86228,0
            -118.78636,38.86211,0
            -118.78616,38.86179,0
            -118.78587,38.8613,0
            -118.78578,38.86113,0
            -118.78087,38.85285,0
            -118.78084,38.85281,0
            -118.78065,38.85248,0
            -118.78056,38.85231,0
            -118.77943,38.85041,0
            -118.77885,38.84938,0
            -118.77862,38.84894,0
            -118.77801,38.8477,0
            -118.77793,38.8475,0
            -118.77785,38.84733,0
            -118.77765,38.84677,0
            -118.77753,38.84647,0
            -118.77748,38.84631,0
            -118.77731,38.84587,0
            -118.77728,38.84578,0
            -118.77713,38.84525,0
            -118.77707,38.84508,0
            -118.77671,38.84385,0
            -118.7758,38.84051,0
            -118.77441,38.83524,0
            -118.7728,38.82937,0
            -118.77268,38.8289,0
            -118.77232,38.82764,0
            -118.77217,38.82715,0
            -118.77214,38.82703,0
            -118.77194,38.82645,0
            -118.77193,38.82641,0
            -118.77174,38.82589,0
            -118.77146,38.82525,0
            -118.76989,38.82185,0
            -118.76861,38.81917,0
            -118.76854,38.81901,0
            -118.76853,38.819,0
            -118.76792,38.81774,0
            -118.76789,38.81766,0
            -118.76665,38.81503,0
            -118.76662,38.81495,0
            -118.76642,38.81453,0
            -118.76594,38.81346,0
            -118.76578,38.81314,0
            -118.765,38.81144,0
            -118.76472,38.81087,0
            -118.76439,38.81013,0
            -118.76415,38.80963,0
            -118.76412,38.80958,0
            -118.76204,38.80525,0
            -118.76203,38.80522,0
            -118.76159,38.80432,0
            -118.76076,38.80255,0
            -118.76075,38.80252,0
            -118.76067,38.80236,0
            -118.76061,38.80221,0
            -118.75989,38.80062,0
            -118.75959,38.80001,0
            -118.75958,38.79997,0
            -118.7592,38.79916,0
            -118.7589,38.79848,0
            -118.75855,38.79777,0
            -118.75845,38.79754,0
            -118.75826,38.79714,0
            -118.75812,38.79687,0
            -118.75803,38.79666,0
            -118.75787,38.79634,0
            -118.75767,38.79591,0
            -118.75751,38.7956,0
            -118.75744,38.79545,0
            -118.7572,38.79498,0
            -118.75688,38.79431,0
            -118.75681,38.79414,0
            -118.75663,38.79377,0
            -118.75657,38.79363,0
            -118.75621,38.7929,0
            -118.7522,38.78441,0
            -118.75219,38.7844,0
            -118.75189,38.7838,0
            -118.75173,38.78345,0
            -118.75143,38.78275,0
            -118.75141,38.78271,0
            -118.75141,38.7827,0
            -118.75137,38.78258,0
            -118.75136,38.78254,0
            -118.75113,38.78181,0
            -118.75105,38.78153,0
            -118.75086,38.78046,0
            -118.75045,38.77732,0
            -118.75042,38.77713,0
            -118.75033,38.77642,0
            -118.7503,38.77626,0
            -118.75022,38.77567,0
            -118.75016,38.77504,0
            -118.75017,38.77465,0
            -118.7502,38.77418,0
            -118.75027,38.77365,0
            -118.75039,38.77314,0
            -118.75052,38.77267,0
            -118.75052,38.77265,0
            -118.75058,38.77248,0
            -118.75059,38.77247,0
            -118.75066,38.7723,0
            -118.75068,38.77224,0
            -118.75073,38.77213,0
            -118.75106,38.77148,0
            -118.75121,38.77122,0
            -118.75131,38.77106,0
            -118.75193,38.77,0
            -118.75194,38.76999,0
            -118.75237,38.76923,0
            -118.7524,38.76917,0
            -118.75494,38.76464,0
            -118.75501,38.76453,0
            -118.75537,38.76391,0
            -118.7558,38.76325,0
            -118.75617,38.76272,0
            -118.75696,38.76166,0
            -118.75759,38.76093,0
            -118.75827,38.76019,0
            -118.75855,38.75991,0
            -118.7587,38.75977,0
            -118.7589,38.75956,0
            -118.75937,38.75911,0
            -118.75942,38.75907,0
            -118.75977,38.75875,0
            -118.76163,38.75718,0
            -118.76202,38.75688,0
            -118.76255,38.75644,0
            -118.76266,38.75634,0
            -118.7629,38.75609,0
            -118.76308,38.75593,0
            -118.76328,38.75573,0
            -118.76334,38.75566,0
            -118.76362,38.75536,0
            -118.76397,38.75495,0
            -118.76429,38.75454,0
            -118.76443,38.75432,0
            -118.76449,38.75425,0
            -118.76482,38.75375,0
            -118.76511,38.75327,0
            -118.76544,38.75263,0
            -118.76569,38.75209,0
            -118.76589,38.75156,0
            -118.76616,38.7506,0
            -118.76623,38.75029,0
            -118.76631,38.74985,0
            -118.76635,38.74967,0
            -118.76706,38.7453,0
            -118.76708,38.74512,0
            -118.76759,38.74191,0
            -118.76768,38.74119,0
            -118.76776,38.74066,0
            -118.76783,38.74026,0
            -118.76785,38.74011,0
            -118.76803,38.73904,0
            -118.76951,38.72958,0
            -118.7696,38.72886,0
            -118.76964,38.72822,0
            -118.76964,38.72719,0
            -118.76962,38.72681,0
            -118.76958,38.72653,0
            -118.76956,38.72631,0
            -118.76939,38.7254,0
            -118.76936,38.72528,0
            -118.76935,38.72522,0
            -118.76925,38.72486,0
            -118.76913,38.72448,0
            -118.7691,38.72437,0
            -118.769,38.72407,0
            -118.76891,38.72384,0
            -118.76885,38.72371,0
            -118.7688,38.72357,0
            -118.76837,38.72267,0
            -118.76829,38.72253,0
            -118.76828,38.7225,0
            -118.76755,38.72103,0
            -118.76676,38.71935,0
            -118.7662,38.71821,0
            -118.76608,38.71795,0
            -118.76582,38.71744,0
            -118.76574,38.71726,0
            -118.76466,38.71509,0
            -118.76458,38.71495,0
            -118.76457,38.71492,0
            -118.76437,38.71445,0
            -118.76416,38.7138,0
            -118.7641,38.71352,0
            -118.76406,38.71338,0
            -118.76401,38.71317,0
            -118.76398,38.713,0
            -118.76394,38.71283,0
            -118.76394,38.71282,0
            -118.76385,38.71211,0
            -118.76384,38.71209,0
            -118.76384,38.71202,0
            -118.76383,38.71193,0
            -118.76382,38.71172,0
            -118.76382,38.71058,0
            -118.76389,38.70961,0
            -118.76404,38.70875,0
            -118.76415,38.70835,0
            -118.76417,38.70829,0
            -118.76422,38.70809,0
            -118.76446,38.70743,0
            -118.76469,38.70689,0
            -118.76495,38.70638,0
            -118.76567,38.70517,0
            -118.76579,38.70498,0
            -118.76598,38.7047,0
            -118.76599,38.70468,0
            -118.76605,38.7046,0
            -118.76653,38.70386,0
            -118.76663,38.70372,0
            -118.7667,38.7036,0
            -118.76748,38.70244,0
            -118.76872,38.70054,0
            -118.76874,38.70052,0
            -118.76953,38.69933,0
            -118.76957,38.69926,0
            -118.77009,38.69843,0
            -118.77028,38.69808,0
            -118.77052,38.69758,0
            -118.77059,38.69741,0
            -118.77063,38.69733,0
            -118.77078,38.69699,0
            -118.77097,38.69652,0
            -118.77119,38.69586,0
            -118.7712,38.69581,0
            -118.77124,38.69568,0
            -118.77138,38.69513,0
            -118.77145,38.6948,0
            -118.77148,38.69462,0
            -118.77151,38.6945,0
            -118.77195,38.69141,0
            -118.77201,38.69089,0
            -118.77214,38.68996,0
            -118.77223,38.68918,0
            -118.77227,38.68894,0
            -118.77229,38.68876,0
            -118.77243,38.68785,0
            -118.77251,38.68746,0
            -118.77262,38.68707,0
            -118.77263,38.68702,0
            -118.77267,38.68689,0
            -118.77269,38.68679,0
            -118.77279,38.68644,0
            -118.77293,38.68602,0
            -118.77296,38.6859,0
            -118.77317,38.68523,0
            -118.77326,38.68497,0
            -118.77331,38.68479,0
            -118.77337,38.68462,0
            -118.77338,38.68456,0
            -118.77375,38.68341,0
            -118.77386,38.68311,0
            -118.77405,38.68252,0
            -118.77412,38.68225,0
            -118.77416,38.68207,0
            -118.77422,38.6816,0
            -118.77423,38.68138,0
            -118.77423,38.68118,0
            -118.77419,38.68073,0
            -118.77404,38.67937,0
            -118.77395,38.67866,0
            -118.77395,38.67864,0
            -118.77389,38.67836,0
            -118.77381,38.67809,0
            -118.77369,38.67777,0
            -118.77349,38.67734,0
            -118.7734,38.67718,0
            -118.77315,38.6768,0
            -118.77313,38.67676,0
            -118.77303,38.67664,0
            -118.7729,38.6765,0
            -118.7728,38.67638,0
            -118.77277,38.67635,0
            -118.77256,38.6761,0
            -118.77251,38.67605,0
            -118.77231,38.67583,0
            -118.77224,38.67576,0
            -118.77056,38.67382,0
            -118.77055,38.6738,0
            -118.77045,38.67368,0
            -118.77036,38.67354,0
            -118.77033,38.67351,0
            -118.77018,38.67327,0
            -118.77014,38.67318,0
            -118.77012,38.67315,0
            -118.77007,38.67301,0
            -118.76986,38.6725,0
            -118.76932,38.67134,0
            -118.76915,38.67103,0
            -118.76908,38.67088,0
            -118.76895,38.67068,0
            -118.76888,38.67056,0
            -118.7686,38.67018,0
            -118.76859,38.67017,0
            -118.76833,38.66983,0
            -118.76808,38.66948,0
            -118.76804,38.6694,0
            -118.76794,38.66924,0
            -118.76788,38.66912,0
            -118.76771,38.66874,0
            -118.76771,38.66873,0
            -118.76764,38.66856,0
            -118.76763,38.66853,0
            -118.76749,38.66792,0
            -118.76749,38.66785,0
            -118.76748,38.66767,0
            -118.76746,38.66749,0
            -118.76747,38.66723,0
            -118.76746,38.66706,0
            -118.76746,38.66677,0
            -118.76745,38.66669,0
            -118.76743,38.66636,0
            -118.76737,38.66607,0
            -118.76737,38.66606,0
            -118.76732,38.66588,0
            -118.76725,38.66566,0
            -118.76702,38.66501,0
            -118.767,38.66498,0
            -118.76682,38.66449,0
            -118.76682,38.66448,0
            -118.76655,38.66371,0
            -118.76636,38.6631,0
            -118.76626,38.66275,0
            -118.76625,38.66273,0
            -118.76612,38.6623,0
            -118.76609,38.66217,0
            -118.76595,38.6613,0
            -118.76591,38.66098,0
            -118.76591,38.66097,0
            -118.76588,38.6608,0
            -118.76587,38.66068,0
            -118.76575,38.65985,0
            -118.76569,38.65913,0
            -118.76564,38.65887,0
            -118.7656,38.6587,0
            -118.76545,38.65828,0
            -118.76542,38.65818,0
            -118.7654,38.65813,0
            -118.76538,38.6581,0
            -118.76516,38.65767,0
            -118.76509,38.65756,0
            -118.76507,38.65752,0
            -118.76497,38.65738,0
            -118.76492,38.65732,0
            -118.76468,38.65699,0
            -118.76434,38.65658,0
            -118.76423,38.65646,0
            -118.7642,38.65644,0
            -118.76413,38.6563,0
            -118.76403,38.65622,0
            -118.76402,38.65622,0
            -118.76374,38.656,0
            -118.76373,38.656,0
            -118.76331,38.65568,0
            -118.76262,38.65526,0
            -118.761,38.65442,0
            -118.76091,38.65441,0
            -118.75989,38.65385,0
            -118.75979,38.65379,0
            -118.75954,38.65362,0
            -118.75941,38.65354,0
            -118.75873,38.65305,0
            -118.7583,38.65268,0
            -118.75757,38.65196,0
            -118.75703,38.65128,0
            -118.7567,38.65078,0
            -118.75649,38.65042,0
            -118.75639,38.65021,0
            -118.75618,38.64973,0
            -118.75601,38.64923,0
            -118.7559,38.64884,0
            -118.75581,38.64838,0
            -118.7557,38.64807,0
            -118.7557,38.64806,0
            -118.75563,38.64776,0
            -118.75563,38.64773,0
            -118.75554,38.64723,0
            -118.75554,38.64721,0
            -118.75547,38.64687,0
            -118.75546,38.64685,0
            -118.75539,38.6465,0
            -118.75538,38.64647,0
            -118.75529,38.64598,0
            -118.75525,38.6458,0
            -118.75525,38.64579,0
            -118.75522,38.64561,0
            -118.75519,38.64549,0
            -118.75507,38.6449,0
            -118.75498,38.64455,0
            -118.75435,38.64155,0
            -118.75427,38.64129,0
            -118.75423,38.64114,0
            -118.75414,38.64087,0
            -118.75385,38.64011,0
            -118.75371,38.63983,0
            -118.75369,38.63976,0
            -118.75363,38.63966,0
            -118.75359,38.63957,0
            -118.75354,38.63949,0
            -118.75349,38.63939,0
            -118.75308,38.63867,0
            -118.75268,38.63802,0
            -118.75264,38.63794,0
            -118.75244,38.63759,0
            -118.75205,38.63697,0
            -118.75141,38.63588,0
            -118.75139,38.63584,0
            -118.75016,38.63378,0
            -118.75003,38.63355,0
            -118.74989,38.63332,0
            -118.74952,38.63259,0
            -118.74932,38.63214,0
            -118.74924,38.63194,0
            -118.74918,38.63182,0
            -118.74912,38.63168,0
            -118.7491,38.63162,0
            -118.74909,38.6316,0
            -118.74898,38.63128,0
            -118.74874,38.63049,0
            -118.74869,38.63029,0
            -118.74869,38.63026,0
            -118.74868,38.63024,0
            -118.74868,38.63023,0
            -118.74859,38.62983,0
            -118.74858,38.62975,0
            -118.74854,38.62953,0
            -118.74854,38.62951,0
            -118.74849,38.62924,0
            -118.74849,38.62917,0
            -118.74846,38.629,0
            -118.74844,38.6288,0
            -118.74843,38.62875,0
            -118.74815,38.62665,0
            -118.7481,38.62633,0
            -118.74795,38.62574,0
            -118.74792,38.62566,0
            -118.7479,38.62559,0
            -118.74789,38.62557,0
            -118.7478,38.62533,0
            -118.74754,38.62479,0
            -118.74753,38.62479,0
            -118.74737,38.62449,0
            -118.74703,38.62398,0
            -118.74678,38.62366,0
            -118.74654,38.62339,0
            -118.7462,38.62304,0
            -118.74544,38.62241,0
            -118.74496,38.62208,0
            -118.74478,38.62198,0
            -118.74462,38.62188,0
            -118.74445,38.62179,0
            -118.74428,38.62171,0
            -118.74405,38.62159,0
            -118.74362,38.62139,0
            -118.74355,38.62137,0
            -118.74341,38.62131,0
            -118.74337,38.6213,0
            -118.7432,38.62124,0
            -118.74309,38.62119,0
            -118.74114,38.62045,0
            -118.74113,38.62045,0
            -118.74086,38.62034,0
            -118.73969,38.61992,0
            -118.73968,38.61991,0
            -118.73871,38.61955,0
            -118.73823,38.61936,0
            -118.73814,38.61933,0
            -118.73679,38.61882,0
            -118.73677,38.61882,0
            -118.73615,38.61858,0
            -118.73588,38.61849,0
            -118.73219,38.6171,0
            -118.732,38.61702,0
            -118.73076,38.61656,0
            -118.73068,38.61654,0
            -118.73024,38.61638,0
            -118.72931,38.61601,0
            -118.72916,38.61596,0
            -118.7291,38.61593,0
            -118.72889,38.61586,0
            -118.72848,38.6157,0
            -118.72846,38.61569,0
            -118.7266,38.615,0
            -118.72641,38.61492,0
            -118.7264,38.61492,0
            -118.72608,38.61479,0
            -118.72495,38.61437,0
            -118.72474,38.6143,0
            -118.72473,38.61429,0
            -118.72142,38.61305,0
            -118.72061,38.61272,0
            -118.71929,38.6121,0
            -118.71869,38.61177,0
            -118.71853,38.61167,0
            -118.71848,38.61165,0
            -118.71726,38.61089,0
            -118.71611,38.61007,0
            -118.71524,38.60936,0
            -118.71495,38.6091,0
            -118.71475,38.60891,0
            -118.71467,38.60884,0
            -118.71464,38.60882,0
            -118.71449,38.60868,0
            -118.71446,38.60864,0
            -118.71409,38.60826,0
            -118.71407,38.60825,0
            -118.71354,38.60768,0
            -118.71301,38.60704,0
            -118.71275,38.60671,0
            -118.71242,38.60625,0
            -118.71205,38.60569,0
            -118.71202,38.60565,0
            -118.71164,38.60503,0
            -118.71039,38.60287,0
            -118.7103,38.6027,0
            -118.70943,38.60125,0
            -118.70924,38.60091,0
            -118.70904,38.60058,0
            -118.70901,38.60052,0
            -118.70836,38.5994,0
            -118.70814,38.599,0
            -118.70806,38.59884,0
            -118.70785,38.59835,0
            -118.70775,38.59808,0
            -118.7077,38.59791,0
            -118.70768,38.59787,0
            -118.70756,38.59735,0
            -118.70752,38.5972,0
            -118.70745,38.59685,0
            -118.70743,38.59657,0
            -118.70741,38.59638,0
            -118.70741,38.59571,0
            -118.70742,38.59547,0
            -118.70748,38.59497,0
            -118.70766,38.59414,0
            -118.70779,38.59364,0
            -118.70816,38.59207,0
            -118.70824,38.59178,0
            -118.70833,38.59138,0
            -118.70856,38.59045,0
            -118.70857,38.59039,0
            -118.70891,38.58898,0
            -118.70896,38.5888,0
            -118.70904,38.58845,0
            -118.70907,38.58829,0
            -118.70912,38.58792,0
            -118.70912,38.58784,0
            -118.70913,38.58777,0
            -118.70912,38.5869,0
            -118.70903,38.58638,0
            -118.70895,38.58605,0
            -118.70886,38.58574,0
            -118.70865,38.5852,0
            -118.70841,38.5847,0
            -118.7083,38.58451,0
            -118.70811,38.58421,0
            -118.70775,38.58374,0
            -118.70754,38.58348,0
            -118.70747,38.58341,0
            -118.7074,38.58333,0
            -118.70724,38.58317,0
            -118.70698,38.58293,0
            -118.70642,38.58245,0
            -118.7045,38.58095,0
            -118.70448,38.58094,0
            -118.70352,38.58019,0
            -118.7035,38.58017,0
            -118.70336,38.58007,0
            -118.70287,38.57968,0
            -118.7027,38.57956,0
            -118.70238,38.5793,0
            -118.70075,38.57803,0
            -118.70058,38.57791,0
            -118.69953,38.57708,0
            -118.69815,38.57603,0
            -118.6961,38.5744,0
            -118.69604,38.57436,0
            -118.6953,38.57375,0
            -118.69383,38.57264,0
            -118.68969,38.56938,0
            -118.68914,38.56897,0
            -118.68812,38.56828,0
            -118.68796,38.56818,0
            -118.68751,38.56787,0
            -118.68744,38.56783,0
            -118.68726,38.56771,0
            -118.68708,38.56761,0
            -118.68599,38.56696,0
            -118.68597,38.56696,0
            -118.68578,38.56685,0
            -118.68434,38.56607,0
            -118.68414,38.56595,0
            -118.68151,38.56449,0
            -118.68147,38.56446,0
            -118.67371,38.56014,0
            -118.67298,38.55976,0
            -118.66641,38.55611,0
            -118.6664,38.55611,0
            -118.65931,38.55217,0
            -118.65921,38.55212,0
            -118.65724,38.55103,0
            -118.65549,38.55009,0
            -118.65544,38.55007,0
            -118.65515,38.54991,0
            -118.6551,38.54989,0
            -118.65341,38.54896,0
            -118.65325,38.54886,0
            -118.65162,38.54798,0
            -118.65093,38.54758,0
            -118.65037,38.54728,0
            -118.65015,38.54715,0
            -118.64765,38.54575,0
            -118.64691,38.54535,0
            -118.64389,38.54366,0
            -118.64369,38.54356,0
            -118.64365,38.54353,0
            -118.62554,38.53349,0
            -118.62513,38.53324,0
            -118.62505,38.53318,0
            -118.6248,38.53334,0
            -118.62475,38.53338,0
            -118.62469,38.53342,0
            -118.62453,38.53347,0
            -118.61925,38.53349,0
            -118.61897,38.5335,0
            -118.61486,38.53352,0
            -118.61444,38.5335,0
            -118.6141,38.53346,0
            -118.61355,38.53333,0
            -118.61348,38.5333,0
            -118.61336,38.53327,0
            -118.61334,38.53326,0
            -118.61303,38.53315,0
            -118.61299,38.53312,0
            -118.61274,38.533,0
            -118.61214,38.53259,0
            -118.61189,38.53236,0
            -118.61173,38.5322,0
            -118.61159,38.53203,0
            -118.61136,38.53166,0
            -118.61136,38.53165,0
            -118.61127,38.53148,0
            -118.61118,38.53126,0
            -118.61112,38.53103,0
            -118.61111,38.531,0
            -118.61107,38.53083,0
            -118.61106,38.53073,0
            -118.61106,38.5307,0
            -118.61105,38.5306,0
            -118.61104,38.53042,0
            -118.61102,38.52719,0
            -118.61101,38.52701,0
            -118.61101,38.52647,0
            -118.611,38.52611,0
            -118.61102,38.52447,0
            -118.6061,38.5245,0
            -118.60598,38.52452,0
            -118.59851,38.52455,0
            -118.59806,38.52457,0
            -118.59773,38.52456,0
            -118.59245,38.52458,0
            -118.59239,38.52459,0
            -118.59039,38.52458,0
            -118.5803,38.52464,0
            -118.57867,38.52471,0
            -118.57814,38.52475,0
            -118.5762,38.52493,0
            -118.57608,38.52495,0
            -118.57607,38.52495,0
            -118.57545,38.52504,0
            -118.57541,38.52504,0
            -118.5745,38.52518,0
            -118.57448,38.52518,0
            -118.56814,38.52631,0
            -118.56811,38.52631,0
            -118.5671,38.52649,0
            -118.56707,38.5265,0
            -118.5633,38.52718,0
            -118.56283,38.52725,0
            -118.55871,38.52799,0
            -118.55857,38.52801,0
            -118.55812,38.52809,0
            -118.55793,38.52813,0
            -118.5579,38.52813,0
            -118.55246,38.52911,0
            -118.55137,38.52935,0
            -118.55034,38.52962,0
            -118.55032,38.52963,0
            -118.55011,38.52969,0
            -118.54671,38.53078,0
            -118.54671,38.53079,0
            -118.54649,38.53085,0
            -118.54609,38.53098,0
            -118.54607,38.53099,0
            -118.54545,38.53118,0
            -118.54479,38.5314,0
            -118.54474,38.53142,0
            -118.53863,38.53339,0
            -118.53858,38.5334,0
            -118.53841,38.53345,0
            -118.53629,38.53414,0
            -118.53599,38.53423,0
            -118.53246,38.53537,0
            -118.53224,38.53543,0
            -118.53208,38.53549,0
            -118.52061,38.53918,0
            -118.5204,38.53924,0
            -118.51614,38.54061,0
            -118.51607,38.54064,0
            -118.51593,38.54068,0
            -118.51344,38.54149,0
            -118.51338,38.5415,0
            -118.51255,38.54177,0
            -118.51253,38.54178,0
            -118.507,38.54355,0
            -118.50669,38.54364,0
            -118.50614,38.54382,0
            -118.50609,38.54383,0
            -118.50514,38.54415,0
            -118.50508,38.54416,0
            -118.50219,38.5451,0
            -118.50211,38.54512,0
            -118.5011,38.54545,0
            -118.50063,38.54559,0
            -118.49509,38.54738,0
            -118.49488,38.54744,0
            -118.49262,38.54817,0
            -118.49254,38.5482,0
            -118.4888,38.54938,0
            -118.48811,38.54957,0
            -118.48771,38.54967,0
            -118.48699,38.54982,0
            -118.48688,38.54985,0
            -118.48647,38.54993,0
            -118.48644,38.54994,0
            -118.48596,38.55002,0
            -118.48478,38.55019,0
            -118.48423,38.55025,0
            -118.48384,38.55028,0
            -118.48372,38.55028,0
            -118.48257,38.55036,0
            -118.48196,38.55037,0
            -118.48039,38.55036,0
            -118.48026,38.55035,0
            -118.47978,38.55035,0
            -118.47957,38.55034,0
            -118.47819,38.55032,0
            -118.47802,38.55031,0
            -118.47589,38.55029,0
            -118.47566,38.55028,0
            -118.47451,38.55027,0
            -118.47382,38.55025,0
            -118.47359,38.55025,0
            -118.47336,38.55024,0
            -118.46334,38.55009,0
            -118.46311,38.55008,0
            -118.45405,38.54994,0
            -118.45346,38.54994,0
            -118.45003,38.54988,0
            -118.4498,38.54987,0
            -118.44865,38.54986,0
            -118.44834,38.54985,0
            -118.44727,38.54984,0
            -118.44704,38.54983,0
            -118.44612,38.54982,0
            -118.44589,38.54981,0
            -118.43924,38.54971,0
            -118.43657,38.54964,0
            -118.4352,38.54957,0
            -118.43497,38.54955,0
            -118.43475,38.54954,0
            -118.43425,38.5495,0
            -118.43348,38.54942,0
            -118.43259,38.54931,0
            -118.4309,38.54905,0
            -118.42931,38.54878,0
            -118.42889,38.5487,0
            -118.42641,38.54828,0
            -118.42639,38.54828,0
            -118.42507,38.54804,0
            -118.42189,38.5475,0
            -118.42097,38.54733,0
            -118.42087,38.54732,0
            -118.42052,38.54726,0
            -118.4205,38.54725,0
            -118.41828,38.54686,0
            -118.41824,38.54685,0
            -118.40993,38.5454,0
            -118.40988,38.5454,0
            -118.40836,38.54512,0
            -118.40406,38.54438,0
            -118.40362,38.54429,0
            -118.40207,38.54403,0
            -118.40198,38.54401,0
            -118.40162,38.54395,0
            -118.40152,38.54394,0
            -118.39386,38.5426,0
            -118.39261,38.54243,0
            -118.39018,38.54221,0
            -118.39004,38.54219,0
            -118.38721,38.54193,0
            -118.38666,38.54187,0
            -118.38591,38.54181,0
            -118.37839,38.5411,0
            -118.37835,38.54109,0
            -118.37439,38.54074,0
            -118.36088,38.53944,0
            -118.35822,38.53921,0
            -118.35792,38.53917,0
            -118.35231,38.53864,0
            -118.35225,38.53863,0
            -118.33328,38.53686,0
            -118.33273,38.5368,0
            -118.3327,38.5368,0
            -118.33163,38.53671,0
            -118.33115,38.53666,0
            -118.33093,38.53662,0
            -118.3309,38.53662,0
            -118.33045,38.53657,0
            -118.31935,38.53555,0
            -118.31731,38.53533,0
            -118.31594,38.5352,0
            -118.31571,38.53519,0
            -118.31559,38.53518,0
            -118.31547,38.53516,0
            -118.31474,38.53509,0
            -118.31382,38.53502,0
            -118.31352,38.53498,0
            -118.30569,38.53424,0
            -118.30553,38.53423,0
            -118.30491,38.53415,0
            -118.30187,38.53388,0
            -118.301,38.53378,0
            -118.29977,38.53368,0
            -118.29576,38.5333,0
            -118.29506,38.53322,0
            -118.28816,38.53258,0
            -118.28803,38.53256,0
            -118.28701,38.53246,0
            -118.28638,38.53241,0
            -118.27638,38.53147,0
            -118.27635,38.53146,0
            -118.27501,38.53134,0
            -118.27446,38.53128,0
            -118.27293,38.53115,0
            -118.26058,38.52996,0
            -118.26035,38.52993,0
            -118.25693,38.52962,0
            -118.25521,38.52944,0
            -118.24917,38.52888,0
            -118.24914,38.52887,0
            -118.23998,38.52801,0
            -118.2384,38.52784,0
            -118.22981,38.52703,0
            -118.2295,38.52701,0
            -118.22685,38.52676,0
            -118.22662,38.52673,0
            -118.2253,38.52661,0
            -118.22525,38.52661,0
            -118.22274,38.52636,0
            -118.22147,38.5262,0
            -118.22115,38.52614,0
            -118.22032,38.52594,0
            -118.22007,38.52586,0
            -118.22006,38.52586,0
            -118.21985,38.5258,0
            -118.21922,38.52558,0
            -118.21894,38.52547,0
            -118.21866,38.52535,0
            -118.21781,38.52494,0
            -118.21737,38.52474,0
            -118.21655,38.52434,0
            -118.21635,38.52425,0
            -118.20755,38.52,0
            -118.20748,38.51997,0
            -118.1964,38.51465,0
            -118.19311,38.51304,0
            -118.19228,38.51266,0
            -118.19207,38.51255,0
            -118.192,38.51253,0
            -118.1894,38.51126,0
            -118.18788,38.51054,0
            -118.18756,38.51038,0
            -118.18747,38.51034,0
            -118.18674,38.50998,0
            -118.18669,38.50996,0
            -118.18281,38.50808,0
            -118.18193,38.50762,0
            -118.18174,38.50751,0
            -118.18078,38.5069,0
            -118.18035,38.5066,0
            -118.17945,38.50602,0
            -118.17858,38.50541,0
            -118.17785,38.50496,0
            -118.17722,38.50454,0
            -118.1769,38.50431,0
            -118.1766,38.50408,0
            -118.17623,38.50375,0
            -118.17595,38.50346,0
            -118.1757,38.50316,0
            -118.17558,38.50299,0
            -118.17519,38.50236,0
            -118.17495,38.50191,0
            -118.17444,38.50105,0
            -118.17444,38.50104,0
            -118.17441,38.501,0
            -118.17437,38.50092,0
            -118.17396,38.5002,0
            -118.1738,38.49994,0
            -118.1738,38.49993,0
            -118.1737,38.49977,0
            -118.17183,38.49654,0
            -118.17181,38.4965,0
            -118.17178,38.49646,0
            -118.17093,38.49498,0
            -118.17093,38.49497,0
            -118.17091,38.49493,0
            -118.17084,38.49482,0
            -118.17083,38.49481,0
            -118.17081,38.49477,0
            -118.16905,38.4917,0
            -118.16902,38.49166,0
            -118.16895,38.49154,0
            -118.16894,38.49153,0
            -118.16883,38.49133,0
            -118.16742,38.48892,0
            -118.1674,38.48887,0
            -118.1673,38.48871,0
            -118.16723,38.48858,0
            -118.16688,38.48798,0
            -118.16682,38.48789,0
            -118.16485,38.48445,0
            -118.16475,38.48429,0
            -118.16428,38.48347,0
            -118.16419,38.4833,0
            -118.16409,38.48314,0
            -118.16105,38.47789,0
            -118.16096,38.47772,0
            -118.16086,38.47756,0
            -118.15982,38.47576,0
            -118.15973,38.47559,0
            -118.1556,38.46845,0
            -118.1555,38.46829,0
            -118.15479,38.46707,0
            -118.15465,38.46681,0
            -118.15445,38.46649,0
            -118.15408,38.46586,0
            -118.15407,38.46583,0
            -118.15341,38.46469,0
            -118.15332,38.46452,0
            -118.14903,38.45708,0
            -118.14894,38.45691,0
            -118.14752,38.45445,0
            -118.14677,38.45319,0
            -118.14499,38.45007,0
            -118.14489,38.44991,0
            -118.1448,38.44974,0
            -118.1447,38.44958,0
            -118.1432,38.44695,0
            -118.1431,38.44679,0
            -118.14285,38.44635,0
            -118.14272,38.44614,0
            -118.14263,38.44597,0
            -118.14253,38.44581,0
            -118.1413,38.44368,0
            -118.14121,38.44351,0
            -118.13949,38.44054,0
            -118.13906,38.43977,0
            -118.13816,38.43825,0
            -118.13807,38.43808,0
            -118.13798,38.43793,0
            -118.13797,38.43792,0
            -118.13571,38.43398,0
            -118.13561,38.43382,0
            -118.13328,38.42977,0
            -118.13326,38.42973,0
            -118.13206,38.42766,0
            -118.13197,38.42749,0
            -118.13187,38.42733,0
            -118.13036,38.42471,0
            -118.13027,38.42454,0
            -118.13017,38.42438,0
            -118.12772,38.42012,0
            -118.12693,38.4188,0
            -118.12334,38.41324,0
            -118.12323,38.41308,0
            -118.12201,38.41119,0
            -118.12143,38.41026,0
            -118.121,38.40962,0
            -118.11879,38.40622,0
            -118.1186,38.40594,0
            -118.1183,38.40545,0
            -118.11799,38.40497,0
            -118.11797,38.40495,0
            -118.11664,38.40288,0
            -118.11649,38.40266,0
            -118.11324,38.39759,0
            -118.11292,38.39714,0
            -118.11257,38.39657,0
            -118.11181,38.39539,0
            -118.11172,38.39526,0
            -118.10933,38.39155,0
            -118.10869,38.3906,0
            -118.10786,38.38928,0
            -118.10767,38.38893,0
            -118.10757,38.38873,0
            -118.10744,38.38842,0
            -118.10732,38.38805,0
            -118.10725,38.38781,0
            -118.10714,38.38737,0
            -118.10705,38.38654,0
            -118.1066,38.3812,0
            -118.10656,38.38084,0
            -118.10628,38.37751,0
            -118.10627,38.37746,0
            -118.10627,38.37742,0
            -118.10603,38.37466,0
            -118.10602,38.37448,0
            -118.10567,38.37053,0
            -118.10566,38.37035,0
            -118.1056,38.36974,0
            -118.10555,38.3691,0
            -118.10553,38.36892,0
            -118.10552,38.36874,0
            -118.10547,38.36829,0
            -118.10532,38.3664,0
            -118.10525,38.36569,0
            -118.10524,38.36551,0
            -118.10499,38.36263,0
            -118.10498,38.36246,0
            -118.10496,38.36228,0
            -118.10495,38.3621,0
            -118.1043,38.35454,0
            -118.10426,38.35416,0
            -118.10366,38.34713,0
            -118.10365,38.34695,0
            -118.1032,38.3417,0
            -118.10314,38.33952,0
            -118.10314,38.33909,0
            -118.10313,38.33891,0
            -118.10298,38.32944,0
            -118.10296,38.32897,0
            -118.10285,38.32731,0
            -118.10281,38.32647,0
            -118.10281,38.32625,0
            -118.1028,38.32614,0
            -118.10271,38.3205,0
            -118.1027,38.32039,0
            -118.10263,38.31589,0
            -118.10262,38.31571,0
            -118.10251,38.30906,0
            -118.1025,38.30888,0
            -118.10247,38.30672,0
            -118.10246,38.30654,0
            -118.10243,38.30438,0
            -118.10242,38.3042,0
            -118.10233,38.29846,0
            -118.10232,38.29828,0
            -118.10232,38.29774,0
            -118.10231,38.29756,0
            -118.10231,38.2972,0
            -118.1023,38.29702,0
            -118.10223,38.29252,0
            -118.10222,38.29234,0
            -118.10222,38.2918,0
            -118.10221,38.29162,0
            -118.10217,38.28842,0
            -118.10213,38.2873,0
            -118.10213,38.28695,0
            -118.10212,38.28677,0
            -118.10212,38.28643,0
            -118.10209,38.28569,0
            -118.10206,38.28529,0
            -118.10204,38.28511,0
            -118.10203,38.28496,0
            -118.102,38.28483,0
            -118.10182,38.28391,0
            -118.10182,38.2839,0
            -118.10174,38.28355,0
            -118.10168,38.28332,0
            -118.10146,38.28263,0
            -118.10122,38.282,0
            -118.09999,38.27908,0
            -118.09989,38.27882,0
            -118.09803,38.27434,0
            -118.09797,38.27421,0
            -118.09796,38.27417,0
            -118.09715,38.27224,0
            -118.09683,38.27144,0
            -118.09659,38.27088,0
            -118.09656,38.27079,0
            -118.09654,38.27075,0
            -118.09651,38.27067,0
            -118.09639,38.2704,0
            -118.09456,38.26599,0
            -118.09455,38.26596,0
            -118.0938,38.26413,0
            -118.09319,38.2627,0
            -118.0931,38.26251,0
            -118.09288,38.26208,0
            -118.09237,38.26124,0
            -118.09222,38.26103,0
            -118.09208,38.26082,0
            -118.09163,38.26022,0
            -118.0916,38.26019,0
            -118.09149,38.26004,0
            -118.09123,38.25974,0
            -118.09123,38.25973,0
            -118.09084,38.2593,0
            -118.09041,38.25886,0
            -118.09026,38.25873,0
            -118.09013,38.2586,0
            -118.08948,38.25803,0
            -118.08906,38.25769,0
            -118.08832,38.25715,0
            -118.08769,38.25674,0
            -118.08765,38.25672,0
            -118.08752,38.25663,0
            -118.08668,38.25615,0
            -118.08654,38.25608,0
            -118.08636,38.25598,0
            -118.08581,38.2557,0
            -118.08467,38.25521,0
            -118.08426,38.25506,0
            -118.07635,38.25242,0
            -118.07614,38.25234,0
            -118.03344,38.23809,0
            -118.03302,38.23794,0
            -118.03275,38.23786,0
            -118.0326,38.2378,0
            -118.03155,38.23744,0
            -118.03141,38.2374,0
            -118.03134,38.23737,0
            -118.0291,38.23663,0
            -118.02836,38.23637,0
            -118.02752,38.23604,0
            -118.02711,38.23585,0
            -118.02685,38.23574,0
            -118.02678,38.2357,0
            -118.02625,38.23544,0
            -118.02548,38.23501,0
            -118.02545,38.235,0
            -118.025,38.23473,0
            -118.02455,38.23444,0
            -118.02449,38.23439,0
            -118.02412,38.23414,0
            -118.02377,38.23389,0
            -118.02305,38.23333,0
            -118.02298,38.23327,0
            -118.02202,38.23252,0
            -118.02144,38.23205,0
            -118.02142,38.23204,0
            -118.02102,38.23174,0
            -118.02029,38.23117,0
            -118.01915,38.23023,0
            -118.01889,38.22999,0
            -118.01888,38.22999,0
            -118.01863,38.22977,0
            -118.01831,38.22946,0
            -118.01816,38.2293,0
            -118.01731,38.22845,0
            -118.01717,38.2283,0
            -118.01492,38.22602,0
            -118.01452,38.2256,0
            -118.01409,38.22518,0
            -118.01409,38.22517,0
            -118.01217,38.22322,0
            -118.01111,38.22221,0
            -118.011,38.22212,0
            -118.01081,38.22194,0
            -118.01079,38.22193,0
            -118.01042,38.22161,0
            -118.01034,38.22155,0
            -118.01018,38.22141,0
            -118.0094,38.22077,0
            -118.00939,38.22076,0
            -118.00877,38.22027,0
            -118.0078,38.21947,0
            -118.00769,38.21939,0
            -118.00764,38.21934,0
            -118.00752,38.21925,0
            -118.00705,38.21883,0
            -118.00692,38.2187,0
            -118.00688,38.21867,0
            -118.00646,38.21825,0
            -118.00638,38.21816,0
            -118.00632,38.2181,0
            -118.00579,38.21751,0
            -118.00552,38.21717,0
            -118.00517,38.2167,0
            -118.00485,38.21624,0
            -118.00469,38.21599,0
            -118.00466,38.21595,0
            -118,38.2084,0
            -117.99942,38.20749,0
            -117.9992,38.20711,0
            -117.99678,38.20322,0
            -117.99655,38.20289,0
            -117.99648,38.20278,0
            -117.99635,38.20261,0
            -117.99633,38.20258,0
            -117.9958,38.20192,0
            -117.99545,38.20153,0
            -117.99537,38.20143,0
            -117.99081,38.19684,0
            -117.99053,38.19657,0
            -117.98778,38.19381,0
            -117.9877,38.19372,0
            -117.98711,38.19313,0
            -117.98698,38.19299,0
            -117.98683,38.19285,0
            -117.98555,38.19158,0
            -117.98541,38.19145,0
            -117.98519,38.19123,0
            -117.98441,38.19056,0
            -117.98434,38.19051,0
            -117.98419,38.19037,0
            -117.98403,38.19024,0
            -117.98401,38.19022,0
            -117.98316,38.18957,0
            -117.98234,38.18903,0
            -117.9818,38.1887,0
            -117.98106,38.18828,0
            -117.98087,38.18818,0
            -117.98083,38.18815,0
            -117.98041,38.18793,0
            -117.97993,38.18766,0
            -117.97975,38.18755,0
            -117.97963,38.18749,0
            -117.97675,38.1859,0
            -117.97657,38.18579,0
            -117.97601,38.18548,0
            -117.97596,38.18546,0
            -117.97563,38.18527,0
            -117.9746,38.18464,0
            -117.97451,38.18457,0
            -117.97434,38.18445,0
            -117.96651,38.1786,0
            -117.96649,38.17859,0
            -117.96632,38.17846,0
            -117.96551,38.17789,0
            -117.96464,38.17724,0
            -117.96461,38.17721,0
            -117.96444,38.17709,0
            -117.95983,38.17365,0
            -117.9598,38.17362,0
            -117.95953,38.17342,0
            -117.95882,38.17284,0
            -117.95872,38.17275,0
            -117.95868,38.17272,0
            -117.95857,38.17261,0
            -117.95854,38.17259,0
            -117.95831,38.17237,0
            -117.95766,38.17171,0
            -117.95708,38.17102,0
            -117.95664,38.17044,0
            -117.95623,38.16985,0
            -117.95612,38.16966,0
            -117.95599,38.16946,0
            -117.95581,38.16915,0
            -117.95574,38.169,0
            -117.95555,38.16863,0
            -117.95332,38.16392,0
            -117.95321,38.16371,0
            -117.95236,38.1619,0
            -117.95221,38.16156,0
            -117.94803,38.15267,0
            -117.94763,38.15175,0
            -117.94726,38.15079,0
            -117.94687,38.14983,0
            -117.94299,38.14154,0
            -117.94286,38.14128,0
            -117.93717,38.1292,0
            -117.9371,38.12903,0
            -117.93654,38.12785,0
            -117.93652,38.12783,0
            -117.93525,38.12507,0
            -117.93378,38.12196,0
            -117.93378,38.12195,0
            -117.93219,38.11857,0
            -117.93212,38.11841,0
            -117.9279,38.10946,0
            -117.92783,38.10929,0
            -117.92059,38.0939,0
            -117.92052,38.09373,0
            -117.90816,38.06738,0
            -117.90791,38.06681,0
            -117.90699,38.06488,0
            -117.90698,38.06487,0
            -117.90493,38.06049,0
            -117.90492,38.06048,0
            -117.90492,38.06046,0
            -117.90488,38.06037,0
            -117.90485,38.06032,0
            -117.90485,38.06031,0
            -117.90342,38.05729,0
            -117.9034,38.05726,0
            -117.90333,38.05712,0
            -117.90333,38.05711,0
            -117.90328,38.057,0
            -117.90325,38.05695,0
            -117.90325,38.05694,0
            -117.90298,38.05642,0
            -117.90284,38.05617,0
            -117.90241,38.05548,0
            -117.90238,38.05544,0
            -117.90159,38.05425,0
            -117.89802,38.04875,0
            -117.89791,38.04859,0
            -117.89785,38.04849,0
            -117.89774,38.04833,0
            -117.89712,38.04737,0
            -117.89701,38.04721,0
            -117.89615,38.04588,0
            -117.89614,38.04586,0
            -117.89564,38.04508,0
            -117.89507,38.04423,0
            -117.89493,38.044,0
            -117.89392,38.04246,0
            -117.89389,38.0424,0
            -117.89217,38.03979,0
            -117.89197,38.03947,0
            -117.88935,38.03547,0
            -117.88919,38.03521,0
            -117.88757,38.03275,0
            -117.88754,38.03261,0
            -117.88752,38.03257,0
            -117.88715,38.03198,0
            -117.88669,38.03128,0
            -117.8858,38.03023,0
            -117.88551,38.02995,0
            -117.88528,38.02975,0
            -117.88514,38.02964,0
            -117.88496,38.02953,0
            -117.88478,38.02938,0
            -117.88407,38.02882,0
            -117.88311,38.02818,0
            -117.8824,38.02777,0
            -117.88199,38.02756,0
            -117.88128,38.02723,0
            -117.88104,38.02713,0
            -117.88004,38.02676,0
            -117.87863,38.02634,0
            -117.87549,38.02546,0
            -117.87507,38.02533,0
            -117.87485,38.02527,0
            -117.87483,38.02526,0
            -117.86957,38.02377,0
            -117.86948,38.02375,0
            -117.85893,38.02075,0
            -117.85795,38.02051,0
            -117.85666,38.02023,0
            -117.85546,38.02,0
            -117.85436,38.01983,0
            -117.85333,38.01969,0
            -117.8531,38.01967,0
            -117.85255,38.0196,0
            -117.85126,38.01949,0
            -117.84878,38.01934,0
            -117.84871,38.01934,0
            -117.84537,38.01913,0
            -117.8449,38.01911,0
            -117.84108,38.01888,0
            -117.84059,38.01883,0
            -117.84037,38.01879,0
            -117.84036,38.01879,0
            -117.83994,38.01873,0
            -117.83968,38.01868,0
            -117.83942,38.01864,0
            -117.82567,38.01617,0
            -117.82545,38.01614,0
            -117.82513,38.01608,0
            -117.82451,38.01598,0
            -117.82406,38.01593,0
            -117.82384,38.01592,0
            -117.82363,38.0159,0
            -117.82342,38.01589,0
            -117.82334,38.01589,0
            -117.82319,38.01588,0
            -117.82274,38.01588,0
            -117.82265,38.01589,0
            -117.82187,38.01592,0
            -117.82046,38.016,0
            -117.82023,38.01602,0
            -117.81203,38.01651,0
            -117.81193,38.01651,0
            -117.80771,38.01678,0
            -117.80703,38.01681,0
            -117.80606,38.01687,0
            -117.80597,38.01687,0
            -117.80595,38.01688,0
            -117.80179,38.01713,0
            -117.80156,38.01715,0
            -117.79132,38.01775,0
            -117.79109,38.01777,0
            -117.78859,38.01791,0
            -117.78837,38.01793,0
            -117.77925,38.01846,0
            -117.7792,38.01847,0
            -117.77665,38.01861,0
            -117.77644,38.01863,0
            -117.77342,38.01881,0
            -117.77336,38.01882,0
            -117.77081,38.01896,0
            -117.76962,38.01907,0
            -117.76871,38.0192,0
            -117.76836,38.01926,0
            -117.75727,38.02151,0
            -117.75663,38.02165,0
            -117.75645,38.02168,0
            -117.75575,38.02183,0
            -117.75297,38.02238,0
            -117.75243,38.0225,0
            -117.75221,38.02254,0
            -117.75199,38.02259,0
            -117.74933,38.02312,0
            -117.74911,38.02317,0
            -117.74115,38.02477,0
            -117.74092,38.02483,0
            -117.73374,38.02628,0
            -117.73302,38.02644,0
            -117.73287,38.02646,0
            -117.73088,38.02687,0
            -117.73081,38.02688,0
            -117.72432,38.02821,0
            -117.72403,38.02826,0
            -117.72401,38.02827,0
            -117.71194,38.0307,0
            -117.71187,38.03072,0
            -117.71164,38.03076,0
            -117.70941,38.03122,0
            -117.70917,38.03126,0
            -117.70235,38.03264,0
            -117.70218,38.03268,0
            -117.70051,38.03302,0
            -117.70022,38.03307,0
            -117.69771,38.03359,0
            -117.69764,38.0336,0
            -117.69763,38.0336,0
            -117.69417,38.0343,0
            -117.6941,38.03432,0
            -117.69367,38.0344,0
            -117.691,38.03495,0
            -117.69019,38.0351,0
            -117.69017,38.03511,0
            -117.68635,38.03587,0
            -117.68621,38.03591,0
            -117.68614,38.03592,0
            -117.68223,38.03671,0
            -117.68201,38.03676,0
            -117.68183,38.03679,0
            -117.68024,38.03712,0
            -117.67994,38.03719,0
            -117.67993,38.03719,0
            -117.67932,38.03733,0
            -117.67881,38.03747,0
            -117.67802,38.03767,0
            -117.67676,38.03805,0
            -117.67559,38.03844,0
            -117.67481,38.03873,0
            -117.67448,38.03884,0
            -117.67425,38.03894,0
            -117.67318,38.03937,0
            -117.67314,38.03939,0
            -117.67244,38.03969,0
            -117.67158,38.04009,0
            -117.67002,38.04087,0
            -117.66872,38.04161,0
            -117.66812,38.04197,0
            -117.66687,38.04279,0
            -117.66635,38.04315,0
            -117.66569,38.04364,0
            -117.66493,38.04423,0
            -117.66407,38.04493,0
            -117.66367,38.04529,0
            -117.66355,38.04539,0
            -117.66279,38.0461,0
            -117.6624,38.04648,0
            -117.66236,38.04653,0
            -117.66189,38.047,0
            -117.66142,38.0475,0
            -117.66032,38.04862,0
            -117.66031,38.04864,0
            -117.65703,38.05203,0
            -117.65691,38.05217,0
            -117.65671,38.05236,0
            -117.6478,38.06155,0
            -117.64732,38.06203,0
            -117.64724,38.06212,0
            -117.64696,38.0624,0
            -117.6467,38.06268,0
            -117.64654,38.06284,0
            -117.64652,38.06287,0
            -117.64599,38.0634,0
            -117.64595,38.06345,0
            -117.64459,38.06484,0
            -117.64432,38.06513,0
            -117.64391,38.06554,0
            -117.64293,38.06656,0
            -117.64251,38.06698,0
            -117.64099,38.06856,0
            -117.6399,38.06966,0
            -117.63698,38.07267,0
            -117.63696,38.0727,0
            -117.63558,38.0741,0
            -117.63475,38.07497,0
            -117.63418,38.07554,0
            -117.63391,38.07583,0
            -117.63209,38.07769,0
            -117.63197,38.07783,0
            -117.63189,38.0779,0
            -117.63183,38.07797,0
            -117.6307,38.07912,0
            -117.63012,38.07973,0
            -117.62955,38.0803,0
            -117.6292,38.08067,0
            -117.62849,38.08139,0
            -117.62848,38.08141,0
            -117.6261,38.08387,0
            -117.62594,38.08402,0
            -117.6256,38.08438,0
            -117.62487,38.08512,0
            -117.62481,38.08519,0
            -117.62429,38.08575,0
            -117.6217,38.0884,0
            -117.62143,38.08869,0
            -117.61476,38.09554,0
            -117.6145,38.09582,0
            -117.61417,38.09615,0
            -117.61383,38.09651,0
            -117.61295,38.0974,0
            -117.61267,38.0977,0
            -117.6111,38.0993,0
            -117.61083,38.09959,0
            -117.60888,38.10158,0
            -117.60878,38.10169,0
            -117.60818,38.1023,0
            -117.60809,38.10238,0
            -117.60783,38.10266,0
            -117.60516,38.1054,0
            -117.60513,38.10544,0
            -117.59725,38.11353,0
            -117.59695,38.11385,0
            -117.59581,38.11502,0
            -117.59554,38.11531,0
            -117.5947,38.11617,0
            -117.59463,38.11625,0
            -117.59288,38.11802,0
            -117.59272,38.1182,0
            -117.59182,38.11912,0
            -117.59177,38.11916,0
            -117.5915,38.11944,0
            -117.59111,38.11979,0
            -117.59065,38.12015,0
            -117.59064,38.12016,0
            -117.59052,38.12025,0
            -117.59048,38.12027,0
            -117.59043,38.12031,0
            -117.58999,38.12059,0
            -117.58947,38.12088,0
            -117.58765,38.12179,0
            -117.58745,38.12188,0
            -117.58707,38.12208,0
            -117.5855,38.12285,0
            -117.58148,38.12488,0
            -117.58122,38.12502,0
            -117.58095,38.12514,0
            -117.57891,38.12615,0
            -117.57842,38.12638,0
            -117.57764,38.12671,0
            -117.57712,38.12691,0
            -117.576,38.12729,0
            -117.57579,38.12735,0
            -117.57576,38.12735,0
            -117.57509,38.12754,0
            -117.57401,38.12778,0
            -117.57399,38.12778,0
            -117.57311,38.12794,0
            -117.5722,38.12806,0
            -117.57108,38.12823,0
            -117.5704,38.12831,0
            -117.5704,38.12832,0
            -117.56949,38.12843,0
            -117.56614,38.1289,0
            -117.56612,38.12891,0
            -117.56465,38.12912,0
            -117.56455,38.12913,0
            -117.55544,38.13043,0
            -117.55534,38.13045,0
            -117.55512,38.13047,0
            -117.55473,38.13054,0
            -117.5515,38.13099,0
            -117.55127,38.13103,0
            -117.55066,38.13111,0
            -117.55037,38.13116,0
            -117.55012,38.13119,0
            -117.54664,38.13169,0
            -117.54621,38.13174,0
            -117.54565,38.13184,0
            -117.54312,38.13222,0
            -117.54205,38.13236,0
            -117.53138,38.13388,0
            -117.53115,38.13392,0
            -117.47906,38.14131,0
            -117.47899,38.14131,0
            -117.47659,38.14166,0
            -117.47636,38.1417,0
            -117.46983,38.14262,0
            -117.46841,38.14279,0
            -117.46817,38.14281,0
            -117.46755,38.14284,0
            -117.466,38.14287,0
            -117.46525,38.14284,0
            -117.46461,38.14279,0
            -117.4637,38.14269,0
            -117.4627,38.14253,0
            -117.46204,38.1424,0
            -117.46138,38.14225,0
            -117.4598,38.1418,0
            -117.45683,38.14087,0
            -117.45607,38.14062,0
            -117.45562,38.14044,0
            -117.45375,38.13985,0
            -117.45283,38.13954,0
            -117.45123,38.13904,0
            -117.45103,38.13901,0
            -117.43973,38.13542,0
            -117.43951,38.13536,0
            -117.43888,38.13515,0
            -117.43867,38.13509,0
            -117.4074,38.12517,0
            -117.40719,38.12511,0
            -117.38457,38.11792,0
            -117.38436,38.11786,0
            -117.37652,38.11536,0
            -117.37651,38.11536,0
            -117.37356,38.11439,0
            -117.37144,38.11372,0
            -117.37123,38.11366,0
            -117.34258,38.10457,0
            -117.34239,38.1045,0
            -117.3212,38.09776,0
            -117.32099,38.0977,0
            -117.30836,38.09367,0
            -117.30765,38.09346,0
            -117.30709,38.09328,0
            -117.3067,38.09314,0
            -117.29947,38.09084,0
            -117.29926,38.09078,0
            -117.27852,38.08414,0
            -117.27668,38.08357,0
            -117.27568,38.08329,0
            -117.27453,38.083,0
            -117.27367,38.0828,0
            -117.26685,38.08133,0
            -117.26682,38.08133,0
            -117.26616,38.08118,0
            -117.26594,38.08114,0
            -117.26553,38.08105,0
            -117.2655,38.08104,0
            -117.26357,38.08063,0
            -117.26351,38.08061,0
            -117.26335,38.08058,0
            -117.26332,38.08057,0
            -117.26329,38.08057,0
            -117.26313,38.08053,0
            -117.2631,38.08053,0
            -117.26016,38.07989,0
            -117.26005,38.07987,0
            -117.25999,38.07985,0
            -117.25375,38.07849,0
            -117.25251,38.07824,0
            -117.24876,38.07742,0
            -117.24806,38.07723,0
            -117.24781,38.07717,0
            -117.24645,38.07675,0
            -117.2454,38.07636,0
            -117.24408,38.07581,0
            -117.24354,38.07556,0
            -117.243,38.07529,0
            -117.24291,38.07525,0
            -117.23992,38.07367,0
            -117.23965,38.07354,0
            -117.23912,38.07326,0
            -117.23869,38.07305,0
            -117.23814,38.0728,0
            -117.23725,38.07246,0
            -117.23643,38.07219,0
            -117.23627,38.07216,0
            -117.23613,38.07212,0
            -117.23513,38.07187,0
            -117.2349,38.07182,0
            -117.23469,38.07176,0
            -117.23459,38.07174,0
            -117.23427,38.07165,0
            -117.23394,38.07152,0
            -117.23371,38.07141,0
            -117.23359,38.07134,0
            -117.23345,38.07127,0
            -117.23333,38.07119,0
            -117.23313,38.07102,0
            -117.23289,38.07086,0
            -117.23277,38.07077,0
            -117.23266,38.0707,0
            -117.23251,38.07059,0
            -117.23228,38.07044,0
            -117.23208,38.07028,0
            -117.23177,38.06999,0
            -117.23162,38.06967,0
            -117.2314,38.06914,0
            -117.23095,38.06815,0
            -117.23036,38.06828,0
            -117.23037,38.06832,0
            -117.23072,38.06918,0
          </coordinates>
        </LineString>
      </Placemark>
      <Placemark>
        <name>613 Sparkes Rd</name>
        <styleUrl>#icon-1899-DB4436-nodesc</styleUrl>
        <Point>
          <coordinates>
            -122.8088194,38.374725,0
          </coordinates>
        </Point>
      </Placemark>
      <Placemark>
        <name>Shingle Springs</name>
        <styleUrl>#icon-1899-DB4436-nodesc</styleUrl>
        <Point>
          <coordinates>
            -120.937281,38.6619187,0
          </coordinates>
        </Point>
      </Placemark>
      <Placemark>
        <name>Meyers</name>
        <styleUrl>#icon-1899-DB4436-nodesc</styleUrl>
        <Point>
          <coordinates>
            -120.0222134,38.8509509,0
          </coordinates>
        </Point>
      </Placemark>
      <Placemark>
        <name>Alpine Village</name>
        <styleUrl>#icon-1899-DB4436-nodesc</styleUrl>
        <Point>
          <coordinates>
            -119.8219147,38.7743058,0
          </coordinates>
        </Point>
      </Placemark>
      <Placemark>
        <name>Tonopah, NV</name>
        <styleUrl>#icon-1899-DB4436-nodesc</styleUrl>
        <Point>
          <coordinates>
            -117.2307181,38.069178,0
          </coordinates>
        </Point>
      </Placemark>
    </Folder>
  </Document>
</kml>
