<?xml version="1.0" encoding="UTF-8"?>
<gpx version="1.1" creator="HermesMotoTrip"
  xmlns="http://www.topografix.com/GPX/1/1"
  xmlns:xsi="http://www.w3.org/2001/XMLSchema-instance"
  xsi:schemaLocation="http://www.topografix.com/GPX/1/1 http://www.topografix.com/GPX/1/1/gpx.xsd">
  <metadata><name>Day 1 - Sebastopol to Tonopah</name><desc>US-101 S, I-80 E, US-50 E, sharp right Meyers, US-395 S, US-95 S to Tonopah</desc><time>2026-05-31T18:27:22Z</time></metadata>
  <trk>
    <name>Day 1 - Sebastopol to Tonopah</name>
    <trkseg>
    <trkpt lat="38.37472" lon="-122.80882"></trkpt>
    <trkpt lat="38.37473" lon="-122.80887"></trkpt>
    <trkpt lat="38.37473" lon="-122.80901"></trkpt>
    <trkpt lat="38.37472" lon="-122.80924"></trkpt>
    <trkpt lat="38.3747" lon="-122.80947"></trkpt>
    <trkpt lat="38.37469" lon="-122.8097"></trkpt>
    <trkpt lat="38.37468" lon="-122.81066"></trkpt>
    <trkpt lat="38.37466" lon="-122.81087"></trkpt>
    <trkpt lat="38.37465" lon="-122.81092"></trkpt>
    <trkpt lat="38.37491" lon="-122.81093"></trkpt>
    <trkpt lat="38.37545" lon="-122.81093"></trkpt>
    <trkpt lat="38.37577" lon="-122.81091"></trkpt>
    <trkpt lat="38.37763" lon="-122.81092"></trkpt>
    <trkpt lat="38.37905" lon="-122.81098"></trkpt>
    <trkpt lat="38.37908" lon="-122.81097"></trkpt>
    <trkpt lat="38.37931" lon="-122.81098"></trkpt>
    <trkpt lat="38.38085" lon="-122.81098"></trkpt>
    <trkpt lat="38.38116" lon="-122.81097"></trkpt>
    <trkpt lat="38.38247" lon="-122.81097"></trkpt>
    <trkpt lat="38.38294" lon="-122.81098"></trkpt>
    <trkpt lat="38.38315" lon="-122.81097"></trkpt>
    <trkpt lat="38.38369" lon="-122.81098"></trkpt>
    <trkpt lat="38.38278" lon="-122.80928"></trkpt>
    <trkpt lat="38.38274" lon="-122.80915"></trkpt>
    <trkpt lat="38.38232" lon="-122.80836"></trkpt>
    <trkpt lat="38.38223" lon="-122.80817"></trkpt>
    <trkpt lat="38.38206" lon="-122.80785"></trkpt>
    <trkpt lat="38.38198" lon="-122.80774"></trkpt>
    <trkpt lat="38.38197" lon="-122.80774"></trkpt>
    <trkpt lat="38.38145" lon="-122.80679"></trkpt>
    <trkpt lat="38.38137" lon="-122.80661"></trkpt>
    <trkpt lat="38.38132" lon="-122.80648"></trkpt>
    <trkpt lat="38.38121" lon="-122.80616"></trkpt>
    <trkpt lat="38.38115" lon="-122.80595"></trkpt>
    <trkpt lat="38.38099" lon="-122.80522"></trkpt>
    <trkpt lat="38.38091" lon="-122.80473"></trkpt>
    <trkpt lat="38.38088" lon="-122.80446"></trkpt>
    <trkpt lat="38.38048" lon="-122.80237"></trkpt>
    <trkpt lat="38.38043" lon="-122.80215"></trkpt>
    <trkpt lat="38.38042" lon="-122.80209"></trkpt>
    <trkpt lat="38.38038" lon="-122.80195"></trkpt>
    <trkpt lat="38.3803" lon="-122.80171"></trkpt>
    <trkpt lat="38.37871" lon="-122.79748"></trkpt>
    <trkpt lat="38.37868" lon="-122.79741"></trkpt>
    <trkpt lat="38.37864" lon="-122.79734"></trkpt>
    <trkpt lat="38.37861" lon="-122.79726"></trkpt>
    <trkpt lat="38.37855" lon="-122.79714"></trkpt>
    <trkpt lat="38.37846" lon="-122.797"></trkpt>
    <trkpt lat="38.37839" lon="-122.79688"></trkpt>
    <trkpt lat="38.378" lon="-122.79634"></trkpt>
    <trkpt lat="38.37741" lon="-122.79557"></trkpt>
    <trkpt lat="38.37737" lon="-122.79551"></trkpt>
    <trkpt lat="38.37736" lon="-122.7955"></trkpt>
    <trkpt lat="38.37682" lon="-122.79478"></trkpt>
    <trkpt lat="38.37671" lon="-122.79462"></trkpt>
    <trkpt lat="38.37561" lon="-122.79314"></trkpt>
    <trkpt lat="38.37556" lon="-122.79306"></trkpt>
    <trkpt lat="38.37548" lon="-122.79296"></trkpt>
    <trkpt lat="38.37536" lon="-122.79279"></trkpt>
    <trkpt lat="38.37527" lon="-122.79265"></trkpt>
    <trkpt lat="38.37424" lon="-122.79123"></trkpt>
    <trkpt lat="38.37018" lon="-122.78551"></trkpt>
    <trkpt lat="38.36992" lon="-122.78516"></trkpt>
    <trkpt lat="38.36988" lon="-122.7851"></trkpt>
    <trkpt lat="38.36947" lon="-122.78454"></trkpt>
    <trkpt lat="38.36932" lon="-122.78435"></trkpt>
    <trkpt lat="38.3691" lon="-122.78411"></trkpt>
    <trkpt lat="38.36908" lon="-122.78408"></trkpt>
    <trkpt lat="38.36901" lon="-122.78401"></trkpt>
    <trkpt lat="38.36893" lon="-122.78394"></trkpt>
    <trkpt lat="38.3688" lon="-122.78384"></trkpt>
    <trkpt lat="38.36873" lon="-122.78378"></trkpt>
    <trkpt lat="38.36865" lon="-122.78373"></trkpt>
    <trkpt lat="38.36849" lon="-122.7836"></trkpt>
    <trkpt lat="38.36616" lon="-122.78196"></trkpt>
    <trkpt lat="38.36595" lon="-122.78182"></trkpt>
    <trkpt lat="38.36554" lon="-122.78153"></trkpt>
    <trkpt lat="38.36548" lon="-122.78148"></trkpt>
    <trkpt lat="38.36542" lon="-122.78144"></trkpt>
    <trkpt lat="38.36536" lon="-122.78139"></trkpt>
    <trkpt lat="38.36533" lon="-122.78136"></trkpt>
    <trkpt lat="38.36527" lon="-122.78131"></trkpt>
    <trkpt lat="38.36521" lon="-122.78125"></trkpt>
    <trkpt lat="38.36516" lon="-122.78121"></trkpt>
    <trkpt lat="38.36512" lon="-122.78116"></trkpt>
    <trkpt lat="38.36498" lon="-122.78102"></trkpt>
    <trkpt lat="38.36486" lon="-122.78088"></trkpt>
    <trkpt lat="38.36479" lon="-122.78081"></trkpt>
    <trkpt lat="38.36476" lon="-122.78077"></trkpt>
    <trkpt lat="38.36471" lon="-122.78073"></trkpt>
    <trkpt lat="38.36466" lon="-122.78067"></trkpt>
    <trkpt lat="38.3633" lon="-122.77922"></trkpt>
    <trkpt lat="38.36316" lon="-122.77908"></trkpt>
    <trkpt lat="38.36222" lon="-122.77807"></trkpt>
    <trkpt lat="38.36209" lon="-122.7779"></trkpt>
    <trkpt lat="38.36202" lon="-122.7778"></trkpt>
    <trkpt lat="38.36102" lon="-122.77622"></trkpt>
    <trkpt lat="38.36086" lon="-122.77591"></trkpt>
    <trkpt lat="38.36025" lon="-122.77439"></trkpt>
    <trkpt lat="38.35997" lon="-122.77366"></trkpt>
    <trkpt lat="38.35996" lon="-122.77364"></trkpt>
    <trkpt lat="38.35922" lon="-122.77178"></trkpt>
    <trkpt lat="38.35896" lon="-122.77122"></trkpt>
    <trkpt lat="38.35862" lon="-122.77059"></trkpt>
    <trkpt lat="38.35861" lon="-122.77058"></trkpt>
    <trkpt lat="38.35849" lon="-122.77037"></trkpt>
    <trkpt lat="38.35817" lon="-122.7699"></trkpt>
    <trkpt lat="38.35759" lon="-122.76913"></trkpt>
    <trkpt lat="38.35749" lon="-122.76902"></trkpt>
    <trkpt lat="38.35741" lon="-122.76894"></trkpt>
    <trkpt lat="38.3573" lon="-122.76881"></trkpt>
    <trkpt lat="38.35713" lon="-122.76863"></trkpt>
    <trkpt lat="38.35666" lon="-122.7682"></trkpt>
    <trkpt lat="38.35602" lon="-122.76768"></trkpt>
    <trkpt lat="38.35147" lon="-122.76471"></trkpt>
    <trkpt lat="38.35145" lon="-122.7647"></trkpt>
    <trkpt lat="38.35145" lon="-122.76469"></trkpt>
    <trkpt lat="38.35136" lon="-122.76464"></trkpt>
    <trkpt lat="38.35097" lon="-122.76438"></trkpt>
    <trkpt lat="38.35093" lon="-122.76436"></trkpt>
    <trkpt lat="38.35083" lon="-122.76428"></trkpt>
    <trkpt lat="38.35076" lon="-122.76423"></trkpt>
    <trkpt lat="38.35053" lon="-122.76403"></trkpt>
    <trkpt lat="38.34994" lon="-122.76346"></trkpt>
    <trkpt lat="38.34993" lon="-122.76346"></trkpt>
    <trkpt lat="38.34663" lon="-122.76033"></trkpt>
    <trkpt lat="38.34657" lon="-122.76031"></trkpt>
    <trkpt lat="38.34656" lon="-122.76031"></trkpt>
    <trkpt lat="38.34624" lon="-122.76"></trkpt>
    <trkpt lat="38.34592" lon="-122.75972"></trkpt>
    <trkpt lat="38.34448" lon="-122.7583"></trkpt>
    <trkpt lat="38.34441" lon="-122.7582"></trkpt>
    <trkpt lat="38.34345" lon="-122.75728"></trkpt>
    <trkpt lat="38.34314" lon="-122.75687"></trkpt>
    <trkpt lat="38.34308" lon="-122.75681"></trkpt>
    <trkpt lat="38.3429" lon="-122.75661"></trkpt>
    <trkpt lat="38.3428" lon="-122.75648"></trkpt>
    <trkpt lat="38.34271" lon="-122.75635"></trkpt>
    <trkpt lat="38.34263" lon="-122.75626"></trkpt>
    <trkpt lat="38.34255" lon="-122.75615"></trkpt>
    <trkpt lat="38.34235" lon="-122.75583"></trkpt>
    <trkpt lat="38.34218" lon="-122.75551"></trkpt>
    <trkpt lat="38.34216" lon="-122.75548"></trkpt>
    <trkpt lat="38.34126" lon="-122.7538"></trkpt>
    <trkpt lat="38.34115" lon="-122.75361"></trkpt>
    <trkpt lat="38.33926" lon="-122.75002"></trkpt>
    <trkpt lat="38.33869" lon="-122.74881"></trkpt>
    <trkpt lat="38.33792" lon="-122.74701"></trkpt>
    <trkpt lat="38.33711" lon="-122.74518"></trkpt>
    <trkpt lat="38.33627" lon="-122.74341"></trkpt>
    <trkpt lat="38.33541" lon="-122.74168"></trkpt>
    <trkpt lat="38.33506" lon="-122.74092"></trkpt>
    <trkpt lat="38.33499" lon="-122.74073"></trkpt>
    <trkpt lat="38.33499" lon="-122.74071"></trkpt>
    <trkpt lat="38.33495" lon="-122.7406"></trkpt>
    <trkpt lat="38.33487" lon="-122.74031"></trkpt>
    <trkpt lat="38.33486" lon="-122.74026"></trkpt>
    <trkpt lat="38.33481" lon="-122.74011"></trkpt>
    <trkpt lat="38.33475" lon="-122.73983"></trkpt>
    <trkpt lat="38.33472" lon="-122.73961"></trkpt>
    <trkpt lat="38.33467" lon="-122.73953"></trkpt>
    <trkpt lat="38.33465" lon="-122.73948"></trkpt>
    <trkpt lat="38.33453" lon="-122.7384"></trkpt>
    <trkpt lat="38.334" lon="-122.73852"></trkpt>
    <trkpt lat="38.33399" lon="-122.73852"></trkpt>
    <trkpt lat="38.33292" lon="-122.73873"></trkpt>
    <trkpt lat="38.33249" lon="-122.73878"></trkpt>
    <trkpt lat="38.33196" lon="-122.73878"></trkpt>
    <trkpt lat="38.33175" lon="-122.73871"></trkpt>
    <trkpt lat="38.33136" lon="-122.73868"></trkpt>
    <trkpt lat="38.33095" lon="-122.73862"></trkpt>
    <trkpt lat="38.33075" lon="-122.73858"></trkpt>
    <trkpt lat="38.33067" lon="-122.73855"></trkpt>
    <trkpt lat="38.33058" lon="-122.73853"></trkpt>
    <trkpt lat="38.33035" lon="-122.73846"></trkpt>
    <trkpt lat="38.33011" lon="-122.73837"></trkpt>
    <trkpt lat="38.32965" lon="-122.73818"></trkpt>
    <trkpt lat="38.32921" lon="-122.73795"></trkpt>
    <trkpt lat="38.3252" lon="-122.7357"></trkpt>
    <trkpt lat="38.32516" lon="-122.73549"></trkpt>
    <trkpt lat="38.32512" lon="-122.73534"></trkpt>
    <trkpt lat="38.32494" lon="-122.73484"></trkpt>
    <trkpt lat="38.32488" lon="-122.7347"></trkpt>
    <trkpt lat="38.3246" lon="-122.73394"></trkpt>
    <trkpt lat="38.32459" lon="-122.73392"></trkpt>
    <trkpt lat="38.32458" lon="-122.73387"></trkpt>
    <trkpt lat="38.32455" lon="-122.73381"></trkpt>
    <trkpt lat="38.32452" lon="-122.73371"></trkpt>
    <trkpt lat="38.32435" lon="-122.73327"></trkpt>
    <trkpt lat="38.32435" lon="-122.73326"></trkpt>
    <trkpt lat="38.32434" lon="-122.73325"></trkpt>
    <trkpt lat="38.32434" lon="-122.73324"></trkpt>
    <trkpt lat="38.32428" lon="-122.73312"></trkpt>
    <trkpt lat="38.32427" lon="-122.73309"></trkpt>
    <trkpt lat="38.32425" lon="-122.73306"></trkpt>
    <trkpt lat="38.3242" lon="-122.73297"></trkpt>
    <trkpt lat="38.32406" lon="-122.73277"></trkpt>
    <trkpt lat="38.32405" lon="-122.73275"></trkpt>
    <trkpt lat="38.32401" lon="-122.73271"></trkpt>
    <trkpt lat="38.32378" lon="-122.73243"></trkpt>
    <trkpt lat="38.32377" lon="-122.73241"></trkpt>
    <trkpt lat="38.32351" lon="-122.7321"></trkpt>
    <trkpt lat="38.32342" lon="-122.73198"></trkpt>
    <trkpt lat="38.32325" lon="-122.73178"></trkpt>
    <trkpt lat="38.32304" lon="-122.73148"></trkpt>
    <trkpt lat="38.32301" lon="-122.73145"></trkpt>
    <trkpt lat="38.32301" lon="-122.73144"></trkpt>
    <trkpt lat="38.32292" lon="-122.73131"></trkpt>
    <trkpt lat="38.32291" lon="-122.7313"></trkpt>
    <trkpt lat="38.32291" lon="-122.73129"></trkpt>
    <trkpt lat="38.32289" lon="-122.73127"></trkpt>
    <trkpt lat="38.3228" lon="-122.73113"></trkpt>
    <trkpt lat="38.32279" lon="-122.73112"></trkpt>
    <trkpt lat="38.32278" lon="-122.73109"></trkpt>
    <trkpt lat="38.32267" lon="-122.7309"></trkpt>
    <trkpt lat="38.32261" lon="-122.73074"></trkpt>
    <trkpt lat="38.32259" lon="-122.7307"></trkpt>
    <trkpt lat="38.32253" lon="-122.73052"></trkpt>
    <trkpt lat="38.3225" lon="-122.73041"></trkpt>
    <trkpt lat="38.32248" lon="-122.7303"></trkpt>
    <trkpt lat="38.32247" lon="-122.73027"></trkpt>
    <trkpt lat="38.32246" lon="-122.73021"></trkpt>
    <trkpt lat="38.32245" lon="-122.73008"></trkpt>
    <trkpt lat="38.32245" lon="-122.73004"></trkpt>
    <trkpt lat="38.32244" lon="-122.72993"></trkpt>
    <trkpt lat="38.32244" lon="-122.72966"></trkpt>
    <trkpt lat="38.32245" lon="-122.72959"></trkpt>
    <trkpt lat="38.32245" lon="-122.72956"></trkpt>
    <trkpt lat="38.32247" lon="-122.72939"></trkpt>
    <trkpt lat="38.32248" lon="-122.72935"></trkpt>
    <trkpt lat="38.32251" lon="-122.72918"></trkpt>
    <trkpt lat="38.32257" lon="-122.72898"></trkpt>
    <trkpt lat="38.32259" lon="-122.72893"></trkpt>
    <trkpt lat="38.32259" lon="-122.72892"></trkpt>
    <trkpt lat="38.32264" lon="-122.72881"></trkpt>
    <trkpt lat="38.32267" lon="-122.72873"></trkpt>
    <trkpt lat="38.32273" lon="-122.72861"></trkpt>
    <trkpt lat="38.32278" lon="-122.72854"></trkpt>
    <trkpt lat="38.32284" lon="-122.72844"></trkpt>
    <trkpt lat="38.32309" lon="-122.72809"></trkpt>
    <trkpt lat="38.3231" lon="-122.72808"></trkpt>
    <trkpt lat="38.32314" lon="-122.72803"></trkpt>
    <trkpt lat="38.32351" lon="-122.7275"></trkpt>
    <trkpt lat="38.32359" lon="-122.72736"></trkpt>
    <trkpt lat="38.32365" lon="-122.72727"></trkpt>
    <trkpt lat="38.32377" lon="-122.72699"></trkpt>
    <trkpt lat="38.32393" lon="-122.72658"></trkpt>
    <trkpt lat="38.32434" lon="-122.72559"></trkpt>
    <trkpt lat="38.32445" lon="-122.7253"></trkpt>
    <trkpt lat="38.32452" lon="-122.72501"></trkpt>
    <trkpt lat="38.32454" lon="-122.72482"></trkpt>
    <trkpt lat="38.32454" lon="-122.72462"></trkpt>
    <trkpt lat="38.32453" lon="-122.72451"></trkpt>
    <trkpt lat="38.32449" lon="-122.72427"></trkpt>
    <trkpt lat="38.32445" lon="-122.72411"></trkpt>
    <trkpt lat="38.32441" lon="-122.72399"></trkpt>
    <trkpt lat="38.32425" lon="-122.72365"></trkpt>
    <trkpt lat="38.32417" lon="-122.72352"></trkpt>
    <trkpt lat="38.32412" lon="-122.72341"></trkpt>
    <trkpt lat="38.32409" lon="-122.72336"></trkpt>
    <trkpt lat="38.32398" lon="-122.72313"></trkpt>
    <trkpt lat="38.32389" lon="-122.72296"></trkpt>
    <trkpt lat="38.32379" lon="-122.72274"></trkpt>
    <trkpt lat="38.32372" lon="-122.7226"></trkpt>
    <trkpt lat="38.3237" lon="-122.72254"></trkpt>
    <trkpt lat="38.32362" lon="-122.72234"></trkpt>
    <trkpt lat="38.32328" lon="-122.72133"></trkpt>
    <trkpt lat="38.32325" lon="-122.72126"></trkpt>
    <trkpt lat="38.32323" lon="-122.72119"></trkpt>
    <trkpt lat="38.3223" lon="-122.71842"></trkpt>
    <trkpt lat="38.3221" lon="-122.71786"></trkpt>
    <trkpt lat="38.322" lon="-122.71749"></trkpt>
    <trkpt lat="38.32187" lon="-122.71696"></trkpt>
    <trkpt lat="38.32185" lon="-122.7169"></trkpt>
    <trkpt lat="38.32134" lon="-122.71473"></trkpt>
    <trkpt lat="38.32134" lon="-122.71464"></trkpt>
    <trkpt lat="38.32133" lon="-122.71449"></trkpt>
    <trkpt lat="38.32124" lon="-122.71434"></trkpt>
    <trkpt lat="38.32118" lon="-122.71428"></trkpt>
    <trkpt lat="38.32112" lon="-122.71423"></trkpt>
    <trkpt lat="38.32101" lon="-122.71425"></trkpt>
    <trkpt lat="38.32077" lon="-122.71428"></trkpt>
    <trkpt lat="38.32064" lon="-122.71429"></trkpt>
    <trkpt lat="38.32029" lon="-122.71433"></trkpt>
    <trkpt lat="38.31937" lon="-122.71439"></trkpt>
    <trkpt lat="38.31929" lon="-122.7144"></trkpt>
    <trkpt lat="38.31924" lon="-122.7144"></trkpt>
    <trkpt lat="38.31922" lon="-122.71441"></trkpt>
    <trkpt lat="38.31919" lon="-122.71441"></trkpt>
    <trkpt lat="38.31901" lon="-122.71443"></trkpt>
    <trkpt lat="38.3189" lon="-122.71445"></trkpt>
    <trkpt lat="38.31883" lon="-122.71447"></trkpt>
    <trkpt lat="38.31874" lon="-122.71448"></trkpt>
    <trkpt lat="38.31853" lon="-122.71452"></trkpt>
    <trkpt lat="38.31832" lon="-122.71448"></trkpt>
    <trkpt lat="38.31823" lon="-122.71451"></trkpt>
    <trkpt lat="38.3179" lon="-122.71459"></trkpt>
    <trkpt lat="38.31788" lon="-122.7146"></trkpt>
    <trkpt lat="38.31697" lon="-122.71486"></trkpt>
    <trkpt lat="38.31559" lon="-122.71518"></trkpt>
    <trkpt lat="38.31523" lon="-122.71522"></trkpt>
    <trkpt lat="38.31487" lon="-122.71524"></trkpt>
    <trkpt lat="38.31419" lon="-122.71524"></trkpt>
    <trkpt lat="38.31379" lon="-122.71519"></trkpt>
    <trkpt lat="38.31356" lon="-122.71517"></trkpt>
    <trkpt lat="38.31308" lon="-122.71508"></trkpt>
    <trkpt lat="38.31285" lon="-122.71503"></trkpt>
    <trkpt lat="38.31263" lon="-122.71496"></trkpt>
    <trkpt lat="38.31262" lon="-122.71496"></trkpt>
    <trkpt lat="38.31213" lon="-122.7148"></trkpt>
    <trkpt lat="38.31171" lon="-122.71462"></trkpt>
    <trkpt lat="38.311" lon="-122.71429"></trkpt>
    <trkpt lat="38.31051" lon="-122.714"></trkpt>
    <trkpt lat="38.3103" lon="-122.71386"></trkpt>
    <trkpt lat="38.3102" lon="-122.71378"></trkpt>
    <trkpt lat="38.31009" lon="-122.71371"></trkpt>
    <trkpt lat="38.30993" lon="-122.71358"></trkpt>
    <trkpt lat="38.30977" lon="-122.71346"></trkpt>
    <trkpt lat="38.3091" lon="-122.71291"></trkpt>
    <trkpt lat="38.30899" lon="-122.71281"></trkpt>
    <trkpt lat="38.30768" lon="-122.7117"></trkpt>
    <trkpt lat="38.30766" lon="-122.71168"></trkpt>
    <trkpt lat="38.30755" lon="-122.71159"></trkpt>
    <trkpt lat="38.30753" lon="-122.71157"></trkpt>
    <trkpt lat="38.30739" lon="-122.71146"></trkpt>
    <trkpt lat="38.30723" lon="-122.71132"></trkpt>
    <trkpt lat="38.30688" lon="-122.71104"></trkpt>
    <trkpt lat="38.30679" lon="-122.71096"></trkpt>
    <trkpt lat="38.30677" lon="-122.71095"></trkpt>
    <trkpt lat="38.30665" lon="-122.71084"></trkpt>
    <trkpt lat="38.30634" lon="-122.71058"></trkpt>
    <trkpt lat="38.30632" lon="-122.71056"></trkpt>
    <trkpt lat="38.30621" lon="-122.71047"></trkpt>
    <trkpt lat="38.30614" lon="-122.71042"></trkpt>
    <trkpt lat="38.30571" lon="-122.71005"></trkpt>
    <trkpt lat="38.30553" lon="-122.70991"></trkpt>
    <trkpt lat="38.30526" lon="-122.70967"></trkpt>
    <trkpt lat="38.30456" lon="-122.70909"></trkpt>
    <trkpt lat="38.30449" lon="-122.70904"></trkpt>
    <trkpt lat="38.30447" lon="-122.70901"></trkpt>
    <trkpt lat="38.30446" lon="-122.709"></trkpt>
    <trkpt lat="38.3041" lon="-122.70871"></trkpt>
    <trkpt lat="38.30392" lon="-122.70855"></trkpt>
    <trkpt lat="38.30345" lon="-122.70816"></trkpt>
    <trkpt lat="38.30333" lon="-122.70805"></trkpt>
    <trkpt lat="38.30283" lon="-122.70764"></trkpt>
    <trkpt lat="38.30281" lon="-122.70762"></trkpt>
    <trkpt lat="38.30279" lon="-122.70761"></trkpt>
    <trkpt lat="38.30268" lon="-122.70751"></trkpt>
    <trkpt lat="38.30257" lon="-122.70743"></trkpt>
    <trkpt lat="38.30247" lon="-122.70733"></trkpt>
    <trkpt lat="38.30235" lon="-122.70724"></trkpt>
    <trkpt lat="38.30225" lon="-122.70715"></trkpt>
    <trkpt lat="38.30213" lon="-122.70706"></trkpt>
    <trkpt lat="38.30192" lon="-122.70687"></trkpt>
    <trkpt lat="38.30114" lon="-122.70623"></trkpt>
    <trkpt lat="38.30093" lon="-122.70604"></trkpt>
    <trkpt lat="38.30081" lon="-122.70594"></trkpt>
    <trkpt lat="38.3007" lon="-122.70586"></trkpt>
    <trkpt lat="38.30064" lon="-122.70581"></trkpt>
    <trkpt lat="38.30058" lon="-122.70575"></trkpt>
    <trkpt lat="38.30037" lon="-122.70558"></trkpt>
    <trkpt lat="38.29994" lon="-122.70521"></trkpt>
    <trkpt lat="38.29982" lon="-122.70512"></trkpt>
    <trkpt lat="38.29972" lon="-122.70503"></trkpt>
    <trkpt lat="38.29963" lon="-122.70496"></trkpt>
    <trkpt lat="38.29961" lon="-122.70494"></trkpt>
    <trkpt lat="38.29928" lon="-122.70466"></trkpt>
    <trkpt lat="38.29922" lon="-122.70462"></trkpt>
    <trkpt lat="38.29917" lon="-122.70457"></trkpt>
    <trkpt lat="38.29906" lon="-122.70448"></trkpt>
    <trkpt lat="38.29903" lon="-122.70445"></trkpt>
    <trkpt lat="38.29883" lon="-122.70429"></trkpt>
    <trkpt lat="38.29873" lon="-122.7042"></trkpt>
    <trkpt lat="38.29857" lon="-122.70407"></trkpt>
    <trkpt lat="38.29852" lon="-122.70402"></trkpt>
    <trkpt lat="38.29839" lon="-122.70392"></trkpt>
    <trkpt lat="38.2981" lon="-122.70367"></trkpt>
    <trkpt lat="38.29802" lon="-122.70361"></trkpt>
    <trkpt lat="38.29793" lon="-122.70353"></trkpt>
    <trkpt lat="38.29742" lon="-122.70311"></trkpt>
    <trkpt lat="38.29738" lon="-122.70307"></trkpt>
    <trkpt lat="38.29726" lon="-122.70298"></trkpt>
    <trkpt lat="38.29694" lon="-122.7027"></trkpt>
    <trkpt lat="38.29599" lon="-122.70191"></trkpt>
    <trkpt lat="38.29597" lon="-122.70188"></trkpt>
    <trkpt lat="38.29594" lon="-122.70186"></trkpt>
    <trkpt lat="38.29572" lon="-122.70166"></trkpt>
    <trkpt lat="38.29541" lon="-122.70136"></trkpt>
    <trkpt lat="38.29535" lon="-122.70131"></trkpt>
    <trkpt lat="38.2951" lon="-122.70107"></trkpt>
    <trkpt lat="38.29488" lon="-122.70084"></trkpt>
    <trkpt lat="38.2944" lon="-122.70027"></trkpt>
    <trkpt lat="38.29395" lon="-122.69962"></trkpt>
    <trkpt lat="38.29391" lon="-122.69955"></trkpt>
    <trkpt lat="38.29298" lon="-122.69818"></trkpt>
    <trkpt lat="38.29283" lon="-122.69797"></trkpt>
    <trkpt lat="38.29276" lon="-122.69785"></trkpt>
    <trkpt lat="38.29216" lon="-122.69695"></trkpt>
    <trkpt lat="38.29208" lon="-122.69684"></trkpt>
    <trkpt lat="38.29204" lon="-122.69677"></trkpt>
    <trkpt lat="38.29171" lon="-122.69629"></trkpt>
    <trkpt lat="38.29147" lon="-122.69591"></trkpt>
    <trkpt lat="38.29112" lon="-122.69539"></trkpt>
    <trkpt lat="38.29109" lon="-122.69536"></trkpt>
    <trkpt lat="38.29058" lon="-122.69458"></trkpt>
    <trkpt lat="38.29025" lon="-122.6941"></trkpt>
    <trkpt lat="38.28946" lon="-122.69289"></trkpt>
    <trkpt lat="38.28925" lon="-122.69259"></trkpt>
    <trkpt lat="38.28918" lon="-122.69248"></trkpt>
    <trkpt lat="38.28863" lon="-122.69171"></trkpt>
    <trkpt lat="38.28852" lon="-122.69154"></trkpt>
    <trkpt lat="38.28786" lon="-122.69063"></trkpt>
    <trkpt lat="38.28383" lon="-122.6854"></trkpt>
    <trkpt lat="38.28382" lon="-122.68539"></trkpt>
    <trkpt lat="38.28367" lon="-122.68519"></trkpt>
    <trkpt lat="38.28357" lon="-122.68507"></trkpt>
    <trkpt lat="38.28349" lon="-122.68496"></trkpt>
    <trkpt lat="38.28342" lon="-122.68488"></trkpt>
    <trkpt lat="38.28218" lon="-122.68326"></trkpt>
    <trkpt lat="38.28217" lon="-122.68324"></trkpt>
    <trkpt lat="38.28203" lon="-122.68307"></trkpt>
    <trkpt lat="38.2817" lon="-122.68263"></trkpt>
    <trkpt lat="38.28139" lon="-122.68224"></trkpt>
    <trkpt lat="38.28116" lon="-122.68193"></trkpt>
    <trkpt lat="38.27974" lon="-122.6801"></trkpt>
    <trkpt lat="38.27957" lon="-122.67987"></trkpt>
    <trkpt lat="38.2793" lon="-122.67953"></trkpt>
    <trkpt lat="38.27913" lon="-122.6793"></trkpt>
    <trkpt lat="38.2791" lon="-122.67927"></trkpt>
    <trkpt lat="38.27787" lon="-122.67766"></trkpt>
    <trkpt lat="38.27772" lon="-122.67745"></trkpt>
    <trkpt lat="38.27738" lon="-122.67702"></trkpt>
    <trkpt lat="38.27665" lon="-122.67605"></trkpt>
    <trkpt lat="38.27641" lon="-122.67575"></trkpt>
    <trkpt lat="38.27612" lon="-122.67536"></trkpt>
    <trkpt lat="38.27593" lon="-122.67513"></trkpt>
    <trkpt lat="38.27326" lon="-122.67168"></trkpt>
    <trkpt lat="38.27303" lon="-122.67137"></trkpt>
    <trkpt lat="38.273" lon="-122.67134"></trkpt>
    <trkpt lat="38.27223" lon="-122.67033"></trkpt>
    <trkpt lat="38.27171" lon="-122.66967"></trkpt>
    <trkpt lat="38.27032" lon="-122.66785"></trkpt>
    <trkpt lat="38.26967" lon="-122.66705"></trkpt>
    <trkpt lat="38.26853" lon="-122.66574"></trkpt>
    <trkpt lat="38.26844" lon="-122.66565"></trkpt>
    <trkpt lat="38.26806" lon="-122.66523"></trkpt>
    <trkpt lat="38.26786" lon="-122.66499"></trkpt>
    <trkpt lat="38.26765" lon="-122.66477"></trkpt>
    <trkpt lat="38.26745" lon="-122.66454"></trkpt>
    <trkpt lat="38.26744" lon="-122.66454"></trkpt>
    <trkpt lat="38.26689" lon="-122.66392"></trkpt>
    <trkpt lat="38.26684" lon="-122.66387"></trkpt>
    <trkpt lat="38.26674" lon="-122.66375"></trkpt>
    <trkpt lat="38.26653" lon="-122.66352"></trkpt>
    <trkpt lat="38.26644" lon="-122.66341"></trkpt>
    <trkpt lat="38.26634" lon="-122.6633"></trkpt>
    <trkpt lat="38.26624" lon="-122.66318"></trkpt>
    <trkpt lat="38.26604" lon="-122.66292"></trkpt>
    <trkpt lat="38.26596" lon="-122.66283"></trkpt>
    <trkpt lat="38.26578" lon="-122.66259"></trkpt>
    <trkpt lat="38.26542" lon="-122.66207"></trkpt>
    <trkpt lat="38.26535" lon="-122.66195"></trkpt>
    <trkpt lat="38.26522" lon="-122.66176"></trkpt>
    <trkpt lat="38.2651" lon="-122.66155"></trkpt>
    <trkpt lat="38.26501" lon="-122.66141"></trkpt>
    <trkpt lat="38.26494" lon="-122.66127"></trkpt>
    <trkpt lat="38.2647" lon="-122.66086"></trkpt>
    <trkpt lat="38.26463" lon="-122.66072"></trkpt>
    <trkpt lat="38.26447" lon="-122.66044"></trkpt>
    <trkpt lat="38.26433" lon="-122.66017"></trkpt>
    <trkpt lat="38.26432" lon="-122.66016"></trkpt>
    <trkpt lat="38.26425" lon="-122.66002"></trkpt>
    <trkpt lat="38.26409" lon="-122.65975"></trkpt>
    <trkpt lat="38.26402" lon="-122.65961"></trkpt>
    <trkpt lat="38.26401" lon="-122.6596"></trkpt>
    <trkpt lat="38.26397" lon="-122.65952"></trkpt>
    <trkpt lat="38.26394" lon="-122.65947"></trkpt>
    <trkpt lat="38.26387" lon="-122.65933"></trkpt>
    <trkpt lat="38.26386" lon="-122.65933"></trkpt>
    <trkpt lat="38.2637" lon="-122.65904"></trkpt>
    <trkpt lat="38.26364" lon="-122.65892"></trkpt>
    <trkpt lat="38.26294" lon="-122.65772"></trkpt>
    <trkpt lat="38.26285" lon="-122.65755"></trkpt>
    <trkpt lat="38.26277" lon="-122.65742"></trkpt>
    <trkpt lat="38.2627" lon="-122.65728"></trkpt>
    <trkpt lat="38.26262" lon="-122.65715"></trkpt>
    <trkpt lat="38.25866" lon="-122.65011"></trkpt>
    <trkpt lat="38.25863" lon="-122.65007"></trkpt>
    <trkpt lat="38.25851" lon="-122.64984"></trkpt>
    <trkpt lat="38.25834" lon="-122.64955"></trkpt>
    <trkpt lat="38.25804" lon="-122.649"></trkpt>
    <trkpt lat="38.25795" lon="-122.64886"></trkpt>
    <trkpt lat="38.25788" lon="-122.64872"></trkpt>
    <trkpt lat="38.2578" lon="-122.64859"></trkpt>
    <trkpt lat="38.25734" lon="-122.64777"></trkpt>
    <trkpt lat="38.25717" lon="-122.64749"></trkpt>
    <trkpt lat="38.2566" lon="-122.64649"></trkpt>
    <trkpt lat="38.25655" lon="-122.64639"></trkpt>
    <trkpt lat="38.25649" lon="-122.6463"></trkpt>
    <trkpt lat="38.25592" lon="-122.64527"></trkpt>
    <trkpt lat="38.25584" lon="-122.64514"></trkpt>
    <trkpt lat="38.25561" lon="-122.64472"></trkpt>
    <trkpt lat="38.25558" lon="-122.64465"></trkpt>
    <trkpt lat="38.25553" lon="-122.64457"></trkpt>
    <trkpt lat="38.25538" lon="-122.6443"></trkpt>
    <trkpt lat="38.25531" lon="-122.64416"></trkpt>
    <trkpt lat="38.25519" lon="-122.64396"></trkpt>
    <trkpt lat="38.25514" lon="-122.64386"></trkpt>
    <trkpt lat="38.25493" lon="-122.64348"></trkpt>
    <trkpt lat="38.25479" lon="-122.64319"></trkpt>
    <trkpt lat="38.25471" lon="-122.64305"></trkpt>
    <trkpt lat="38.25458" lon="-122.64278"></trkpt>
    <trkpt lat="38.2545" lon="-122.64264"></trkpt>
    <trkpt lat="38.25443" lon="-122.64249"></trkpt>
    <trkpt lat="38.25427" lon="-122.64221"></trkpt>
    <trkpt lat="38.2542" lon="-122.64206"></trkpt>
    <trkpt lat="38.25327" lon="-122.64031"></trkpt>
    <trkpt lat="38.25243" lon="-122.63866"></trkpt>
    <trkpt lat="38.25237" lon="-122.63853"></trkpt>
    <trkpt lat="38.25171" lon="-122.63725"></trkpt>
    <trkpt lat="38.25167" lon="-122.63719"></trkpt>
    <trkpt lat="38.25164" lon="-122.63712"></trkpt>
    <trkpt lat="38.25017" lon="-122.63428"></trkpt>
    <trkpt lat="38.25003" lon="-122.63399"></trkpt>
    <trkpt lat="38.24995" lon="-122.63385"></trkpt>
    <trkpt lat="38.24988" lon="-122.63371"></trkpt>
    <trkpt lat="38.2498" lon="-122.63357"></trkpt>
    <trkpt lat="38.2496" lon="-122.63316"></trkpt>
    <trkpt lat="38.24957" lon="-122.63312"></trkpt>
    <trkpt lat="38.24923" lon="-122.63246"></trkpt>
    <trkpt lat="38.24915" lon="-122.63232"></trkpt>
    <trkpt lat="38.24901" lon="-122.63203"></trkpt>
    <trkpt lat="38.24894" lon="-122.63191"></trkpt>
    <trkpt lat="38.24879" lon="-122.6316"></trkpt>
    <trkpt lat="38.24866" lon="-122.63137"></trkpt>
    <trkpt lat="38.24864" lon="-122.63132"></trkpt>
    <trkpt lat="38.24835" lon="-122.63075"></trkpt>
    <trkpt lat="38.24827" lon="-122.63061"></trkpt>
    <trkpt lat="38.2482" lon="-122.63046"></trkpt>
    <trkpt lat="38.24812" lon="-122.63032"></trkpt>
    <trkpt lat="38.24612" lon="-122.62648"></trkpt>
    <trkpt lat="38.24582" lon="-122.62595"></trkpt>
    <trkpt lat="38.2457" lon="-122.62578"></trkpt>
    <trkpt lat="38.24562" lon="-122.62564"></trkpt>
    <trkpt lat="38.24545" lon="-122.62539"></trkpt>
    <trkpt lat="38.2453" lon="-122.6252"></trkpt>
    <trkpt lat="38.2452" lon="-122.62506"></trkpt>
    <trkpt lat="38.24482" lon="-122.6246"></trkpt>
    <trkpt lat="38.24469" lon="-122.62447"></trkpt>
    <trkpt lat="38.24451" lon="-122.62427"></trkpt>
    <trkpt lat="38.2443" lon="-122.62406"></trkpt>
    <trkpt lat="38.24408" lon="-122.62387"></trkpt>
    <trkpt lat="38.24398" lon="-122.62377"></trkpt>
    <trkpt lat="38.24376" lon="-122.62359"></trkpt>
    <trkpt lat="38.24364" lon="-122.6235"></trkpt>
    <trkpt lat="38.24353" lon="-122.62341"></trkpt>
    <trkpt lat="38.24342" lon="-122.62333"></trkpt>
    <trkpt lat="38.24318" lon="-122.62317"></trkpt>
    <trkpt lat="38.24317" lon="-122.62316"></trkpt>
    <trkpt lat="38.24306" lon="-122.62309"></trkpt>
    <trkpt lat="38.24301" lon="-122.62305"></trkpt>
    <trkpt lat="38.24295" lon="-122.62301"></trkpt>
    <trkpt lat="38.24268" lon="-122.62286"></trkpt>
    <trkpt lat="38.24258" lon="-122.62281"></trkpt>
    <trkpt lat="38.24246" lon="-122.62274"></trkpt>
    <trkpt lat="38.24233" lon="-122.62268"></trkpt>
    <trkpt lat="38.24221" lon="-122.62261"></trkpt>
    <trkpt lat="38.24208" lon="-122.62255"></trkpt>
    <trkpt lat="38.24171" lon="-122.62236"></trkpt>
    <trkpt lat="38.24158" lon="-122.6223"></trkpt>
    <trkpt lat="38.24146" lon="-122.62223"></trkpt>
    <trkpt lat="38.24107" lon="-122.62204"></trkpt>
    <trkpt lat="38.24083" lon="-122.62191"></trkpt>
    <trkpt lat="38.24058" lon="-122.62179"></trkpt>
    <trkpt lat="38.24046" lon="-122.62172"></trkpt>
    <trkpt lat="38.24021" lon="-122.6216"></trkpt>
    <trkpt lat="38.24009" lon="-122.62153"></trkpt>
    <trkpt lat="38.23773" lon="-122.62032"></trkpt>
    <trkpt lat="38.23768" lon="-122.62029"></trkpt>
    <trkpt lat="38.2374" lon="-122.62024"></trkpt>
    <trkpt lat="38.23738" lon="-122.62024"></trkpt>
    <trkpt lat="38.23678" lon="-122.62004"></trkpt>
    <trkpt lat="38.23634" lon="-122.61986"></trkpt>
    <trkpt lat="38.23583" lon="-122.6197"></trkpt>
    <trkpt lat="38.23569" lon="-122.6197"></trkpt>
    <trkpt lat="38.23559" lon="-122.61972"></trkpt>
    <trkpt lat="38.23552" lon="-122.61975"></trkpt>
    <trkpt lat="38.23544" lon="-122.61979"></trkpt>
    <trkpt lat="38.23539" lon="-122.61983"></trkpt>
    <trkpt lat="38.23535" lon="-122.61987"></trkpt>
    <trkpt lat="38.2352" lon="-122.62"></trkpt>
    <trkpt lat="38.23491" lon="-122.6203"></trkpt>
    <trkpt lat="38.23482" lon="-122.62038"></trkpt>
    <trkpt lat="38.23475" lon="-122.62028"></trkpt>
    <trkpt lat="38.23442" lon="-122.61993"></trkpt>
    <trkpt lat="38.23426" lon="-122.61975"></trkpt>
    <trkpt lat="38.23421" lon="-122.6197"></trkpt>
    <trkpt lat="38.23404" lon="-122.61951"></trkpt>
    <trkpt lat="38.23388" lon="-122.61935"></trkpt>
    <trkpt lat="38.23364" lon="-122.61901"></trkpt>
    <trkpt lat="38.23357" lon="-122.61888"></trkpt>
    <trkpt lat="38.23356" lon="-122.61887"></trkpt>
    <trkpt lat="38.23344" lon="-122.61864"></trkpt>
    <trkpt lat="38.23333" lon="-122.61834"></trkpt>
    <trkpt lat="38.23326" lon="-122.61808"></trkpt>
    <trkpt lat="38.23326" lon="-122.61806"></trkpt>
    <trkpt lat="38.23325" lon="-122.61802"></trkpt>
    <trkpt lat="38.23309" lon="-122.61707"></trkpt>
    <trkpt lat="38.23305" lon="-122.6169"></trkpt>
    <trkpt lat="38.233" lon="-122.61679"></trkpt>
    <trkpt lat="38.23294" lon="-122.61618"></trkpt>
    <trkpt lat="38.2329" lon="-122.61565"></trkpt>
    <trkpt lat="38.23287" lon="-122.61538"></trkpt>
    <trkpt lat="38.23286" lon="-122.61517"></trkpt>
    <trkpt lat="38.23285" lon="-122.61507"></trkpt>
    <trkpt lat="38.23286" lon="-122.61499"></trkpt>
    <trkpt lat="38.23287" lon="-122.61467"></trkpt>
    <trkpt lat="38.23297" lon="-122.61321"></trkpt>
    <trkpt lat="38.23305" lon="-122.61243"></trkpt>
    <trkpt lat="38.23311" lon="-122.61076"></trkpt>
    <trkpt lat="38.23319" lon="-122.60978"></trkpt>
    <trkpt lat="38.2332" lon="-122.60958"></trkpt>
    <trkpt lat="38.23328" lon="-122.60858"></trkpt>
    <trkpt lat="38.23329" lon="-122.60851"></trkpt>
    <trkpt lat="38.23329" lon="-122.60848"></trkpt>
    <trkpt lat="38.2336" lon="-122.60425"></trkpt>
    <trkpt lat="38.23368" lon="-122.6034"></trkpt>
    <trkpt lat="38.23391" lon="-122.60137"></trkpt>
    <trkpt lat="38.23395" lon="-122.60112"></trkpt>
    <trkpt lat="38.23402" lon="-122.60047"></trkpt>
    <trkpt lat="38.2342" lon="-122.59846"></trkpt>
    <trkpt lat="38.23422" lon="-122.5983"></trkpt>
    <trkpt lat="38.23432" lon="-122.59721"></trkpt>
    <trkpt lat="38.2344" lon="-122.59599"></trkpt>
    <trkpt lat="38.23451" lon="-122.59467"></trkpt>
    <trkpt lat="38.23452" lon="-122.59464"></trkpt>
    <trkpt lat="38.23458" lon="-122.59399"></trkpt>
    <trkpt lat="38.23458" lon="-122.59387"></trkpt>
    <trkpt lat="38.23471" lon="-122.59259"></trkpt>
    <trkpt lat="38.23472" lon="-122.59242"></trkpt>
    <trkpt lat="38.23473" lon="-122.59235"></trkpt>
    <trkpt lat="38.23474" lon="-122.59199"></trkpt>
    <trkpt lat="38.23473" lon="-122.59172"></trkpt>
    <trkpt lat="38.23468" lon="-122.5912"></trkpt>
    <trkpt lat="38.23466" lon="-122.59111"></trkpt>
    <trkpt lat="38.23463" lon="-122.59089"></trkpt>
    <trkpt lat="38.23457" lon="-122.59062"></trkpt>
    <trkpt lat="38.23455" lon="-122.59056"></trkpt>
    <trkpt lat="38.23453" lon="-122.59048"></trkpt>
    <trkpt lat="38.23453" lon="-122.59047"></trkpt>
    <trkpt lat="38.2345" lon="-122.59036"></trkpt>
    <trkpt lat="38.23433" lon="-122.58987"></trkpt>
    <trkpt lat="38.23415" lon="-122.58947"></trkpt>
    <trkpt lat="38.23386" lon="-122.58896"></trkpt>
    <trkpt lat="38.23306" lon="-122.58749"></trkpt>
    <trkpt lat="38.23295" lon="-122.58734"></trkpt>
    <trkpt lat="38.23291" lon="-122.58726"></trkpt>
    <trkpt lat="38.23131" lon="-122.58444"></trkpt>
    <trkpt lat="38.23125" lon="-122.58431"></trkpt>
    <trkpt lat="38.23094" lon="-122.58375"></trkpt>
    <trkpt lat="38.23048" lon="-122.58287"></trkpt>
    <trkpt lat="38.23044" lon="-122.58273"></trkpt>
    <trkpt lat="38.22825" lon="-122.57882"></trkpt>
    <trkpt lat="38.2282" lon="-122.57872"></trkpt>
    <trkpt lat="38.22808" lon="-122.57851"></trkpt>
    <trkpt lat="38.22807" lon="-122.5785"></trkpt>
    <trkpt lat="38.22762" lon="-122.5777"></trkpt>
    <trkpt lat="38.22762" lon="-122.57769"></trkpt>
    <trkpt lat="38.22693" lon="-122.57646"></trkpt>
    <trkpt lat="38.22689" lon="-122.5764"></trkpt>
    <trkpt lat="38.2265" lon="-122.5757"></trkpt>
    <trkpt lat="38.22647" lon="-122.57566"></trkpt>
    <trkpt lat="38.22547" lon="-122.57388"></trkpt>
    <trkpt lat="38.22329" lon="-122.56991"></trkpt>
    <trkpt lat="38.22329" lon="-122.5699"></trkpt>
    <trkpt lat="38.22325" lon="-122.56983"></trkpt>
    <trkpt lat="38.22319" lon="-122.56971"></trkpt>
    <trkpt lat="38.22197" lon="-122.56748"></trkpt>
    <trkpt lat="38.22083" lon="-122.56514"></trkpt>
    <trkpt lat="38.22074" lon="-122.56493"></trkpt>
    <trkpt lat="38.22016" lon="-122.56377"></trkpt>
    <trkpt lat="38.22009" lon="-122.56361"></trkpt>
    <trkpt lat="38.21961" lon="-122.56263"></trkpt>
    <trkpt lat="38.2196" lon="-122.5626"></trkpt>
    <trkpt lat="38.21887" lon="-122.56106"></trkpt>
    <trkpt lat="38.21885" lon="-122.56103"></trkpt>
    <trkpt lat="38.2184" lon="-122.56008"></trkpt>
    <trkpt lat="38.21837" lon="-122.56003"></trkpt>
    <trkpt lat="38.21822" lon="-122.55971"></trkpt>
    <trkpt lat="38.21811" lon="-122.5595"></trkpt>
    <trkpt lat="38.21778" lon="-122.55894"></trkpt>
    <trkpt lat="38.21635" lon="-122.5566"></trkpt>
    <trkpt lat="38.21634" lon="-122.55658"></trkpt>
    <trkpt lat="38.21628" lon="-122.55649"></trkpt>
    <trkpt lat="38.21569" lon="-122.55551"></trkpt>
    <trkpt lat="38.21496" lon="-122.55421"></trkpt>
    <trkpt lat="38.21493" lon="-122.55415"></trkpt>
    <trkpt lat="38.21492" lon="-122.55414"></trkpt>
    <trkpt lat="38.21412" lon="-122.55272"></trkpt>
    <trkpt lat="38.21412" lon="-122.55271"></trkpt>
    <trkpt lat="38.21408" lon="-122.55265"></trkpt>
    <trkpt lat="38.21377" lon="-122.55211"></trkpt>
    <trkpt lat="38.21337" lon="-122.55153"></trkpt>
    <trkpt lat="38.21216" lon="-122.5495"></trkpt>
    <trkpt lat="38.21202" lon="-122.54928"></trkpt>
    <trkpt lat="38.21185" lon="-122.54905"></trkpt>
    <trkpt lat="38.21138" lon="-122.54849"></trkpt>
    <trkpt lat="38.21118" lon="-122.54828"></trkpt>
    <trkpt lat="38.21063" lon="-122.54766"></trkpt>
    <trkpt lat="38.21054" lon="-122.54757"></trkpt>
    <trkpt lat="38.21047" lon="-122.54749"></trkpt>
    <trkpt lat="38.21041" lon="-122.54744"></trkpt>
    <trkpt lat="38.21034" lon="-122.54737"></trkpt>
    <trkpt lat="38.21028" lon="-122.54732"></trkpt>
    <trkpt lat="38.2102" lon="-122.54727"></trkpt>
    <trkpt lat="38.21007" lon="-122.54717"></trkpt>
    <trkpt lat="38.20997" lon="-122.5471"></trkpt>
    <trkpt lat="38.20989" lon="-122.54705"></trkpt>
    <trkpt lat="38.20978" lon="-122.54699"></trkpt>
    <trkpt lat="38.20968" lon="-122.54695"></trkpt>
    <trkpt lat="38.20955" lon="-122.54689"></trkpt>
    <trkpt lat="38.20946" lon="-122.54686"></trkpt>
    <trkpt lat="38.20915" lon="-122.54679"></trkpt>
    <trkpt lat="38.209" lon="-122.54677"></trkpt>
    <trkpt lat="38.20887" lon="-122.54676"></trkpt>
    <trkpt lat="38.20875" lon="-122.54676"></trkpt>
    <trkpt lat="38.20867" lon="-122.54677"></trkpt>
    <trkpt lat="38.20856" lon="-122.54677"></trkpt>
    <trkpt lat="38.20675" lon="-122.54708"></trkpt>
    <trkpt lat="38.20645" lon="-122.54716"></trkpt>
    <trkpt lat="38.20636" lon="-122.54718"></trkpt>
    <trkpt lat="38.20631" lon="-122.54718"></trkpt>
    <trkpt lat="38.20627" lon="-122.54719"></trkpt>
    <trkpt lat="38.20603" lon="-122.54722"></trkpt>
    <trkpt lat="38.20576" lon="-122.54727"></trkpt>
    <trkpt lat="38.20555" lon="-122.5473"></trkpt>
    <trkpt lat="38.20467" lon="-122.54746"></trkpt>
    <trkpt lat="38.20367" lon="-122.54766"></trkpt>
    <trkpt lat="38.2031" lon="-122.54775"></trkpt>
    <trkpt lat="38.20292" lon="-122.54777"></trkpt>
    <trkpt lat="38.20272" lon="-122.54777"></trkpt>
    <trkpt lat="38.20254" lon="-122.54775"></trkpt>
    <trkpt lat="38.20248" lon="-122.54774"></trkpt>
    <trkpt lat="38.2024" lon="-122.54772"></trkpt>
    <trkpt lat="38.20224" lon="-122.54769"></trkpt>
    <trkpt lat="38.20156" lon="-122.54751"></trkpt>
    <trkpt lat="38.20155" lon="-122.5475"></trkpt>
    <trkpt lat="38.20118" lon="-122.54741"></trkpt>
    <trkpt lat="38.20098" lon="-122.54735"></trkpt>
    <trkpt lat="38.20006" lon="-122.54711"></trkpt>
    <trkpt lat="38.19963" lon="-122.54698"></trkpt>
    <trkpt lat="38.19891" lon="-122.54678"></trkpt>
    <trkpt lat="38.19869" lon="-122.54671"></trkpt>
    <trkpt lat="38.19851" lon="-122.54664"></trkpt>
    <trkpt lat="38.19836" lon="-122.54656"></trkpt>
    <trkpt lat="38.19751" lon="-122.54606"></trkpt>
    <trkpt lat="38.19661" lon="-122.54547"></trkpt>
    <trkpt lat="38.19639" lon="-122.54534"></trkpt>
    <trkpt lat="38.19632" lon="-122.54532"></trkpt>
    <trkpt lat="38.19516" lon="-122.54464"></trkpt>
    <trkpt lat="38.19451" lon="-122.54431"></trkpt>
    <trkpt lat="38.19346" lon="-122.54375"></trkpt>
    <trkpt lat="38.19335" lon="-122.5437"></trkpt>
    <trkpt lat="38.19328" lon="-122.54365"></trkpt>
    <trkpt lat="38.19261" lon="-122.54327"></trkpt>
    <trkpt lat="38.19242" lon="-122.54318"></trkpt>
    <trkpt lat="38.19221" lon="-122.54307"></trkpt>
    <trkpt lat="38.19177" lon="-122.54288"></trkpt>
    <trkpt lat="38.19176" lon="-122.54287"></trkpt>
    <trkpt lat="38.19156" lon="-122.5428"></trkpt>
    <trkpt lat="38.19146" lon="-122.54277"></trkpt>
    <trkpt lat="38.19046" lon="-122.54237"></trkpt>
    <trkpt lat="38.19003" lon="-122.54221"></trkpt>
    <trkpt lat="38.18946" lon="-122.54198"></trkpt>
    <trkpt lat="38.18936" lon="-122.54195"></trkpt>
    <trkpt lat="38.18887" lon="-122.54175"></trkpt>
    <trkpt lat="38.18884" lon="-122.54174"></trkpt>
    <trkpt lat="38.18865" lon="-122.54166"></trkpt>
    <trkpt lat="38.18828" lon="-122.54147"></trkpt>
    <trkpt lat="38.18802" lon="-122.54127"></trkpt>
    <trkpt lat="38.18744" lon="-122.54072"></trkpt>
    <trkpt lat="38.18685" lon="-122.54012"></trkpt>
    <trkpt lat="38.18684" lon="-122.54012"></trkpt>
    <trkpt lat="38.18684" lon="-122.54011"></trkpt>
    <trkpt lat="38.1867" lon="-122.53998"></trkpt>
    <trkpt lat="38.1867" lon="-122.53997"></trkpt>
    <trkpt lat="38.18669" lon="-122.53997"></trkpt>
    <trkpt lat="38.1857" lon="-122.53897"></trkpt>
    <trkpt lat="38.18558" lon="-122.53884"></trkpt>
    <trkpt lat="38.18547" lon="-122.53874"></trkpt>
    <trkpt lat="38.18453" lon="-122.53779"></trkpt>
    <trkpt lat="38.18447" lon="-122.53774"></trkpt>
    <trkpt lat="38.18323" lon="-122.53649"></trkpt>
    <trkpt lat="38.183" lon="-122.53622"></trkpt>
    <trkpt lat="38.18292" lon="-122.53609"></trkpt>
    <trkpt lat="38.18285" lon="-122.536"></trkpt>
    <trkpt lat="38.18195" lon="-122.5347"></trkpt>
    <trkpt lat="38.18188" lon="-122.53459"></trkpt>
    <trkpt lat="38.18102" lon="-122.53334"></trkpt>
    <trkpt lat="38.1809" lon="-122.53315"></trkpt>
    <trkpt lat="38.18089" lon="-122.53314"></trkpt>
    <trkpt lat="38.18087" lon="-122.53311"></trkpt>
    <trkpt lat="38.18086" lon="-122.5331"></trkpt>
    <trkpt lat="38.17994" lon="-122.53176"></trkpt>
    <trkpt lat="38.17987" lon="-122.53167"></trkpt>
    <trkpt lat="38.17987" lon="-122.53166"></trkpt>
    <trkpt lat="38.17981" lon="-122.53157"></trkpt>
    <trkpt lat="38.1798" lon="-122.53156"></trkpt>
    <trkpt lat="38.17938" lon="-122.53095"></trkpt>
    <trkpt lat="38.17938" lon="-122.53094"></trkpt>
    <trkpt lat="38.17937" lon="-122.53094"></trkpt>
    <trkpt lat="38.17887" lon="-122.53021"></trkpt>
    <trkpt lat="38.17885" lon="-122.53019"></trkpt>
    <trkpt lat="38.17869" lon="-122.52996"></trkpt>
    <trkpt lat="38.17801" lon="-122.52906"></trkpt>
    <trkpt lat="38.17688" lon="-122.52766"></trkpt>
    <trkpt lat="38.17688" lon="-122.52765"></trkpt>
    <trkpt lat="38.17675" lon="-122.5275"></trkpt>
    <trkpt lat="38.17561" lon="-122.52608"></trkpt>
    <trkpt lat="38.1756" lon="-122.52606"></trkpt>
    <trkpt lat="38.17556" lon="-122.52602"></trkpt>
    <trkpt lat="38.17507" lon="-122.52542"></trkpt>
    <trkpt lat="38.1749" lon="-122.5252"></trkpt>
    <trkpt lat="38.17476" lon="-122.52504"></trkpt>
    <trkpt lat="38.17371" lon="-122.52376"></trkpt>
    <trkpt lat="38.17367" lon="-122.52369"></trkpt>
    <trkpt lat="38.17339" lon="-122.5233"></trkpt>
    <trkpt lat="38.17295" lon="-122.52257"></trkpt>
    <trkpt lat="38.17259" lon="-122.522"></trkpt>
    <trkpt lat="38.17248" lon="-122.52181"></trkpt>
    <trkpt lat="38.1724" lon="-122.52169"></trkpt>
    <trkpt lat="38.17222" lon="-122.52139"></trkpt>
    <trkpt lat="38.1721" lon="-122.52122"></trkpt>
    <trkpt lat="38.17205" lon="-122.52112"></trkpt>
    <trkpt lat="38.17203" lon="-122.5211"></trkpt>
    <trkpt lat="38.17199" lon="-122.52104"></trkpt>
    <trkpt lat="38.17181" lon="-122.52074"></trkpt>
    <trkpt lat="38.17178" lon="-122.52071"></trkpt>
    <trkpt lat="38.17177" lon="-122.52068"></trkpt>
    <trkpt lat="38.1712" lon="-122.51979"></trkpt>
    <trkpt lat="38.17113" lon="-122.51967"></trkpt>
    <trkpt lat="38.17109" lon="-122.51961"></trkpt>
    <trkpt lat="38.17102" lon="-122.51949"></trkpt>
    <trkpt lat="38.17098" lon="-122.51943"></trkpt>
    <trkpt lat="38.17091" lon="-122.51931"></trkpt>
    <trkpt lat="38.17068" lon="-122.51896"></trkpt>
    <trkpt lat="38.17064" lon="-122.51889"></trkpt>
    <trkpt lat="38.17061" lon="-122.51885"></trkpt>
    <trkpt lat="38.17057" lon="-122.51878"></trkpt>
    <trkpt lat="38.17056" lon="-122.51875"></trkpt>
    <trkpt lat="38.16998" lon="-122.51784"></trkpt>
    <trkpt lat="38.16988" lon="-122.51767"></trkpt>
    <trkpt lat="38.16976" lon="-122.51749"></trkpt>
    <trkpt lat="38.16932" lon="-122.51678"></trkpt>
    <trkpt lat="38.16918" lon="-122.51657"></trkpt>
    <trkpt lat="38.16876" lon="-122.51588"></trkpt>
    <trkpt lat="38.16867" lon="-122.51575"></trkpt>
    <trkpt lat="38.16738" lon="-122.51371"></trkpt>
    <trkpt lat="38.16694" lon="-122.51299"></trkpt>
    <trkpt lat="38.16682" lon="-122.51282"></trkpt>
    <trkpt lat="38.1639" lon="-122.50817"></trkpt>
    <trkpt lat="38.16385" lon="-122.50808"></trkpt>
    <trkpt lat="38.16313" lon="-122.50694"></trkpt>
    <trkpt lat="38.16303" lon="-122.50677"></trkpt>
    <trkpt lat="38.16209" lon="-122.50528"></trkpt>
    <trkpt lat="38.16207" lon="-122.50526"></trkpt>
    <trkpt lat="38.16083" lon="-122.50327"></trkpt>
    <trkpt lat="38.1608" lon="-122.50321"></trkpt>
    <trkpt lat="38.16064" lon="-122.50294"></trkpt>
    <trkpt lat="38.16032" lon="-122.50244"></trkpt>
    <trkpt lat="38.1603" lon="-122.5024"></trkpt>
    <trkpt lat="38.16002" lon="-122.50196"></trkpt>
    <trkpt lat="38.15992" lon="-122.50179"></trkpt>
    <trkpt lat="38.15986" lon="-122.5017"></trkpt>
    <trkpt lat="38.15985" lon="-122.50169"></trkpt>
    <trkpt lat="38.15984" lon="-122.50167"></trkpt>
    <trkpt lat="38.15982" lon="-122.50165"></trkpt>
    <trkpt lat="38.15972" lon="-122.50152"></trkpt>
    <trkpt lat="38.15965" lon="-122.50136"></trkpt>
    <trkpt lat="38.15964" lon="-122.50136"></trkpt>
    <trkpt lat="38.15952" lon="-122.50116"></trkpt>
    <trkpt lat="38.1591" lon="-122.50052"></trkpt>
    <trkpt lat="38.15897" lon="-122.50034"></trkpt>
    <trkpt lat="38.15895" lon="-122.5003"></trkpt>
    <trkpt lat="38.15887" lon="-122.50018"></trkpt>
    <trkpt lat="38.15885" lon="-122.50016"></trkpt>
    <trkpt lat="38.15882" lon="-122.50012"></trkpt>
    <trkpt lat="38.15875" lon="-122.50004"></trkpt>
    <trkpt lat="38.1587" lon="-122.5"></trkpt>
    <trkpt lat="38.15865" lon="-122.49992"></trkpt>
    <trkpt lat="38.15863" lon="-122.4999"></trkpt>
    <trkpt lat="38.15791" lon="-122.49893"></trkpt>
    <trkpt lat="38.15789" lon="-122.49886"></trkpt>
    <trkpt lat="38.15709" lon="-122.49786"></trkpt>
    <trkpt lat="38.15698" lon="-122.49771"></trkpt>
    <trkpt lat="38.15661" lon="-122.49724"></trkpt>
    <trkpt lat="38.15656" lon="-122.49719"></trkpt>
    <trkpt lat="38.15618" lon="-122.4967"></trkpt>
    <trkpt lat="38.15586" lon="-122.49632"></trkpt>
    <trkpt lat="38.1556" lon="-122.49599"></trkpt>
    <trkpt lat="38.15555" lon="-122.49592"></trkpt>
    <trkpt lat="38.15521" lon="-122.49549"></trkpt>
    <trkpt lat="38.15515" lon="-122.49542"></trkpt>
    <trkpt lat="38.15511" lon="-122.49536"></trkpt>
    <trkpt lat="38.15505" lon="-122.49529"></trkpt>
    <trkpt lat="38.15501" lon="-122.49525"></trkpt>
    <trkpt lat="38.1549" lon="-122.4951"></trkpt>
    <trkpt lat="38.15486" lon="-122.49506"></trkpt>
    <trkpt lat="38.15476" lon="-122.49494"></trkpt>
    <trkpt lat="38.15461" lon="-122.49474"></trkpt>
    <trkpt lat="38.15421" lon="-122.49425"></trkpt>
    <trkpt lat="38.15411" lon="-122.49411"></trkpt>
    <trkpt lat="38.15409" lon="-122.49409"></trkpt>
    <trkpt lat="38.15396" lon="-122.49389"></trkpt>
    <trkpt lat="38.15392" lon="-122.49384"></trkpt>
    <trkpt lat="38.15374" lon="-122.49353"></trkpt>
    <trkpt lat="38.15299" lon="-122.49214"></trkpt>
    <trkpt lat="38.15288" lon="-122.49195"></trkpt>
    <trkpt lat="38.1526" lon="-122.49143"></trkpt>
    <trkpt lat="38.15258" lon="-122.4914"></trkpt>
    <trkpt lat="38.15192" lon="-122.49016"></trkpt>
    <trkpt lat="38.1519" lon="-122.49014"></trkpt>
    <trkpt lat="38.15176" lon="-122.48989"></trkpt>
    <trkpt lat="38.15165" lon="-122.48971"></trkpt>
    <trkpt lat="38.15163" lon="-122.48969"></trkpt>
    <trkpt lat="38.15152" lon="-122.48954"></trkpt>
    <trkpt lat="38.15132" lon="-122.48934"></trkpt>
    <trkpt lat="38.15107" lon="-122.48912"></trkpt>
    <trkpt lat="38.15038" lon="-122.48859"></trkpt>
    <trkpt lat="38.15021" lon="-122.48845"></trkpt>
    <trkpt lat="38.15005" lon="-122.48833"></trkpt>
    <trkpt lat="38.14994" lon="-122.48824"></trkpt>
    <trkpt lat="38.14991" lon="-122.48823"></trkpt>
    <trkpt lat="38.14978" lon="-122.48812"></trkpt>
    <trkpt lat="38.14966" lon="-122.48804"></trkpt>
    <trkpt lat="38.14841" lon="-122.4871"></trkpt>
    <trkpt lat="38.14824" lon="-122.48698"></trkpt>
    <trkpt lat="38.14807" lon="-122.48684"></trkpt>
    <trkpt lat="38.14791" lon="-122.48673"></trkpt>
    <trkpt lat="38.14712" lon="-122.48613"></trkpt>
    <trkpt lat="38.14687" lon="-122.48595"></trkpt>
    <trkpt lat="38.14565" lon="-122.48503"></trkpt>
    <trkpt lat="38.14546" lon="-122.4849"></trkpt>
    <trkpt lat="38.14306" lon="-122.48309"></trkpt>
    <trkpt lat="38.143" lon="-122.48305"></trkpt>
    <trkpt lat="38.14258" lon="-122.48274"></trkpt>
    <trkpt lat="38.14251" lon="-122.48268"></trkpt>
    <trkpt lat="38.14246" lon="-122.48265"></trkpt>
    <trkpt lat="38.14174" lon="-122.48211"></trkpt>
    <trkpt lat="38.14172" lon="-122.48209"></trkpt>
    <trkpt lat="38.14162" lon="-122.48202"></trkpt>
    <trkpt lat="38.14159" lon="-122.48199"></trkpt>
    <trkpt lat="38.14112" lon="-122.48165"></trkpt>
    <trkpt lat="38.14081" lon="-122.48141"></trkpt>
    <trkpt lat="38.14076" lon="-122.48138"></trkpt>
    <trkpt lat="38.13968" lon="-122.48057"></trkpt>
    <trkpt lat="38.13967" lon="-122.48056"></trkpt>
    <trkpt lat="38.13853" lon="-122.47971"></trkpt>
    <trkpt lat="38.13852" lon="-122.47971"></trkpt>
    <trkpt lat="38.13844" lon="-122.47964"></trkpt>
    <trkpt lat="38.13832" lon="-122.47956"></trkpt>
    <trkpt lat="38.13437" lon="-122.47661"></trkpt>
    <trkpt lat="38.13417" lon="-122.47644"></trkpt>
    <trkpt lat="38.134" lon="-122.47631"></trkpt>
    <trkpt lat="38.13421" lon="-122.47596"></trkpt>
    <trkpt lat="38.13421" lon="-122.47595"></trkpt>
    <trkpt lat="38.13422" lon="-122.47593"></trkpt>
    <trkpt lat="38.14054" lon="-122.46546"></trkpt>
    <trkpt lat="38.14056" lon="-122.46544"></trkpt>
    <trkpt lat="38.14087" lon="-122.46493"></trkpt>
    <trkpt lat="38.14087" lon="-122.46492"></trkpt>
    <trkpt lat="38.14089" lon="-122.46489"></trkpt>
    <trkpt lat="38.14097" lon="-122.46475"></trkpt>
    <trkpt lat="38.14127" lon="-122.46427"></trkpt>
    <trkpt lat="38.14157" lon="-122.46376"></trkpt>
    <trkpt lat="38.14178" lon="-122.46343"></trkpt>
    <trkpt lat="38.14249" lon="-122.46224"></trkpt>
    <trkpt lat="38.14307" lon="-122.4613"></trkpt>
    <trkpt lat="38.14335" lon="-122.46081"></trkpt>
    <trkpt lat="38.14427" lon="-122.45933"></trkpt>
    <trkpt lat="38.14427" lon="-122.45932"></trkpt>
    <trkpt lat="38.14438" lon="-122.45916"></trkpt>
    <trkpt lat="38.14439" lon="-122.45914"></trkpt>
    <trkpt lat="38.14461" lon="-122.4588"></trkpt>
    <trkpt lat="38.14461" lon="-122.45879"></trkpt>
    <trkpt lat="38.14472" lon="-122.45862"></trkpt>
    <trkpt lat="38.14472" lon="-122.45861"></trkpt>
    <trkpt lat="38.14476" lon="-122.45856"></trkpt>
    <trkpt lat="38.14533" lon="-122.45763"></trkpt>
    <trkpt lat="38.14557" lon="-122.45722"></trkpt>
    <trkpt lat="38.14594" lon="-122.45662"></trkpt>
    <trkpt lat="38.14635" lon="-122.45592"></trkpt>
    <trkpt lat="38.14644" lon="-122.45579"></trkpt>
    <trkpt lat="38.14669" lon="-122.4554"></trkpt>
    <trkpt lat="38.14676" lon="-122.45528"></trkpt>
    <trkpt lat="38.14684" lon="-122.45518"></trkpt>
    <trkpt lat="38.14695" lon="-122.45502"></trkpt>
    <trkpt lat="38.14698" lon="-122.45497"></trkpt>
    <trkpt lat="38.14742" lon="-122.45437"></trkpt>
    <trkpt lat="38.14744" lon="-122.45435"></trkpt>
    <trkpt lat="38.1475" lon="-122.45426"></trkpt>
    <trkpt lat="38.14775" lon="-122.45394"></trkpt>
    <trkpt lat="38.14791" lon="-122.45371"></trkpt>
    <trkpt lat="38.14794" lon="-122.45369"></trkpt>
    <trkpt lat="38.14802" lon="-122.45357"></trkpt>
    <trkpt lat="38.1483" lon="-122.45321"></trkpt>
    <trkpt lat="38.14831" lon="-122.45319"></trkpt>
    <trkpt lat="38.15017" lon="-122.45071"></trkpt>
    <trkpt lat="38.15026" lon="-122.45054"></trkpt>
    <trkpt lat="38.15038" lon="-122.45035"></trkpt>
    <trkpt lat="38.15039" lon="-122.45034"></trkpt>
    <trkpt lat="38.15053" lon="-122.45012"></trkpt>
    <trkpt lat="38.15059" lon="-122.45001"></trkpt>
    <trkpt lat="38.15077" lon="-122.44963"></trkpt>
    <trkpt lat="38.15087" lon="-122.44938"></trkpt>
    <trkpt lat="38.15091" lon="-122.44924"></trkpt>
    <trkpt lat="38.15097" lon="-122.44909"></trkpt>
    <trkpt lat="38.15138" lon="-122.44784"></trkpt>
    <trkpt lat="38.15147" lon="-122.44761"></trkpt>
    <trkpt lat="38.15151" lon="-122.44752"></trkpt>
    <trkpt lat="38.15169" lon="-122.44698"></trkpt>
    <trkpt lat="38.15173" lon="-122.44689"></trkpt>
    <trkpt lat="38.15176" lon="-122.44679"></trkpt>
    <trkpt lat="38.15241" lon="-122.44497"></trkpt>
    <trkpt lat="38.15242" lon="-122.44492"></trkpt>
    <trkpt lat="38.15252" lon="-122.44464"></trkpt>
    <trkpt lat="38.15267" lon="-122.44401"></trkpt>
    <trkpt lat="38.15272" lon="-122.44372"></trkpt>
    <trkpt lat="38.15278" lon="-122.44318"></trkpt>
    <trkpt lat="38.15278" lon="-122.44315"></trkpt>
    <trkpt lat="38.15324" lon="-122.43841"></trkpt>
    <trkpt lat="38.15327" lon="-122.43816"></trkpt>
    <trkpt lat="38.15327" lon="-122.43811"></trkpt>
    <trkpt lat="38.15344" lon="-122.43629"></trkpt>
    <trkpt lat="38.15348" lon="-122.43595"></trkpt>
    <trkpt lat="38.15472" lon="-122.42311"></trkpt>
    <trkpt lat="38.15474" lon="-122.42302"></trkpt>
    <trkpt lat="38.15478" lon="-122.42277"></trkpt>
    <trkpt lat="38.15487" lon="-122.42188"></trkpt>
    <trkpt lat="38.15488" lon="-122.42184"></trkpt>
    <trkpt lat="38.15492" lon="-122.42146"></trkpt>
    <trkpt lat="38.15492" lon="-122.42143"></trkpt>
    <trkpt lat="38.15494" lon="-122.42133"></trkpt>
    <trkpt lat="38.1549" lon="-122.42112"></trkpt>
    <trkpt lat="38.1549" lon="-122.42105"></trkpt>
    <trkpt lat="38.15584" lon="-122.41133"></trkpt>
    <trkpt lat="38.15584" lon="-122.41127"></trkpt>
    <trkpt lat="38.15586" lon="-122.4111"></trkpt>
    <trkpt lat="38.15586" lon="-122.41047"></trkpt>
    <trkpt lat="38.15576" lon="-122.40885"></trkpt>
    <trkpt lat="38.15574" lon="-122.40836"></trkpt>
    <trkpt lat="38.15567" lon="-122.4072"></trkpt>
    <trkpt lat="38.15566" lon="-122.40712"></trkpt>
    <trkpt lat="38.15566" lon="-122.40699"></trkpt>
    <trkpt lat="38.15563" lon="-122.40656"></trkpt>
    <trkpt lat="38.15561" lon="-122.40611"></trkpt>
    <trkpt lat="38.15559" lon="-122.40588"></trkpt>
    <trkpt lat="38.15557" lon="-122.40542"></trkpt>
    <trkpt lat="38.15555" lon="-122.4052"></trkpt>
    <trkpt lat="38.15554" lon="-122.40492"></trkpt>
    <trkpt lat="38.15553" lon="-122.40483"></trkpt>
    <trkpt lat="38.15553" lon="-122.40475"></trkpt>
    <trkpt lat="38.15545" lon="-122.40356"></trkpt>
    <trkpt lat="38.15545" lon="-122.40347"></trkpt>
    <trkpt lat="38.15541" lon="-122.40314"></trkpt>
    <trkpt lat="38.15534" lon="-122.40272"></trkpt>
    <trkpt lat="38.15533" lon="-122.40268"></trkpt>
    <trkpt lat="38.15533" lon="-122.40267"></trkpt>
    <trkpt lat="38.15531" lon="-122.40255"></trkpt>
    <trkpt lat="38.15514" lon="-122.4019"></trkpt>
    <trkpt lat="38.15497" lon="-122.40141"></trkpt>
    <trkpt lat="38.15443" lon="-122.40003"></trkpt>
    <trkpt lat="38.1544" lon="-122.39994"></trkpt>
    <trkpt lat="38.15438" lon="-122.3999"></trkpt>
    <trkpt lat="38.15422" lon="-122.3994"></trkpt>
    <trkpt lat="38.15413" lon="-122.39906"></trkpt>
    <trkpt lat="38.1531" lon="-122.39374"></trkpt>
    <trkpt lat="38.15304" lon="-122.39338"></trkpt>
    <trkpt lat="38.15302" lon="-122.39331"></trkpt>
    <trkpt lat="38.15279" lon="-122.39206"></trkpt>
    <trkpt lat="38.15271" lon="-122.3917"></trkpt>
    <trkpt lat="38.15227" lon="-122.38995"></trkpt>
    <trkpt lat="38.15225" lon="-122.38991"></trkpt>
    <trkpt lat="38.15161" lon="-122.38739"></trkpt>
    <trkpt lat="38.15138" lon="-122.38654"></trkpt>
    <trkpt lat="38.15119" lon="-122.38594"></trkpt>
    <trkpt lat="38.15103" lon="-122.38547"></trkpt>
    <trkpt lat="38.15055" lon="-122.3843"></trkpt>
    <trkpt lat="38.15023" lon="-122.38363"></trkpt>
    <trkpt lat="38.14974" lon="-122.38268"></trkpt>
    <trkpt lat="38.14966" lon="-122.38251"></trkpt>
    <trkpt lat="38.14884" lon="-122.38092"></trkpt>
    <trkpt lat="38.14882" lon="-122.38089"></trkpt>
    <trkpt lat="38.1468" lon="-122.37696"></trkpt>
    <trkpt lat="38.14595" lon="-122.37524"></trkpt>
    <trkpt lat="38.14576" lon="-122.37482"></trkpt>
    <trkpt lat="38.14534" lon="-122.37376"></trkpt>
    <trkpt lat="38.14511" lon="-122.37308"></trkpt>
    <trkpt lat="38.14508" lon="-122.37295"></trkpt>
    <trkpt lat="38.14486" lon="-122.37223"></trkpt>
    <trkpt lat="38.14465" lon="-122.37145"></trkpt>
    <trkpt lat="38.14456" lon="-122.37108"></trkpt>
    <trkpt lat="38.14442" lon="-122.37058"></trkpt>
    <trkpt lat="38.14437" lon="-122.37037"></trkpt>
    <trkpt lat="38.14426" lon="-122.36998"></trkpt>
    <trkpt lat="38.14408" lon="-122.36942"></trkpt>
    <trkpt lat="38.14387" lon="-122.36883"></trkpt>
    <trkpt lat="38.14383" lon="-122.36874"></trkpt>
    <trkpt lat="38.1437" lon="-122.36838"></trkpt>
    <trkpt lat="38.14344" lon="-122.36775"></trkpt>
    <trkpt lat="38.14261" lon="-122.36598"></trkpt>
    <trkpt lat="38.14228" lon="-122.3652"></trkpt>
    <trkpt lat="38.14203" lon="-122.36452"></trkpt>
    <trkpt lat="38.139" lon="-122.35549"></trkpt>
    <trkpt lat="38.13879" lon="-122.35493"></trkpt>
    <trkpt lat="38.13873" lon="-122.3548"></trkpt>
    <trkpt lat="38.13848" lon="-122.3542"></trkpt>
    <trkpt lat="38.13832" lon="-122.35385"></trkpt>
    <trkpt lat="38.13804" lon="-122.35328"></trkpt>
    <trkpt lat="38.13713" lon="-122.35153"></trkpt>
    <trkpt lat="38.13683" lon="-122.35088"></trkpt>
    <trkpt lat="38.1365" lon="-122.3501"></trkpt>
    <trkpt lat="38.13633" lon="-122.34966"></trkpt>
    <trkpt lat="38.13541" lon="-122.34683"></trkpt>
    <trkpt lat="38.13517" lon="-122.34615"></trkpt>
    <trkpt lat="38.13515" lon="-122.34607"></trkpt>
    <trkpt lat="38.13434" lon="-122.34377"></trkpt>
    <trkpt lat="38.1343" lon="-122.34364"></trkpt>
    <trkpt lat="38.13422" lon="-122.34342"></trkpt>
    <trkpt lat="38.13417" lon="-122.34331"></trkpt>
    <trkpt lat="38.13386" lon="-122.34241"></trkpt>
    <trkpt lat="38.1329" lon="-122.33935"></trkpt>
    <trkpt lat="38.13285" lon="-122.33922"></trkpt>
    <trkpt lat="38.13277" lon="-122.33898"></trkpt>
    <trkpt lat="38.1324" lon="-122.33802"></trkpt>
    <trkpt lat="38.13132" lon="-122.33551"></trkpt>
    <trkpt lat="38.13132" lon="-122.33549"></trkpt>
    <trkpt lat="38.13113" lon="-122.33506"></trkpt>
    <trkpt lat="38.12992" lon="-122.33218"></trkpt>
    <trkpt lat="38.12855" lon="-122.32854"></trkpt>
    <trkpt lat="38.12853" lon="-122.3285"></trkpt>
    <trkpt lat="38.12853" lon="-122.32848"></trkpt>
    <trkpt lat="38.12808" lon="-122.3273"></trkpt>
    <trkpt lat="38.12597" lon="-122.32227"></trkpt>
    <trkpt lat="38.12594" lon="-122.32222"></trkpt>
    <trkpt lat="38.12589" lon="-122.32209"></trkpt>
    <trkpt lat="38.12494" lon="-122.31986"></trkpt>
    <trkpt lat="38.12414" lon="-122.31804"></trkpt>
    <trkpt lat="38.12391" lon="-122.31748"></trkpt>
    <trkpt lat="38.12165" lon="-122.31236"></trkpt>
    <trkpt lat="38.11944" lon="-122.30787"></trkpt>
    <trkpt lat="38.11908" lon="-122.3071"></trkpt>
    <trkpt lat="38.11893" lon="-122.30672"></trkpt>
    <trkpt lat="38.11889" lon="-122.30663"></trkpt>
    <trkpt lat="38.11849" lon="-122.30555"></trkpt>
    <trkpt lat="38.1182" lon="-122.3046"></trkpt>
    <trkpt lat="38.11807" lon="-122.30411"></trkpt>
    <trkpt lat="38.11791" lon="-122.30345"></trkpt>
    <trkpt lat="38.11771" lon="-122.30246"></trkpt>
    <trkpt lat="38.11764" lon="-122.30204"></trkpt>
    <trkpt lat="38.1175" lon="-122.30096"></trkpt>
    <trkpt lat="38.1174" lon="-122.29952"></trkpt>
    <trkpt lat="38.1174" lon="-122.29929"></trkpt>
    <trkpt lat="38.11739" lon="-122.29906"></trkpt>
    <trkpt lat="38.11739" lon="-122.29678"></trkpt>
    <trkpt lat="38.11737" lon="-122.29582"></trkpt>
    <trkpt lat="38.11737" lon="-122.29531"></trkpt>
    <trkpt lat="38.11736" lon="-122.2949"></trkpt>
    <trkpt lat="38.11735" lon="-122.29478"></trkpt>
    <trkpt lat="38.11734" lon="-122.29415"></trkpt>
    <trkpt lat="38.11733" lon="-122.29398"></trkpt>
    <trkpt lat="38.11733" lon="-122.29031"></trkpt>
    <trkpt lat="38.11734" lon="-122.29015"></trkpt>
    <trkpt lat="38.11734" lon="-122.28998"></trkpt>
    <trkpt lat="38.11735" lon="-122.28982"></trkpt>
    <trkpt lat="38.11735" lon="-122.2897"></trkpt>
    <trkpt lat="38.11736" lon="-122.28966"></trkpt>
    <trkpt lat="38.11738" lon="-122.2894"></trkpt>
    <trkpt lat="38.11742" lon="-122.28903"></trkpt>
    <trkpt lat="38.11743" lon="-122.28899"></trkpt>
    <trkpt lat="38.11745" lon="-122.28887"></trkpt>
    <trkpt lat="38.11745" lon="-122.28883"></trkpt>
    <trkpt lat="38.11747" lon="-122.28871"></trkpt>
    <trkpt lat="38.11748" lon="-122.28867"></trkpt>
    <trkpt lat="38.11748" lon="-122.28866"></trkpt>
    <trkpt lat="38.11752" lon="-122.28838"></trkpt>
    <trkpt lat="38.11753" lon="-122.28834"></trkpt>
    <trkpt lat="38.11755" lon="-122.28821"></trkpt>
    <trkpt lat="38.11767" lon="-122.28771"></trkpt>
    <trkpt lat="38.11785" lon="-122.28709"></trkpt>
    <trkpt lat="38.11795" lon="-122.28678"></trkpt>
    <trkpt lat="38.11813" lon="-122.28628"></trkpt>
    <trkpt lat="38.11833" lon="-122.28577"></trkpt>
    <trkpt lat="38.11835" lon="-122.28573"></trkpt>
    <trkpt lat="38.11842" lon="-122.28553"></trkpt>
    <trkpt lat="38.11871" lon="-122.2848"></trkpt>
    <trkpt lat="38.12014" lon="-122.28092"></trkpt>
    <trkpt lat="38.12061" lon="-122.27969"></trkpt>
    <trkpt lat="38.12068" lon="-122.27948"></trkpt>
    <trkpt lat="38.12072" lon="-122.27939"></trkpt>
    <trkpt lat="38.12076" lon="-122.27927"></trkpt>
    <trkpt lat="38.12145" lon="-122.27745"></trkpt>
    <trkpt lat="38.12155" lon="-122.27716"></trkpt>
    <trkpt lat="38.12233" lon="-122.27508"></trkpt>
    <trkpt lat="38.12236" lon="-122.27502"></trkpt>
    <trkpt lat="38.12236" lon="-122.275"></trkpt>
    <trkpt lat="38.12243" lon="-122.27481"></trkpt>
    <trkpt lat="38.12252" lon="-122.27459"></trkpt>
    <trkpt lat="38.12275" lon="-122.27398"></trkpt>
    <trkpt lat="38.12275" lon="-122.27396"></trkpt>
    <trkpt lat="38.12284" lon="-122.27373"></trkpt>
    <trkpt lat="38.12289" lon="-122.27357"></trkpt>
    <trkpt lat="38.12297" lon="-122.27339"></trkpt>
    <trkpt lat="38.12298" lon="-122.27335"></trkpt>
    <trkpt lat="38.12311" lon="-122.27305"></trkpt>
    <trkpt lat="38.12312" lon="-122.27302"></trkpt>
    <trkpt lat="38.12317" lon="-122.27293"></trkpt>
    <trkpt lat="38.12331" lon="-122.27263"></trkpt>
    <trkpt lat="38.12332" lon="-122.2726"></trkpt>
    <trkpt lat="38.12338" lon="-122.27248"></trkpt>
    <trkpt lat="38.12347" lon="-122.27232"></trkpt>
    <trkpt lat="38.12352" lon="-122.27222"></trkpt>
    <trkpt lat="38.12353" lon="-122.27221"></trkpt>
    <trkpt lat="38.12368" lon="-122.27193"></trkpt>
    <trkpt lat="38.12394" lon="-122.27151"></trkpt>
    <trkpt lat="38.12422" lon="-122.27109"></trkpt>
    <trkpt lat="38.12442" lon="-122.27083"></trkpt>
    <trkpt lat="38.12442" lon="-122.27082"></trkpt>
    <trkpt lat="38.12449" lon="-122.27073"></trkpt>
    <trkpt lat="38.12453" lon="-122.27069"></trkpt>
    <trkpt lat="38.12461" lon="-122.27058"></trkpt>
    <trkpt lat="38.12484" lon="-122.27031"></trkpt>
    <trkpt lat="38.12486" lon="-122.2703"></trkpt>
    <trkpt lat="38.12541" lon="-122.26967"></trkpt>
    <trkpt lat="38.12584" lon="-122.2692"></trkpt>
    <trkpt lat="38.12587" lon="-122.26916"></trkpt>
    <trkpt lat="38.12589" lon="-122.26914"></trkpt>
    <trkpt lat="38.12594" lon="-122.26908"></trkpt>
    <trkpt lat="38.12623" lon="-122.26877"></trkpt>
    <trkpt lat="38.12627" lon="-122.26872"></trkpt>
    <trkpt lat="38.12629" lon="-122.26869"></trkpt>
    <trkpt lat="38.12641" lon="-122.26857"></trkpt>
    <trkpt lat="38.12643" lon="-122.26854"></trkpt>
    <trkpt lat="38.12735" lon="-122.26751"></trkpt>
    <trkpt lat="38.12743" lon="-122.26743"></trkpt>
    <trkpt lat="38.12747" lon="-122.26738"></trkpt>
    <trkpt lat="38.12756" lon="-122.26729"></trkpt>
    <trkpt lat="38.12801" lon="-122.26677"></trkpt>
    <trkpt lat="38.12815" lon="-122.26663"></trkpt>
    <trkpt lat="38.12825" lon="-122.26651"></trkpt>
    <trkpt lat="38.12876" lon="-122.26595"></trkpt>
    <trkpt lat="38.12885" lon="-122.26584"></trkpt>
    <trkpt lat="38.12899" lon="-122.26569"></trkpt>
    <trkpt lat="38.1292" lon="-122.26545"></trkpt>
    <trkpt lat="38.12937" lon="-122.26527"></trkpt>
    <trkpt lat="38.12968" lon="-122.26491"></trkpt>
    <trkpt lat="38.12977" lon="-122.26482"></trkpt>
    <trkpt lat="38.12977" lon="-122.26481"></trkpt>
    <trkpt lat="38.13039" lon="-122.26413"></trkpt>
    <trkpt lat="38.13048" lon="-122.26402"></trkpt>
    <trkpt lat="38.1307" lon="-122.26378"></trkpt>
    <trkpt lat="38.13074" lon="-122.26373"></trkpt>
    <trkpt lat="38.13084" lon="-122.26363"></trkpt>
    <trkpt lat="38.13097" lon="-122.26347"></trkpt>
    <trkpt lat="38.13188" lon="-122.26247"></trkpt>
    <trkpt lat="38.13189" lon="-122.26245"></trkpt>
    <trkpt lat="38.13267" lon="-122.26158"></trkpt>
    <trkpt lat="38.13269" lon="-122.26157"></trkpt>
    <trkpt lat="38.13277" lon="-122.26147"></trkpt>
    <trkpt lat="38.13288" lon="-122.26135"></trkpt>
    <trkpt lat="38.13319" lon="-122.26104"></trkpt>
    <trkpt lat="38.13323" lon="-122.26099"></trkpt>
    <trkpt lat="38.13341" lon="-122.26083"></trkpt>
    <trkpt lat="38.13352" lon="-122.26072"></trkpt>
    <trkpt lat="38.13372" lon="-122.26054"></trkpt>
    <trkpt lat="38.13418" lon="-122.26015"></trkpt>
    <trkpt lat="38.13438" lon="-122.25999"></trkpt>
    <trkpt lat="38.1344" lon="-122.25997"></trkpt>
    <trkpt lat="38.13448" lon="-122.25991"></trkpt>
    <trkpt lat="38.1345" lon="-122.2599"></trkpt>
    <trkpt lat="38.13503" lon="-122.25952"></trkpt>
    <trkpt lat="38.13505" lon="-122.25951"></trkpt>
    <trkpt lat="38.13521" lon="-122.2594"></trkpt>
    <trkpt lat="38.13526" lon="-122.25937"></trkpt>
    <trkpt lat="38.13536" lon="-122.25929"></trkpt>
    <trkpt lat="38.13538" lon="-122.25928"></trkpt>
    <trkpt lat="38.13546" lon="-122.25922"></trkpt>
    <trkpt lat="38.13565" lon="-122.25909"></trkpt>
    <trkpt lat="38.13566" lon="-122.25908"></trkpt>
    <trkpt lat="38.13589" lon="-122.25892"></trkpt>
    <trkpt lat="38.1359" lon="-122.25892"></trkpt>
    <trkpt lat="38.13599" lon="-122.25885"></trkpt>
    <trkpt lat="38.13625" lon="-122.25867"></trkpt>
    <trkpt lat="38.13632" lon="-122.25863"></trkpt>
    <trkpt lat="38.13648" lon="-122.25852"></trkpt>
    <trkpt lat="38.13653" lon="-122.25848"></trkpt>
    <trkpt lat="38.13681" lon="-122.25829"></trkpt>
    <trkpt lat="38.13697" lon="-122.25817"></trkpt>
    <trkpt lat="38.1374" lon="-122.25788"></trkpt>
    <trkpt lat="38.13775" lon="-122.25763"></trkpt>
    <trkpt lat="38.1378" lon="-122.2576"></trkpt>
    <trkpt lat="38.1382" lon="-122.25732"></trkpt>
    <trkpt lat="38.13828" lon="-122.25727"></trkpt>
    <trkpt lat="38.13834" lon="-122.25722"></trkpt>
    <trkpt lat="38.13861" lon="-122.25703"></trkpt>
    <trkpt lat="38.13872" lon="-122.25694"></trkpt>
    <trkpt lat="38.13881" lon="-122.25688"></trkpt>
    <trkpt lat="38.13894" lon="-122.25678"></trkpt>
    <trkpt lat="38.13895" lon="-122.25678"></trkpt>
    <trkpt lat="38.13903" lon="-122.25673"></trkpt>
    <trkpt lat="38.13929" lon="-122.25654"></trkpt>
    <trkpt lat="38.13953" lon="-122.25635"></trkpt>
    <trkpt lat="38.13954" lon="-122.25634"></trkpt>
    <trkpt lat="38.13964" lon="-122.25626"></trkpt>
    <trkpt lat="38.13998" lon="-122.25595"></trkpt>
    <trkpt lat="38.14005" lon="-122.25587"></trkpt>
    <trkpt lat="38.1402" lon="-122.25572"></trkpt>
    <trkpt lat="38.14034" lon="-122.25557"></trkpt>
    <trkpt lat="38.14072" lon="-122.2551"></trkpt>
    <trkpt lat="38.14075" lon="-122.25505"></trkpt>
    <trkpt lat="38.14081" lon="-122.25497"></trkpt>
    <trkpt lat="38.1411" lon="-122.25454"></trkpt>
    <trkpt lat="38.14134" lon="-122.25411"></trkpt>
    <trkpt lat="38.14154" lon="-122.25371"></trkpt>
    <trkpt lat="38.14155" lon="-122.25371"></trkpt>
    <trkpt lat="38.14156" lon="-122.25367"></trkpt>
    <trkpt lat="38.14161" lon="-122.25357"></trkpt>
    <trkpt lat="38.14162" lon="-122.25354"></trkpt>
    <trkpt lat="38.14172" lon="-122.25331"></trkpt>
    <trkpt lat="38.14172" lon="-122.2533"></trkpt>
    <trkpt lat="38.14173" lon="-122.25329"></trkpt>
    <trkpt lat="38.14174" lon="-122.25326"></trkpt>
    <trkpt lat="38.1418" lon="-122.25312"></trkpt>
    <trkpt lat="38.14184" lon="-122.253"></trkpt>
    <trkpt lat="38.14187" lon="-122.25293"></trkpt>
    <trkpt lat="38.14191" lon="-122.25282"></trkpt>
    <trkpt lat="38.14194" lon="-122.25272"></trkpt>
    <trkpt lat="38.14197" lon="-122.25264"></trkpt>
    <trkpt lat="38.142" lon="-122.25253"></trkpt>
    <trkpt lat="38.14204" lon="-122.25242"></trkpt>
    <trkpt lat="38.14205" lon="-122.2524"></trkpt>
    <trkpt lat="38.14212" lon="-122.25215"></trkpt>
    <trkpt lat="38.14212" lon="-122.25213"></trkpt>
    <trkpt lat="38.14216" lon="-122.25199"></trkpt>
    <trkpt lat="38.14218" lon="-122.25189"></trkpt>
    <trkpt lat="38.14226" lon="-122.25156"></trkpt>
    <trkpt lat="38.14231" lon="-122.25126"></trkpt>
    <trkpt lat="38.14232" lon="-122.25123"></trkpt>
    <trkpt lat="38.14233" lon="-122.25118"></trkpt>
    <trkpt lat="38.14233" lon="-122.25116"></trkpt>
    <trkpt lat="38.14235" lon="-122.25103"></trkpt>
    <trkpt lat="38.14241" lon="-122.25052"></trkpt>
    <trkpt lat="38.14242" lon="-122.2505"></trkpt>
    <trkpt lat="38.14247" lon="-122.24964"></trkpt>
    <trkpt lat="38.14247" lon="-122.24905"></trkpt>
    <trkpt lat="38.14246" lon="-122.249"></trkpt>
    <trkpt lat="38.14246" lon="-122.24883"></trkpt>
    <trkpt lat="38.14245" lon="-122.24872"></trkpt>
    <trkpt lat="38.14245" lon="-122.24868"></trkpt>
    <trkpt lat="38.14244" lon="-122.24856"></trkpt>
    <trkpt lat="38.14243" lon="-122.24854"></trkpt>
    <trkpt lat="38.14239" lon="-122.24805"></trkpt>
    <trkpt lat="38.14238" lon="-122.24801"></trkpt>
    <trkpt lat="38.14237" lon="-122.24788"></trkpt>
    <trkpt lat="38.14236" lon="-122.24784"></trkpt>
    <trkpt lat="38.14236" lon="-122.24778"></trkpt>
    <trkpt lat="38.14228" lon="-122.24714"></trkpt>
    <trkpt lat="38.14223" lon="-122.24665"></trkpt>
    <trkpt lat="38.14222" lon="-122.24659"></trkpt>
    <trkpt lat="38.14201" lon="-122.24473"></trkpt>
    <trkpt lat="38.14201" lon="-122.24469"></trkpt>
    <trkpt lat="38.142" lon="-122.24459"></trkpt>
    <trkpt lat="38.14199" lon="-122.24455"></trkpt>
    <trkpt lat="38.14194" lon="-122.24409"></trkpt>
    <trkpt lat="38.14192" lon="-122.24399"></trkpt>
    <trkpt lat="38.14186" lon="-122.24344"></trkpt>
    <trkpt lat="38.14184" lon="-122.2433"></trkpt>
    <trkpt lat="38.14179" lon="-122.24284"></trkpt>
    <trkpt lat="38.14177" lon="-122.2427"></trkpt>
    <trkpt lat="38.14171" lon="-122.24214"></trkpt>
    <trkpt lat="38.14168" lon="-122.24195"></trkpt>
    <trkpt lat="38.14168" lon="-122.24191"></trkpt>
    <trkpt lat="38.14163" lon="-122.24147"></trkpt>
    <trkpt lat="38.14162" lon="-122.24142"></trkpt>
    <trkpt lat="38.14161" lon="-122.24127"></trkpt>
    <trkpt lat="38.1416" lon="-122.24126"></trkpt>
    <trkpt lat="38.14159" lon="-122.24114"></trkpt>
    <trkpt lat="38.14158" lon="-122.24109"></trkpt>
    <trkpt lat="38.14157" lon="-122.24094"></trkpt>
    <trkpt lat="38.14156" lon="-122.24093"></trkpt>
    <trkpt lat="38.14155" lon="-122.2408"></trkpt>
    <trkpt lat="38.14154" lon="-122.24076"></trkpt>
    <trkpt lat="38.14153" lon="-122.24064"></trkpt>
    <trkpt lat="38.14152" lon="-122.2406"></trkpt>
    <trkpt lat="38.1415" lon="-122.24043"></trkpt>
    <trkpt lat="38.14149" lon="-122.24027"></trkpt>
    <trkpt lat="38.14147" lon="-122.24017"></trkpt>
    <trkpt lat="38.14146" lon="-122.2401"></trkpt>
    <trkpt lat="38.14145" lon="-122.23997"></trkpt>
    <trkpt lat="38.14144" lon="-122.2399"></trkpt>
    <trkpt lat="38.14143" lon="-122.23978"></trkpt>
    <trkpt lat="38.14142" lon="-122.23977"></trkpt>
    <trkpt lat="38.14141" lon="-122.23962"></trkpt>
    <trkpt lat="38.14139" lon="-122.23945"></trkpt>
    <trkpt lat="38.14139" lon="-122.23939"></trkpt>
    <trkpt lat="38.14138" lon="-122.23933"></trkpt>
    <trkpt lat="38.14138" lon="-122.23928"></trkpt>
    <trkpt lat="38.14136" lon="-122.23912"></trkpt>
    <trkpt lat="38.14132" lon="-122.23846"></trkpt>
    <trkpt lat="38.14132" lon="-122.23842"></trkpt>
    <trkpt lat="38.14131" lon="-122.23829"></trkpt>
    <trkpt lat="38.14131" lon="-122.23813"></trkpt>
    <trkpt lat="38.1413" lon="-122.23795"></trkpt>
    <trkpt lat="38.1413" lon="-122.23786"></trkpt>
    <trkpt lat="38.14129" lon="-122.23782"></trkpt>
    <trkpt lat="38.14128" lon="-122.23696"></trkpt>
    <trkpt lat="38.14127" lon="-122.23679"></trkpt>
    <trkpt lat="38.14127" lon="-122.23629"></trkpt>
    <trkpt lat="38.14126" lon="-122.23619"></trkpt>
    <trkpt lat="38.14126" lon="-122.23546"></trkpt>
    <trkpt lat="38.14125" lon="-122.23529"></trkpt>
    <trkpt lat="38.14125" lon="-122.23446"></trkpt>
    <trkpt lat="38.14124" lon="-122.23429"></trkpt>
    <trkpt lat="38.14124" lon="-122.23269"></trkpt>
    <trkpt lat="38.14126" lon="-122.2318"></trkpt>
    <trkpt lat="38.14126" lon="-122.23131"></trkpt>
    <trkpt lat="38.14127" lon="-122.23099"></trkpt>
    <trkpt lat="38.14127" lon="-122.23062"></trkpt>
    <trkpt lat="38.14128" lon="-122.23055"></trkpt>
    <trkpt lat="38.14128" lon="-122.22777"></trkpt>
    <trkpt lat="38.14127" lon="-122.22729"></trkpt>
    <trkpt lat="38.14128" lon="-122.22724"></trkpt>
    <trkpt lat="38.1413" lon="-122.22706"></trkpt>
    <trkpt lat="38.14131" lon="-122.22702"></trkpt>
    <trkpt lat="38.14131" lon="-122.22434"></trkpt>
    <trkpt lat="38.14129" lon="-122.2241"></trkpt>
    <trkpt lat="38.14128" lon="-122.22406"></trkpt>
    <trkpt lat="38.14128" lon="-122.22399"></trkpt>
    <trkpt lat="38.14127" lon="-122.22398"></trkpt>
    <trkpt lat="38.14127" lon="-122.22396"></trkpt>
    <trkpt lat="38.14125" lon="-122.22379"></trkpt>
    <trkpt lat="38.14123" lon="-122.22371"></trkpt>
    <trkpt lat="38.14119" lon="-122.22351"></trkpt>
    <trkpt lat="38.14118" lon="-122.22349"></trkpt>
    <trkpt lat="38.14118" lon="-122.22347"></trkpt>
    <trkpt lat="38.14113" lon="-122.22325"></trkpt>
    <trkpt lat="38.14107" lon="-122.22304"></trkpt>
    <trkpt lat="38.14107" lon="-122.22301"></trkpt>
    <trkpt lat="38.14095" lon="-122.22255"></trkpt>
    <trkpt lat="38.14094" lon="-122.2225"></trkpt>
    <trkpt lat="38.14091" lon="-122.22242"></trkpt>
    <trkpt lat="38.14079" lon="-122.2219"></trkpt>
    <trkpt lat="38.14075" lon="-122.22168"></trkpt>
    <trkpt lat="38.14073" lon="-122.2215"></trkpt>
    <trkpt lat="38.14072" lon="-122.22145"></trkpt>
    <trkpt lat="38.14071" lon="-122.22126"></trkpt>
    <trkpt lat="38.14071" lon="-122.22114"></trkpt>
    <trkpt lat="38.1407" lon="-122.22103"></trkpt>
    <trkpt lat="38.1407" lon="-122.22065"></trkpt>
    <trkpt lat="38.14073" lon="-122.22028"></trkpt>
    <trkpt lat="38.14074" lon="-122.22028"></trkpt>
    <trkpt lat="38.14074" lon="-122.22023"></trkpt>
    <trkpt lat="38.14075" lon="-122.22018"></trkpt>
    <trkpt lat="38.14076" lon="-122.22007"></trkpt>
    <trkpt lat="38.14082" lon="-122.2198"></trkpt>
    <trkpt lat="38.14083" lon="-122.21973"></trkpt>
    <trkpt lat="38.14085" lon="-122.21966"></trkpt>
    <trkpt lat="38.14088" lon="-122.21953"></trkpt>
    <trkpt lat="38.14091" lon="-122.21944"></trkpt>
    <trkpt lat="38.14094" lon="-122.21933"></trkpt>
    <trkpt lat="38.14101" lon="-122.21912"></trkpt>
    <trkpt lat="38.14102" lon="-122.2191"></trkpt>
    <trkpt lat="38.14106" lon="-122.21899"></trkpt>
    <trkpt lat="38.14108" lon="-122.21895"></trkpt>
    <trkpt lat="38.14109" lon="-122.21892"></trkpt>
    <trkpt lat="38.14116" lon="-122.21878"></trkpt>
    <trkpt lat="38.14118" lon="-122.21872"></trkpt>
    <trkpt lat="38.14138" lon="-122.21834"></trkpt>
    <trkpt lat="38.14166" lon="-122.21795"></trkpt>
    <trkpt lat="38.14174" lon="-122.21785"></trkpt>
    <trkpt lat="38.14185" lon="-122.21773"></trkpt>
    <trkpt lat="38.14188" lon="-122.21769"></trkpt>
    <trkpt lat="38.1419" lon="-122.21768"></trkpt>
    <trkpt lat="38.14193" lon="-122.21764"></trkpt>
    <trkpt lat="38.14206" lon="-122.21751"></trkpt>
    <trkpt lat="38.14214" lon="-122.21744"></trkpt>
    <trkpt lat="38.14217" lon="-122.21742"></trkpt>
    <trkpt lat="38.14218" lon="-122.2174"></trkpt>
    <trkpt lat="38.14227" lon="-122.21733"></trkpt>
    <trkpt lat="38.14228" lon="-122.21732"></trkpt>
    <trkpt lat="38.14237" lon="-122.21726"></trkpt>
    <trkpt lat="38.14239" lon="-122.21724"></trkpt>
    <trkpt lat="38.14263" lon="-122.21708"></trkpt>
    <trkpt lat="38.14285" lon="-122.21696"></trkpt>
    <trkpt lat="38.14287" lon="-122.21696"></trkpt>
    <trkpt lat="38.14297" lon="-122.21692"></trkpt>
    <trkpt lat="38.1431" lon="-122.21686"></trkpt>
    <trkpt lat="38.14323" lon="-122.21682"></trkpt>
    <trkpt lat="38.14336" lon="-122.21679"></trkpt>
    <trkpt lat="38.14338" lon="-122.21678"></trkpt>
    <trkpt lat="38.14348" lon="-122.21676"></trkpt>
    <trkpt lat="38.1436" lon="-122.21673"></trkpt>
    <trkpt lat="38.14366" lon="-122.21673"></trkpt>
    <trkpt lat="38.14398" lon="-122.21669"></trkpt>
    <trkpt lat="38.14401" lon="-122.21669"></trkpt>
    <trkpt lat="38.14404" lon="-122.21668"></trkpt>
    <trkpt lat="38.14416" lon="-122.21667"></trkpt>
    <trkpt lat="38.14419" lon="-122.21667"></trkpt>
    <trkpt lat="38.14433" lon="-122.21665"></trkpt>
    <trkpt lat="38.14448" lon="-122.21664"></trkpt>
    <trkpt lat="38.14453" lon="-122.21663"></trkpt>
    <trkpt lat="38.14468" lon="-122.21662"></trkpt>
    <trkpt lat="38.14471" lon="-122.21661"></trkpt>
    <trkpt lat="38.14483" lon="-122.2166"></trkpt>
    <trkpt lat="38.14489" lon="-122.21659"></trkpt>
    <trkpt lat="38.14507" lon="-122.21657"></trkpt>
    <trkpt lat="38.1451" lon="-122.21657"></trkpt>
    <trkpt lat="38.14525" lon="-122.21655"></trkpt>
    <trkpt lat="38.14534" lon="-122.21655"></trkpt>
    <trkpt lat="38.14555" lon="-122.21668"></trkpt>
    <trkpt lat="38.14566" lon="-122.21667"></trkpt>
    <trkpt lat="38.14584" lon="-122.21664"></trkpt>
    <trkpt lat="38.14589" lon="-122.21664"></trkpt>
    <trkpt lat="38.14601" lon="-122.21663"></trkpt>
    <trkpt lat="38.14607" lon="-122.21662"></trkpt>
    <trkpt lat="38.14647" lon="-122.2166"></trkpt>
    <trkpt lat="38.14656" lon="-122.21659"></trkpt>
    <trkpt lat="38.14717" lon="-122.21659"></trkpt>
    <trkpt lat="38.1474" lon="-122.21661"></trkpt>
    <trkpt lat="38.14747" lon="-122.21661"></trkpt>
    <trkpt lat="38.14897" lon="-122.21672"></trkpt>
    <trkpt lat="38.14974" lon="-122.21671"></trkpt>
    <trkpt lat="38.14983" lon="-122.2167"></trkpt>
    <trkpt lat="38.15" lon="-122.21669"></trkpt>
    <trkpt lat="38.1508" lon="-122.21661"></trkpt>
    <trkpt lat="38.15136" lon="-122.2165"></trkpt>
    <trkpt lat="38.15161" lon="-122.21643"></trkpt>
    <trkpt lat="38.15166" lon="-122.21642"></trkpt>
    <trkpt lat="38.15175" lon="-122.21639"></trkpt>
    <trkpt lat="38.1518" lon="-122.21638"></trkpt>
    <trkpt lat="38.15184" lon="-122.21636"></trkpt>
    <trkpt lat="38.15189" lon="-122.21635"></trkpt>
    <trkpt lat="38.15227" lon="-122.21622"></trkpt>
    <trkpt lat="38.15263" lon="-122.21608"></trkpt>
    <trkpt lat="38.15303" lon="-122.2159"></trkpt>
    <trkpt lat="38.1531" lon="-122.21586"></trkpt>
    <trkpt lat="38.15323" lon="-122.2158"></trkpt>
    <trkpt lat="38.15336" lon="-122.21572"></trkpt>
    <trkpt lat="38.15352" lon="-122.21564"></trkpt>
    <trkpt lat="38.15387" lon="-122.21544"></trkpt>
    <trkpt lat="38.15396" lon="-122.21538"></trkpt>
    <trkpt lat="38.15406" lon="-122.21532"></trkpt>
    <trkpt lat="38.15414" lon="-122.21526"></trkpt>
    <trkpt lat="38.15421" lon="-122.21522"></trkpt>
    <trkpt lat="38.15478" lon="-122.21482"></trkpt>
    <trkpt lat="38.15484" lon="-122.21477"></trkpt>
    <trkpt lat="38.15628" lon="-122.21375"></trkpt>
    <trkpt lat="38.15632" lon="-122.21373"></trkpt>
    <trkpt lat="38.15641" lon="-122.21366"></trkpt>
    <trkpt lat="38.15644" lon="-122.21364"></trkpt>
    <trkpt lat="38.1565" lon="-122.21359"></trkpt>
    <trkpt lat="38.1567" lon="-122.21346"></trkpt>
    <trkpt lat="38.1573" lon="-122.21303"></trkpt>
    <trkpt lat="38.15742" lon="-122.21295"></trkpt>
    <trkpt lat="38.15743" lon="-122.21294"></trkpt>
    <trkpt lat="38.15893" lon="-122.21188"></trkpt>
    <trkpt lat="38.15895" lon="-122.21186"></trkpt>
    <trkpt lat="38.15902" lon="-122.21182"></trkpt>
    <trkpt lat="38.15904" lon="-122.2118"></trkpt>
    <trkpt lat="38.15927" lon="-122.21164"></trkpt>
    <trkpt lat="38.1594" lon="-122.21154"></trkpt>
    <trkpt lat="38.1595" lon="-122.21148"></trkpt>
    <trkpt lat="38.15954" lon="-122.21144"></trkpt>
    <trkpt lat="38.15964" lon="-122.21138"></trkpt>
    <trkpt lat="38.15972" lon="-122.21131"></trkpt>
    <trkpt lat="38.15975" lon="-122.21129"></trkpt>
    <trkpt lat="38.15981" lon="-122.21126"></trkpt>
    <trkpt lat="38.15983" lon="-122.21124"></trkpt>
    <trkpt lat="38.15985" lon="-122.21123"></trkpt>
    <trkpt lat="38.15987" lon="-122.21121"></trkpt>
    <trkpt lat="38.1604" lon="-122.21083"></trkpt>
    <trkpt lat="38.16052" lon="-122.21075"></trkpt>
    <trkpt lat="38.16054" lon="-122.21073"></trkpt>
    <trkpt lat="38.16066" lon="-122.21065"></trkpt>
    <trkpt lat="38.16074" lon="-122.21059"></trkpt>
    <trkpt lat="38.16086" lon="-122.21051"></trkpt>
    <trkpt lat="38.16088" lon="-122.21049"></trkpt>
    <trkpt lat="38.16097" lon="-122.21043"></trkpt>
    <trkpt lat="38.16099" lon="-122.21041"></trkpt>
    <trkpt lat="38.16106" lon="-122.21037"></trkpt>
    <trkpt lat="38.1611" lon="-122.21034"></trkpt>
    <trkpt lat="38.16112" lon="-122.21033"></trkpt>
    <trkpt lat="38.16148" lon="-122.21007"></trkpt>
    <trkpt lat="38.16153" lon="-122.21003"></trkpt>
    <trkpt lat="38.16178" lon="-122.20986"></trkpt>
    <trkpt lat="38.16179" lon="-122.20986"></trkpt>
    <trkpt lat="38.16187" lon="-122.20979"></trkpt>
    <trkpt lat="38.16202" lon="-122.20969"></trkpt>
    <trkpt lat="38.16218" lon="-122.20957"></trkpt>
    <trkpt lat="38.16222" lon="-122.20955"></trkpt>
    <trkpt lat="38.16224" lon="-122.20953"></trkpt>
    <trkpt lat="38.16235" lon="-122.20945"></trkpt>
    <trkpt lat="38.16256" lon="-122.20927"></trkpt>
    <trkpt lat="38.16262" lon="-122.20923"></trkpt>
    <trkpt lat="38.16268" lon="-122.20917"></trkpt>
    <trkpt lat="38.16277" lon="-122.2091"></trkpt>
    <trkpt lat="38.16289" lon="-122.20899"></trkpt>
    <trkpt lat="38.16293" lon="-122.20896"></trkpt>
    <trkpt lat="38.1631" lon="-122.2088"></trkpt>
    <trkpt lat="38.1634" lon="-122.2085"></trkpt>
    <trkpt lat="38.16363" lon="-122.20825"></trkpt>
    <trkpt lat="38.16423" lon="-122.20753"></trkpt>
    <trkpt lat="38.16436" lon="-122.20736"></trkpt>
    <trkpt lat="38.16437" lon="-122.20735"></trkpt>
    <trkpt lat="38.16438" lon="-122.20733"></trkpt>
    <trkpt lat="38.16444" lon="-122.20724"></trkpt>
    <trkpt lat="38.16452" lon="-122.20714"></trkpt>
    <trkpt lat="38.16453" lon="-122.20713"></trkpt>
    <trkpt lat="38.16464" lon="-122.20697"></trkpt>
    <trkpt lat="38.1647" lon="-122.20687"></trkpt>
    <trkpt lat="38.16492" lon="-122.20654"></trkpt>
    <trkpt lat="38.16495" lon="-122.20648"></trkpt>
    <trkpt lat="38.16497" lon="-122.20645"></trkpt>
    <trkpt lat="38.16504" lon="-122.20636"></trkpt>
    <trkpt lat="38.16506" lon="-122.20632"></trkpt>
    <trkpt lat="38.16514" lon="-122.2062"></trkpt>
    <trkpt lat="38.1652" lon="-122.2061"></trkpt>
    <trkpt lat="38.16547" lon="-122.20569"></trkpt>
    <trkpt lat="38.1656" lon="-122.20548"></trkpt>
    <trkpt lat="38.16562" lon="-122.20546"></trkpt>
    <trkpt lat="38.16578" lon="-122.2052"></trkpt>
    <trkpt lat="38.16621" lon="-122.20455"></trkpt>
    <trkpt lat="38.16624" lon="-122.20451"></trkpt>
    <trkpt lat="38.16639" lon="-122.20427"></trkpt>
    <trkpt lat="38.1664" lon="-122.20425"></trkpt>
    <trkpt lat="38.16643" lon="-122.20422"></trkpt>
    <trkpt lat="38.16673" lon="-122.20375"></trkpt>
    <trkpt lat="38.16676" lon="-122.20371"></trkpt>
    <trkpt lat="38.1669" lon="-122.20349"></trkpt>
    <trkpt lat="38.16697" lon="-122.20339"></trkpt>
    <trkpt lat="38.16706" lon="-122.20324"></trkpt>
    <trkpt lat="38.16716" lon="-122.2031"></trkpt>
    <trkpt lat="38.16722" lon="-122.203"></trkpt>
    <trkpt lat="38.16725" lon="-122.20297"></trkpt>
    <trkpt lat="38.16731" lon="-122.20287"></trkpt>
    <trkpt lat="38.168" lon="-122.20186"></trkpt>
    <trkpt lat="38.16802" lon="-122.20184"></trkpt>
    <trkpt lat="38.16819" lon="-122.2016"></trkpt>
    <trkpt lat="38.16826" lon="-122.20148"></trkpt>
    <trkpt lat="38.16834" lon="-122.20136"></trkpt>
    <trkpt lat="38.16843" lon="-122.20124"></trkpt>
    <trkpt lat="38.16851" lon="-122.20112"></trkpt>
    <trkpt lat="38.16854" lon="-122.20109"></trkpt>
    <trkpt lat="38.16903" lon="-122.20037"></trkpt>
    <trkpt lat="38.16905" lon="-122.20035"></trkpt>
    <trkpt lat="38.16911" lon="-122.20025"></trkpt>
    <trkpt lat="38.16919" lon="-122.20014"></trkpt>
    <trkpt lat="38.16926" lon="-122.20003"></trkpt>
    <trkpt lat="38.1693" lon="-122.19998"></trkpt>
    <trkpt lat="38.16931" lon="-122.19997"></trkpt>
    <trkpt lat="38.16962" lon="-122.19951"></trkpt>
    <trkpt lat="38.16965" lon="-122.19948"></trkpt>
    <trkpt lat="38.16971" lon="-122.19939"></trkpt>
    <trkpt lat="38.16973" lon="-122.19935"></trkpt>
    <trkpt lat="38.1698" lon="-122.19926"></trkpt>
    <trkpt lat="38.1698" lon="-122.19925"></trkpt>
    <trkpt lat="38.16996" lon="-122.19903"></trkpt>
    <trkpt lat="38.17028" lon="-122.19856"></trkpt>
    <trkpt lat="38.17029" lon="-122.19854"></trkpt>
    <trkpt lat="38.17089" lon="-122.19768"></trkpt>
    <trkpt lat="38.17097" lon="-122.19755"></trkpt>
    <trkpt lat="38.17105" lon="-122.19744"></trkpt>
    <trkpt lat="38.17112" lon="-122.19733"></trkpt>
    <trkpt lat="38.17114" lon="-122.19731"></trkpt>
    <trkpt lat="38.17178" lon="-122.19638"></trkpt>
    <trkpt lat="38.17188" lon="-122.19625"></trkpt>
    <trkpt lat="38.1719" lon="-122.19621"></trkpt>
    <trkpt lat="38.17197" lon="-122.19611"></trkpt>
    <trkpt lat="38.17206" lon="-122.19596"></trkpt>
    <trkpt lat="38.17288" lon="-122.19479"></trkpt>
    <trkpt lat="38.17296" lon="-122.19469"></trkpt>
    <trkpt lat="38.173" lon="-122.19463"></trkpt>
    <trkpt lat="38.17306" lon="-122.19457"></trkpt>
    <trkpt lat="38.17314" lon="-122.19445"></trkpt>
    <trkpt lat="38.17323" lon="-122.19434"></trkpt>
    <trkpt lat="38.17341" lon="-122.1941"></trkpt>
    <trkpt lat="38.17342" lon="-122.1941"></trkpt>
    <trkpt lat="38.17343" lon="-122.19408"></trkpt>
    <trkpt lat="38.17353" lon="-122.19396"></trkpt>
    <trkpt lat="38.17403" lon="-122.19341"></trkpt>
    <trkpt lat="38.17433" lon="-122.19311"></trkpt>
    <trkpt lat="38.17444" lon="-122.19301"></trkpt>
    <trkpt lat="38.17457" lon="-122.19288"></trkpt>
    <trkpt lat="38.17475" lon="-122.19272"></trkpt>
    <trkpt lat="38.17509" lon="-122.19244"></trkpt>
    <trkpt lat="38.17529" lon="-122.19226"></trkpt>
    <trkpt lat="38.17582" lon="-122.19181"></trkpt>
    <trkpt lat="38.1759" lon="-122.19175"></trkpt>
    <trkpt lat="38.17595" lon="-122.1917"></trkpt>
    <trkpt lat="38.1767" lon="-122.19107"></trkpt>
    <trkpt lat="38.17681" lon="-122.19097"></trkpt>
    <trkpt lat="38.1769" lon="-122.1909"></trkpt>
    <trkpt lat="38.17704" lon="-122.19077"></trkpt>
    <trkpt lat="38.17714" lon="-122.19069"></trkpt>
    <trkpt lat="38.17724" lon="-122.19059"></trkpt>
    <trkpt lat="38.17757" lon="-122.19029"></trkpt>
    <trkpt lat="38.17783" lon="-122.19003"></trkpt>
    <trkpt lat="38.17788" lon="-122.18997"></trkpt>
    <trkpt lat="38.17797" lon="-122.18988"></trkpt>
    <trkpt lat="38.17817" lon="-122.18966"></trkpt>
    <trkpt lat="38.17839" lon="-122.1894"></trkpt>
    <trkpt lat="38.17845" lon="-122.18932"></trkpt>
    <trkpt lat="38.17856" lon="-122.18919"></trkpt>
    <trkpt lat="38.17873" lon="-122.18897"></trkpt>
    <trkpt lat="38.1788" lon="-122.18887"></trkpt>
    <trkpt lat="38.17883" lon="-122.18884"></trkpt>
    <trkpt lat="38.17923" lon="-122.18827"></trkpt>
    <trkpt lat="38.17924" lon="-122.18825"></trkpt>
    <trkpt lat="38.17928" lon="-122.1882"></trkpt>
    <trkpt lat="38.17937" lon="-122.18806"></trkpt>
    <trkpt lat="38.17974" lon="-122.18742"></trkpt>
    <trkpt lat="38.17981" lon="-122.18732"></trkpt>
    <trkpt lat="38.17991" lon="-122.18715"></trkpt>
    <trkpt lat="38.17996" lon="-122.18705"></trkpt>
    <trkpt lat="38.18018" lon="-122.18669"></trkpt>
    <trkpt lat="38.18028" lon="-122.1865"></trkpt>
    <trkpt lat="38.18043" lon="-122.18626"></trkpt>
    <trkpt lat="38.18044" lon="-122.18623"></trkpt>
    <trkpt lat="38.18096" lon="-122.18544"></trkpt>
    <trkpt lat="38.18105" lon="-122.18532"></trkpt>
    <trkpt lat="38.18114" lon="-122.18518"></trkpt>
    <trkpt lat="38.18123" lon="-122.18507"></trkpt>
    <trkpt lat="38.1814" lon="-122.18484"></trkpt>
    <trkpt lat="38.18151" lon="-122.18471"></trkpt>
    <trkpt lat="38.18152" lon="-122.18469"></trkpt>
    <trkpt lat="38.1818" lon="-122.18435"></trkpt>
    <trkpt lat="38.182" lon="-122.18413"></trkpt>
    <trkpt lat="38.18211" lon="-122.18402"></trkpt>
    <trkpt lat="38.18361" lon="-122.18241"></trkpt>
    <trkpt lat="38.18389" lon="-122.18206"></trkpt>
    <trkpt lat="38.1839" lon="-122.18206"></trkpt>
    <trkpt lat="38.18397" lon="-122.18197"></trkpt>
    <trkpt lat="38.18441" lon="-122.18134"></trkpt>
    <trkpt lat="38.18449" lon="-122.18121"></trkpt>
    <trkpt lat="38.18458" lon="-122.18109"></trkpt>
    <trkpt lat="38.18506" lon="-122.18026"></trkpt>
    <trkpt lat="38.1852" lon="-122.18"></trkpt>
    <trkpt lat="38.18534" lon="-122.17972"></trkpt>
    <trkpt lat="38.18546" lon="-122.17945"></trkpt>
    <trkpt lat="38.18553" lon="-122.17931"></trkpt>
    <trkpt lat="38.18571" lon="-122.17886"></trkpt>
    <trkpt lat="38.18593" lon="-122.17826"></trkpt>
    <trkpt lat="38.186" lon="-122.17804"></trkpt>
    <trkpt lat="38.18601" lon="-122.17804"></trkpt>
    <trkpt lat="38.18618" lon="-122.17746"></trkpt>
    <trkpt lat="38.18632" lon="-122.17694"></trkpt>
    <trkpt lat="38.18641" lon="-122.17657"></trkpt>
    <trkpt lat="38.18648" lon="-122.17633"></trkpt>
    <trkpt lat="38.18658" lon="-122.17594"></trkpt>
    <trkpt lat="38.1867" lon="-122.17541"></trkpt>
    <trkpt lat="38.18676" lon="-122.17518"></trkpt>
    <trkpt lat="38.18681" lon="-122.17502"></trkpt>
    <trkpt lat="38.18685" lon="-122.17484"></trkpt>
    <trkpt lat="38.18693" lon="-122.17457"></trkpt>
    <trkpt lat="38.18712" lon="-122.17402"></trkpt>
    <trkpt lat="38.18737" lon="-122.17341"></trkpt>
    <trkpt lat="38.18746" lon="-122.17323"></trkpt>
    <trkpt lat="38.18751" lon="-122.1731"></trkpt>
    <trkpt lat="38.18755" lon="-122.17303"></trkpt>
    <trkpt lat="38.18758" lon="-122.17295"></trkpt>
    <trkpt lat="38.18779" lon="-122.17252"></trkpt>
    <trkpt lat="38.18828" lon="-122.17163"></trkpt>
    <trkpt lat="38.18843" lon="-122.17139"></trkpt>
    <trkpt lat="38.18854" lon="-122.1712"></trkpt>
    <trkpt lat="38.18859" lon="-122.17114"></trkpt>
    <trkpt lat="38.1887" lon="-122.17096"></trkpt>
    <trkpt lat="38.18889" lon="-122.17068"></trkpt>
    <trkpt lat="38.18916" lon="-122.17031"></trkpt>
    <trkpt lat="38.18917" lon="-122.1703"></trkpt>
    <trkpt lat="38.18935" lon="-122.17006"></trkpt>
    <trkpt lat="38.18944" lon="-122.16996"></trkpt>
    <trkpt lat="38.18963" lon="-122.16972"></trkpt>
    <trkpt lat="38.18969" lon="-122.16966"></trkpt>
    <trkpt lat="38.1898" lon="-122.16953"></trkpt>
    <trkpt lat="38.19013" lon="-122.16917"></trkpt>
    <trkpt lat="38.19023" lon="-122.16907"></trkpt>
    <trkpt lat="38.19024" lon="-122.16907"></trkpt>
    <trkpt lat="38.19045" lon="-122.16886"></trkpt>
    <trkpt lat="38.19056" lon="-122.16876"></trkpt>
    <trkpt lat="38.19066" lon="-122.16866"></trkpt>
    <trkpt lat="38.19076" lon="-122.16858"></trkpt>
    <trkpt lat="38.19078" lon="-122.16856"></trkpt>
    <trkpt lat="38.19101" lon="-122.16836"></trkpt>
    <trkpt lat="38.19112" lon="-122.16828"></trkpt>
    <trkpt lat="38.19132" lon="-122.16811"></trkpt>
    <trkpt lat="38.19151" lon="-122.16793"></trkpt>
    <trkpt lat="38.19164" lon="-122.16782"></trkpt>
    <trkpt lat="38.19171" lon="-122.16777"></trkpt>
    <trkpt lat="38.19174" lon="-122.16773"></trkpt>
    <trkpt lat="38.19186" lon="-122.16763"></trkpt>
    <trkpt lat="38.19187" lon="-122.16763"></trkpt>
    <trkpt lat="38.19196" lon="-122.16754"></trkpt>
    <trkpt lat="38.19208" lon="-122.16745"></trkpt>
    <trkpt lat="38.19229" lon="-122.16726"></trkpt>
    <trkpt lat="38.19234" lon="-122.16722"></trkpt>
    <trkpt lat="38.19253" lon="-122.16705"></trkpt>
    <trkpt lat="38.19262" lon="-122.16698"></trkpt>
    <trkpt lat="38.19281" lon="-122.16681"></trkpt>
    <trkpt lat="38.19295" lon="-122.1667"></trkpt>
    <trkpt lat="38.19307" lon="-122.16658"></trkpt>
    <trkpt lat="38.19317" lon="-122.1665"></trkpt>
    <trkpt lat="38.19327" lon="-122.16641"></trkpt>
    <trkpt lat="38.19344" lon="-122.16627"></trkpt>
    <trkpt lat="38.19371" lon="-122.16603"></trkpt>
    <trkpt lat="38.19405" lon="-122.16575"></trkpt>
    <trkpt lat="38.19415" lon="-122.16565"></trkpt>
    <trkpt lat="38.19458" lon="-122.16528"></trkpt>
    <trkpt lat="38.19466" lon="-122.16522"></trkpt>
    <trkpt lat="38.19484" lon="-122.16506"></trkpt>
    <trkpt lat="38.19491" lon="-122.16499"></trkpt>
    <trkpt lat="38.19512" lon="-122.1648"></trkpt>
    <trkpt lat="38.19532" lon="-122.1646"></trkpt>
    <trkpt lat="38.19543" lon="-122.16448"></trkpt>
    <trkpt lat="38.19553" lon="-122.16438"></trkpt>
    <trkpt lat="38.19563" lon="-122.16426"></trkpt>
    <trkpt lat="38.19592" lon="-122.16394"></trkpt>
    <trkpt lat="38.19602" lon="-122.16382"></trkpt>
    <trkpt lat="38.19607" lon="-122.16377"></trkpt>
    <trkpt lat="38.19632" lon="-122.16348"></trkpt>
    <trkpt lat="38.1964" lon="-122.16338"></trkpt>
    <trkpt lat="38.19671" lon="-122.16304"></trkpt>
    <trkpt lat="38.1968" lon="-122.16293"></trkpt>
    <trkpt lat="38.1969" lon="-122.16282"></trkpt>
    <trkpt lat="38.19695" lon="-122.16275"></trkpt>
    <trkpt lat="38.197" lon="-122.1627"></trkpt>
    <trkpt lat="38.19708" lon="-122.1626"></trkpt>
    <trkpt lat="38.19738" lon="-122.16227"></trkpt>
    <trkpt lat="38.19759" lon="-122.16202"></trkpt>
    <trkpt lat="38.19778" lon="-122.16181"></trkpt>
    <trkpt lat="38.1981" lon="-122.16143"></trkpt>
    <trkpt lat="38.19819" lon="-122.16134"></trkpt>
    <trkpt lat="38.19847" lon="-122.16102"></trkpt>
    <trkpt lat="38.1986" lon="-122.16086"></trkpt>
    <trkpt lat="38.19867" lon="-122.16079"></trkpt>
    <trkpt lat="38.19876" lon="-122.16068"></trkpt>
    <trkpt lat="38.19886" lon="-122.16058"></trkpt>
    <trkpt lat="38.19906" lon="-122.16034"></trkpt>
    <trkpt lat="38.19911" lon="-122.16029"></trkpt>
    <trkpt lat="38.19926" lon="-122.16012"></trkpt>
    <trkpt lat="38.19934" lon="-122.16001"></trkpt>
    <trkpt lat="38.19945" lon="-122.1599"></trkpt>
    <trkpt lat="38.19977" lon="-122.15952"></trkpt>
    <trkpt lat="38.20004" lon="-122.15922"></trkpt>
    <trkpt lat="38.20013" lon="-122.15911"></trkpt>
    <trkpt lat="38.20063" lon="-122.15855"></trkpt>
    <trkpt lat="38.20082" lon="-122.15832"></trkpt>
    <trkpt lat="38.20112" lon="-122.15799"></trkpt>
    <trkpt lat="38.20131" lon="-122.15776"></trkpt>
    <trkpt lat="38.2022" lon="-122.15675"></trkpt>
    <trkpt lat="38.20286" lon="-122.15597"></trkpt>
    <trkpt lat="38.20305" lon="-122.15576"></trkpt>
    <trkpt lat="38.20325" lon="-122.15552"></trkpt>
    <trkpt lat="38.20335" lon="-122.15542"></trkpt>
    <trkpt lat="38.20365" lon="-122.15507"></trkpt>
    <trkpt lat="38.20376" lon="-122.15495"></trkpt>
    <trkpt lat="38.20394" lon="-122.15473"></trkpt>
    <trkpt lat="38.20416" lon="-122.15449"></trkpt>
    <trkpt lat="38.20442" lon="-122.15418"></trkpt>
    <trkpt lat="38.20462" lon="-122.15396"></trkpt>
    <trkpt lat="38.20465" lon="-122.15392"></trkpt>
    <trkpt lat="38.20481" lon="-122.15373"></trkpt>
    <trkpt lat="38.2053" lon="-122.15318"></trkpt>
    <trkpt lat="38.2055" lon="-122.15294"></trkpt>
    <trkpt lat="38.2063" lon="-122.15203"></trkpt>
    <trkpt lat="38.20638" lon="-122.15193"></trkpt>
    <trkpt lat="38.20646" lon="-122.15184"></trkpt>
    <trkpt lat="38.20653" lon="-122.15177"></trkpt>
    <trkpt lat="38.2066" lon="-122.15168"></trkpt>
    <trkpt lat="38.20702" lon="-122.1512"></trkpt>
    <trkpt lat="38.20705" lon="-122.15117"></trkpt>
    <trkpt lat="38.20715" lon="-122.15104"></trkpt>
    <trkpt lat="38.20743" lon="-122.15073"></trkpt>
    <trkpt lat="38.20771" lon="-122.15044"></trkpt>
    <trkpt lat="38.20817" lon="-122.1499"></trkpt>
    <trkpt lat="38.20886" lon="-122.149"></trkpt>
    <trkpt lat="38.20921" lon="-122.14849"></trkpt>
    <trkpt lat="38.2093" lon="-122.14837"></trkpt>
    <trkpt lat="38.21003" lon="-122.14731"></trkpt>
    <trkpt lat="38.21008" lon="-122.14725"></trkpt>
    <trkpt lat="38.21016" lon="-122.14713"></trkpt>
    <trkpt lat="38.2102" lon="-122.14708"></trkpt>
    <trkpt lat="38.21035" lon="-122.14687"></trkpt>
    <trkpt lat="38.21039" lon="-122.1468"></trkpt>
    <trkpt lat="38.21051" lon="-122.14662"></trkpt>
    <trkpt lat="38.21067" lon="-122.1464"></trkpt>
    <trkpt lat="38.2114" lon="-122.14534"></trkpt>
    <trkpt lat="38.21157" lon="-122.14508"></trkpt>
    <trkpt lat="38.21175" lon="-122.14483"></trkpt>
    <trkpt lat="38.21175" lon="-122.14482"></trkpt>
    <trkpt lat="38.21193" lon="-122.14457"></trkpt>
    <trkpt lat="38.212" lon="-122.14446"></trkpt>
    <trkpt lat="38.21278" lon="-122.14333"></trkpt>
    <trkpt lat="38.21291" lon="-122.14316"></trkpt>
    <trkpt lat="38.21321" lon="-122.14271"></trkpt>
    <trkpt lat="38.2133" lon="-122.14259"></trkpt>
    <trkpt lat="38.21346" lon="-122.14235"></trkpt>
    <trkpt lat="38.21377" lon="-122.14191"></trkpt>
    <trkpt lat="38.21378" lon="-122.14189"></trkpt>
    <trkpt lat="38.21384" lon="-122.14181"></trkpt>
    <trkpt lat="38.21395" lon="-122.14164"></trkpt>
    <trkpt lat="38.21408" lon="-122.14146"></trkpt>
    <trkpt lat="38.21419" lon="-122.14129"></trkpt>
    <trkpt lat="38.21452" lon="-122.14083"></trkpt>
    <trkpt lat="38.21453" lon="-122.14081"></trkpt>
    <trkpt lat="38.2147" lon="-122.14057"></trkpt>
    <trkpt lat="38.21483" lon="-122.14037"></trkpt>
    <trkpt lat="38.21492" lon="-122.14025"></trkpt>
    <trkpt lat="38.21567" lon="-122.13916"></trkpt>
    <trkpt lat="38.21576" lon="-122.13902"></trkpt>
    <trkpt lat="38.21618" lon="-122.13841"></trkpt>
    <trkpt lat="38.21625" lon="-122.13832"></trkpt>
    <trkpt lat="38.21634" lon="-122.13818"></trkpt>
    <trkpt lat="38.21686" lon="-122.13744"></trkpt>
    <trkpt lat="38.21687" lon="-122.13742"></trkpt>
    <trkpt lat="38.2181" lon="-122.13565"></trkpt>
    <trkpt lat="38.21814" lon="-122.1356"></trkpt>
    <trkpt lat="38.21842" lon="-122.13519"></trkpt>
    <trkpt lat="38.21847" lon="-122.13511"></trkpt>
    <trkpt lat="38.2187" lon="-122.13479"></trkpt>
    <trkpt lat="38.22028" lon="-122.13249"></trkpt>
    <trkpt lat="38.22036" lon="-122.13236"></trkpt>
    <trkpt lat="38.22232" lon="-122.12954"></trkpt>
    <trkpt lat="38.22237" lon="-122.12948"></trkpt>
    <trkpt lat="38.22311" lon="-122.12836"></trkpt>
    <trkpt lat="38.22399" lon="-122.12695"></trkpt>
    <trkpt lat="38.22492" lon="-122.1254"></trkpt>
    <trkpt lat="38.22588" lon="-122.12371"></trkpt>
    <trkpt lat="38.22603" lon="-122.12342"></trkpt>
    <trkpt lat="38.22614" lon="-122.12323"></trkpt>
    <trkpt lat="38.22642" lon="-122.1227"></trkpt>
    <trkpt lat="38.2274" lon="-122.12077"></trkpt>
    <trkpt lat="38.22795" lon="-122.11962"></trkpt>
    <trkpt lat="38.2284" lon="-122.11862"></trkpt>
    <trkpt lat="38.23094" lon="-122.11271"></trkpt>
    <trkpt lat="38.23101" lon="-122.11253"></trkpt>
    <trkpt lat="38.23113" lon="-122.11225"></trkpt>
    <trkpt lat="38.23116" lon="-122.1122"></trkpt>
    <trkpt lat="38.23118" lon="-122.11214"></trkpt>
    <trkpt lat="38.2333" lon="-122.10728"></trkpt>
    <trkpt lat="38.2336" lon="-122.10656"></trkpt>
    <trkpt lat="38.23387" lon="-122.10595"></trkpt>
    <trkpt lat="38.23422" lon="-122.10511"></trkpt>
    <trkpt lat="38.23491" lon="-122.10352"></trkpt>
    <trkpt lat="38.23505" lon="-122.10322"></trkpt>
    <trkpt lat="38.23668" lon="-122.09949"></trkpt>
    <trkpt lat="38.23669" lon="-122.09949"></trkpt>
    <trkpt lat="38.23801" lon="-122.09642"></trkpt>
    <trkpt lat="38.24073" lon="-122.09025"></trkpt>
    <trkpt lat="38.24082" lon="-122.09006"></trkpt>
    <trkpt lat="38.24094" lon="-122.08976"></trkpt>
    <trkpt lat="38.24115" lon="-122.0893"></trkpt>
    <trkpt lat="38.24177" lon="-122.08787"></trkpt>
    <trkpt lat="38.24178" lon="-122.08786"></trkpt>
    <trkpt lat="38.24181" lon="-122.08777"></trkpt>
    <trkpt lat="38.24191" lon="-122.08756"></trkpt>
    <trkpt lat="38.24202" lon="-122.08729"></trkpt>
    <trkpt lat="38.24217" lon="-122.08696"></trkpt>
    <trkpt lat="38.24223" lon="-122.08681"></trkpt>
    <trkpt lat="38.24237" lon="-122.08651"></trkpt>
    <trkpt lat="38.24299" lon="-122.08509"></trkpt>
    <trkpt lat="38.24302" lon="-122.08501"></trkpt>
    <trkpt lat="38.24304" lon="-122.08497"></trkpt>
    <trkpt lat="38.24307" lon="-122.08489"></trkpt>
    <trkpt lat="38.2435" lon="-122.08391"></trkpt>
    <trkpt lat="38.2435" lon="-122.0839"></trkpt>
    <trkpt lat="38.24363" lon="-122.08361"></trkpt>
    <trkpt lat="38.24371" lon="-122.08341"></trkpt>
    <trkpt lat="38.244" lon="-122.08276"></trkpt>
    <trkpt lat="38.24406" lon="-122.08264"></trkpt>
    <trkpt lat="38.24486" lon="-122.08079"></trkpt>
    <trkpt lat="38.24486" lon="-122.08078"></trkpt>
    <trkpt lat="38.24512" lon="-122.0802"></trkpt>
    <trkpt lat="38.24536" lon="-122.07963"></trkpt>
    <trkpt lat="38.24565" lon="-122.07899"></trkpt>
    <trkpt lat="38.24566" lon="-122.07895"></trkpt>
    <trkpt lat="38.24602" lon="-122.07815"></trkpt>
    <trkpt lat="38.24621" lon="-122.07767"></trkpt>
    <trkpt lat="38.24625" lon="-122.07759"></trkpt>
    <trkpt lat="38.24639" lon="-122.07725"></trkpt>
    <trkpt lat="38.2465" lon="-122.07695"></trkpt>
    <trkpt lat="38.24655" lon="-122.07683"></trkpt>
    <trkpt lat="38.24676" lon="-122.07624"></trkpt>
    <trkpt lat="38.2469" lon="-122.0758"></trkpt>
    <trkpt lat="38.24699" lon="-122.07548"></trkpt>
    <trkpt lat="38.24702" lon="-122.07535"></trkpt>
    <trkpt lat="38.24712" lon="-122.07501"></trkpt>
    <trkpt lat="38.24746" lon="-122.07368"></trkpt>
    <trkpt lat="38.24762" lon="-122.07315"></trkpt>
    <trkpt lat="38.2479" lon="-122.07239"></trkpt>
    <trkpt lat="38.24798" lon="-122.07223"></trkpt>
    <trkpt lat="38.24805" lon="-122.07205"></trkpt>
    <trkpt lat="38.2483" lon="-122.07156"></trkpt>
    <trkpt lat="38.24863" lon="-122.071"></trkpt>
    <trkpt lat="38.24887" lon="-122.07064"></trkpt>
    <trkpt lat="38.24915" lon="-122.07027"></trkpt>
    <trkpt lat="38.2492" lon="-122.07021"></trkpt>
    <trkpt lat="38.24922" lon="-122.07018"></trkpt>
    <trkpt lat="38.24944" lon="-122.06992"></trkpt>
    <trkpt lat="38.24962" lon="-122.06973"></trkpt>
    <trkpt lat="38.24967" lon="-122.06967"></trkpt>
    <trkpt lat="38.24979" lon="-122.06955"></trkpt>
    <trkpt lat="38.25015" lon="-122.06922"></trkpt>
    <trkpt lat="38.25139" lon="-122.06816"></trkpt>
    <trkpt lat="38.25143" lon="-122.06813"></trkpt>
    <trkpt lat="38.25263" lon="-122.06711"></trkpt>
    <trkpt lat="38.25295" lon="-122.06685"></trkpt>
    <trkpt lat="38.25386" lon="-122.06607"></trkpt>
    <trkpt lat="38.25412" lon="-122.06586"></trkpt>
    <trkpt lat="38.25556" lon="-122.06462"></trkpt>
    <trkpt lat="38.25714" lon="-122.0633"></trkpt>
    <trkpt lat="38.25724" lon="-122.0632"></trkpt>
    <trkpt lat="38.25735" lon="-122.06311"></trkpt>
    <trkpt lat="38.2577" lon="-122.0628"></trkpt>
    <trkpt lat="38.25781" lon="-122.06271"></trkpt>
    <trkpt lat="38.25818" lon="-122.06238"></trkpt>
    <trkpt lat="38.25883" lon="-122.06185"></trkpt>
    <trkpt lat="38.259" lon="-122.0617"></trkpt>
    <trkpt lat="38.2603" lon="-122.06064"></trkpt>
    <trkpt lat="38.26162" lon="-122.05953"></trkpt>
    <trkpt lat="38.26188" lon="-122.0593"></trkpt>
    <trkpt lat="38.26238" lon="-122.05888"></trkpt>
    <trkpt lat="38.26261" lon="-122.0587"></trkpt>
    <trkpt lat="38.26301" lon="-122.05835"></trkpt>
    <trkpt lat="38.2633" lon="-122.05811"></trkpt>
    <trkpt lat="38.26362" lon="-122.05783"></trkpt>
    <trkpt lat="38.26383" lon="-122.05766"></trkpt>
    <trkpt lat="38.26467" lon="-122.05694"></trkpt>
    <trkpt lat="38.26475" lon="-122.05688"></trkpt>
    <trkpt lat="38.26493" lon="-122.05672"></trkpt>
    <trkpt lat="38.26507" lon="-122.05661"></trkpt>
    <trkpt lat="38.26545" lon="-122.05628"></trkpt>
    <trkpt lat="38.26557" lon="-122.05619"></trkpt>
    <trkpt lat="38.26738" lon="-122.05465"></trkpt>
    <trkpt lat="38.26746" lon="-122.05459"></trkpt>
    <trkpt lat="38.2676" lon="-122.05446"></trkpt>
    <trkpt lat="38.26763" lon="-122.05444"></trkpt>
    <trkpt lat="38.26768" lon="-122.0544"></trkpt>
    <trkpt lat="38.26779" lon="-122.0543"></trkpt>
    <trkpt lat="38.27047" lon="-122.05203"></trkpt>
    <trkpt lat="38.27062" lon="-122.05191"></trkpt>
    <trkpt lat="38.27079" lon="-122.05176"></trkpt>
    <trkpt lat="38.27082" lon="-122.05173"></trkpt>
    <trkpt lat="38.27088" lon="-122.05169"></trkpt>
    <trkpt lat="38.27257" lon="-122.05025"></trkpt>
    <trkpt lat="38.2726" lon="-122.05023"></trkpt>
    <trkpt lat="38.2726" lon="-122.05022"></trkpt>
    <trkpt lat="38.27402" lon="-122.04903"></trkpt>
    <trkpt lat="38.27421" lon="-122.04886"></trkpt>
    <trkpt lat="38.2744" lon="-122.04871"></trkpt>
    <trkpt lat="38.27467" lon="-122.04848"></trkpt>
    <trkpt lat="38.27468" lon="-122.04846"></trkpt>
    <trkpt lat="38.27493" lon="-122.04825"></trkpt>
    <trkpt lat="38.27497" lon="-122.04821"></trkpt>
    <trkpt lat="38.27499" lon="-122.0482"></trkpt>
    <trkpt lat="38.27557" lon="-122.04772"></trkpt>
    <trkpt lat="38.27563" lon="-122.04766"></trkpt>
    <trkpt lat="38.27617" lon="-122.04721"></trkpt>
    <trkpt lat="38.27627" lon="-122.04712"></trkpt>
    <trkpt lat="38.27641" lon="-122.04701"></trkpt>
    <trkpt lat="38.27655" lon="-122.04689"></trkpt>
    <trkpt lat="38.27661" lon="-122.04683"></trkpt>
    <trkpt lat="38.2767" lon="-122.04676"></trkpt>
    <trkpt lat="38.27705" lon="-122.04646"></trkpt>
    <trkpt lat="38.27714" lon="-122.04639"></trkpt>
    <trkpt lat="38.2777" lon="-122.04591"></trkpt>
    <trkpt lat="38.27785" lon="-122.04579"></trkpt>
    <trkpt lat="38.27976" lon="-122.04413"></trkpt>
    <trkpt lat="38.28106" lon="-122.04303"></trkpt>
    <trkpt lat="38.28132" lon="-122.0428"></trkpt>
    <trkpt lat="38.2817" lon="-122.04249"></trkpt>
    <trkpt lat="38.28191" lon="-122.0423"></trkpt>
    <trkpt lat="38.28203" lon="-122.04221"></trkpt>
    <trkpt lat="38.28214" lon="-122.04212"></trkpt>
    <trkpt lat="38.28235" lon="-122.04193"></trkpt>
    <trkpt lat="38.28246" lon="-122.04185"></trkpt>
    <trkpt lat="38.28257" lon="-122.04175"></trkpt>
    <trkpt lat="38.28268" lon="-122.04166"></trkpt>
    <trkpt lat="38.28279" lon="-122.04156"></trkpt>
    <trkpt lat="38.28583" lon="-122.03898"></trkpt>
    <trkpt lat="38.28604" lon="-122.03881"></trkpt>
    <trkpt lat="38.28625" lon="-122.03862"></trkpt>
    <trkpt lat="38.28865" lon="-122.0366"></trkpt>
    <trkpt lat="38.28867" lon="-122.03659"></trkpt>
    <trkpt lat="38.28872" lon="-122.03654"></trkpt>
    <trkpt lat="38.28882" lon="-122.03646"></trkpt>
    <trkpt lat="38.28904" lon="-122.03627"></trkpt>
    <trkpt lat="38.28914" lon="-122.03619"></trkpt>
    <trkpt lat="38.28926" lon="-122.03608"></trkpt>
    <trkpt lat="38.28937" lon="-122.03599"></trkpt>
    <trkpt lat="38.28948" lon="-122.03589"></trkpt>
    <trkpt lat="38.2904" lon="-122.03513"></trkpt>
    <trkpt lat="38.29071" lon="-122.03491"></trkpt>
    <trkpt lat="38.29095" lon="-122.03477"></trkpt>
    <trkpt lat="38.29106" lon="-122.0347"></trkpt>
    <trkpt lat="38.29169" lon="-122.03439"></trkpt>
    <trkpt lat="38.2919" lon="-122.03431"></trkpt>
    <trkpt lat="38.29198" lon="-122.03427"></trkpt>
    <trkpt lat="38.29209" lon="-122.03426"></trkpt>
    <trkpt lat="38.29216" lon="-122.03424"></trkpt>
    <trkpt lat="38.2922" lon="-122.03422"></trkpt>
    <trkpt lat="38.29224" lon="-122.03421"></trkpt>
    <trkpt lat="38.29229" lon="-122.03419"></trkpt>
    <trkpt lat="38.29246" lon="-122.03414"></trkpt>
    <trkpt lat="38.29268" lon="-122.03408"></trkpt>
    <trkpt lat="38.29272" lon="-122.03408"></trkpt>
    <trkpt lat="38.29276" lon="-122.03407"></trkpt>
    <trkpt lat="38.29287" lon="-122.03405"></trkpt>
    <trkpt lat="38.29294" lon="-122.03403"></trkpt>
    <trkpt lat="38.29304" lon="-122.03402"></trkpt>
    <trkpt lat="38.29308" lon="-122.03401"></trkpt>
    <trkpt lat="38.29314" lon="-122.034"></trkpt>
    <trkpt lat="38.29318" lon="-122.034"></trkpt>
    <trkpt lat="38.29332" lon="-122.03398"></trkpt>
    <trkpt lat="38.29425" lon="-122.03393"></trkpt>
    <trkpt lat="38.29579" lon="-122.03392"></trkpt>
    <trkpt lat="38.29795" lon="-122.03387"></trkpt>
    <trkpt lat="38.29834" lon="-122.03387"></trkpt>
    <trkpt lat="38.30178" lon="-122.0338"></trkpt>
    <trkpt lat="38.30563" lon="-122.03376"></trkpt>
    <trkpt lat="38.30679" lon="-122.03372"></trkpt>
    <trkpt lat="38.30769" lon="-122.03364"></trkpt>
    <trkpt lat="38.30844" lon="-122.03354"></trkpt>
    <trkpt lat="38.31311" lon="-122.03276"></trkpt>
    <trkpt lat="38.31354" lon="-122.03264"></trkpt>
    <trkpt lat="38.31368" lon="-122.03259"></trkpt>
    <trkpt lat="38.31397" lon="-122.0325"></trkpt>
    <trkpt lat="38.31429" lon="-122.03236"></trkpt>
    <trkpt lat="38.31454" lon="-122.03226"></trkpt>
    <trkpt lat="38.31482" lon="-122.03213"></trkpt>
    <trkpt lat="38.31537" lon="-122.03184"></trkpt>
    <trkpt lat="38.31594" lon="-122.03148"></trkpt>
    <trkpt lat="38.31606" lon="-122.03139"></trkpt>
    <trkpt lat="38.31618" lon="-122.03131"></trkpt>
    <trkpt lat="38.31632" lon="-122.0312"></trkpt>
    <trkpt lat="38.31634" lon="-122.03118"></trkpt>
    <trkpt lat="38.31652" lon="-122.03105"></trkpt>
    <trkpt lat="38.32063" lon="-122.02738"></trkpt>
    <trkpt lat="38.32086" lon="-122.02716"></trkpt>
    <trkpt lat="38.32105" lon="-122.027"></trkpt>
    <trkpt lat="38.32248" lon="-122.02571"></trkpt>
    <trkpt lat="38.32292" lon="-122.02534"></trkpt>
    <trkpt lat="38.32297" lon="-122.02531"></trkpt>
    <trkpt lat="38.32303" lon="-122.02526"></trkpt>
    <trkpt lat="38.32324" lon="-122.02511"></trkpt>
    <trkpt lat="38.32337" lon="-122.02501"></trkpt>
    <trkpt lat="38.32343" lon="-122.02497"></trkpt>
    <trkpt lat="38.32349" lon="-122.02492"></trkpt>
    <trkpt lat="38.32389" lon="-122.02467"></trkpt>
    <trkpt lat="38.3243" lon="-122.0244"></trkpt>
    <trkpt lat="38.32456" lon="-122.02424"></trkpt>
    <trkpt lat="38.32456" lon="-122.02423"></trkpt>
    <trkpt lat="38.32503" lon="-122.02394"></trkpt>
    <trkpt lat="38.3252" lon="-122.02382"></trkpt>
    <trkpt lat="38.32749" lon="-122.02237"></trkpt>
    <trkpt lat="38.328" lon="-122.02206"></trkpt>
    <trkpt lat="38.33163" lon="-122.01973"></trkpt>
    <trkpt lat="38.333" lon="-122.01888"></trkpt>
    <trkpt lat="38.33343" lon="-122.01859"></trkpt>
    <trkpt lat="38.33526" lon="-122.01742"></trkpt>
    <trkpt lat="38.3353" lon="-122.0174"></trkpt>
    <trkpt lat="38.33693" lon="-122.01636"></trkpt>
    <trkpt lat="38.33749" lon="-122.01596"></trkpt>
    <trkpt lat="38.33751" lon="-122.01595"></trkpt>
    <trkpt lat="38.33793" lon="-122.0156"></trkpt>
    <trkpt lat="38.33797" lon="-122.01556"></trkpt>
    <trkpt lat="38.33816" lon="-122.01541"></trkpt>
    <trkpt lat="38.33826" lon="-122.01532"></trkpt>
    <trkpt lat="38.33901" lon="-122.01458"></trkpt>
    <trkpt lat="38.33946" lon="-122.01406"></trkpt>
    <trkpt lat="38.33985" lon="-122.01356"></trkpt>
    <trkpt lat="38.34012" lon="-122.01319"></trkpt>
    <trkpt lat="38.34038" lon="-122.01281"></trkpt>
    <trkpt lat="38.34054" lon="-122.01255"></trkpt>
    <trkpt lat="38.3406" lon="-122.01244"></trkpt>
    <trkpt lat="38.34079" lon="-122.01213"></trkpt>
    <trkpt lat="38.34105" lon="-122.01165"></trkpt>
    <trkpt lat="38.34107" lon="-122.01162"></trkpt>
    <trkpt lat="38.34134" lon="-122.01106"></trkpt>
    <trkpt lat="38.34148" lon="-122.01075"></trkpt>
    <trkpt lat="38.34184" lon="-122.00986"></trkpt>
    <trkpt lat="38.34191" lon="-122.00966"></trkpt>
    <trkpt lat="38.34194" lon="-122.00956"></trkpt>
    <trkpt lat="38.342" lon="-122.00941"></trkpt>
    <trkpt lat="38.34202" lon="-122.00935"></trkpt>
    <trkpt lat="38.34204" lon="-122.00926"></trkpt>
    <trkpt lat="38.34211" lon="-122.00907"></trkpt>
    <trkpt lat="38.34322" lon="-122.00519"></trkpt>
    <trkpt lat="38.34348" lon="-122.00437"></trkpt>
    <trkpt lat="38.34373" lon="-122.00365"></trkpt>
    <trkpt lat="38.3442" lon="-122.00242"></trkpt>
    <trkpt lat="38.34424" lon="-122.0023"></trkpt>
    <trkpt lat="38.34433" lon="-122.00209"></trkpt>
    <trkpt lat="38.34437" lon="-122.00197"></trkpt>
    <trkpt lat="38.34447" lon="-122.00174"></trkpt>
    <trkpt lat="38.34453" lon="-122.00157"></trkpt>
    <trkpt lat="38.34721" lon="-121.99469"></trkpt>
    <trkpt lat="38.34724" lon="-121.99463"></trkpt>
    <trkpt lat="38.34775" lon="-121.9933"></trkpt>
    <trkpt lat="38.34786" lon="-121.99304"></trkpt>
    <trkpt lat="38.34794" lon="-121.99282"></trkpt>
    <trkpt lat="38.34978" lon="-121.98811"></trkpt>
    <trkpt lat="38.34983" lon="-121.98797"></trkpt>
    <trkpt lat="38.35" lon="-121.98755"></trkpt>
    <trkpt lat="38.35004" lon="-121.98743"></trkpt>
    <trkpt lat="38.35078" lon="-121.98553"></trkpt>
    <trkpt lat="38.3508" lon="-121.98547"></trkpt>
    <trkpt lat="38.35101" lon="-121.98493"></trkpt>
    <trkpt lat="38.35105" lon="-121.98484"></trkpt>
    <trkpt lat="38.3523" lon="-121.98165"></trkpt>
    <trkpt lat="38.35241" lon="-121.98139"></trkpt>
    <trkpt lat="38.35247" lon="-121.98127"></trkpt>
    <trkpt lat="38.35251" lon="-121.98117"></trkpt>
    <trkpt lat="38.35296" lon="-121.98031"></trkpt>
    <trkpt lat="38.35317" lon="-121.97995"></trkpt>
    <trkpt lat="38.35356" lon="-121.97937"></trkpt>
    <trkpt lat="38.35367" lon="-121.97923"></trkpt>
    <trkpt lat="38.35378" lon="-121.97907"></trkpt>
    <trkpt lat="38.35397" lon="-121.97884"></trkpt>
    <trkpt lat="38.35397" lon="-121.97883"></trkpt>
    <trkpt lat="38.35406" lon="-121.97874"></trkpt>
    <trkpt lat="38.35729" lon="-121.97524"></trkpt>
    <trkpt lat="38.35762" lon="-121.9749"></trkpt>
    <trkpt lat="38.35801" lon="-121.97447"></trkpt>
    <trkpt lat="38.35809" lon="-121.97437"></trkpt>
    <trkpt lat="38.3583" lon="-121.97413"></trkpt>
    <trkpt lat="38.35848" lon="-121.97391"></trkpt>
    <trkpt lat="38.35886" lon="-121.97341"></trkpt>
    <trkpt lat="38.3592" lon="-121.9729"></trkpt>
    <trkpt lat="38.36092" lon="-121.97009"></trkpt>
    <trkpt lat="38.36158" lon="-121.96906"></trkpt>
    <trkpt lat="38.3619" lon="-121.96849"></trkpt>
    <trkpt lat="38.36348" lon="-121.96593"></trkpt>
    <trkpt lat="38.36369" lon="-121.96557"></trkpt>
    <trkpt lat="38.36418" lon="-121.96479"></trkpt>
    <trkpt lat="38.3643" lon="-121.96462"></trkpt>
    <trkpt lat="38.36447" lon="-121.96436"></trkpt>
    <trkpt lat="38.3647" lon="-121.96403"></trkpt>
    <trkpt lat="38.36496" lon="-121.96368"></trkpt>
    <trkpt lat="38.36497" lon="-121.96368"></trkpt>
    <trkpt lat="38.36554" lon="-121.96293"></trkpt>
    <trkpt lat="38.36566" lon="-121.96276"></trkpt>
    <trkpt lat="38.36571" lon="-121.9627"></trkpt>
    <trkpt lat="38.36583" lon="-121.96254"></trkpt>
    <trkpt lat="38.36592" lon="-121.96243"></trkpt>
    <trkpt lat="38.36643" lon="-121.96175"></trkpt>
    <trkpt lat="38.36676" lon="-121.96133"></trkpt>
    <trkpt lat="38.36703" lon="-121.96097"></trkpt>
    <trkpt lat="38.36704" lon="-121.96095"></trkpt>
    <trkpt lat="38.36847" lon="-121.95907"></trkpt>
    <trkpt lat="38.36873" lon="-121.95875"></trkpt>
    <trkpt lat="38.36939" lon="-121.95789"></trkpt>
    <trkpt lat="38.36943" lon="-121.95783"></trkpt>
    <trkpt lat="38.36964" lon="-121.95755"></trkpt>
    <trkpt lat="38.36974" lon="-121.95743"></trkpt>
    <trkpt lat="38.36982" lon="-121.95732"></trkpt>
    <trkpt lat="38.36992" lon="-121.9572"></trkpt>
    <trkpt lat="38.37019" lon="-121.95684"></trkpt>
    <trkpt lat="38.37066" lon="-121.95627"></trkpt>
    <trkpt lat="38.37076" lon="-121.95614"></trkpt>
    <trkpt lat="38.37086" lon="-121.95603"></trkpt>
    <trkpt lat="38.37105" lon="-121.9558"></trkpt>
    <trkpt lat="38.37107" lon="-121.95577"></trkpt>
    <trkpt lat="38.37153" lon="-121.95522"></trkpt>
    <trkpt lat="38.37163" lon="-121.95511"></trkpt>
    <trkpt lat="38.37172" lon="-121.955"></trkpt>
    <trkpt lat="38.37182" lon="-121.95489"></trkpt>
    <trkpt lat="38.37222" lon="-121.95442"></trkpt>
    <trkpt lat="38.37226" lon="-121.95436"></trkpt>
    <trkpt lat="38.37328" lon="-121.95307"></trkpt>
    <trkpt lat="38.3735" lon="-121.95277"></trkpt>
    <trkpt lat="38.37353" lon="-121.95274"></trkpt>
    <trkpt lat="38.37556" lon="-121.9501"></trkpt>
    <trkpt lat="38.37564" lon="-121.95001"></trkpt>
    <trkpt lat="38.37565" lon="-121.94999"></trkpt>
    <trkpt lat="38.37582" lon="-121.94976"></trkpt>
    <trkpt lat="38.37589" lon="-121.94968"></trkpt>
    <trkpt lat="38.37636" lon="-121.94907"></trkpt>
    <trkpt lat="38.37644" lon="-121.94895"></trkpt>
    <trkpt lat="38.37645" lon="-121.94895"></trkpt>
    <trkpt lat="38.37666" lon="-121.94867"></trkpt>
    <trkpt lat="38.37696" lon="-121.94829"></trkpt>
    <trkpt lat="38.37717" lon="-121.94801"></trkpt>
    <trkpt lat="38.37801" lon="-121.94694"></trkpt>
    <trkpt lat="38.37855" lon="-121.94623"></trkpt>
    <trkpt lat="38.37862" lon="-121.94615"></trkpt>
    <trkpt lat="38.37901" lon="-121.94563"></trkpt>
    <trkpt lat="38.37913" lon="-121.94548"></trkpt>
    <trkpt lat="38.37943" lon="-121.94508"></trkpt>
    <trkpt lat="38.38004" lon="-121.9443"></trkpt>
    <trkpt lat="38.38008" lon="-121.94424"></trkpt>
    <trkpt lat="38.38014" lon="-121.94417"></trkpt>
    <trkpt lat="38.38032" lon="-121.94392"></trkpt>
    <trkpt lat="38.3806" lon="-121.94356"></trkpt>
    <trkpt lat="38.38069" lon="-121.94343"></trkpt>
    <trkpt lat="38.38087" lon="-121.9432"></trkpt>
    <trkpt lat="38.38112" lon="-121.94286"></trkpt>
    <trkpt lat="38.38131" lon="-121.94262"></trkpt>
    <trkpt lat="38.38138" lon="-121.94251"></trkpt>
    <trkpt lat="38.38148" lon="-121.94238"></trkpt>
    <trkpt lat="38.3815" lon="-121.94235"></trkpt>
    <trkpt lat="38.38218" lon="-121.94146"></trkpt>
    <trkpt lat="38.38235" lon="-121.94125"></trkpt>
    <trkpt lat="38.3827" lon="-121.94078"></trkpt>
    <trkpt lat="38.3829" lon="-121.94053"></trkpt>
    <trkpt lat="38.38294" lon="-121.94047"></trkpt>
    <trkpt lat="38.38304" lon="-121.94035"></trkpt>
    <trkpt lat="38.38316" lon="-121.94018"></trkpt>
    <trkpt lat="38.38328" lon="-121.94003"></trkpt>
    <trkpt lat="38.38339" lon="-121.93986"></trkpt>
    <trkpt lat="38.38341" lon="-121.93985"></trkpt>
    <trkpt lat="38.38396" lon="-121.9391"></trkpt>
    <trkpt lat="38.38411" lon="-121.93891"></trkpt>
    <trkpt lat="38.38421" lon="-121.93877"></trkpt>
    <trkpt lat="38.38428" lon="-121.93869"></trkpt>
    <trkpt lat="38.3843" lon="-121.93865"></trkpt>
    <trkpt lat="38.3844" lon="-121.93853"></trkpt>
    <trkpt lat="38.38476" lon="-121.93805"></trkpt>
    <trkpt lat="38.38486" lon="-121.93793"></trkpt>
    <trkpt lat="38.38501" lon="-121.93772"></trkpt>
    <trkpt lat="38.38523" lon="-121.93745"></trkpt>
    <trkpt lat="38.38558" lon="-121.93699"></trkpt>
    <trkpt lat="38.38637" lon="-121.93599"></trkpt>
    <trkpt lat="38.38638" lon="-121.93597"></trkpt>
    <trkpt lat="38.38662" lon="-121.93567"></trkpt>
    <trkpt lat="38.38673" lon="-121.93552"></trkpt>
    <trkpt lat="38.38681" lon="-121.93543"></trkpt>
    <trkpt lat="38.38692" lon="-121.93528"></trkpt>
    <trkpt lat="38.38697" lon="-121.93522"></trkpt>
    <trkpt lat="38.38705" lon="-121.93511"></trkpt>
    <trkpt lat="38.38745" lon="-121.93461"></trkpt>
    <trkpt lat="38.38746" lon="-121.93459"></trkpt>
    <trkpt lat="38.38754" lon="-121.93449"></trkpt>
    <trkpt lat="38.38765" lon="-121.93434"></trkpt>
    <trkpt lat="38.38782" lon="-121.93413"></trkpt>
    <trkpt lat="38.38791" lon="-121.93401"></trkpt>
    <trkpt lat="38.38816" lon="-121.9337"></trkpt>
    <trkpt lat="38.3882" lon="-121.93364"></trkpt>
    <trkpt lat="38.38856" lon="-121.93317"></trkpt>
    <trkpt lat="38.38866" lon="-121.93306"></trkpt>
    <trkpt lat="38.38889" lon="-121.93275"></trkpt>
    <trkpt lat="38.38903" lon="-121.93258"></trkpt>
    <trkpt lat="38.3896" lon="-121.93183"></trkpt>
    <trkpt lat="38.38996" lon="-121.93138"></trkpt>
    <trkpt lat="38.39015" lon="-121.93113"></trkpt>
    <trkpt lat="38.39032" lon="-121.93092"></trkpt>
    <trkpt lat="38.39041" lon="-121.93079"></trkpt>
    <trkpt lat="38.39054" lon="-121.93062"></trkpt>
    <trkpt lat="38.39061" lon="-121.93054"></trkpt>
    <trkpt lat="38.39072" lon="-121.93039"></trkpt>
    <trkpt lat="38.39076" lon="-121.93035"></trkpt>
    <trkpt lat="38.39081" lon="-121.93028"></trkpt>
    <trkpt lat="38.39107" lon="-121.92996"></trkpt>
    <trkpt lat="38.39112" lon="-121.92988"></trkpt>
    <trkpt lat="38.39125" lon="-121.92973"></trkpt>
    <trkpt lat="38.39206" lon="-121.92869"></trkpt>
    <trkpt lat="38.39208" lon="-121.92866"></trkpt>
    <trkpt lat="38.39217" lon="-121.92855"></trkpt>
    <trkpt lat="38.39226" lon="-121.92842"></trkpt>
    <trkpt lat="38.39245" lon="-121.92819"></trkpt>
    <trkpt lat="38.39272" lon="-121.92783"></trkpt>
    <trkpt lat="38.39282" lon="-121.92771"></trkpt>
    <trkpt lat="38.39318" lon="-121.92723"></trkpt>
    <trkpt lat="38.39328" lon="-121.92712"></trkpt>
    <trkpt lat="38.39383" lon="-121.9264"></trkpt>
    <trkpt lat="38.39462" lon="-121.92544"></trkpt>
    <trkpt lat="38.39527" lon="-121.92459"></trkpt>
    <trkpt lat="38.39556" lon="-121.92425"></trkpt>
    <trkpt lat="38.39591" lon="-121.92378"></trkpt>
    <trkpt lat="38.39654" lon="-121.92298"></trkpt>
    <trkpt lat="38.39669" lon="-121.9228"></trkpt>
    <trkpt lat="38.39729" lon="-121.922"></trkpt>
    <trkpt lat="38.3978" lon="-121.92136"></trkpt>
    <trkpt lat="38.39823" lon="-121.9208"></trkpt>
    <trkpt lat="38.3984" lon="-121.92059"></trkpt>
    <trkpt lat="38.39841" lon="-121.92057"></trkpt>
    <trkpt lat="38.4009" lon="-121.91737"></trkpt>
    <trkpt lat="38.40101" lon="-121.91722"></trkpt>
    <trkpt lat="38.40184" lon="-121.91617"></trkpt>
    <trkpt lat="38.40207" lon="-121.91586"></trkpt>
    <trkpt lat="38.40223" lon="-121.91567"></trkpt>
    <trkpt lat="38.4023" lon="-121.91557"></trkpt>
    <trkpt lat="38.40259" lon="-121.91519"></trkpt>
    <trkpt lat="38.40277" lon="-121.91497"></trkpt>
    <trkpt lat="38.40446" lon="-121.91273"></trkpt>
    <trkpt lat="38.40459" lon="-121.91257"></trkpt>
    <trkpt lat="38.40493" lon="-121.91212"></trkpt>
    <trkpt lat="38.40494" lon="-121.9121"></trkpt>
    <trkpt lat="38.40503" lon="-121.91199"></trkpt>
    <trkpt lat="38.40521" lon="-121.91175"></trkpt>
    <trkpt lat="38.40559" lon="-121.91127"></trkpt>
    <trkpt lat="38.40657" lon="-121.90998"></trkpt>
    <trkpt lat="38.40662" lon="-121.9099"></trkpt>
    <trkpt lat="38.40663" lon="-121.90989"></trkpt>
    <trkpt lat="38.40797" lon="-121.90816"></trkpt>
    <trkpt lat="38.40905" lon="-121.90671"></trkpt>
    <trkpt lat="38.40906" lon="-121.9067"></trkpt>
    <trkpt lat="38.4091" lon="-121.90664"></trkpt>
    <trkpt lat="38.40922" lon="-121.90649"></trkpt>
    <trkpt lat="38.40953" lon="-121.90606"></trkpt>
    <trkpt lat="38.40982" lon="-121.90568"></trkpt>
    <trkpt lat="38.40983" lon="-121.90567"></trkpt>
    <trkpt lat="38.41014" lon="-121.90525"></trkpt>
    <trkpt lat="38.4102" lon="-121.90518"></trkpt>
    <trkpt lat="38.41037" lon="-121.90494"></trkpt>
    <trkpt lat="38.41057" lon="-121.90469"></trkpt>
    <trkpt lat="38.4111" lon="-121.90399"></trkpt>
    <trkpt lat="38.41114" lon="-121.90393"></trkpt>
    <trkpt lat="38.41127" lon="-121.90377"></trkpt>
    <trkpt lat="38.41189" lon="-121.90294"></trkpt>
    <trkpt lat="38.41197" lon="-121.90284"></trkpt>
    <trkpt lat="38.41202" lon="-121.90277"></trkpt>
    <trkpt lat="38.41355" lon="-121.90081"></trkpt>
    <trkpt lat="38.41378" lon="-121.9005"></trkpt>
    <trkpt lat="38.41399" lon="-121.9002"></trkpt>
    <trkpt lat="38.41428" lon="-121.89981"></trkpt>
    <trkpt lat="38.41448" lon="-121.89956"></trkpt>
    <trkpt lat="38.41472" lon="-121.89924"></trkpt>
    <trkpt lat="38.41481" lon="-121.89913"></trkpt>
    <trkpt lat="38.41487" lon="-121.89904"></trkpt>
    <trkpt lat="38.41491" lon="-121.899"></trkpt>
    <trkpt lat="38.41622" lon="-121.89725"></trkpt>
    <trkpt lat="38.41631" lon="-121.89714"></trkpt>
    <trkpt lat="38.41648" lon="-121.89691"></trkpt>
    <trkpt lat="38.41691" lon="-121.89636"></trkpt>
    <trkpt lat="38.41716" lon="-121.89602"></trkpt>
    <trkpt lat="38.41721" lon="-121.89597"></trkpt>
    <trkpt lat="38.41808" lon="-121.89482"></trkpt>
    <trkpt lat="38.41818" lon="-121.8947"></trkpt>
    <trkpt lat="38.41843" lon="-121.89436"></trkpt>
    <trkpt lat="38.41884" lon="-121.89384"></trkpt>
    <trkpt lat="38.42286" lon="-121.88854"></trkpt>
    <trkpt lat="38.42289" lon="-121.88851"></trkpt>
    <trkpt lat="38.42293" lon="-121.88845"></trkpt>
    <trkpt lat="38.42299" lon="-121.88838"></trkpt>
    <trkpt lat="38.42301" lon="-121.88835"></trkpt>
    <trkpt lat="38.42304" lon="-121.88832"></trkpt>
    <trkpt lat="38.42559" lon="-121.88496"></trkpt>
    <trkpt lat="38.42569" lon="-121.88484"></trkpt>
    <trkpt lat="38.42621" lon="-121.88414"></trkpt>
    <trkpt lat="38.42651" lon="-121.88376"></trkpt>
    <trkpt lat="38.42661" lon="-121.88362"></trkpt>
    <trkpt lat="38.42762" lon="-121.88229"></trkpt>
    <trkpt lat="38.42768" lon="-121.88222"></trkpt>
    <trkpt lat="38.42792" lon="-121.88189"></trkpt>
    <trkpt lat="38.42793" lon="-121.88189"></trkpt>
    <trkpt lat="38.42802" lon="-121.88176"></trkpt>
    <trkpt lat="38.42814" lon="-121.88161"></trkpt>
    <trkpt lat="38.42817" lon="-121.88156"></trkpt>
    <trkpt lat="38.42901" lon="-121.88047"></trkpt>
    <trkpt lat="38.42911" lon="-121.88033"></trkpt>
    <trkpt lat="38.42934" lon="-121.88004"></trkpt>
    <trkpt lat="38.42945" lon="-121.87988"></trkpt>
    <trkpt lat="38.42975" lon="-121.87949"></trkpt>
    <trkpt lat="38.42976" lon="-121.87947"></trkpt>
    <trkpt lat="38.43001" lon="-121.87916"></trkpt>
    <trkpt lat="38.43003" lon="-121.87912"></trkpt>
    <trkpt lat="38.43194" lon="-121.87661"></trkpt>
    <trkpt lat="38.43252" lon="-121.87587"></trkpt>
    <trkpt lat="38.43307" lon="-121.87512"></trkpt>
    <trkpt lat="38.4332" lon="-121.87493"></trkpt>
    <trkpt lat="38.43334" lon="-121.87474"></trkpt>
    <trkpt lat="38.43393" lon="-121.87399"></trkpt>
    <trkpt lat="38.43639" lon="-121.87076"></trkpt>
    <trkpt lat="38.43645" lon="-121.87067"></trkpt>
    <trkpt lat="38.43667" lon="-121.87039"></trkpt>
    <trkpt lat="38.43668" lon="-121.87038"></trkpt>
    <trkpt lat="38.43695" lon="-121.87004"></trkpt>
    <trkpt lat="38.43708" lon="-121.86986"></trkpt>
    <trkpt lat="38.4371" lon="-121.86984"></trkpt>
    <trkpt lat="38.43778" lon="-121.86893"></trkpt>
    <trkpt lat="38.43791" lon="-121.86877"></trkpt>
    <trkpt lat="38.44035" lon="-121.86558"></trkpt>
    <trkpt lat="38.44051" lon="-121.86539"></trkpt>
    <trkpt lat="38.44181" lon="-121.86371"></trkpt>
    <trkpt lat="38.44183" lon="-121.86368"></trkpt>
    <trkpt lat="38.44528" lon="-121.85924"></trkpt>
    <trkpt lat="38.44539" lon="-121.85909"></trkpt>
    <trkpt lat="38.44732" lon="-121.85665"></trkpt>
    <trkpt lat="38.44767" lon="-121.85619"></trkpt>
    <trkpt lat="38.44781" lon="-121.85602"></trkpt>
    <trkpt lat="38.44805" lon="-121.85571"></trkpt>
    <trkpt lat="38.44812" lon="-121.85561"></trkpt>
    <trkpt lat="38.44832" lon="-121.85536"></trkpt>
    <trkpt lat="38.44833" lon="-121.85535"></trkpt>
    <trkpt lat="38.44954" lon="-121.85379"></trkpt>
    <trkpt lat="38.44955" lon="-121.85378"></trkpt>
    <trkpt lat="38.45287" lon="-121.8495"></trkpt>
    <trkpt lat="38.45297" lon="-121.84938"></trkpt>
    <trkpt lat="38.45356" lon="-121.84861"></trkpt>
    <trkpt lat="38.45382" lon="-121.84829"></trkpt>
    <trkpt lat="38.45399" lon="-121.84806"></trkpt>
    <trkpt lat="38.45864" lon="-121.84209"></trkpt>
    <trkpt lat="38.45864" lon="-121.84208"></trkpt>
    <trkpt lat="38.45917" lon="-121.8414"></trkpt>
    <trkpt lat="38.45919" lon="-121.84137"></trkpt>
    <trkpt lat="38.45943" lon="-121.84108"></trkpt>
    <trkpt lat="38.46098" lon="-121.83908"></trkpt>
    <trkpt lat="38.461" lon="-121.83906"></trkpt>
    <trkpt lat="38.46361" lon="-121.83571"></trkpt>
    <trkpt lat="38.46382" lon="-121.83546"></trkpt>
    <trkpt lat="38.46416" lon="-121.835"></trkpt>
    <trkpt lat="38.46424" lon="-121.83491"></trkpt>
    <trkpt lat="38.4646" lon="-121.83442"></trkpt>
    <trkpt lat="38.46525" lon="-121.83359"></trkpt>
    <trkpt lat="38.46531" lon="-121.83352"></trkpt>
    <trkpt lat="38.46599" lon="-121.83265"></trkpt>
    <trkpt lat="38.46619" lon="-121.83238"></trkpt>
    <trkpt lat="38.46658" lon="-121.83189"></trkpt>
    <trkpt lat="38.46692" lon="-121.83144"></trkpt>
    <trkpt lat="38.46708" lon="-121.83124"></trkpt>
    <trkpt lat="38.46714" lon="-121.83115"></trkpt>
    <trkpt lat="38.4677" lon="-121.83044"></trkpt>
    <trkpt lat="38.46776" lon="-121.83037"></trkpt>
    <trkpt lat="38.46785" lon="-121.83024"></trkpt>
    <trkpt lat="38.46951" lon="-121.82812"></trkpt>
    <trkpt lat="38.46971" lon="-121.82785"></trkpt>
    <trkpt lat="38.47016" lon="-121.82728"></trkpt>
    <trkpt lat="38.47036" lon="-121.82701"></trkpt>
    <trkpt lat="38.47054" lon="-121.82679"></trkpt>
    <trkpt lat="38.4712" lon="-121.82594"></trkpt>
    <trkpt lat="38.47121" lon="-121.82593"></trkpt>
    <trkpt lat="38.47136" lon="-121.82573"></trkpt>
    <trkpt lat="38.47149" lon="-121.82557"></trkpt>
    <trkpt lat="38.47151" lon="-121.82554"></trkpt>
    <trkpt lat="38.47348" lon="-121.82302"></trkpt>
    <trkpt lat="38.47348" lon="-121.82301"></trkpt>
    <trkpt lat="38.47427" lon="-121.82201"></trkpt>
    <trkpt lat="38.47433" lon="-121.82194"></trkpt>
    <trkpt lat="38.47708" lon="-121.81845"></trkpt>
    <trkpt lat="38.47709" lon="-121.81844"></trkpt>
    <trkpt lat="38.47717" lon="-121.81833"></trkpt>
    <trkpt lat="38.47837" lon="-121.81681"></trkpt>
    <trkpt lat="38.47839" lon="-121.81678"></trkpt>
    <trkpt lat="38.47859" lon="-121.81653"></trkpt>
    <trkpt lat="38.47866" lon="-121.81645"></trkpt>
    <trkpt lat="38.47987" lon="-121.81491"></trkpt>
    <trkpt lat="38.47988" lon="-121.8149"></trkpt>
    <trkpt lat="38.4801" lon="-121.81461"></trkpt>
    <trkpt lat="38.48017" lon="-121.81453"></trkpt>
    <trkpt lat="38.48083" lon="-121.81369"></trkpt>
    <trkpt lat="38.48084" lon="-121.81368"></trkpt>
    <trkpt lat="38.48207" lon="-121.81213"></trkpt>
    <trkpt lat="38.48208" lon="-121.8121"></trkpt>
    <trkpt lat="38.48521" lon="-121.80814"></trkpt>
    <trkpt lat="38.48526" lon="-121.80807"></trkpt>
    <trkpt lat="38.48774" lon="-121.80493"></trkpt>
    <trkpt lat="38.48776" lon="-121.8049"></trkpt>
    <trkpt lat="38.48821" lon="-121.80433"></trkpt>
    <trkpt lat="38.48826" lon="-121.80426"></trkpt>
    <trkpt lat="38.48918" lon="-121.80309"></trkpt>
    <trkpt lat="38.49036" lon="-121.80164"></trkpt>
    <trkpt lat="38.4911" lon="-121.80081"></trkpt>
    <trkpt lat="38.49409" lon="-121.79761"></trkpt>
    <trkpt lat="38.49442" lon="-121.79727"></trkpt>
    <trkpt lat="38.49472" lon="-121.79694"></trkpt>
    <trkpt lat="38.49482" lon="-121.79684"></trkpt>
    <trkpt lat="38.49504" lon="-121.79659"></trkpt>
    <trkpt lat="38.49547" lon="-121.79613"></trkpt>
    <trkpt lat="38.49551" lon="-121.7961"></trkpt>
    <trkpt lat="38.49564" lon="-121.79595"></trkpt>
    <trkpt lat="38.4965" lon="-121.79503"></trkpt>
    <trkpt lat="38.49679" lon="-121.7947"></trkpt>
    <trkpt lat="38.49695" lon="-121.79454"></trkpt>
    <trkpt lat="38.50225" lon="-121.78884"></trkpt>
    <trkpt lat="38.50239" lon="-121.78868"></trkpt>
    <trkpt lat="38.50322" lon="-121.78779"></trkpt>
    <trkpt lat="38.50325" lon="-121.78775"></trkpt>
    <trkpt lat="38.50348" lon="-121.78752"></trkpt>
    <trkpt lat="38.50883" lon="-121.78178"></trkpt>
    <trkpt lat="38.50902" lon="-121.78159"></trkpt>
    <trkpt lat="38.50904" lon="-121.78156"></trkpt>
    <trkpt lat="38.50908" lon="-121.78152"></trkpt>
    <trkpt lat="38.50911" lon="-121.78148"></trkpt>
    <trkpt lat="38.50953" lon="-121.78104"></trkpt>
    <trkpt lat="38.50963" lon="-121.78092"></trkpt>
    <trkpt lat="38.50966" lon="-121.7809"></trkpt>
    <trkpt lat="38.51065" lon="-121.77983"></trkpt>
    <trkpt lat="38.5108" lon="-121.77968"></trkpt>
    <trkpt lat="38.51105" lon="-121.7794"></trkpt>
    <trkpt lat="38.51125" lon="-121.77919"></trkpt>
    <trkpt lat="38.51128" lon="-121.77915"></trkpt>
    <trkpt lat="38.51145" lon="-121.77898"></trkpt>
    <trkpt lat="38.51155" lon="-121.77886"></trkpt>
    <trkpt lat="38.51176" lon="-121.77865"></trkpt>
    <trkpt lat="38.51185" lon="-121.77854"></trkpt>
    <trkpt lat="38.512" lon="-121.77839"></trkpt>
    <trkpt lat="38.51276" lon="-121.77757"></trkpt>
    <trkpt lat="38.51285" lon="-121.77748"></trkpt>
    <trkpt lat="38.51296" lon="-121.77735"></trkpt>
    <trkpt lat="38.51424" lon="-121.77599"></trkpt>
    <trkpt lat="38.51426" lon="-121.77596"></trkpt>
    <trkpt lat="38.51464" lon="-121.77555"></trkpt>
    <trkpt lat="38.51476" lon="-121.77543"></trkpt>
    <trkpt lat="38.51485" lon="-121.77532"></trkpt>
    <trkpt lat="38.51489" lon="-121.77528"></trkpt>
    <trkpt lat="38.51491" lon="-121.77525"></trkpt>
    <trkpt lat="38.51556" lon="-121.77455"></trkpt>
    <trkpt lat="38.51566" lon="-121.77445"></trkpt>
    <trkpt lat="38.51568" lon="-121.77442"></trkpt>
    <trkpt lat="38.51577" lon="-121.77434"></trkpt>
    <trkpt lat="38.51617" lon="-121.7739"></trkpt>
    <trkpt lat="38.51628" lon="-121.77379"></trkpt>
    <trkpt lat="38.51637" lon="-121.77369"></trkpt>
    <trkpt lat="38.5165" lon="-121.77356"></trkpt>
    <trkpt lat="38.51663" lon="-121.77341"></trkpt>
    <trkpt lat="38.51808" lon="-121.77186"></trkpt>
    <trkpt lat="38.51819" lon="-121.77175"></trkpt>
    <trkpt lat="38.51837" lon="-121.77155"></trkpt>
    <trkpt lat="38.5185" lon="-121.77142"></trkpt>
    <trkpt lat="38.51853" lon="-121.77138"></trkpt>
    <trkpt lat="38.51957" lon="-121.77026"></trkpt>
    <trkpt lat="38.51977" lon="-121.77006"></trkpt>
    <trkpt lat="38.5199" lon="-121.76991"></trkpt>
    <trkpt lat="38.52028" lon="-121.7695"></trkpt>
    <trkpt lat="38.52062" lon="-121.76915"></trkpt>
    <trkpt lat="38.52199" lon="-121.76768"></trkpt>
    <trkpt lat="38.52211" lon="-121.76756"></trkpt>
    <trkpt lat="38.52212" lon="-121.76754"></trkpt>
    <trkpt lat="38.52245" lon="-121.76718"></trkpt>
    <trkpt lat="38.52262" lon="-121.76701"></trkpt>
    <trkpt lat="38.52266" lon="-121.76696"></trkpt>
    <trkpt lat="38.52317" lon="-121.76641"></trkpt>
    <trkpt lat="38.52325" lon="-121.76633"></trkpt>
    <trkpt lat="38.52341" lon="-121.76615"></trkpt>
    <trkpt lat="38.52359" lon="-121.76596"></trkpt>
    <trkpt lat="38.5239" lon="-121.76561"></trkpt>
    <trkpt lat="38.52433" lon="-121.7651"></trkpt>
    <trkpt lat="38.52458" lon="-121.76478"></trkpt>
    <trkpt lat="38.52522" lon="-121.76392"></trkpt>
    <trkpt lat="38.52549" lon="-121.76354"></trkpt>
    <trkpt lat="38.52582" lon="-121.76304"></trkpt>
    <trkpt lat="38.52622" lon="-121.7624"></trkpt>
    <trkpt lat="38.52645" lon="-121.76201"></trkpt>
    <trkpt lat="38.5268" lon="-121.76137"></trkpt>
    <trkpt lat="38.52726" lon="-121.76048"></trkpt>
    <trkpt lat="38.5273" lon="-121.76039"></trkpt>
    <trkpt lat="38.52739" lon="-121.76021"></trkpt>
    <trkpt lat="38.5274" lon="-121.7602"></trkpt>
    <trkpt lat="38.52745" lon="-121.76008"></trkpt>
    <trkpt lat="38.52748" lon="-121.76003"></trkpt>
    <trkpt lat="38.52749" lon="-121.76"></trkpt>
    <trkpt lat="38.52751" lon="-121.75996"></trkpt>
    <trkpt lat="38.52784" lon="-121.7592"></trkpt>
    <trkpt lat="38.52803" lon="-121.75872"></trkpt>
    <trkpt lat="38.52834" lon="-121.75786"></trkpt>
    <trkpt lat="38.52838" lon="-121.75777"></trkpt>
    <trkpt lat="38.52844" lon="-121.75758"></trkpt>
    <trkpt lat="38.52845" lon="-121.75756"></trkpt>
    <trkpt lat="38.5285" lon="-121.75741"></trkpt>
    <trkpt lat="38.52855" lon="-121.75728"></trkpt>
    <trkpt lat="38.52885" lon="-121.75632"></trkpt>
    <trkpt lat="38.52893" lon="-121.75603"></trkpt>
    <trkpt lat="38.52894" lon="-121.75598"></trkpt>
    <trkpt lat="38.52899" lon="-121.75582"></trkpt>
    <trkpt lat="38.52919" lon="-121.75509"></trkpt>
    <trkpt lat="38.5294" lon="-121.7542"></trkpt>
    <trkpt lat="38.52958" lon="-121.75327"></trkpt>
    <trkpt lat="38.52966" lon="-121.75291"></trkpt>
    <trkpt lat="38.52969" lon="-121.7527"></trkpt>
    <trkpt lat="38.52985" lon="-121.75186"></trkpt>
    <trkpt lat="38.52988" lon="-121.75175"></trkpt>
    <trkpt lat="38.52991" lon="-121.75153"></trkpt>
    <trkpt lat="38.53028" lon="-121.74992"></trkpt>
    <trkpt lat="38.53044" lon="-121.74939"></trkpt>
    <trkpt lat="38.5308" lon="-121.74829"></trkpt>
    <trkpt lat="38.53081" lon="-121.74829"></trkpt>
    <trkpt lat="38.53092" lon="-121.74799"></trkpt>
    <trkpt lat="38.5313" lon="-121.74712"></trkpt>
    <trkpt lat="38.53165" lon="-121.74637"></trkpt>
    <trkpt lat="38.53176" lon="-121.74616"></trkpt>
    <trkpt lat="38.53189" lon="-121.74593"></trkpt>
    <trkpt lat="38.53217" lon="-121.74539"></trkpt>
    <trkpt lat="38.53241" lon="-121.74498"></trkpt>
    <trkpt lat="38.53245" lon="-121.7449"></trkpt>
    <trkpt lat="38.53301" lon="-121.74401"></trkpt>
    <trkpt lat="38.53315" lon="-121.74381"></trkpt>
    <trkpt lat="38.53322" lon="-121.7437"></trkpt>
    <trkpt lat="38.5333" lon="-121.7436"></trkpt>
    <trkpt lat="38.5335" lon="-121.74331"></trkpt>
    <trkpt lat="38.53368" lon="-121.74307"></trkpt>
    <trkpt lat="38.53377" lon="-121.74296"></trkpt>
    <trkpt lat="38.53379" lon="-121.74293"></trkpt>
    <trkpt lat="38.5339" lon="-121.74281"></trkpt>
    <trkpt lat="38.53429" lon="-121.74233"></trkpt>
    <trkpt lat="38.53435" lon="-121.74227"></trkpt>
    <trkpt lat="38.53509" lon="-121.74139"></trkpt>
    <trkpt lat="38.53514" lon="-121.74132"></trkpt>
    <trkpt lat="38.53517" lon="-121.7413"></trkpt>
    <trkpt lat="38.53528" lon="-121.74116"></trkpt>
    <trkpt lat="38.536" lon="-121.74032"></trkpt>
    <trkpt lat="38.53617" lon="-121.74011"></trkpt>
    <trkpt lat="38.53633" lon="-121.73993"></trkpt>
    <trkpt lat="38.5377" lon="-121.73829"></trkpt>
    <trkpt lat="38.53778" lon="-121.73821"></trkpt>
    <trkpt lat="38.53809" lon="-121.73783"></trkpt>
    <trkpt lat="38.53828" lon="-121.73761"></trkpt>
    <trkpt lat="38.5384" lon="-121.73745"></trkpt>
    <trkpt lat="38.53868" lon="-121.73713"></trkpt>
    <trkpt lat="38.54034" lon="-121.73513"></trkpt>
    <trkpt lat="38.54052" lon="-121.73493"></trkpt>
    <trkpt lat="38.54057" lon="-121.73486"></trkpt>
    <trkpt lat="38.54074" lon="-121.73466"></trkpt>
    <trkpt lat="38.54088" lon="-121.73448"></trkpt>
    <trkpt lat="38.54101" lon="-121.73434"></trkpt>
    <trkpt lat="38.54167" lon="-121.73355"></trkpt>
    <trkpt lat="38.54184" lon="-121.73333"></trkpt>
    <trkpt lat="38.54193" lon="-121.73323"></trkpt>
    <trkpt lat="38.54258" lon="-121.73244"></trkpt>
    <trkpt lat="38.54259" lon="-121.73244"></trkpt>
    <trkpt lat="38.54261" lon="-121.73241"></trkpt>
    <trkpt lat="38.54263" lon="-121.73237"></trkpt>
    <trkpt lat="38.54271" lon="-121.73225"></trkpt>
    <trkpt lat="38.54302" lon="-121.73182"></trkpt>
    <trkpt lat="38.54319" lon="-121.73156"></trkpt>
    <trkpt lat="38.54327" lon="-121.73145"></trkpt>
    <trkpt lat="38.54368" lon="-121.73078"></trkpt>
    <trkpt lat="38.54385" lon="-121.73048"></trkpt>
    <trkpt lat="38.54428" lon="-121.72966"></trkpt>
    <trkpt lat="38.54455" lon="-121.72909"></trkpt>
    <trkpt lat="38.54493" lon="-121.72821"></trkpt>
    <trkpt lat="38.5451" lon="-121.72775"></trkpt>
    <trkpt lat="38.54516" lon="-121.72761"></trkpt>
    <trkpt lat="38.54521" lon="-121.72747"></trkpt>
    <trkpt lat="38.54555" lon="-121.72637"></trkpt>
    <trkpt lat="38.54555" lon="-121.72636"></trkpt>
    <trkpt lat="38.54571" lon="-121.72582"></trkpt>
    <trkpt lat="38.54597" lon="-121.72472"></trkpt>
    <trkpt lat="38.54606" lon="-121.72429"></trkpt>
    <trkpt lat="38.54617" lon="-121.72384"></trkpt>
    <trkpt lat="38.54617" lon="-121.72381"></trkpt>
    <trkpt lat="38.54635" lon="-121.72301"></trkpt>
    <trkpt lat="38.54643" lon="-121.72269"></trkpt>
    <trkpt lat="38.54647" lon="-121.72248"></trkpt>
    <trkpt lat="38.54664" lon="-121.72179"></trkpt>
    <trkpt lat="38.54835" lon="-121.71429"></trkpt>
    <trkpt lat="38.54844" lon="-121.71386"></trkpt>
    <trkpt lat="38.54963" lon="-121.70863"></trkpt>
    <trkpt lat="38.5497" lon="-121.70836"></trkpt>
    <trkpt lat="38.54973" lon="-121.7082"></trkpt>
    <trkpt lat="38.55071" lon="-121.70389"></trkpt>
    <trkpt lat="38.55075" lon="-121.70367"></trkpt>
    <trkpt lat="38.55076" lon="-121.70365"></trkpt>
    <trkpt lat="38.55093" lon="-121.70287"></trkpt>
    <trkpt lat="38.55095" lon="-121.70281"></trkpt>
    <trkpt lat="38.55102" lon="-121.70247"></trkpt>
    <trkpt lat="38.55109" lon="-121.70219"></trkpt>
    <trkpt lat="38.55114" lon="-121.70195"></trkpt>
    <trkpt lat="38.55115" lon="-121.70195"></trkpt>
    <trkpt lat="38.55148" lon="-121.70048"></trkpt>
    <trkpt lat="38.55148" lon="-121.70047"></trkpt>
    <trkpt lat="38.55161" lon="-121.69989"></trkpt>
    <trkpt lat="38.55179" lon="-121.69901"></trkpt>
    <trkpt lat="38.55194" lon="-121.698"></trkpt>
    <trkpt lat="38.552" lon="-121.69746"></trkpt>
    <trkpt lat="38.55205" lon="-121.69713"></trkpt>
    <trkpt lat="38.55209" lon="-121.69676"></trkpt>
    <trkpt lat="38.55209" lon="-121.69671"></trkpt>
    <trkpt lat="38.55226" lon="-121.69545"></trkpt>
    <trkpt lat="38.55228" lon="-121.69537"></trkpt>
    <trkpt lat="38.55236" lon="-121.6949"></trkpt>
    <trkpt lat="38.55251" lon="-121.69419"></trkpt>
    <trkpt lat="38.55255" lon="-121.69403"></trkpt>
    <trkpt lat="38.55257" lon="-121.69392"></trkpt>
    <trkpt lat="38.55269" lon="-121.69345"></trkpt>
    <trkpt lat="38.55284" lon="-121.69293"></trkpt>
    <trkpt lat="38.55287" lon="-121.6928"></trkpt>
    <trkpt lat="38.55292" lon="-121.69265"></trkpt>
    <trkpt lat="38.55296" lon="-121.69251"></trkpt>
    <trkpt lat="38.55303" lon="-121.69232"></trkpt>
    <trkpt lat="38.55316" lon="-121.69192"></trkpt>
    <trkpt lat="38.55317" lon="-121.6919"></trkpt>
    <trkpt lat="38.55364" lon="-121.69054"></trkpt>
    <trkpt lat="38.55396" lon="-121.68947"></trkpt>
    <trkpt lat="38.55411" lon="-121.6889"></trkpt>
    <trkpt lat="38.55474" lon="-121.68616"></trkpt>
    <trkpt lat="38.55475" lon="-121.68608"></trkpt>
    <trkpt lat="38.5549" lon="-121.68548"></trkpt>
    <trkpt lat="38.55663" lon="-121.67778"></trkpt>
    <trkpt lat="38.557" lon="-121.67604"></trkpt>
    <trkpt lat="38.55754" lon="-121.67365"></trkpt>
    <trkpt lat="38.55785" lon="-121.67219"></trkpt>
    <trkpt lat="38.55808" lon="-121.67119"></trkpt>
    <trkpt lat="38.55816" lon="-121.67078"></trkpt>
    <trkpt lat="38.55823" lon="-121.67049"></trkpt>
    <trkpt lat="38.55847" lon="-121.66928"></trkpt>
    <trkpt lat="38.55861" lon="-121.66827"></trkpt>
    <trkpt lat="38.55863" lon="-121.66808"></trkpt>
    <trkpt lat="38.55912" lon="-121.6646"></trkpt>
    <trkpt lat="38.55921" lon="-121.66403"></trkpt>
    <trkpt lat="38.55922" lon="-121.66392"></trkpt>
    <trkpt lat="38.56063" lon="-121.65372"></trkpt>
    <trkpt lat="38.56084" lon="-121.65241"></trkpt>
    <trkpt lat="38.56123" lon="-121.6502"></trkpt>
    <trkpt lat="38.56133" lon="-121.6497"></trkpt>
    <trkpt lat="38.56264" lon="-121.6423"></trkpt>
    <trkpt lat="38.56279" lon="-121.64152"></trkpt>
    <trkpt lat="38.56299" lon="-121.64038"></trkpt>
    <trkpt lat="38.56301" lon="-121.6403"></trkpt>
    <trkpt lat="38.56303" lon="-121.64015"></trkpt>
    <trkpt lat="38.56371" lon="-121.63643"></trkpt>
    <trkpt lat="38.56374" lon="-121.6363"></trkpt>
    <trkpt lat="38.56488" lon="-121.62994"></trkpt>
    <trkpt lat="38.56491" lon="-121.62971"></trkpt>
    <trkpt lat="38.56788" lon="-121.61321"></trkpt>
    <trkpt lat="38.56855" lon="-121.60932"></trkpt>
    <trkpt lat="38.56872" lon="-121.60844"></trkpt>
    <trkpt lat="38.57351" lon="-121.58168"></trkpt>
    <trkpt lat="38.57379" lon="-121.57978"></trkpt>
    <trkpt lat="38.57382" lon="-121.57964"></trkpt>
    <trkpt lat="38.57435" lon="-121.57606"></trkpt>
    <trkpt lat="38.57435" lon="-121.57604"></trkpt>
    <trkpt lat="38.57478" lon="-121.57311"></trkpt>
    <trkpt lat="38.57478" lon="-121.5731"></trkpt>
    <trkpt lat="38.57487" lon="-121.57251"></trkpt>
    <trkpt lat="38.57487" lon="-121.57248"></trkpt>
    <trkpt lat="38.57495" lon="-121.57204"></trkpt>
    <trkpt lat="38.57519" lon="-121.57049"></trkpt>
    <trkpt lat="38.5752" lon="-121.57037"></trkpt>
    <trkpt lat="38.57527" lon="-121.56985"></trkpt>
    <trkpt lat="38.57528" lon="-121.56967"></trkpt>
    <trkpt lat="38.5754" lon="-121.56841"></trkpt>
    <trkpt lat="38.57546" lon="-121.5671"></trkpt>
    <trkpt lat="38.57546" lon="-121.56664"></trkpt>
    <trkpt lat="38.57547" lon="-121.56632"></trkpt>
    <trkpt lat="38.57546" lon="-121.56553"></trkpt>
    <trkpt lat="38.57517" lon="-121.56023"></trkpt>
    <trkpt lat="38.57517" lon="-121.56013"></trkpt>
    <trkpt lat="38.57516" lon="-121.56005"></trkpt>
    <trkpt lat="38.57509" lon="-121.55889"></trkpt>
    <trkpt lat="38.57509" lon="-121.55875"></trkpt>
    <trkpt lat="38.57496" lon="-121.55675"></trkpt>
    <trkpt lat="38.5749" lon="-121.55551"></trkpt>
    <trkpt lat="38.5749" lon="-121.55535"></trkpt>
    <trkpt lat="38.57489" lon="-121.5552"></trkpt>
    <trkpt lat="38.57489" lon="-121.53682"></trkpt>
    <trkpt lat="38.5749" lon="-121.53642"></trkpt>
    <trkpt lat="38.57492" lon="-121.53612"></trkpt>
    <trkpt lat="38.57493" lon="-121.53583"></trkpt>
    <trkpt lat="38.57498" lon="-121.53528"></trkpt>
    <trkpt lat="38.57513" lon="-121.53417"></trkpt>
    <trkpt lat="38.57527" lon="-121.53345"></trkpt>
    <trkpt lat="38.57532" lon="-121.53314"></trkpt>
    <trkpt lat="38.57536" lon="-121.53297"></trkpt>
    <trkpt lat="38.57539" lon="-121.53281"></trkpt>
    <trkpt lat="38.57548" lon="-121.53243"></trkpt>
    <trkpt lat="38.57584" lon="-121.53106"></trkpt>
    <trkpt lat="38.57587" lon="-121.53097"></trkpt>
    <trkpt lat="38.57602" lon="-121.53042"></trkpt>
    <trkpt lat="38.57607" lon="-121.53021"></trkpt>
    <trkpt lat="38.57614" lon="-121.52998"></trkpt>
    <trkpt lat="38.57618" lon="-121.5298"></trkpt>
    <trkpt lat="38.57622" lon="-121.52967"></trkpt>
    <trkpt lat="38.57661" lon="-121.52822"></trkpt>
    <trkpt lat="38.57663" lon="-121.52812"></trkpt>
    <trkpt lat="38.57677" lon="-121.52763"></trkpt>
    <trkpt lat="38.5768" lon="-121.52747"></trkpt>
    <trkpt lat="38.57685" lon="-121.52727"></trkpt>
    <trkpt lat="38.57693" lon="-121.52681"></trkpt>
    <trkpt lat="38.57695" lon="-121.52664"></trkpt>
    <trkpt lat="38.57696" lon="-121.5265"></trkpt>
    <trkpt lat="38.57701" lon="-121.52603"></trkpt>
    <trkpt lat="38.57701" lon="-121.52586"></trkpt>
    <trkpt lat="38.57702" lon="-121.52564"></trkpt>
    <trkpt lat="38.57702" lon="-121.52534"></trkpt>
    <trkpt lat="38.57698" lon="-121.52471"></trkpt>
    <trkpt lat="38.57698" lon="-121.52467"></trkpt>
    <trkpt lat="38.57697" lon="-121.52456"></trkpt>
    <trkpt lat="38.57688" lon="-121.52395"></trkpt>
    <trkpt lat="38.57683" lon="-121.52369"></trkpt>
    <trkpt lat="38.57681" lon="-121.52363"></trkpt>
    <trkpt lat="38.57679" lon="-121.52349"></trkpt>
    <trkpt lat="38.57666" lon="-121.52303"></trkpt>
    <trkpt lat="38.57659" lon="-121.52281"></trkpt>
    <trkpt lat="38.57647" lon="-121.52248"></trkpt>
    <trkpt lat="38.57623" lon="-121.52194"></trkpt>
    <trkpt lat="38.57617" lon="-121.52182"></trkpt>
    <trkpt lat="38.57611" lon="-121.52172"></trkpt>
    <trkpt lat="38.57606" lon="-121.52162"></trkpt>
    <trkpt lat="38.57583" lon="-121.52124"></trkpt>
    <trkpt lat="38.57578" lon="-121.52117"></trkpt>
    <trkpt lat="38.57571" lon="-121.52105"></trkpt>
    <trkpt lat="38.57566" lon="-121.52099"></trkpt>
    <trkpt lat="38.57562" lon="-121.52092"></trkpt>
    <trkpt lat="38.57552" lon="-121.5208"></trkpt>
    <trkpt lat="38.57548" lon="-121.52074"></trkpt>
    <trkpt lat="38.57537" lon="-121.5206"></trkpt>
    <trkpt lat="38.57511" lon="-121.52031"></trkpt>
    <trkpt lat="38.57502" lon="-121.5202"></trkpt>
    <trkpt lat="38.57218" lon="-121.51703"></trkpt>
    <trkpt lat="38.57212" lon="-121.51698"></trkpt>
    <trkpt lat="38.57203" lon="-121.51687"></trkpt>
    <trkpt lat="38.57187" lon="-121.5167"></trkpt>
    <trkpt lat="38.57076" lon="-121.51546"></trkpt>
    <trkpt lat="38.57059" lon="-121.51526"></trkpt>
    <trkpt lat="38.57049" lon="-121.51516"></trkpt>
    <trkpt lat="38.57032" lon="-121.51497"></trkpt>
    <trkpt lat="38.57007" lon="-121.51467"></trkpt>
    <trkpt lat="38.56993" lon="-121.51447"></trkpt>
    <trkpt lat="38.56983" lon="-121.51434"></trkpt>
    <trkpt lat="38.56951" lon="-121.51386"></trkpt>
    <trkpt lat="38.56941" lon="-121.51369"></trkpt>
    <trkpt lat="38.56935" lon="-121.51357"></trkpt>
    <trkpt lat="38.56926" lon="-121.51343"></trkpt>
    <trkpt lat="38.56915" lon="-121.51322"></trkpt>
    <trkpt lat="38.56912" lon="-121.51315"></trkpt>
    <trkpt lat="38.56899" lon="-121.5129"></trkpt>
    <trkpt lat="38.56893" lon="-121.51277"></trkpt>
    <trkpt lat="38.56887" lon="-121.51262"></trkpt>
    <trkpt lat="38.56883" lon="-121.51254"></trkpt>
    <trkpt lat="38.56865" lon="-121.51208"></trkpt>
    <trkpt lat="38.56861" lon="-121.51199"></trkpt>
    <trkpt lat="38.56856" lon="-121.51182"></trkpt>
    <trkpt lat="38.56851" lon="-121.51169"></trkpt>
    <trkpt lat="38.56843" lon="-121.51143"></trkpt>
    <trkpt lat="38.56812" lon="-121.5103"></trkpt>
    <trkpt lat="38.56807" lon="-121.51014"></trkpt>
    <trkpt lat="38.56805" lon="-121.51005"></trkpt>
    <trkpt lat="38.56803" lon="-121.50999"></trkpt>
    <trkpt lat="38.56793" lon="-121.50962"></trkpt>
    <trkpt lat="38.56788" lon="-121.50941"></trkpt>
    <trkpt lat="38.56781" lon="-121.50919"></trkpt>
    <trkpt lat="38.5678" lon="-121.50913"></trkpt>
    <trkpt lat="38.56775" lon="-121.50897"></trkpt>
    <trkpt lat="38.5677" lon="-121.50876"></trkpt>
    <trkpt lat="38.5676" lon="-121.50841"></trkpt>
    <trkpt lat="38.56751" lon="-121.50803"></trkpt>
    <trkpt lat="38.56736" lon="-121.5075"></trkpt>
    <trkpt lat="38.56727" lon="-121.50713"></trkpt>
    <trkpt lat="38.56645" lon="-121.50407"></trkpt>
    <trkpt lat="38.56642" lon="-121.50394"></trkpt>
    <trkpt lat="38.56598" lon="-121.50232"></trkpt>
    <trkpt lat="38.56588" lon="-121.50199"></trkpt>
    <trkpt lat="38.56526" lon="-121.49972"></trkpt>
    <trkpt lat="38.56517" lon="-121.49942"></trkpt>
    <trkpt lat="38.56509" lon="-121.49911"></trkpt>
    <trkpt lat="38.56496" lon="-121.49866"></trkpt>
    <trkpt lat="38.56492" lon="-121.49849"></trkpt>
    <trkpt lat="38.56487" lon="-121.49833"></trkpt>
    <trkpt lat="38.56474" lon="-121.49783"></trkpt>
    <trkpt lat="38.56449" lon="-121.49695"></trkpt>
    <trkpt lat="38.56438" lon="-121.4965"></trkpt>
    <trkpt lat="38.56381" lon="-121.49437"></trkpt>
    <trkpt lat="38.56365" lon="-121.49372"></trkpt>
    <trkpt lat="38.56354" lon="-121.49335"></trkpt>
    <trkpt lat="38.5633" lon="-121.49241"></trkpt>
    <trkpt lat="38.56321" lon="-121.4921"></trkpt>
    <trkpt lat="38.56301" lon="-121.49134"></trkpt>
    <trkpt lat="38.56296" lon="-121.49112"></trkpt>
    <trkpt lat="38.56292" lon="-121.49099"></trkpt>
    <trkpt lat="38.56266" lon="-121.49"></trkpt>
    <trkpt lat="38.56265" lon="-121.48999"></trkpt>
    <trkpt lat="38.56247" lon="-121.48928"></trkpt>
    <trkpt lat="38.56245" lon="-121.48924"></trkpt>
    <trkpt lat="38.56241" lon="-121.48907"></trkpt>
    <trkpt lat="38.5624" lon="-121.48904"></trkpt>
    <trkpt lat="38.56237" lon="-121.48891"></trkpt>
    <trkpt lat="38.562" lon="-121.48753"></trkpt>
    <trkpt lat="38.56198" lon="-121.48744"></trkpt>
    <trkpt lat="38.56195" lon="-121.48735"></trkpt>
    <trkpt lat="38.56192" lon="-121.48721"></trkpt>
    <trkpt lat="38.5618" lon="-121.48675"></trkpt>
    <trkpt lat="38.56172" lon="-121.48648"></trkpt>
    <trkpt lat="38.56171" lon="-121.48643"></trkpt>
    <trkpt lat="38.56143" lon="-121.48537"></trkpt>
    <trkpt lat="38.56139" lon="-121.48524"></trkpt>
    <trkpt lat="38.56139" lon="-121.48521"></trkpt>
    <trkpt lat="38.56135" lon="-121.48506"></trkpt>
    <trkpt lat="38.56133" lon="-121.485"></trkpt>
    <trkpt lat="38.56114" lon="-121.48424"></trkpt>
    <trkpt lat="38.56102" lon="-121.48383"></trkpt>
    <trkpt lat="38.56096" lon="-121.48357"></trkpt>
    <trkpt lat="38.56019" lon="-121.48075"></trkpt>
    <trkpt lat="38.56008" lon="-121.48029"></trkpt>
    <trkpt lat="38.56008" lon="-121.48027"></trkpt>
    <trkpt lat="38.55941" lon="-121.4778"></trkpt>
    <trkpt lat="38.55912" lon="-121.47663"></trkpt>
    <trkpt lat="38.55909" lon="-121.47648"></trkpt>
    <trkpt lat="38.55896" lon="-121.47597"></trkpt>
    <trkpt lat="38.5589" lon="-121.4756"></trkpt>
    <trkpt lat="38.55885" lon="-121.47535"></trkpt>
    <trkpt lat="38.55873" lon="-121.47438"></trkpt>
    <trkpt lat="38.5587" lon="-121.474"></trkpt>
    <trkpt lat="38.5587" lon="-121.47371"></trkpt>
    <trkpt lat="38.55869" lon="-121.47357"></trkpt>
    <trkpt lat="38.55869" lon="-121.4732"></trkpt>
    <trkpt lat="38.5587" lon="-121.47305"></trkpt>
    <trkpt lat="38.5587" lon="-121.47287"></trkpt>
    <trkpt lat="38.55871" lon="-121.47273"></trkpt>
    <trkpt lat="38.55871" lon="-121.4726"></trkpt>
    <trkpt lat="38.55876" lon="-121.47189"></trkpt>
    <trkpt lat="38.55883" lon="-121.47131"></trkpt>
    <trkpt lat="38.55907" lon="-121.47015"></trkpt>
    <trkpt lat="38.55967" lon="-121.46776"></trkpt>
    <trkpt lat="38.55975" lon="-121.46741"></trkpt>
    <trkpt lat="38.5598" lon="-121.46723"></trkpt>
    <trkpt lat="38.5598" lon="-121.46722"></trkpt>
    <trkpt lat="38.56009" lon="-121.46608"></trkpt>
    <trkpt lat="38.56012" lon="-121.46593"></trkpt>
    <trkpt lat="38.56022" lon="-121.46557"></trkpt>
    <trkpt lat="38.56066" lon="-121.46363"></trkpt>
    <trkpt lat="38.56076" lon="-121.46296"></trkpt>
    <trkpt lat="38.56082" lon="-121.462"></trkpt>
    <trkpt lat="38.56082" lon="-121.46154"></trkpt>
    <trkpt lat="38.5608" lon="-121.46114"></trkpt>
    <trkpt lat="38.5608" lon="-121.46104"></trkpt>
    <trkpt lat="38.56078" lon="-121.4607"></trkpt>
    <trkpt lat="38.56069" lon="-121.45993"></trkpt>
    <trkpt lat="38.56059" lon="-121.45943"></trkpt>
    <trkpt lat="38.56058" lon="-121.45936"></trkpt>
    <trkpt lat="38.56056" lon="-121.45929"></trkpt>
    <trkpt lat="38.56055" lon="-121.45922"></trkpt>
    <trkpt lat="38.56053" lon="-121.45915"></trkpt>
    <trkpt lat="38.56049" lon="-121.45897"></trkpt>
    <trkpt lat="38.56047" lon="-121.45892"></trkpt>
    <trkpt lat="38.56039" lon="-121.4586"></trkpt>
    <trkpt lat="38.5603" lon="-121.45829"></trkpt>
    <trkpt lat="38.5603" lon="-121.45826"></trkpt>
    <trkpt lat="38.56028" lon="-121.45821"></trkpt>
    <trkpt lat="38.55871" lon="-121.45252"></trkpt>
    <trkpt lat="38.55871" lon="-121.4525"></trkpt>
    <trkpt lat="38.55746" lon="-121.448"></trkpt>
    <trkpt lat="38.55734" lon="-121.44761"></trkpt>
    <trkpt lat="38.55669" lon="-121.44534"></trkpt>
    <trkpt lat="38.55672" lon="-121.44522"></trkpt>
    <trkpt lat="38.55672" lon="-121.44518"></trkpt>
    <trkpt lat="38.55666" lon="-121.44475"></trkpt>
    <trkpt lat="38.55663" lon="-121.4446"></trkpt>
    <trkpt lat="38.55654" lon="-121.44406"></trkpt>
    <trkpt lat="38.55645" lon="-121.44372"></trkpt>
    <trkpt lat="38.55637" lon="-121.44335"></trkpt>
    <trkpt lat="38.55624" lon="-121.44292"></trkpt>
    <trkpt lat="38.55604" lon="-121.44238"></trkpt>
    <trkpt lat="38.55574" lon="-121.44171"></trkpt>
    <trkpt lat="38.55462" lon="-121.43963"></trkpt>
    <trkpt lat="38.5546" lon="-121.4396"></trkpt>
    <trkpt lat="38.55427" lon="-121.43902"></trkpt>
    <trkpt lat="38.55408" lon="-121.43866"></trkpt>
    <trkpt lat="38.55375" lon="-121.43798"></trkpt>
    <trkpt lat="38.55343" lon="-121.43716"></trkpt>
    <trkpt lat="38.55237" lon="-121.4341"></trkpt>
    <trkpt lat="38.55229" lon="-121.43389"></trkpt>
    <trkpt lat="38.55186" lon="-121.43264"></trkpt>
    <trkpt lat="38.55143" lon="-121.43149"></trkpt>
    <trkpt lat="38.5513" lon="-121.43108"></trkpt>
    <trkpt lat="38.55128" lon="-121.43104"></trkpt>
    <trkpt lat="38.55114" lon="-121.43057"></trkpt>
    <trkpt lat="38.55105" lon="-121.43021"></trkpt>
    <trkpt lat="38.55104" lon="-121.4302"></trkpt>
    <trkpt lat="38.55104" lon="-121.43018"></trkpt>
    <trkpt lat="38.55099" lon="-121.42999"></trkpt>
    <trkpt lat="38.55082" lon="-121.4292"></trkpt>
    <trkpt lat="38.55074" lon="-121.42873"></trkpt>
    <trkpt lat="38.55073" lon="-121.42862"></trkpt>
    <trkpt lat="38.55066" lon="-121.4282"></trkpt>
    <trkpt lat="38.55061" lon="-121.42778"></trkpt>
    <trkpt lat="38.55052" lon="-121.42676"></trkpt>
    <trkpt lat="38.55051" lon="-121.42658"></trkpt>
    <trkpt lat="38.55049" lon="-121.42535"></trkpt>
    <trkpt lat="38.5505" lon="-121.42521"></trkpt>
    <trkpt lat="38.5505" lon="-121.425"></trkpt>
    <trkpt lat="38.55051" lon="-121.42489"></trkpt>
    <trkpt lat="38.55051" lon="-121.4248"></trkpt>
    <trkpt lat="38.55053" lon="-121.42451"></trkpt>
    <trkpt lat="38.55053" lon="-121.42442"></trkpt>
    <trkpt lat="38.55055" lon="-121.42421"></trkpt>
    <trkpt lat="38.55055" lon="-121.42412"></trkpt>
    <trkpt lat="38.55059" lon="-121.4238"></trkpt>
    <trkpt lat="38.55059" lon="-121.42373"></trkpt>
    <trkpt lat="38.55062" lon="-121.42353"></trkpt>
    <trkpt lat="38.55069" lon="-121.4229"></trkpt>
    <trkpt lat="38.55084" lon="-121.42206"></trkpt>
    <trkpt lat="38.55121" lon="-121.42037"></trkpt>
    <trkpt lat="38.55123" lon="-121.4203"></trkpt>
    <trkpt lat="38.5515" lon="-121.41912"></trkpt>
    <trkpt lat="38.55153" lon="-121.41895"></trkpt>
    <trkpt lat="38.5518" lon="-121.41778"></trkpt>
    <trkpt lat="38.55185" lon="-121.41752"></trkpt>
    <trkpt lat="38.55189" lon="-121.41737"></trkpt>
    <trkpt lat="38.5519" lon="-121.41729"></trkpt>
    <trkpt lat="38.55195" lon="-121.41711"></trkpt>
    <trkpt lat="38.5524" lon="-121.41509"></trkpt>
    <trkpt lat="38.5524" lon="-121.41508"></trkpt>
    <trkpt lat="38.55245" lon="-121.41487"></trkpt>
    <trkpt lat="38.55248" lon="-121.4147"></trkpt>
    <trkpt lat="38.55284" lon="-121.41314"></trkpt>
    <trkpt lat="38.55289" lon="-121.41288"></trkpt>
    <trkpt lat="38.55318" lon="-121.4116"></trkpt>
    <trkpt lat="38.55319" lon="-121.41152"></trkpt>
    <trkpt lat="38.55321" lon="-121.41146"></trkpt>
    <trkpt lat="38.55323" lon="-121.41135"></trkpt>
    <trkpt lat="38.55348" lon="-121.41025"></trkpt>
    <trkpt lat="38.5535" lon="-121.41014"></trkpt>
    <trkpt lat="38.55365" lon="-121.40951"></trkpt>
    <trkpt lat="38.55367" lon="-121.40938"></trkpt>
    <trkpt lat="38.55416" lon="-121.40722"></trkpt>
    <trkpt lat="38.55416" lon="-121.40719"></trkpt>
    <trkpt lat="38.5542" lon="-121.40704"></trkpt>
    <trkpt lat="38.55421" lon="-121.40698"></trkpt>
    <trkpt lat="38.55421" lon="-121.40697"></trkpt>
    <trkpt lat="38.55474" lon="-121.40464"></trkpt>
    <trkpt lat="38.55494" lon="-121.4037"></trkpt>
    <trkpt lat="38.55499" lon="-121.40341"></trkpt>
    <trkpt lat="38.55504" lon="-121.40318"></trkpt>
    <trkpt lat="38.55504" lon="-121.40317"></trkpt>
    <trkpt lat="38.555" lon="-121.40297"></trkpt>
    <trkpt lat="38.55501" lon="-121.40295"></trkpt>
    <trkpt lat="38.55642" lon="-121.39671"></trkpt>
    <trkpt lat="38.55647" lon="-121.39643"></trkpt>
    <trkpt lat="38.55677" lon="-121.39506"></trkpt>
    <trkpt lat="38.557" lon="-121.39378"></trkpt>
    <trkpt lat="38.55715" lon="-121.39272"></trkpt>
    <trkpt lat="38.55735" lon="-121.39103"></trkpt>
    <trkpt lat="38.55735" lon="-121.39102"></trkpt>
    <trkpt lat="38.55772" lon="-121.38778"></trkpt>
    <trkpt lat="38.55787" lon="-121.38632"></trkpt>
    <trkpt lat="38.55796" lon="-121.38559"></trkpt>
    <trkpt lat="38.55904" lon="-121.37521"></trkpt>
    <trkpt lat="38.55912" lon="-121.37457"></trkpt>
    <trkpt lat="38.55914" lon="-121.37434"></trkpt>
    <trkpt lat="38.55916" lon="-121.37422"></trkpt>
    <trkpt lat="38.55918" lon="-121.37397"></trkpt>
    <trkpt lat="38.5595" lon="-121.37098"></trkpt>
    <trkpt lat="38.55951" lon="-121.37092"></trkpt>
    <trkpt lat="38.55979" lon="-121.36822"></trkpt>
    <trkpt lat="38.55982" lon="-121.36802"></trkpt>
    <trkpt lat="38.55983" lon="-121.36785"></trkpt>
    <trkpt lat="38.56002" lon="-121.36634"></trkpt>
    <trkpt lat="38.56019" lon="-121.36468"></trkpt>
    <trkpt lat="38.5602" lon="-121.36462"></trkpt>
    <trkpt lat="38.56025" lon="-121.36419"></trkpt>
    <trkpt lat="38.56034" lon="-121.36325"></trkpt>
    <trkpt lat="38.56051" lon="-121.36173"></trkpt>
    <trkpt lat="38.56052" lon="-121.36158"></trkpt>
    <trkpt lat="38.56054" lon="-121.36145"></trkpt>
    <trkpt lat="38.56066" lon="-121.36025"></trkpt>
    <trkpt lat="38.56069" lon="-121.36002"></trkpt>
    <trkpt lat="38.5607" lon="-121.35988"></trkpt>
    <trkpt lat="38.56072" lon="-121.35974"></trkpt>
    <trkpt lat="38.56086" lon="-121.35838"></trkpt>
    <trkpt lat="38.56088" lon="-121.35825"></trkpt>
    <trkpt lat="38.56092" lon="-121.35787"></trkpt>
    <trkpt lat="38.56093" lon="-121.35772"></trkpt>
    <trkpt lat="38.56107" lon="-121.35644"></trkpt>
    <trkpt lat="38.5611" lon="-121.35609"></trkpt>
    <trkpt lat="38.56113" lon="-121.35588"></trkpt>
    <trkpt lat="38.56128" lon="-121.35446"></trkpt>
    <trkpt lat="38.5613" lon="-121.35421"></trkpt>
    <trkpt lat="38.56148" lon="-121.35259"></trkpt>
    <trkpt lat="38.56148" lon="-121.35253"></trkpt>
    <trkpt lat="38.5616" lon="-121.35143"></trkpt>
    <trkpt lat="38.5616" lon="-121.35137"></trkpt>
    <trkpt lat="38.56168" lon="-121.35068"></trkpt>
    <trkpt lat="38.56169" lon="-121.35053"></trkpt>
    <trkpt lat="38.56176" lon="-121.34995"></trkpt>
    <trkpt lat="38.56194" lon="-121.34821"></trkpt>
    <trkpt lat="38.56196" lon="-121.34809"></trkpt>
    <trkpt lat="38.562" lon="-121.34762"></trkpt>
    <trkpt lat="38.56202" lon="-121.34747"></trkpt>
    <trkpt lat="38.56204" lon="-121.34725"></trkpt>
    <trkpt lat="38.56206" lon="-121.34711"></trkpt>
    <trkpt lat="38.56207" lon="-121.34695"></trkpt>
    <trkpt lat="38.56209" lon="-121.34676"></trkpt>
    <trkpt lat="38.5621" lon="-121.34674"></trkpt>
    <trkpt lat="38.56211" lon="-121.34659"></trkpt>
    <trkpt lat="38.56216" lon="-121.34629"></trkpt>
    <trkpt lat="38.56217" lon="-121.34618"></trkpt>
    <trkpt lat="38.56219" lon="-121.34609"></trkpt>
    <trkpt lat="38.5622" lon="-121.34596"></trkpt>
    <trkpt lat="38.56232" lon="-121.34526"></trkpt>
    <trkpt lat="38.56235" lon="-121.34513"></trkpt>
    <trkpt lat="38.56239" lon="-121.34491"></trkpt>
    <trkpt lat="38.56252" lon="-121.3443"></trkpt>
    <trkpt lat="38.56256" lon="-121.34416"></trkpt>
    <trkpt lat="38.56259" lon="-121.34401"></trkpt>
    <trkpt lat="38.56279" lon="-121.34328"></trkpt>
    <trkpt lat="38.56282" lon="-121.34319"></trkpt>
    <trkpt lat="38.56287" lon="-121.343"></trkpt>
    <trkpt lat="38.56315" lon="-121.34217"></trkpt>
    <trkpt lat="38.56315" lon="-121.34215"></trkpt>
    <trkpt lat="38.56359" lon="-121.34101"></trkpt>
    <trkpt lat="38.5638" lon="-121.34054"></trkpt>
    <trkpt lat="38.56381" lon="-121.34051"></trkpt>
    <trkpt lat="38.5639" lon="-121.34033"></trkpt>
    <trkpt lat="38.56405" lon="-121.34"></trkpt>
    <trkpt lat="38.56431" lon="-121.33949"></trkpt>
    <trkpt lat="38.56438" lon="-121.33933"></trkpt>
    <trkpt lat="38.56448" lon="-121.33914"></trkpt>
    <trkpt lat="38.56517" lon="-121.33771"></trkpt>
    <trkpt lat="38.56551" lon="-121.33704"></trkpt>
    <trkpt lat="38.56559" lon="-121.33686"></trkpt>
    <trkpt lat="38.5662" lon="-121.33562"></trkpt>
    <trkpt lat="38.56629" lon="-121.33545"></trkpt>
    <trkpt lat="38.56713" lon="-121.33372"></trkpt>
    <trkpt lat="38.56738" lon="-121.33323"></trkpt>
    <trkpt lat="38.56743" lon="-121.33312"></trkpt>
    <trkpt lat="38.56744" lon="-121.33311"></trkpt>
    <trkpt lat="38.56831" lon="-121.33132"></trkpt>
    <trkpt lat="38.56855" lon="-121.33085"></trkpt>
    <trkpt lat="38.5696" lon="-121.32867"></trkpt>
    <trkpt lat="38.56962" lon="-121.32864"></trkpt>
    <trkpt lat="38.56971" lon="-121.32845"></trkpt>
    <trkpt lat="38.56973" lon="-121.32842"></trkpt>
    <trkpt lat="38.56981" lon="-121.32826"></trkpt>
    <trkpt lat="38.56987" lon="-121.32812"></trkpt>
    <trkpt lat="38.57006" lon="-121.32772"></trkpt>
    <trkpt lat="38.57015" lon="-121.32755"></trkpt>
    <trkpt lat="38.57108" lon="-121.32562"></trkpt>
    <trkpt lat="38.57128" lon="-121.32518"></trkpt>
    <trkpt lat="38.57135" lon="-121.32504"></trkpt>
    <trkpt lat="38.57205" lon="-121.32342"></trkpt>
    <trkpt lat="38.57264" lon="-121.32195"></trkpt>
    <trkpt lat="38.57267" lon="-121.32186"></trkpt>
    <trkpt lat="38.57457" lon="-121.3171"></trkpt>
    <trkpt lat="38.57468" lon="-121.31685"></trkpt>
    <trkpt lat="38.57679" lon="-121.31156"></trkpt>
    <trkpt lat="38.57682" lon="-121.3115"></trkpt>
    <trkpt lat="38.57688" lon="-121.31133"></trkpt>
    <trkpt lat="38.57699" lon="-121.31105"></trkpt>
    <trkpt lat="38.57709" lon="-121.31083"></trkpt>
    <trkpt lat="38.57717" lon="-121.31061"></trkpt>
    <trkpt lat="38.57774" lon="-121.30931"></trkpt>
    <trkpt lat="38.57793" lon="-121.30891"></trkpt>
    <trkpt lat="38.57831" lon="-121.30817"></trkpt>
    <trkpt lat="38.57831" lon="-121.30816"></trkpt>
    <trkpt lat="38.57832" lon="-121.30815"></trkpt>
    <trkpt lat="38.57853" lon="-121.30774"></trkpt>
    <trkpt lat="38.57862" lon="-121.30759"></trkpt>
    <trkpt lat="38.57869" lon="-121.30746"></trkpt>
    <trkpt lat="38.57962" lon="-121.30592"></trkpt>
    <trkpt lat="38.57977" lon="-121.30569"></trkpt>
    <trkpt lat="38.57983" lon="-121.30558"></trkpt>
    <trkpt lat="38.57999" lon="-121.30532"></trkpt>
    <trkpt lat="38.58" lon="-121.30531"></trkpt>
    <trkpt lat="38.58001" lon="-121.30528"></trkpt>
    <trkpt lat="38.58004" lon="-121.30524"></trkpt>
    <trkpt lat="38.58035" lon="-121.30471"></trkpt>
    <trkpt lat="38.58042" lon="-121.30458"></trkpt>
    <trkpt lat="38.58102" lon="-121.30361"></trkpt>
    <trkpt lat="38.58107" lon="-121.30352"></trkpt>
    <trkpt lat="38.58126" lon="-121.30322"></trkpt>
    <trkpt lat="38.58131" lon="-121.30313"></trkpt>
    <trkpt lat="38.5814" lon="-121.30299"></trkpt>
    <trkpt lat="38.58145" lon="-121.3029"></trkpt>
    <trkpt lat="38.58148" lon="-121.30286"></trkpt>
    <trkpt lat="38.58164" lon="-121.30259"></trkpt>
    <trkpt lat="38.58172" lon="-121.30244"></trkpt>
    <trkpt lat="38.58176" lon="-121.30239"></trkpt>
    <trkpt lat="38.58181" lon="-121.30231"></trkpt>
    <trkpt lat="38.58188" lon="-121.30218"></trkpt>
    <trkpt lat="38.58194" lon="-121.3021"></trkpt>
    <trkpt lat="38.58195" lon="-121.30207"></trkpt>
    <trkpt lat="38.58203" lon="-121.30195"></trkpt>
    <trkpt lat="38.58206" lon="-121.30188"></trkpt>
    <trkpt lat="38.58235" lon="-121.30142"></trkpt>
    <trkpt lat="38.58319" lon="-121.30003"></trkpt>
    <trkpt lat="38.58322" lon="-121.29997"></trkpt>
    <trkpt lat="38.58327" lon="-121.2999"></trkpt>
    <trkpt lat="38.5836" lon="-121.29935"></trkpt>
    <trkpt lat="38.58363" lon="-121.29929"></trkpt>
    <trkpt lat="38.58368" lon="-121.29922"></trkpt>
    <trkpt lat="38.58392" lon="-121.29882"></trkpt>
    <trkpt lat="38.584" lon="-121.2987"></trkpt>
    <trkpt lat="38.58425" lon="-121.29828"></trkpt>
    <trkpt lat="38.58432" lon="-121.29815"></trkpt>
    <trkpt lat="38.58534" lon="-121.29649"></trkpt>
    <trkpt lat="38.58539" lon="-121.2964"></trkpt>
    <trkpt lat="38.58621" lon="-121.29505"></trkpt>
    <trkpt lat="38.58628" lon="-121.29492"></trkpt>
    <trkpt lat="38.58637" lon="-121.29479"></trkpt>
    <trkpt lat="38.58655" lon="-121.29448"></trkpt>
    <trkpt lat="38.58701" lon="-121.29373"></trkpt>
    <trkpt lat="38.58726" lon="-121.2933"></trkpt>
    <trkpt lat="38.5879" lon="-121.29226"></trkpt>
    <trkpt lat="38.58795" lon="-121.29217"></trkpt>
    <trkpt lat="38.58847" lon="-121.29131"></trkpt>
    <trkpt lat="38.58849" lon="-121.29127"></trkpt>
    <trkpt lat="38.5887" lon="-121.29094"></trkpt>
    <trkpt lat="38.58919" lon="-121.29012"></trkpt>
    <trkpt lat="38.5892" lon="-121.29011"></trkpt>
    <trkpt lat="38.58929" lon="-121.28997"></trkpt>
    <trkpt lat="38.58935" lon="-121.28985"></trkpt>
    <trkpt lat="38.58951" lon="-121.2896"></trkpt>
    <trkpt lat="38.59011" lon="-121.2886"></trkpt>
    <trkpt lat="38.59021" lon="-121.28845"></trkpt>
    <trkpt lat="38.59038" lon="-121.28816"></trkpt>
    <trkpt lat="38.59043" lon="-121.28809"></trkpt>
    <trkpt lat="38.59044" lon="-121.28807"></trkpt>
    <trkpt lat="38.59095" lon="-121.28725"></trkpt>
    <trkpt lat="38.59101" lon="-121.28713"></trkpt>
    <trkpt lat="38.59161" lon="-121.28614"></trkpt>
    <trkpt lat="38.59168" lon="-121.28601"></trkpt>
    <trkpt lat="38.59181" lon="-121.28581"></trkpt>
    <trkpt lat="38.59209" lon="-121.28535"></trkpt>
    <trkpt lat="38.59216" lon="-121.28522"></trkpt>
    <trkpt lat="38.59313" lon="-121.28362"></trkpt>
    <trkpt lat="38.59319" lon="-121.28353"></trkpt>
    <trkpt lat="38.59402" lon="-121.28213"></trkpt>
    <trkpt lat="38.59435" lon="-121.2816"></trkpt>
    <trkpt lat="38.59454" lon="-121.28132"></trkpt>
    <trkpt lat="38.59509" lon="-121.28057"></trkpt>
    <trkpt lat="38.59534" lon="-121.28028"></trkpt>
    <trkpt lat="38.59556" lon="-121.28004"></trkpt>
    <trkpt lat="38.59557" lon="-121.28002"></trkpt>
    <trkpt lat="38.59565" lon="-121.27994"></trkpt>
    <trkpt lat="38.59576" lon="-121.27982"></trkpt>
    <trkpt lat="38.59595" lon="-121.27963"></trkpt>
    <trkpt lat="38.59629" lon="-121.27931"></trkpt>
    <trkpt lat="38.59675" lon="-121.27891"></trkpt>
    <trkpt lat="38.59692" lon="-121.27879"></trkpt>
    <trkpt lat="38.59717" lon="-121.2786"></trkpt>
    <trkpt lat="38.59744" lon="-121.27842"></trkpt>
    <trkpt lat="38.59749" lon="-121.27838"></trkpt>
    <trkpt lat="38.5977" lon="-121.27825"></trkpt>
    <trkpt lat="38.59771" lon="-121.27824"></trkpt>
    <trkpt lat="38.598" lon="-121.27807"></trkpt>
    <trkpt lat="38.59842" lon="-121.27785"></trkpt>
    <trkpt lat="38.59851" lon="-121.27781"></trkpt>
    <trkpt lat="38.59875" lon="-121.27769"></trkpt>
    <trkpt lat="38.59884" lon="-121.27765"></trkpt>
    <trkpt lat="38.59897" lon="-121.2776"></trkpt>
    <trkpt lat="38.59907" lon="-121.27755"></trkpt>
    <trkpt lat="38.59912" lon="-121.27754"></trkpt>
    <trkpt lat="38.5996" lon="-121.27736"></trkpt>
    <trkpt lat="38.59986" lon="-121.27728"></trkpt>
    <trkpt lat="38.60248" lon="-121.27655"></trkpt>
    <trkpt lat="38.60256" lon="-121.27652"></trkpt>
    <trkpt lat="38.60266" lon="-121.2765"></trkpt>
    <trkpt lat="38.60306" lon="-121.27639"></trkpt>
    <trkpt lat="38.60318" lon="-121.27635"></trkpt>
    <trkpt lat="38.60321" lon="-121.27635"></trkpt>
    <trkpt lat="38.60368" lon="-121.27621"></trkpt>
    <trkpt lat="38.60382" lon="-121.27616"></trkpt>
    <trkpt lat="38.60392" lon="-121.27613"></trkpt>
    <trkpt lat="38.60441" lon="-121.27594"></trkpt>
    <trkpt lat="38.60454" lon="-121.27587"></trkpt>
    <trkpt lat="38.60465" lon="-121.27582"></trkpt>
    <trkpt lat="38.60488" lon="-121.2757"></trkpt>
    <trkpt lat="38.60498" lon="-121.27564"></trkpt>
    <trkpt lat="38.60502" lon="-121.27562"></trkpt>
    <trkpt lat="38.60503" lon="-121.27561"></trkpt>
    <trkpt lat="38.60506" lon="-121.2756"></trkpt>
    <trkpt lat="38.60529" lon="-121.27548"></trkpt>
    <trkpt lat="38.60536" lon="-121.27543"></trkpt>
    <trkpt lat="38.60547" lon="-121.27536"></trkpt>
    <trkpt lat="38.6057" lon="-121.2752"></trkpt>
    <trkpt lat="38.60581" lon="-121.27511"></trkpt>
    <trkpt lat="38.60593" lon="-121.27502"></trkpt>
    <trkpt lat="38.60597" lon="-121.27498"></trkpt>
    <trkpt lat="38.60616" lon="-121.27483"></trkpt>
    <trkpt lat="38.60638" lon="-121.27463"></trkpt>
    <trkpt lat="38.60678" lon="-121.27423"></trkpt>
    <trkpt lat="38.60697" lon="-121.27402"></trkpt>
    <trkpt lat="38.60697" lon="-121.27401"></trkpt>
    <trkpt lat="38.60707" lon="-121.2739"></trkpt>
    <trkpt lat="38.60725" lon="-121.27368"></trkpt>
    <trkpt lat="38.60736" lon="-121.27352"></trkpt>
    <trkpt lat="38.60753" lon="-121.27329"></trkpt>
    <trkpt lat="38.6077" lon="-121.27303"></trkpt>
    <trkpt lat="38.60772" lon="-121.27301"></trkpt>
    <trkpt lat="38.60785" lon="-121.2728"></trkpt>
    <trkpt lat="38.6079" lon="-121.27273"></trkpt>
    <trkpt lat="38.60808" lon="-121.27241"></trkpt>
    <trkpt lat="38.60814" lon="-121.27229"></trkpt>
    <trkpt lat="38.60822" lon="-121.27215"></trkpt>
    <trkpt lat="38.60835" lon="-121.27187"></trkpt>
    <trkpt lat="38.60839" lon="-121.2718"></trkpt>
    <trkpt lat="38.60842" lon="-121.27172"></trkpt>
    <trkpt lat="38.60844" lon="-121.27169"></trkpt>
    <trkpt lat="38.60853" lon="-121.27149"></trkpt>
    <trkpt lat="38.60857" lon="-121.27138"></trkpt>
    <trkpt lat="38.60861" lon="-121.2713"></trkpt>
    <trkpt lat="38.60864" lon="-121.2712"></trkpt>
    <trkpt lat="38.60869" lon="-121.27109"></trkpt>
    <trkpt lat="38.60883" lon="-121.27072"></trkpt>
    <trkpt lat="38.60884" lon="-121.2707"></trkpt>
    <trkpt lat="38.60911" lon="-121.26996"></trkpt>
    <trkpt lat="38.60918" lon="-121.26979"></trkpt>
    <trkpt lat="38.60921" lon="-121.2697"></trkpt>
    <trkpt lat="38.60936" lon="-121.26932"></trkpt>
    <trkpt lat="38.6094" lon="-121.26919"></trkpt>
    <trkpt lat="38.60946" lon="-121.26905"></trkpt>
    <trkpt lat="38.60963" lon="-121.26859"></trkpt>
    <trkpt lat="38.60968" lon="-121.26847"></trkpt>
    <trkpt lat="38.60968" lon="-121.26846"></trkpt>
    <trkpt lat="38.61048" lon="-121.26632"></trkpt>
    <trkpt lat="38.61054" lon="-121.26618"></trkpt>
    <trkpt lat="38.6106" lon="-121.26602"></trkpt>
    <trkpt lat="38.61061" lon="-121.26598"></trkpt>
    <trkpt lat="38.61095" lon="-121.2651"></trkpt>
    <trkpt lat="38.611" lon="-121.26494"></trkpt>
    <trkpt lat="38.61113" lon="-121.26462"></trkpt>
    <trkpt lat="38.61162" lon="-121.2633"></trkpt>
    <trkpt lat="38.61167" lon="-121.26318"></trkpt>
    <trkpt lat="38.61168" lon="-121.26314"></trkpt>
    <trkpt lat="38.61298" lon="-121.25971"></trkpt>
    <trkpt lat="38.61303" lon="-121.25955"></trkpt>
    <trkpt lat="38.6131" lon="-121.25938"></trkpt>
    <trkpt lat="38.61321" lon="-121.25908"></trkpt>
    <trkpt lat="38.61321" lon="-121.25907"></trkpt>
    <trkpt lat="38.61381" lon="-121.25748"></trkpt>
    <trkpt lat="38.61399" lon="-121.25703"></trkpt>
    <trkpt lat="38.61415" lon="-121.25659"></trkpt>
    <trkpt lat="38.61415" lon="-121.25658"></trkpt>
    <trkpt lat="38.61417" lon="-121.25654"></trkpt>
    <trkpt lat="38.61475" lon="-121.25499"></trkpt>
    <trkpt lat="38.61482" lon="-121.25482"></trkpt>
    <trkpt lat="38.61559" lon="-121.25278"></trkpt>
    <trkpt lat="38.61571" lon="-121.25244"></trkpt>
    <trkpt lat="38.61603" lon="-121.25161"></trkpt>
    <trkpt lat="38.61634" lon="-121.25076"></trkpt>
    <trkpt lat="38.61647" lon="-121.25044"></trkpt>
    <trkpt lat="38.61667" lon="-121.24989"></trkpt>
    <trkpt lat="38.61678" lon="-121.24962"></trkpt>
    <trkpt lat="38.61718" lon="-121.24856"></trkpt>
    <trkpt lat="38.61728" lon="-121.24827"></trkpt>
    <trkpt lat="38.61735" lon="-121.2481"></trkpt>
    <trkpt lat="38.61744" lon="-121.24785"></trkpt>
    <trkpt lat="38.61747" lon="-121.24778"></trkpt>
    <trkpt lat="38.61777" lon="-121.24697"></trkpt>
    <trkpt lat="38.61785" lon="-121.24678"></trkpt>
    <trkpt lat="38.61819" lon="-121.24585"></trkpt>
    <trkpt lat="38.61954" lon="-121.2423"></trkpt>
    <trkpt lat="38.61959" lon="-121.24215"></trkpt>
    <trkpt lat="38.61988" lon="-121.2414"></trkpt>
    <trkpt lat="38.61993" lon="-121.24125"></trkpt>
    <trkpt lat="38.62353" lon="-121.23169"></trkpt>
    <trkpt lat="38.6236" lon="-121.23152"></trkpt>
    <trkpt lat="38.62459" lon="-121.22888"></trkpt>
    <trkpt lat="38.62464" lon="-121.22877"></trkpt>
    <trkpt lat="38.62483" lon="-121.2283"></trkpt>
    <trkpt lat="38.62515" lon="-121.22761"></trkpt>
    <trkpt lat="38.62523" lon="-121.22746"></trkpt>
    <trkpt lat="38.62531" lon="-121.22729"></trkpt>
    <trkpt lat="38.62532" lon="-121.22728"></trkpt>
    <trkpt lat="38.62563" lon="-121.2267"></trkpt>
    <trkpt lat="38.62577" lon="-121.22642"></trkpt>
    <trkpt lat="38.62613" lon="-121.22576"></trkpt>
    <trkpt lat="38.6265" lon="-121.22505"></trkpt>
    <trkpt lat="38.62655" lon="-121.22497"></trkpt>
    <trkpt lat="38.62686" lon="-121.22437"></trkpt>
    <trkpt lat="38.62693" lon="-121.22426"></trkpt>
    <trkpt lat="38.62751" lon="-121.22313"></trkpt>
    <trkpt lat="38.62799" lon="-121.22224"></trkpt>
    <trkpt lat="38.62811" lon="-121.222"></trkpt>
    <trkpt lat="38.62888" lon="-121.22059"></trkpt>
    <trkpt lat="38.63024" lon="-121.21802"></trkpt>
    <trkpt lat="38.63032" lon="-121.21788"></trkpt>
    <trkpt lat="38.63039" lon="-121.21774"></trkpt>
    <trkpt lat="38.63054" lon="-121.21747"></trkpt>
    <trkpt lat="38.63068" lon="-121.2172"></trkpt>
    <trkpt lat="38.63071" lon="-121.21715"></trkpt>
    <trkpt lat="38.63085" lon="-121.21688"></trkpt>
    <trkpt lat="38.6309" lon="-121.21677"></trkpt>
    <trkpt lat="38.63106" lon="-121.21648"></trkpt>
    <trkpt lat="38.6311" lon="-121.21639"></trkpt>
    <trkpt lat="38.63115" lon="-121.21631"></trkpt>
    <trkpt lat="38.6315" lon="-121.21562"></trkpt>
    <trkpt lat="38.63281" lon="-121.21315"></trkpt>
    <trkpt lat="38.63282" lon="-121.21312"></trkpt>
    <trkpt lat="38.63383" lon="-121.21117"></trkpt>
    <trkpt lat="38.63397" lon="-121.21092"></trkpt>
    <trkpt lat="38.63414" lon="-121.21058"></trkpt>
    <trkpt lat="38.63487" lon="-121.20923"></trkpt>
    <trkpt lat="38.63494" lon="-121.20908"></trkpt>
    <trkpt lat="38.63514" lon="-121.2087"></trkpt>
    <trkpt lat="38.63516" lon="-121.20867"></trkpt>
    <trkpt lat="38.63562" lon="-121.2078"></trkpt>
    <trkpt lat="38.63575" lon="-121.20757"></trkpt>
    <trkpt lat="38.63582" lon="-121.20743"></trkpt>
    <trkpt lat="38.6359" lon="-121.2073"></trkpt>
    <trkpt lat="38.63596" lon="-121.20717"></trkpt>
    <trkpt lat="38.63619" lon="-121.20674"></trkpt>
    <trkpt lat="38.63634" lon="-121.20644"></trkpt>
    <trkpt lat="38.63645" lon="-121.20625"></trkpt>
    <trkpt lat="38.63655" lon="-121.20605"></trkpt>
    <trkpt lat="38.63664" lon="-121.2059"></trkpt>
    <trkpt lat="38.63678" lon="-121.20563"></trkpt>
    <trkpt lat="38.63686" lon="-121.20549"></trkpt>
    <trkpt lat="38.63695" lon="-121.20531"></trkpt>
    <trkpt lat="38.63701" lon="-121.20521"></trkpt>
    <trkpt lat="38.63708" lon="-121.20507"></trkpt>
    <trkpt lat="38.63716" lon="-121.20493"></trkpt>
    <trkpt lat="38.63737" lon="-121.20451"></trkpt>
    <trkpt lat="38.63807" lon="-121.20319"></trkpt>
    <trkpt lat="38.63815" lon="-121.20306"></trkpt>
    <trkpt lat="38.63849" lon="-121.20245"></trkpt>
    <trkpt lat="38.63875" lon="-121.2019"></trkpt>
    <trkpt lat="38.63895" lon="-121.20138"></trkpt>
    <trkpt lat="38.63896" lon="-121.20136"></trkpt>
    <trkpt lat="38.6391" lon="-121.20097"></trkpt>
    <trkpt lat="38.63928" lon="-121.20037"></trkpt>
    <trkpt lat="38.63931" lon="-121.20023"></trkpt>
    <trkpt lat="38.6394" lon="-121.1999"></trkpt>
    <trkpt lat="38.6395" lon="-121.19944"></trkpt>
    <trkpt lat="38.63959" lon="-121.19891"></trkpt>
    <trkpt lat="38.63959" lon="-121.19889"></trkpt>
    <trkpt lat="38.63975" lon="-121.19767"></trkpt>
    <trkpt lat="38.63991" lon="-121.19629"></trkpt>
    <trkpt lat="38.63999" lon="-121.19573"></trkpt>
    <trkpt lat="38.64014" lon="-121.19444"></trkpt>
    <trkpt lat="38.64021" lon="-121.19395"></trkpt>
    <trkpt lat="38.64028" lon="-121.19329"></trkpt>
    <trkpt lat="38.6403" lon="-121.19318"></trkpt>
    <trkpt lat="38.64134" lon="-121.18473"></trkpt>
    <trkpt lat="38.64135" lon="-121.18458"></trkpt>
    <trkpt lat="38.64137" lon="-121.18447"></trkpt>
    <trkpt lat="38.64208" lon="-121.17864"></trkpt>
    <trkpt lat="38.64211" lon="-121.17844"></trkpt>
    <trkpt lat="38.64219" lon="-121.17778"></trkpt>
    <trkpt lat="38.64221" lon="-121.17754"></trkpt>
    <trkpt lat="38.64228" lon="-121.17707"></trkpt>
    <trkpt lat="38.64229" lon="-121.17693"></trkpt>
    <trkpt lat="38.64231" lon="-121.1768"></trkpt>
    <trkpt lat="38.64253" lon="-121.1749"></trkpt>
    <trkpt lat="38.6426" lon="-121.17386"></trkpt>
    <trkpt lat="38.64261" lon="-121.17335"></trkpt>
    <trkpt lat="38.64262" lon="-121.17322"></trkpt>
    <trkpt lat="38.64262" lon="-121.17263"></trkpt>
    <trkpt lat="38.64261" lon="-121.17246"></trkpt>
    <trkpt lat="38.64261" lon="-121.17217"></trkpt>
    <trkpt lat="38.64258" lon="-121.17152"></trkpt>
    <trkpt lat="38.64256" lon="-121.17126"></trkpt>
    <trkpt lat="38.64256" lon="-121.17119"></trkpt>
    <trkpt lat="38.64255" lon="-121.17106"></trkpt>
    <trkpt lat="38.64255" lon="-121.17096"></trkpt>
    <trkpt lat="38.64243" lon="-121.16837"></trkpt>
    <trkpt lat="38.64243" lon="-121.16819"></trkpt>
    <trkpt lat="38.64241" lon="-121.16788"></trkpt>
    <trkpt lat="38.64236" lon="-121.16659"></trkpt>
    <trkpt lat="38.64234" lon="-121.1663"></trkpt>
    <trkpt lat="38.64215" lon="-121.16214"></trkpt>
    <trkpt lat="38.64215" lon="-121.16203"></trkpt>
    <trkpt lat="38.64209" lon="-121.16051"></trkpt>
    <trkpt lat="38.64208" lon="-121.16042"></trkpt>
    <trkpt lat="38.64206" lon="-121.15998"></trkpt>
    <trkpt lat="38.64206" lon="-121.15983"></trkpt>
    <trkpt lat="38.64198" lon="-121.15819"></trkpt>
    <trkpt lat="38.64197" lon="-121.15778"></trkpt>
    <trkpt lat="38.64189" lon="-121.156"></trkpt>
    <trkpt lat="38.64189" lon="-121.15593"></trkpt>
    <trkpt lat="38.64183" lon="-121.15457"></trkpt>
    <trkpt lat="38.64182" lon="-121.15454"></trkpt>
    <trkpt lat="38.64182" lon="-121.15443"></trkpt>
    <trkpt lat="38.64179" lon="-121.15386"></trkpt>
    <trkpt lat="38.64179" lon="-121.15366"></trkpt>
    <trkpt lat="38.64178" lon="-121.15357"></trkpt>
    <trkpt lat="38.64174" lon="-121.15271"></trkpt>
    <trkpt lat="38.6417" lon="-121.15139"></trkpt>
    <trkpt lat="38.64168" lon="-121.15015"></trkpt>
    <trkpt lat="38.64168" lon="-121.14853"></trkpt>
    <trkpt lat="38.64169" lon="-121.1483"></trkpt>
    <trkpt lat="38.64169" lon="-121.14787"></trkpt>
    <trkpt lat="38.6417" lon="-121.14767"></trkpt>
    <trkpt lat="38.64171" lon="-121.14685"></trkpt>
    <trkpt lat="38.64172" lon="-121.14673"></trkpt>
    <trkpt lat="38.64174" lon="-121.14601"></trkpt>
    <trkpt lat="38.64175" lon="-121.14588"></trkpt>
    <trkpt lat="38.64175" lon="-121.14568"></trkpt>
    <trkpt lat="38.64178" lon="-121.14495"></trkpt>
    <trkpt lat="38.64179" lon="-121.14487"></trkpt>
    <trkpt lat="38.64179" lon="-121.14477"></trkpt>
    <trkpt lat="38.64188" lon="-121.14275"></trkpt>
    <trkpt lat="38.6419" lon="-121.14252"></trkpt>
    <trkpt lat="38.6419" lon="-121.14231"></trkpt>
    <trkpt lat="38.64193" lon="-121.14185"></trkpt>
    <trkpt lat="38.64194" lon="-121.14143"></trkpt>
    <trkpt lat="38.64195" lon="-121.14139"></trkpt>
    <trkpt lat="38.64196" lon="-121.14093"></trkpt>
    <trkpt lat="38.64203" lon="-121.13935"></trkpt>
    <trkpt lat="38.64205" lon="-121.13913"></trkpt>
    <trkpt lat="38.64215" lon="-121.13677"></trkpt>
    <trkpt lat="38.64216" lon="-121.13669"></trkpt>
    <trkpt lat="38.64223" lon="-121.13494"></trkpt>
    <trkpt lat="38.64225" lon="-121.13463"></trkpt>
    <trkpt lat="38.64225" lon="-121.13456"></trkpt>
    <trkpt lat="38.64233" lon="-121.13289"></trkpt>
    <trkpt lat="38.64233" lon="-121.13273"></trkpt>
    <trkpt lat="38.64235" lon="-121.13249"></trkpt>
    <trkpt lat="38.64235" lon="-121.13236"></trkpt>
    <trkpt lat="38.64243" lon="-121.13072"></trkpt>
    <trkpt lat="38.64244" lon="-121.13035"></trkpt>
    <trkpt lat="38.64245" lon="-121.13028"></trkpt>
    <trkpt lat="38.64246" lon="-121.12989"></trkpt>
    <trkpt lat="38.64247" lon="-121.12978"></trkpt>
    <trkpt lat="38.64247" lon="-121.1297"></trkpt>
    <trkpt lat="38.6428" lon="-121.12229"></trkpt>
    <trkpt lat="38.64281" lon="-121.12217"></trkpt>
    <trkpt lat="38.64281" lon="-121.12207"></trkpt>
    <trkpt lat="38.64282" lon="-121.12202"></trkpt>
    <trkpt lat="38.64282" lon="-121.12186"></trkpt>
    <trkpt lat="38.6429" lon="-121.12024"></trkpt>
    <trkpt lat="38.6429" lon="-121.12015"></trkpt>
    <trkpt lat="38.64291" lon="-121.12005"></trkpt>
    <trkpt lat="38.64298" lon="-121.11843"></trkpt>
    <trkpt lat="38.64298" lon="-121.11835"></trkpt>
    <trkpt lat="38.6431" lon="-121.11567"></trkpt>
    <trkpt lat="38.64311" lon="-121.1156"></trkpt>
    <trkpt lat="38.64311" lon="-121.11551"></trkpt>
    <trkpt lat="38.64316" lon="-121.11435"></trkpt>
    <trkpt lat="38.64317" lon="-121.11426"></trkpt>
    <trkpt lat="38.64319" lon="-121.11359"></trkpt>
    <trkpt lat="38.6432" lon="-121.11355"></trkpt>
    <trkpt lat="38.64327" lon="-121.11196"></trkpt>
    <trkpt lat="38.64327" lon="-121.11187"></trkpt>
    <trkpt lat="38.64329" lon="-121.11147"></trkpt>
    <trkpt lat="38.64329" lon="-121.11139"></trkpt>
    <trkpt lat="38.6433" lon="-121.11136"></trkpt>
    <trkpt lat="38.64332" lon="-121.11089"></trkpt>
    <trkpt lat="38.64332" lon="-121.1107"></trkpt>
    <trkpt lat="38.64336" lon="-121.10999"></trkpt>
    <trkpt lat="38.64337" lon="-121.10956"></trkpt>
    <trkpt lat="38.64342" lon="-121.10847"></trkpt>
    <trkpt lat="38.64343" lon="-121.10798"></trkpt>
    <trkpt lat="38.64356" lon="-121.10501"></trkpt>
    <trkpt lat="38.64357" lon="-121.10491"></trkpt>
    <trkpt lat="38.64383" lon="-121.099"></trkpt>
    <trkpt lat="38.64388" lon="-121.0984"></trkpt>
    <trkpt lat="38.64395" lon="-121.0978"></trkpt>
    <trkpt lat="38.64414" lon="-121.0968"></trkpt>
    <trkpt lat="38.64416" lon="-121.09674"></trkpt>
    <trkpt lat="38.64423" lon="-121.09643"></trkpt>
    <trkpt lat="38.64431" lon="-121.09614"></trkpt>
    <trkpt lat="38.64436" lon="-121.096"></trkpt>
    <trkpt lat="38.64442" lon="-121.09578"></trkpt>
    <trkpt lat="38.64558" lon="-121.0923"></trkpt>
    <trkpt lat="38.6456" lon="-121.09222"></trkpt>
    <trkpt lat="38.64596" lon="-121.09117"></trkpt>
    <trkpt lat="38.64598" lon="-121.09109"></trkpt>
    <trkpt lat="38.64639" lon="-121.0899"></trkpt>
    <trkpt lat="38.64641" lon="-121.08983"></trkpt>
    <trkpt lat="38.64671" lon="-121.08898"></trkpt>
    <trkpt lat="38.647" lon="-121.0881"></trkpt>
    <trkpt lat="38.64704" lon="-121.088"></trkpt>
    <trkpt lat="38.65064" lon="-121.0772"></trkpt>
    <trkpt lat="38.65072" lon="-121.07698"></trkpt>
    <trkpt lat="38.65079" lon="-121.07675"></trkpt>
    <trkpt lat="38.65087" lon="-121.07653"></trkpt>
    <trkpt lat="38.65088" lon="-121.07649"></trkpt>
    <trkpt lat="38.65098" lon="-121.07617"></trkpt>
    <trkpt lat="38.65102" lon="-121.07606"></trkpt>
    <trkpt lat="38.65122" lon="-121.07544"></trkpt>
    <trkpt lat="38.65126" lon="-121.07535"></trkpt>
    <trkpt lat="38.65127" lon="-121.07529"></trkpt>
    <trkpt lat="38.65142" lon="-121.07483"></trkpt>
    <trkpt lat="38.65148" lon="-121.07468"></trkpt>
    <trkpt lat="38.65149" lon="-121.07462"></trkpt>
    <trkpt lat="38.65177" lon="-121.07371"></trkpt>
    <trkpt lat="38.65198" lon="-121.07308"></trkpt>
    <trkpt lat="38.65216" lon="-121.07262"></trkpt>
    <trkpt lat="38.65217" lon="-121.07257"></trkpt>
    <trkpt lat="38.65218" lon="-121.07256"></trkpt>
    <trkpt lat="38.65239" lon="-121.07194"></trkpt>
    <trkpt lat="38.65243" lon="-121.0718"></trkpt>
    <trkpt lat="38.65334" lon="-121.06906"></trkpt>
    <trkpt lat="38.6534" lon="-121.0689"></trkpt>
    <trkpt lat="38.6538" lon="-121.06769"></trkpt>
    <trkpt lat="38.65381" lon="-121.06768"></trkpt>
    <trkpt lat="38.65381" lon="-121.06767"></trkpt>
    <trkpt lat="38.65386" lon="-121.06753"></trkpt>
    <trkpt lat="38.6539" lon="-121.06738"></trkpt>
    <trkpt lat="38.65396" lon="-121.06723"></trkpt>
    <trkpt lat="38.65408" lon="-121.06685"></trkpt>
    <trkpt lat="38.65415" lon="-121.06665"></trkpt>
    <trkpt lat="38.65416" lon="-121.06663"></trkpt>
    <trkpt lat="38.65421" lon="-121.06646"></trkpt>
    <trkpt lat="38.65446" lon="-121.06572"></trkpt>
    <trkpt lat="38.6545" lon="-121.06558"></trkpt>
    <trkpt lat="38.65451" lon="-121.06557"></trkpt>
    <trkpt lat="38.65487" lon="-121.06448"></trkpt>
    <trkpt lat="38.65493" lon="-121.06433"></trkpt>
    <trkpt lat="38.65514" lon="-121.0637"></trkpt>
    <trkpt lat="38.65518" lon="-121.06356"></trkpt>
    <trkpt lat="38.65553" lon="-121.06253"></trkpt>
    <trkpt lat="38.65557" lon="-121.06239"></trkpt>
    <trkpt lat="38.65563" lon="-121.06224"></trkpt>
    <trkpt lat="38.65604" lon="-121.06099"></trkpt>
    <trkpt lat="38.65604" lon="-121.06098"></trkpt>
    <trkpt lat="38.65678" lon="-121.05872"></trkpt>
    <trkpt lat="38.65684" lon="-121.05856"></trkpt>
    <trkpt lat="38.65721" lon="-121.05743"></trkpt>
    <trkpt lat="38.65723" lon="-121.05735"></trkpt>
    <trkpt lat="38.65731" lon="-121.05709"></trkpt>
    <trkpt lat="38.65738" lon="-121.05689"></trkpt>
    <trkpt lat="38.65751" lon="-121.05642"></trkpt>
    <trkpt lat="38.65754" lon="-121.05627"></trkpt>
    <trkpt lat="38.65764" lon="-121.05592"></trkpt>
    <trkpt lat="38.65765" lon="-121.05585"></trkpt>
    <trkpt lat="38.65767" lon="-121.05578"></trkpt>
    <trkpt lat="38.6577" lon="-121.05563"></trkpt>
    <trkpt lat="38.65771" lon="-121.05561"></trkpt>
    <trkpt lat="38.65777" lon="-121.05531"></trkpt>
    <trkpt lat="38.65781" lon="-121.05514"></trkpt>
    <trkpt lat="38.65786" lon="-121.05485"></trkpt>
    <trkpt lat="38.65787" lon="-121.05482"></trkpt>
    <trkpt lat="38.65795" lon="-121.05434"></trkpt>
    <trkpt lat="38.65806" lon="-121.05342"></trkpt>
    <trkpt lat="38.65809" lon="-121.05303"></trkpt>
    <trkpt lat="38.65811" lon="-121.05286"></trkpt>
    <trkpt lat="38.65811" lon="-121.05272"></trkpt>
    <trkpt lat="38.65813" lon="-121.05251"></trkpt>
    <trkpt lat="38.65814" lon="-121.05227"></trkpt>
    <trkpt lat="38.65815" lon="-121.05217"></trkpt>
    <trkpt lat="38.65815" lon="-121.05202"></trkpt>
    <trkpt lat="38.65817" lon="-121.05182"></trkpt>
    <trkpt lat="38.65817" lon="-121.05166"></trkpt>
    <trkpt lat="38.65821" lon="-121.05103"></trkpt>
    <trkpt lat="38.65821" lon="-121.05099"></trkpt>
    <trkpt lat="38.65822" lon="-121.05086"></trkpt>
    <trkpt lat="38.65822" lon="-121.05069"></trkpt>
    <trkpt lat="38.65823" lon="-121.05056"></trkpt>
    <trkpt lat="38.65823" lon="-121.05038"></trkpt>
    <trkpt lat="38.65824" lon="-121.05034"></trkpt>
    <trkpt lat="38.65824" lon="-121.0502"></trkpt>
    <trkpt lat="38.65825" lon="-121.05001"></trkpt>
    <trkpt lat="38.65825" lon="-121.04967"></trkpt>
    <trkpt lat="38.65826" lon="-121.04952"></trkpt>
    <trkpt lat="38.65825" lon="-121.04938"></trkpt>
    <trkpt lat="38.65825" lon="-121.0492"></trkpt>
    <trkpt lat="38.65823" lon="-121.04889"></trkpt>
    <trkpt lat="38.6582" lon="-121.04858"></trkpt>
    <trkpt lat="38.65819" lon="-121.04857"></trkpt>
    <trkpt lat="38.65819" lon="-121.04852"></trkpt>
    <trkpt lat="38.65816" lon="-121.04833"></trkpt>
    <trkpt lat="38.65816" lon="-121.0483"></trkpt>
    <trkpt lat="38.65815" lon="-121.04826"></trkpt>
    <trkpt lat="38.65815" lon="-121.04822"></trkpt>
    <trkpt lat="38.65814" lon="-121.04818"></trkpt>
    <trkpt lat="38.65812" lon="-121.04807"></trkpt>
    <trkpt lat="38.65806" lon="-121.04782"></trkpt>
    <trkpt lat="38.65805" lon="-121.04774"></trkpt>
    <trkpt lat="38.65801" lon="-121.0476"></trkpt>
    <trkpt lat="38.65798" lon="-121.04746"></trkpt>
    <trkpt lat="38.65794" lon="-121.04734"></trkpt>
    <trkpt lat="38.65793" lon="-121.04729"></trkpt>
    <trkpt lat="38.65785" lon="-121.04699"></trkpt>
    <trkpt lat="38.65783" lon="-121.04694"></trkpt>
    <trkpt lat="38.6578" lon="-121.04684"></trkpt>
    <trkpt lat="38.65758" lon="-121.04624"></trkpt>
    <trkpt lat="38.65745" lon="-121.04596"></trkpt>
    <trkpt lat="38.65743" lon="-121.04593"></trkpt>
    <trkpt lat="38.65723" lon="-121.04552"></trkpt>
    <trkpt lat="38.65714" lon="-121.04538"></trkpt>
    <trkpt lat="38.65709" lon="-121.04528"></trkpt>
    <trkpt lat="38.657" lon="-121.04513"></trkpt>
    <trkpt lat="38.65657" lon="-121.04453"></trkpt>
    <trkpt lat="38.65647" lon="-121.04441"></trkpt>
    <trkpt lat="38.65638" lon="-121.04429"></trkpt>
    <trkpt lat="38.65592" lon="-121.04372"></trkpt>
    <trkpt lat="38.65591" lon="-121.04371"></trkpt>
    <trkpt lat="38.65586" lon="-121.04364"></trkpt>
    <trkpt lat="38.65545" lon="-121.04313"></trkpt>
    <trkpt lat="38.65529" lon="-121.0429"></trkpt>
    <trkpt lat="38.65527" lon="-121.04288"></trkpt>
    <trkpt lat="38.6552" lon="-121.04276"></trkpt>
    <trkpt lat="38.65511" lon="-121.04262"></trkpt>
    <trkpt lat="38.65497" lon="-121.04237"></trkpt>
    <trkpt lat="38.65474" lon="-121.04192"></trkpt>
    <trkpt lat="38.65462" lon="-121.04165"></trkpt>
    <trkpt lat="38.65444" lon="-121.04113"></trkpt>
    <trkpt lat="38.65433" lon="-121.04076"></trkpt>
    <trkpt lat="38.65432" lon="-121.0407"></trkpt>
    <trkpt lat="38.65426" lon="-121.04048"></trkpt>
    <trkpt lat="38.65425" lon="-121.04042"></trkpt>
    <trkpt lat="38.65422" lon="-121.0403"></trkpt>
    <trkpt lat="38.6542" lon="-121.04014"></trkpt>
    <trkpt lat="38.65416" lon="-121.0399"></trkpt>
    <trkpt lat="38.65415" lon="-121.0398"></trkpt>
    <trkpt lat="38.65413" lon="-121.03968"></trkpt>
    <trkpt lat="38.65413" lon="-121.03963"></trkpt>
    <trkpt lat="38.65412" lon="-121.03948"></trkpt>
    <trkpt lat="38.6541" lon="-121.03931"></trkpt>
    <trkpt lat="38.6541" lon="-121.03912"></trkpt>
    <trkpt lat="38.65409" lon="-121.03899"></trkpt>
    <trkpt lat="38.65409" lon="-121.03882"></trkpt>
    <trkpt lat="38.6541" lon="-121.03865"></trkpt>
    <trkpt lat="38.6541" lon="-121.03848"></trkpt>
    <trkpt lat="38.65411" lon="-121.03831"></trkpt>
    <trkpt lat="38.65412" lon="-121.03826"></trkpt>
    <trkpt lat="38.65414" lon="-121.03801"></trkpt>
    <trkpt lat="38.65415" lon="-121.03796"></trkpt>
    <trkpt lat="38.65416" lon="-121.03783"></trkpt>
    <trkpt lat="38.65419" lon="-121.03763"></trkpt>
    <trkpt lat="38.65422" lon="-121.0375"></trkpt>
    <trkpt lat="38.65424" lon="-121.03736"></trkpt>
    <trkpt lat="38.65425" lon="-121.03735"></trkpt>
    <trkpt lat="38.65426" lon="-121.03727"></trkpt>
    <trkpt lat="38.65435" lon="-121.03691"></trkpt>
    <trkpt lat="38.65435" lon="-121.03689"></trkpt>
    <trkpt lat="38.6544" lon="-121.03671"></trkpt>
    <trkpt lat="38.65459" lon="-121.03591"></trkpt>
    <trkpt lat="38.65464" lon="-121.03574"></trkpt>
    <trkpt lat="38.65467" lon="-121.03559"></trkpt>
    <trkpt lat="38.65467" lon="-121.03558"></trkpt>
    <trkpt lat="38.65479" lon="-121.03514"></trkpt>
    <trkpt lat="38.65482" lon="-121.03499"></trkpt>
    <trkpt lat="38.65487" lon="-121.03482"></trkpt>
    <trkpt lat="38.65494" lon="-121.03453"></trkpt>
    <trkpt lat="38.65495" lon="-121.0345"></trkpt>
    <trkpt lat="38.65495" lon="-121.03449"></trkpt>
    <trkpt lat="38.65502" lon="-121.03421"></trkpt>
    <trkpt lat="38.65502" lon="-121.0342"></trkpt>
    <trkpt lat="38.65509" lon="-121.03385"></trkpt>
    <trkpt lat="38.65513" lon="-121.03357"></trkpt>
    <trkpt lat="38.65514" lon="-121.03355"></trkpt>
    <trkpt lat="38.65518" lon="-121.03329"></trkpt>
    <trkpt lat="38.6552" lon="-121.03306"></trkpt>
    <trkpt lat="38.65523" lon="-121.03282"></trkpt>
    <trkpt lat="38.65523" lon="-121.03276"></trkpt>
    <trkpt lat="38.65525" lon="-121.03258"></trkpt>
    <trkpt lat="38.65528" lon="-121.03209"></trkpt>
    <trkpt lat="38.65528" lon="-121.03164"></trkpt>
    <trkpt lat="38.65529" lon="-121.03159"></trkpt>
    <trkpt lat="38.65528" lon="-121.03141"></trkpt>
    <trkpt lat="38.65528" lon="-121.03086"></trkpt>
    <trkpt lat="38.65526" lon="-121.03013"></trkpt>
    <trkpt lat="38.65526" lon="-121.02985"></trkpt>
    <trkpt lat="38.65525" lon="-121.02965"></trkpt>
    <trkpt lat="38.65525" lon="-121.02927"></trkpt>
    <trkpt lat="38.65524" lon="-121.02905"></trkpt>
    <trkpt lat="38.65521" lon="-121.02677"></trkpt>
    <trkpt lat="38.65519" lon="-121.0261"></trkpt>
    <trkpt lat="38.65519" lon="-121.02553"></trkpt>
    <trkpt lat="38.65518" lon="-121.02531"></trkpt>
    <trkpt lat="38.65508" lon="-121.01866"></trkpt>
    <trkpt lat="38.65507" lon="-121.01852"></trkpt>
    <trkpt lat="38.65503" lon="-121.01657"></trkpt>
    <trkpt lat="38.65503" lon="-121.0154"></trkpt>
    <trkpt lat="38.65511" lon="-121.01397"></trkpt>
    <trkpt lat="38.65513" lon="-121.01379"></trkpt>
    <trkpt lat="38.65517" lon="-121.01312"></trkpt>
    <trkpt lat="38.65519" lon="-121.01295"></trkpt>
    <trkpt lat="38.65523" lon="-121.01228"></trkpt>
    <trkpt lat="38.65525" lon="-121.01212"></trkpt>
    <trkpt lat="38.65529" lon="-121.01144"></trkpt>
    <trkpt lat="38.65531" lon="-121.01128"></trkpt>
    <trkpt lat="38.65532" lon="-121.0111"></trkpt>
    <trkpt lat="38.65537" lon="-121.01062"></trkpt>
    <trkpt lat="38.65549" lon="-121.00893"></trkpt>
    <trkpt lat="38.65552" lon="-121.00862"></trkpt>
    <trkpt lat="38.65552" lon="-121.00855"></trkpt>
    <trkpt lat="38.65558" lon="-121.00771"></trkpt>
    <trkpt lat="38.65559" lon="-121.00747"></trkpt>
    <trkpt lat="38.65563" lon="-121.00703"></trkpt>
    <trkpt lat="38.65564" lon="-121.00677"></trkpt>
    <trkpt lat="38.65567" lon="-121.00647"></trkpt>
    <trkpt lat="38.65569" lon="-121.00615"></trkpt>
    <trkpt lat="38.65569" lon="-121.0061"></trkpt>
    <trkpt lat="38.65577" lon="-121.005"></trkpt>
    <trkpt lat="38.65578" lon="-121.00495"></trkpt>
    <trkpt lat="38.65579" lon="-121.00473"></trkpt>
    <trkpt lat="38.6558" lon="-121.00465"></trkpt>
    <trkpt lat="38.65581" lon="-121.0045"></trkpt>
    <trkpt lat="38.65581" lon="-121.00443"></trkpt>
    <trkpt lat="38.65596" lon="-121.00247"></trkpt>
    <trkpt lat="38.65609" lon="-121.00116"></trkpt>
    <trkpt lat="38.65611" lon="-121.00104"></trkpt>
    <trkpt lat="38.65614" lon="-121.00075"></trkpt>
    <trkpt lat="38.65615" lon="-121.0007"></trkpt>
    <trkpt lat="38.6562" lon="-121.0003"></trkpt>
    <trkpt lat="38.65644" lon="-120.99875"></trkpt>
    <trkpt lat="38.6565" lon="-120.99844"></trkpt>
    <trkpt lat="38.65684" lon="-120.99636"></trkpt>
    <trkpt lat="38.65685" lon="-120.99635"></trkpt>
    <trkpt lat="38.65717" lon="-120.9944"></trkpt>
    <trkpt lat="38.6572" lon="-120.99418"></trkpt>
    <trkpt lat="38.65722" lon="-120.9941"></trkpt>
    <trkpt lat="38.65727" lon="-120.99376"></trkpt>
    <trkpt lat="38.65728" lon="-120.99372"></trkpt>
    <trkpt lat="38.65731" lon="-120.9935"></trkpt>
    <trkpt lat="38.65731" lon="-120.99349"></trkpt>
    <trkpt lat="38.65735" lon="-120.99317"></trkpt>
    <trkpt lat="38.65741" lon="-120.9923"></trkpt>
    <trkpt lat="38.65741" lon="-120.99221"></trkpt>
    <trkpt lat="38.65742" lon="-120.99199"></trkpt>
    <trkpt lat="38.65742" lon="-120.99163"></trkpt>
    <trkpt lat="38.65741" lon="-120.99145"></trkpt>
    <trkpt lat="38.65741" lon="-120.9913"></trkpt>
    <trkpt lat="38.65739" lon="-120.99095"></trkpt>
    <trkpt lat="38.65707" lon="-120.9878"></trkpt>
    <trkpt lat="38.65703" lon="-120.9872"></trkpt>
    <trkpt lat="38.65703" lon="-120.98657"></trkpt>
    <trkpt lat="38.65706" lon="-120.98612"></trkpt>
    <trkpt lat="38.6571" lon="-120.98579"></trkpt>
    <trkpt lat="38.6571" lon="-120.98574"></trkpt>
    <trkpt lat="38.65721" lon="-120.98506"></trkpt>
    <trkpt lat="38.65724" lon="-120.98496"></trkpt>
    <trkpt lat="38.65727" lon="-120.9848"></trkpt>
    <trkpt lat="38.65744" lon="-120.98422"></trkpt>
    <trkpt lat="38.65878" lon="-120.98038"></trkpt>
    <trkpt lat="38.65891" lon="-120.98003"></trkpt>
    <trkpt lat="38.65896" lon="-120.97987"></trkpt>
    <trkpt lat="38.65907" lon="-120.97946"></trkpt>
    <trkpt lat="38.65908" lon="-120.97939"></trkpt>
    <trkpt lat="38.65913" lon="-120.9792"></trkpt>
    <trkpt lat="38.65913" lon="-120.97919"></trkpt>
    <trkpt lat="38.65921" lon="-120.97875"></trkpt>
    <trkpt lat="38.65923" lon="-120.97857"></trkpt>
    <trkpt lat="38.65927" lon="-120.9783"></trkpt>
    <trkpt lat="38.6593" lon="-120.97775"></trkpt>
    <trkpt lat="38.6593" lon="-120.97738"></trkpt>
    <trkpt lat="38.65931" lon="-120.97724"></trkpt>
    <trkpt lat="38.65931" lon="-120.97675"></trkpt>
    <trkpt lat="38.65932" lon="-120.9764"></trkpt>
    <trkpt lat="38.65932" lon="-120.97361"></trkpt>
    <trkpt lat="38.65933" lon="-120.97307"></trkpt>
    <trkpt lat="38.65933" lon="-120.97121"></trkpt>
    <trkpt lat="38.65934" lon="-120.97086"></trkpt>
    <trkpt lat="38.65934" lon="-120.97009"></trkpt>
    <trkpt lat="38.65935" lon="-120.96991"></trkpt>
    <trkpt lat="38.65935" lon="-120.96901"></trkpt>
    <trkpt lat="38.65936" lon="-120.96886"></trkpt>
    <trkpt lat="38.65936" lon="-120.96803"></trkpt>
    <trkpt lat="38.65937" lon="-120.96797"></trkpt>
    <trkpt lat="38.65938" lon="-120.96608"></trkpt>
    <trkpt lat="38.65939" lon="-120.96587"></trkpt>
    <trkpt lat="38.65939" lon="-120.96383"></trkpt>
    <trkpt lat="38.65941" lon="-120.96315"></trkpt>
    <trkpt lat="38.65941" lon="-120.96274"></trkpt>
    <trkpt lat="38.65942" lon="-120.96257"></trkpt>
    <trkpt lat="38.65942" lon="-120.96206"></trkpt>
    <trkpt lat="38.65943" lon="-120.96189"></trkpt>
    <trkpt lat="38.65943" lon="-120.96138"></trkpt>
    <trkpt lat="38.65944" lon="-120.96122"></trkpt>
    <trkpt lat="38.65944" lon="-120.96054"></trkpt>
    <trkpt lat="38.65945" lon="-120.96037"></trkpt>
    <trkpt lat="38.65945" lon="-120.95933"></trkpt>
    <trkpt lat="38.65946" lon="-120.95919"></trkpt>
    <trkpt lat="38.65946" lon="-120.9575"></trkpt>
    <trkpt lat="38.65947" lon="-120.95734"></trkpt>
    <trkpt lat="38.65947" lon="-120.95666"></trkpt>
    <trkpt lat="38.65948" lon="-120.95648"></trkpt>
    <trkpt lat="38.65948" lon="-120.95463"></trkpt>
    <trkpt lat="38.65949" lon="-120.95449"></trkpt>
    <trkpt lat="38.65949" lon="-120.95429"></trkpt>
    <trkpt lat="38.6595" lon="-120.95411"></trkpt>
    <trkpt lat="38.6595" lon="-120.95403"></trkpt>
    <trkpt lat="38.65951" lon="-120.95394"></trkpt>
    <trkpt lat="38.65953" lon="-120.95362"></trkpt>
    <trkpt lat="38.65953" lon="-120.95357"></trkpt>
    <trkpt lat="38.65955" lon="-120.95328"></trkpt>
    <trkpt lat="38.65957" lon="-120.95311"></trkpt>
    <trkpt lat="38.65958" lon="-120.95294"></trkpt>
    <trkpt lat="38.65959" lon="-120.95288"></trkpt>
    <trkpt lat="38.65961" lon="-120.95265"></trkpt>
    <trkpt lat="38.65961" lon="-120.9526"></trkpt>
    <trkpt lat="38.65969" lon="-120.95193"></trkpt>
    <trkpt lat="38.65976" lon="-120.95144"></trkpt>
    <trkpt lat="38.65979" lon="-120.95127"></trkpt>
    <trkpt lat="38.65981" lon="-120.95111"></trkpt>
    <trkpt lat="38.65993" lon="-120.95047"></trkpt>
    <trkpt lat="38.65994" lon="-120.95039"></trkpt>
    <trkpt lat="38.65996" lon="-120.95029"></trkpt>
    <trkpt lat="38.65999" lon="-120.95017"></trkpt>
    <trkpt lat="38.65999" lon="-120.95013"></trkpt>
    <trkpt lat="38.66001" lon="-120.95001"></trkpt>
    <trkpt lat="38.66003" lon="-120.94994"></trkpt>
    <trkpt lat="38.66006" lon="-120.9498"></trkpt>
    <trkpt lat="38.66007" lon="-120.94972"></trkpt>
    <trkpt lat="38.66009" lon="-120.94963"></trkpt>
    <trkpt lat="38.66011" lon="-120.9495"></trkpt>
    <trkpt lat="38.66012" lon="-120.94947"></trkpt>
    <trkpt lat="38.66021" lon="-120.94896"></trkpt>
    <trkpt lat="38.66024" lon="-120.94883"></trkpt>
    <trkpt lat="38.66025" lon="-120.9488"></trkpt>
    <trkpt lat="38.66037" lon="-120.94815"></trkpt>
    <trkpt lat="38.66037" lon="-120.94814"></trkpt>
    <trkpt lat="38.6604" lon="-120.94797"></trkpt>
    <trkpt lat="38.66041" lon="-120.94793"></trkpt>
    <trkpt lat="38.66081" lon="-120.94573"></trkpt>
    <trkpt lat="38.66082" lon="-120.94569"></trkpt>
    <trkpt lat="38.66082" lon="-120.94567"></trkpt>
    <trkpt lat="38.66085" lon="-120.9455"></trkpt>
    <trkpt lat="38.66089" lon="-120.94533"></trkpt>
    <trkpt lat="38.66122" lon="-120.94353"></trkpt>
    <trkpt lat="38.66126" lon="-120.94335"></trkpt>
    <trkpt lat="38.66128" lon="-120.94319"></trkpt>
    <trkpt lat="38.66132" lon="-120.94303"></trkpt>
    <trkpt lat="38.66156" lon="-120.94173"></trkpt>
    <trkpt lat="38.66151" lon="-120.94158"></trkpt>
    <trkpt lat="38.66152" lon="-120.94154"></trkpt>
    <trkpt lat="38.66152" lon="-120.94152"></trkpt>
    <trkpt lat="38.6616" lon="-120.94084"></trkpt>
    <trkpt lat="38.66161" lon="-120.94079"></trkpt>
    <trkpt lat="38.66161" lon="-120.94074"></trkpt>
    <trkpt lat="38.66162" lon="-120.94069"></trkpt>
    <trkpt lat="38.66166" lon="-120.94036"></trkpt>
    <trkpt lat="38.66166" lon="-120.94028"></trkpt>
    <trkpt lat="38.66167" lon="-120.94023"></trkpt>
    <trkpt lat="38.66167" lon="-120.93997"></trkpt>
    <trkpt lat="38.66164" lon="-120.93963"></trkpt>
    <trkpt lat="38.66162" lon="-120.93955"></trkpt>
    <trkpt lat="38.66161" lon="-120.93948"></trkpt>
    <trkpt lat="38.66151" lon="-120.9391"></trkpt>
    <trkpt lat="38.66145" lon="-120.93897"></trkpt>
    <trkpt lat="38.66138" lon="-120.93878"></trkpt>
    <trkpt lat="38.66131" lon="-120.9385"></trkpt>
    <trkpt lat="38.66127" lon="-120.93823"></trkpt>
    <trkpt lat="38.66127" lon="-120.93807"></trkpt>
    <trkpt lat="38.66128" lon="-120.93801"></trkpt>
    <trkpt lat="38.66128" lon="-120.93796"></trkpt>
    <trkpt lat="38.66129" lon="-120.93789"></trkpt>
    <trkpt lat="38.66129" lon="-120.93785"></trkpt>
    <trkpt lat="38.6613" lon="-120.93781"></trkpt>
    <trkpt lat="38.6613" lon="-120.93778"></trkpt>
    <trkpt lat="38.66131" lon="-120.93775"></trkpt>
    <trkpt lat="38.66131" lon="-120.93773"></trkpt>
    <trkpt lat="38.66137" lon="-120.93751"></trkpt>
    <trkpt lat="38.6614" lon="-120.93743"></trkpt>
    <trkpt lat="38.66141" lon="-120.93737"></trkpt>
    <trkpt lat="38.66143" lon="-120.93732"></trkpt>
    <trkpt lat="38.66145" lon="-120.93724"></trkpt>
    <trkpt lat="38.66151" lon="-120.93708"></trkpt>
    <trkpt lat="38.66192" lon="-120.93728"></trkpt>
    <trkpt lat="38.66151" lon="-120.93708"></trkpt>
    <trkpt lat="38.66169" lon="-120.93656"></trkpt>
    <trkpt lat="38.66176" lon="-120.93641"></trkpt>
    <trkpt lat="38.66176" lon="-120.9364"></trkpt>
    <trkpt lat="38.66179" lon="-120.93635"></trkpt>
    <trkpt lat="38.66183" lon="-120.93627"></trkpt>
    <trkpt lat="38.66185" lon="-120.93624"></trkpt>
    <trkpt lat="38.66186" lon="-120.93621"></trkpt>
    <trkpt lat="38.66188" lon="-120.93617"></trkpt>
    <trkpt lat="38.66197" lon="-120.93602"></trkpt>
    <trkpt lat="38.66203" lon="-120.93599"></trkpt>
    <trkpt lat="38.66206" lon="-120.93594"></trkpt>
    <trkpt lat="38.66212" lon="-120.93586"></trkpt>
    <trkpt lat="38.66239" lon="-120.93557"></trkpt>
    <trkpt lat="38.6624" lon="-120.93555"></trkpt>
    <trkpt lat="38.66255" lon="-120.93539"></trkpt>
    <trkpt lat="38.66259" lon="-120.93534"></trkpt>
    <trkpt lat="38.66262" lon="-120.93532"></trkpt>
    <trkpt lat="38.66264" lon="-120.93529"></trkpt>
    <trkpt lat="38.66268" lon="-120.93525"></trkpt>
    <trkpt lat="38.66272" lon="-120.93519"></trkpt>
    <trkpt lat="38.66276" lon="-120.93514"></trkpt>
    <trkpt lat="38.66285" lon="-120.935"></trkpt>
    <trkpt lat="38.66288" lon="-120.93494"></trkpt>
    <trkpt lat="38.66296" lon="-120.93482"></trkpt>
    <trkpt lat="38.66298" lon="-120.93477"></trkpt>
    <trkpt lat="38.66302" lon="-120.93469"></trkpt>
    <trkpt lat="38.66305" lon="-120.93462"></trkpt>
    <trkpt lat="38.66309" lon="-120.93454"></trkpt>
    <trkpt lat="38.6631" lon="-120.9345"></trkpt>
    <trkpt lat="38.66312" lon="-120.93447"></trkpt>
    <trkpt lat="38.66314" lon="-120.9344"></trkpt>
    <trkpt lat="38.66317" lon="-120.93433"></trkpt>
    <trkpt lat="38.66317" lon="-120.93432"></trkpt>
    <trkpt lat="38.66319" lon="-120.93423"></trkpt>
    <trkpt lat="38.66322" lon="-120.93416"></trkpt>
    <trkpt lat="38.66323" lon="-120.93408"></trkpt>
    <trkpt lat="38.66324" lon="-120.93406"></trkpt>
    <trkpt lat="38.66325" lon="-120.93399"></trkpt>
    <trkpt lat="38.66328" lon="-120.9339"></trkpt>
    <trkpt lat="38.66329" lon="-120.93383"></trkpt>
    <trkpt lat="38.66334" lon="-120.93361"></trkpt>
    <trkpt lat="38.66337" lon="-120.93345"></trkpt>
    <trkpt lat="38.66345" lon="-120.9331"></trkpt>
    <trkpt lat="38.66347" lon="-120.93304"></trkpt>
    <trkpt lat="38.66352" lon="-120.93283"></trkpt>
    <trkpt lat="38.66355" lon="-120.93266"></trkpt>
    <trkpt lat="38.66357" lon="-120.93261"></trkpt>
    <trkpt lat="38.6637" lon="-120.93211"></trkpt>
    <trkpt lat="38.66409" lon="-120.93088"></trkpt>
    <trkpt lat="38.66443" lon="-120.92995"></trkpt>
    <trkpt lat="38.66457" lon="-120.92952"></trkpt>
    <trkpt lat="38.66513" lon="-120.92803"></trkpt>
    <trkpt lat="38.66522" lon="-120.92775"></trkpt>
    <trkpt lat="38.66539" lon="-120.9273"></trkpt>
    <trkpt lat="38.66602" lon="-120.92549"></trkpt>
    <trkpt lat="38.6661" lon="-120.92529"></trkpt>
    <trkpt lat="38.66686" lon="-120.92313"></trkpt>
    <trkpt lat="38.66693" lon="-120.92296"></trkpt>
    <trkpt lat="38.66702" lon="-120.92267"></trkpt>
    <trkpt lat="38.66718" lon="-120.92204"></trkpt>
    <trkpt lat="38.66718" lon="-120.92201"></trkpt>
    <trkpt lat="38.66719" lon="-120.92199"></trkpt>
    <trkpt lat="38.66729" lon="-120.92135"></trkpt>
    <trkpt lat="38.6673" lon="-120.92133"></trkpt>
    <trkpt lat="38.66735" lon="-120.92068"></trkpt>
    <trkpt lat="38.66736" lon="-120.92065"></trkpt>
    <trkpt lat="38.66748" lon="-120.91807"></trkpt>
    <trkpt lat="38.66787" lon="-120.91809"></trkpt>
    <trkpt lat="38.66793" lon="-120.9181"></trkpt>
    <trkpt lat="38.668" lon="-120.91808"></trkpt>
    <trkpt lat="38.66807" lon="-120.91803"></trkpt>
    <trkpt lat="38.66811" lon="-120.91797"></trkpt>
    <trkpt lat="38.66815" lon="-120.9179"></trkpt>
    <trkpt lat="38.66817" lon="-120.91779"></trkpt>
    <trkpt lat="38.6682" lon="-120.91766"></trkpt>
    <trkpt lat="38.66822" lon="-120.91754"></trkpt>
    <trkpt lat="38.66822" lon="-120.91753"></trkpt>
    <trkpt lat="38.6683" lon="-120.91712"></trkpt>
    <trkpt lat="38.66831" lon="-120.91709"></trkpt>
    <trkpt lat="38.66832" lon="-120.91703"></trkpt>
    <trkpt lat="38.66846" lon="-120.91638"></trkpt>
    <trkpt lat="38.66846" lon="-120.91637"></trkpt>
    <trkpt lat="38.66852" lon="-120.91616"></trkpt>
    <trkpt lat="38.66852" lon="-120.91615"></trkpt>
    <trkpt lat="38.66862" lon="-120.91582"></trkpt>
    <trkpt lat="38.66866" lon="-120.91572"></trkpt>
    <trkpt lat="38.66898" lon="-120.9148"></trkpt>
    <trkpt lat="38.66898" lon="-120.91478"></trkpt>
    <trkpt lat="38.66906" lon="-120.91448"></trkpt>
    <trkpt lat="38.66909" lon="-120.91432"></trkpt>
    <trkpt lat="38.66911" lon="-120.91416"></trkpt>
    <trkpt lat="38.66912" lon="-120.91414"></trkpt>
    <trkpt lat="38.66915" lon="-120.9139"></trkpt>
    <trkpt lat="38.66915" lon="-120.91379"></trkpt>
    <trkpt lat="38.66916" lon="-120.91366"></trkpt>
    <trkpt lat="38.66916" lon="-120.91353"></trkpt>
    <trkpt lat="38.66919" lon="-120.9131"></trkpt>
    <trkpt lat="38.66937" lon="-120.9131"></trkpt>
    <trkpt lat="38.66939" lon="-120.91311"></trkpt>
    <trkpt lat="38.67075" lon="-120.91318"></trkpt>
    <trkpt lat="38.67089" lon="-120.91318"></trkpt>
    <trkpt lat="38.67156" lon="-120.91322"></trkpt>
    <trkpt lat="38.67259" lon="-120.9133"></trkpt>
    <trkpt lat="38.67288" lon="-120.9133"></trkpt>
    <trkpt lat="38.67304" lon="-120.91329"></trkpt>
    <trkpt lat="38.67334" lon="-120.91322"></trkpt>
    <trkpt lat="38.67336" lon="-120.91321"></trkpt>
    <trkpt lat="38.67344" lon="-120.91318"></trkpt>
    <trkpt lat="38.67351" lon="-120.91316"></trkpt>
    <trkpt lat="38.67365" lon="-120.9131"></trkpt>
    <trkpt lat="38.67378" lon="-120.91306"></trkpt>
    <trkpt lat="38.67386" lon="-120.91303"></trkpt>
    <trkpt lat="38.67408" lon="-120.91296"></trkpt>
    <trkpt lat="38.67426" lon="-120.91289"></trkpt>
    <trkpt lat="38.67446" lon="-120.91285"></trkpt>
    <trkpt lat="38.67447" lon="-120.91284"></trkpt>
    <trkpt lat="38.67457" lon="-120.91283"></trkpt>
    <trkpt lat="38.67466" lon="-120.91281"></trkpt>
    <trkpt lat="38.67477" lon="-120.9128"></trkpt>
    <trkpt lat="38.6751" lon="-120.9128"></trkpt>
    <trkpt lat="38.67527" lon="-120.91282"></trkpt>
    <trkpt lat="38.67555" lon="-120.9129"></trkpt>
    <trkpt lat="38.67581" lon="-120.91301"></trkpt>
    <trkpt lat="38.67601" lon="-120.91314"></trkpt>
    <trkpt lat="38.67608" lon="-120.91318"></trkpt>
    <trkpt lat="38.67694" lon="-120.91385"></trkpt>
    <trkpt lat="38.67745" lon="-120.91423"></trkpt>
    <trkpt lat="38.67753" lon="-120.91428"></trkpt>
    <trkpt lat="38.67757" lon="-120.91431"></trkpt>
    <trkpt lat="38.67774" lon="-120.9144"></trkpt>
    <trkpt lat="38.67784" lon="-120.91444"></trkpt>
    <trkpt lat="38.6779" lon="-120.91447"></trkpt>
    <trkpt lat="38.67808" lon="-120.91453"></trkpt>
    <trkpt lat="38.67846" lon="-120.91464"></trkpt>
    <trkpt lat="38.67848" lon="-120.91464"></trkpt>
    <trkpt lat="38.6785" lon="-120.91465"></trkpt>
    <trkpt lat="38.67861" lon="-120.91467"></trkpt>
    <trkpt lat="38.6788" lon="-120.91472"></trkpt>
    <trkpt lat="38.67899" lon="-120.91475"></trkpt>
    <trkpt lat="38.67901" lon="-120.91476"></trkpt>
    <trkpt lat="38.67957" lon="-120.91486"></trkpt>
    <trkpt lat="38.68" lon="-120.91452"></trkpt>
    <trkpt lat="38.68003" lon="-120.9145"></trkpt>
    <trkpt lat="38.68005" lon="-120.91448"></trkpt>
    <trkpt lat="38.68015" lon="-120.9144"></trkpt>
    <trkpt lat="38.68018" lon="-120.91438"></trkpt>
    <trkpt lat="38.68052" lon="-120.91412"></trkpt>
    <trkpt lat="38.6808" lon="-120.91389"></trkpt>
    <trkpt lat="38.68095" lon="-120.91379"></trkpt>
    <trkpt lat="38.68151" lon="-120.91336"></trkpt>
    <trkpt lat="38.68159" lon="-120.91329"></trkpt>
    <trkpt lat="38.68174" lon="-120.91317"></trkpt>
    <trkpt lat="38.68179" lon="-120.91312"></trkpt>
    <trkpt lat="38.6818" lon="-120.91312"></trkpt>
    <trkpt lat="38.68184" lon="-120.91308"></trkpt>
    <trkpt lat="38.68192" lon="-120.91301"></trkpt>
    <trkpt lat="38.68201" lon="-120.91292"></trkpt>
    <trkpt lat="38.68209" lon="-120.91285"></trkpt>
    <trkpt lat="38.68283" lon="-120.91213"></trkpt>
    <trkpt lat="38.68289" lon="-120.91208"></trkpt>
    <trkpt lat="38.68301" lon="-120.91208"></trkpt>
    <trkpt lat="38.68338" lon="-120.91171"></trkpt>
    <trkpt lat="38.68352" lon="-120.91156"></trkpt>
    <trkpt lat="38.68354" lon="-120.91155"></trkpt>
    <trkpt lat="38.68378" lon="-120.91131"></trkpt>
    <trkpt lat="38.68382" lon="-120.91126"></trkpt>
    <trkpt lat="38.68435" lon="-120.91074"></trkpt>
    <trkpt lat="38.68575" lon="-120.9093"></trkpt>
    <trkpt lat="38.68578" lon="-120.90928"></trkpt>
    <trkpt lat="38.68607" lon="-120.90899"></trkpt>
    <trkpt lat="38.68618" lon="-120.90887"></trkpt>
    <trkpt lat="38.68705" lon="-120.90798"></trkpt>
    <trkpt lat="38.68773" lon="-120.90731"></trkpt>
    <trkpt lat="38.68775" lon="-120.90728"></trkpt>
    <trkpt lat="38.68776" lon="-120.90727"></trkpt>
    <trkpt lat="38.68777" lon="-120.90727"></trkpt>
    <trkpt lat="38.68785" lon="-120.90718"></trkpt>
    <trkpt lat="38.68787" lon="-120.90717"></trkpt>
    <trkpt lat="38.68809" lon="-120.90694"></trkpt>
    <trkpt lat="38.6881" lon="-120.90692"></trkpt>
    <trkpt lat="38.68835" lon="-120.90667"></trkpt>
    <trkpt lat="38.68842" lon="-120.90658"></trkpt>
    <trkpt lat="38.68853" lon="-120.90647"></trkpt>
    <trkpt lat="38.6889" lon="-120.90604"></trkpt>
    <trkpt lat="38.68936" lon="-120.90548"></trkpt>
    <trkpt lat="38.68964" lon="-120.9051"></trkpt>
    <trkpt lat="38.68965" lon="-120.90508"></trkpt>
    <trkpt lat="38.68971" lon="-120.905"></trkpt>
    <trkpt lat="38.68977" lon="-120.9049"></trkpt>
    <trkpt lat="38.69008" lon="-120.90446"></trkpt>
    <trkpt lat="38.69024" lon="-120.90421"></trkpt>
    <trkpt lat="38.69054" lon="-120.9037"></trkpt>
    <trkpt lat="38.69058" lon="-120.90364"></trkpt>
    <trkpt lat="38.69068" lon="-120.90345"></trkpt>
    <trkpt lat="38.69079" lon="-120.90327"></trkpt>
    <trkpt lat="38.69101" lon="-120.90286"></trkpt>
    <trkpt lat="38.69115" lon="-120.90258"></trkpt>
    <trkpt lat="38.69127" lon="-120.90232"></trkpt>
    <trkpt lat="38.6913" lon="-120.90227"></trkpt>
    <trkpt lat="38.6917" lon="-120.90129"></trkpt>
    <trkpt lat="38.69181" lon="-120.90098"></trkpt>
    <trkpt lat="38.69203" lon="-120.90042"></trkpt>
    <trkpt lat="38.6921" lon="-120.90019"></trkpt>
    <trkpt lat="38.69241" lon="-120.89941"></trkpt>
    <trkpt lat="38.6925" lon="-120.89923"></trkpt>
    <trkpt lat="38.6935" lon="-120.89668"></trkpt>
    <trkpt lat="38.69351" lon="-120.89666"></trkpt>
    <trkpt lat="38.69386" lon="-120.89576"></trkpt>
    <trkpt lat="38.69387" lon="-120.89574"></trkpt>
    <trkpt lat="38.69393" lon="-120.89559"></trkpt>
    <trkpt lat="38.69394" lon="-120.89555"></trkpt>
    <trkpt lat="38.69416" lon="-120.895"></trkpt>
    <trkpt lat="38.69427" lon="-120.8947"></trkpt>
    <trkpt lat="38.69434" lon="-120.89454"></trkpt>
    <trkpt lat="38.6944" lon="-120.89438"></trkpt>
    <trkpt lat="38.69446" lon="-120.89424"></trkpt>
    <trkpt lat="38.69451" lon="-120.8941"></trkpt>
    <trkpt lat="38.69453" lon="-120.89403"></trkpt>
    <trkpt lat="38.69457" lon="-120.89394"></trkpt>
    <trkpt lat="38.69473" lon="-120.89348"></trkpt>
    <trkpt lat="38.69487" lon="-120.89302"></trkpt>
    <trkpt lat="38.69493" lon="-120.89285"></trkpt>
    <trkpt lat="38.69497" lon="-120.89271"></trkpt>
    <trkpt lat="38.69497" lon="-120.89269"></trkpt>
    <trkpt lat="38.69501" lon="-120.89254"></trkpt>
    <trkpt lat="38.69506" lon="-120.89239"></trkpt>
    <trkpt lat="38.69534" lon="-120.89124"></trkpt>
    <trkpt lat="38.69552" lon="-120.89027"></trkpt>
    <trkpt lat="38.69559" lon="-120.88977"></trkpt>
    <trkpt lat="38.69562" lon="-120.8896"></trkpt>
    <trkpt lat="38.6957" lon="-120.88893"></trkpt>
    <trkpt lat="38.69571" lon="-120.88876"></trkpt>
    <trkpt lat="38.69573" lon="-120.8886"></trkpt>
    <trkpt lat="38.69579" lon="-120.88759"></trkpt>
    <trkpt lat="38.69579" lon="-120.88744"></trkpt>
    <trkpt lat="38.6958" lon="-120.88736"></trkpt>
    <trkpt lat="38.6958" lon="-120.88699"></trkpt>
    <trkpt lat="38.69581" lon="-120.88676"></trkpt>
    <trkpt lat="38.69581" lon="-120.88626"></trkpt>
    <trkpt lat="38.69582" lon="-120.88593"></trkpt>
    <trkpt lat="38.69582" lon="-120.88538"></trkpt>
    <trkpt lat="38.69583" lon="-120.88524"></trkpt>
    <trkpt lat="38.69583" lon="-120.88489"></trkpt>
    <trkpt lat="38.69585" lon="-120.88456"></trkpt>
    <trkpt lat="38.69585" lon="-120.88439"></trkpt>
    <trkpt lat="38.69586" lon="-120.88428"></trkpt>
    <trkpt lat="38.69587" lon="-120.88405"></trkpt>
    <trkpt lat="38.69593" lon="-120.88337"></trkpt>
    <trkpt lat="38.69601" lon="-120.88269"></trkpt>
    <trkpt lat="38.69609" lon="-120.88217"></trkpt>
    <trkpt lat="38.6961" lon="-120.88206"></trkpt>
    <trkpt lat="38.69622" lon="-120.8814"></trkpt>
    <trkpt lat="38.69622" lon="-120.88139"></trkpt>
    <trkpt lat="38.69628" lon="-120.88108"></trkpt>
    <trkpt lat="38.69634" lon="-120.88082"></trkpt>
    <trkpt lat="38.69635" lon="-120.88075"></trkpt>
    <trkpt lat="38.69639" lon="-120.8806"></trkpt>
    <trkpt lat="38.6965" lon="-120.88012"></trkpt>
    <trkpt lat="38.69651" lon="-120.8801"></trkpt>
    <trkpt lat="38.69668" lon="-120.87946"></trkpt>
    <trkpt lat="38.69678" lon="-120.87915"></trkpt>
    <trkpt lat="38.69682" lon="-120.87899"></trkpt>
    <trkpt lat="38.69703" lon="-120.87836"></trkpt>
    <trkpt lat="38.69714" lon="-120.87806"></trkpt>
    <trkpt lat="38.69719" lon="-120.8779"></trkpt>
    <trkpt lat="38.69725" lon="-120.87775"></trkpt>
    <trkpt lat="38.69735" lon="-120.87744"></trkpt>
    <trkpt lat="38.69757" lon="-120.87683"></trkpt>
    <trkpt lat="38.69778" lon="-120.8762"></trkpt>
    <trkpt lat="38.69783" lon="-120.87607"></trkpt>
    <trkpt lat="38.6979" lon="-120.87586"></trkpt>
    <trkpt lat="38.69805" lon="-120.87545"></trkpt>
    <trkpt lat="38.6981" lon="-120.87529"></trkpt>
    <trkpt lat="38.69816" lon="-120.87513"></trkpt>
    <trkpt lat="38.69858" lon="-120.8739"></trkpt>
    <trkpt lat="38.69862" lon="-120.8738"></trkpt>
    <trkpt lat="38.69863" lon="-120.87374"></trkpt>
    <trkpt lat="38.69869" lon="-120.87359"></trkpt>
    <trkpt lat="38.69893" lon="-120.87288"></trkpt>
    <trkpt lat="38.69898" lon="-120.87275"></trkpt>
    <trkpt lat="38.69911" lon="-120.87236"></trkpt>
    <trkpt lat="38.69917" lon="-120.87221"></trkpt>
    <trkpt lat="38.6992" lon="-120.87211"></trkpt>
    <trkpt lat="38.69922" lon="-120.87206"></trkpt>
    <trkpt lat="38.69927" lon="-120.8719"></trkpt>
    <trkpt lat="38.69933" lon="-120.87175"></trkpt>
    <trkpt lat="38.69943" lon="-120.87144"></trkpt>
    <trkpt lat="38.69946" lon="-120.87137"></trkpt>
    <trkpt lat="38.70072" lon="-120.86773"></trkpt>
    <trkpt lat="38.70075" lon="-120.86766"></trkpt>
    <trkpt lat="38.70131" lon="-120.86603"></trkpt>
    <trkpt lat="38.70154" lon="-120.8654"></trkpt>
    <trkpt lat="38.70174" lon="-120.8648"></trkpt>
    <trkpt lat="38.7018" lon="-120.86465"></trkpt>
    <trkpt lat="38.70185" lon="-120.86449"></trkpt>
    <trkpt lat="38.70191" lon="-120.86433"></trkpt>
    <trkpt lat="38.70201" lon="-120.86403"></trkpt>
    <trkpt lat="38.70207" lon="-120.86388"></trkpt>
    <trkpt lat="38.70209" lon="-120.8638"></trkpt>
    <trkpt lat="38.70218" lon="-120.86356"></trkpt>
    <trkpt lat="38.70238" lon="-120.86295"></trkpt>
    <trkpt lat="38.70422" lon="-120.85765"></trkpt>
    <trkpt lat="38.70426" lon="-120.85751"></trkpt>
    <trkpt lat="38.70473" lon="-120.85617"></trkpt>
    <trkpt lat="38.70474" lon="-120.85613"></trkpt>
    <trkpt lat="38.70501" lon="-120.85536"></trkpt>
    <trkpt lat="38.70502" lon="-120.85534"></trkpt>
    <trkpt lat="38.70534" lon="-120.85441"></trkpt>
    <trkpt lat="38.70545" lon="-120.85412"></trkpt>
    <trkpt lat="38.70586" lon="-120.8529"></trkpt>
    <trkpt lat="38.70592" lon="-120.85274"></trkpt>
    <trkpt lat="38.70598" lon="-120.85256"></trkpt>
    <trkpt lat="38.70603" lon="-120.85243"></trkpt>
    <trkpt lat="38.70617" lon="-120.85201"></trkpt>
    <trkpt lat="38.70619" lon="-120.85197"></trkpt>
    <trkpt lat="38.70643" lon="-120.85127"></trkpt>
    <trkpt lat="38.70646" lon="-120.8512"></trkpt>
    <trkpt lat="38.70651" lon="-120.85104"></trkpt>
    <trkpt lat="38.70662" lon="-120.85074"></trkpt>
    <trkpt lat="38.70667" lon="-120.85058"></trkpt>
    <trkpt lat="38.70673" lon="-120.85042"></trkpt>
    <trkpt lat="38.7069" lon="-120.84991"></trkpt>
    <trkpt lat="38.70694" lon="-120.84982"></trkpt>
    <trkpt lat="38.70704" lon="-120.84952"></trkpt>
    <trkpt lat="38.70705" lon="-120.84948"></trkpt>
    <trkpt lat="38.70747" lon="-120.84828"></trkpt>
    <trkpt lat="38.70752" lon="-120.84812"></trkpt>
    <trkpt lat="38.70789" lon="-120.84706"></trkpt>
    <trkpt lat="38.70799" lon="-120.84672"></trkpt>
    <trkpt lat="38.70804" lon="-120.84658"></trkpt>
    <trkpt lat="38.70813" lon="-120.84627"></trkpt>
    <trkpt lat="38.70825" lon="-120.84578"></trkpt>
    <trkpt lat="38.7083" lon="-120.84562"></trkpt>
    <trkpt lat="38.70833" lon="-120.84546"></trkpt>
    <trkpt lat="38.70837" lon="-120.84531"></trkpt>
    <trkpt lat="38.70856" lon="-120.84449"></trkpt>
    <trkpt lat="38.70857" lon="-120.84443"></trkpt>
    <trkpt lat="38.7086" lon="-120.84434"></trkpt>
    <trkpt lat="38.70864" lon="-120.84418"></trkpt>
    <trkpt lat="38.70867" lon="-120.84403"></trkpt>
    <trkpt lat="38.70871" lon="-120.84388"></trkpt>
    <trkpt lat="38.70875" lon="-120.8437"></trkpt>
    <trkpt lat="38.70887" lon="-120.84324"></trkpt>
    <trkpt lat="38.70888" lon="-120.84318"></trkpt>
    <trkpt lat="38.70891" lon="-120.84311"></trkpt>
    <trkpt lat="38.70892" lon="-120.84306"></trkpt>
    <trkpt lat="38.70901" lon="-120.84275"></trkpt>
    <trkpt lat="38.70904" lon="-120.84268"></trkpt>
    <trkpt lat="38.70906" lon="-120.8426"></trkpt>
    <trkpt lat="38.70911" lon="-120.84247"></trkpt>
    <trkpt lat="38.70912" lon="-120.84245"></trkpt>
    <trkpt lat="38.70918" lon="-120.84228"></trkpt>
    <trkpt lat="38.70936" lon="-120.84185"></trkpt>
    <trkpt lat="38.70954" lon="-120.84146"></trkpt>
    <trkpt lat="38.70974" lon="-120.84108"></trkpt>
    <trkpt lat="38.71011" lon="-120.84049"></trkpt>
    <trkpt lat="38.71041" lon="-120.84008"></trkpt>
    <trkpt lat="38.71049" lon="-120.83999"></trkpt>
    <trkpt lat="38.71054" lon="-120.83992"></trkpt>
    <trkpt lat="38.71058" lon="-120.83988"></trkpt>
    <trkpt lat="38.71066" lon="-120.83978"></trkpt>
    <trkpt lat="38.71071" lon="-120.83973"></trkpt>
    <trkpt lat="38.71077" lon="-120.83966"></trkpt>
    <trkpt lat="38.71081" lon="-120.83962"></trkpt>
    <trkpt lat="38.71086" lon="-120.83956"></trkpt>
    <trkpt lat="38.71098" lon="-120.83945"></trkpt>
    <trkpt lat="38.71109" lon="-120.83933"></trkpt>
    <trkpt lat="38.7114" lon="-120.83905"></trkpt>
    <trkpt lat="38.71174" lon="-120.83878"></trkpt>
    <trkpt lat="38.71196" lon="-120.83863"></trkpt>
    <trkpt lat="38.71198" lon="-120.83862"></trkpt>
    <trkpt lat="38.71222" lon="-120.83846"></trkpt>
    <trkpt lat="38.71261" lon="-120.83824"></trkpt>
    <trkpt lat="38.7133" lon="-120.83788"></trkpt>
    <trkpt lat="38.71373" lon="-120.83767"></trkpt>
    <trkpt lat="38.71401" lon="-120.83752"></trkpt>
    <trkpt lat="38.71404" lon="-120.8375"></trkpt>
    <trkpt lat="38.71416" lon="-120.83744"></trkpt>
    <trkpt lat="38.71421" lon="-120.83742"></trkpt>
    <trkpt lat="38.71422" lon="-120.83742"></trkpt>
    <trkpt lat="38.71445" lon="-120.83732"></trkpt>
    <trkpt lat="38.71455" lon="-120.83727"></trkpt>
    <trkpt lat="38.71487" lon="-120.83714"></trkpt>
    <trkpt lat="38.71507" lon="-120.83705"></trkpt>
    <trkpt lat="38.71513" lon="-120.83703"></trkpt>
    <trkpt lat="38.7153" lon="-120.83696"></trkpt>
    <trkpt lat="38.71547" lon="-120.8369"></trkpt>
    <trkpt lat="38.71662" lon="-120.83644"></trkpt>
    <trkpt lat="38.71663" lon="-120.83644"></trkpt>
    <trkpt lat="38.71679" lon="-120.83637"></trkpt>
    <trkpt lat="38.71919" lon="-120.83544"></trkpt>
    <trkpt lat="38.71944" lon="-120.83533"></trkpt>
    <trkpt lat="38.71977" lon="-120.83517"></trkpt>
    <trkpt lat="38.71987" lon="-120.83511"></trkpt>
    <trkpt lat="38.71997" lon="-120.83504"></trkpt>
    <trkpt lat="38.72005" lon="-120.83499"></trkpt>
    <trkpt lat="38.72013" lon="-120.83493"></trkpt>
    <trkpt lat="38.72035" lon="-120.83474"></trkpt>
    <trkpt lat="38.72055" lon="-120.83455"></trkpt>
    <trkpt lat="38.72061" lon="-120.8345"></trkpt>
    <trkpt lat="38.72067" lon="-120.83444"></trkpt>
    <trkpt lat="38.72084" lon="-120.83423"></trkpt>
    <trkpt lat="38.72092" lon="-120.8341"></trkpt>
    <trkpt lat="38.72101" lon="-120.83398"></trkpt>
    <trkpt lat="38.72109" lon="-120.83385"></trkpt>
    <trkpt lat="38.72127" lon="-120.83349"></trkpt>
    <trkpt lat="38.72134" lon="-120.83332"></trkpt>
    <trkpt lat="38.72225" lon="-120.83065"></trkpt>
    <trkpt lat="38.72231" lon="-120.8305"></trkpt>
    <trkpt lat="38.72234" lon="-120.8304"></trkpt>
    <trkpt lat="38.72244" lon="-120.83014"></trkpt>
    <trkpt lat="38.72248" lon="-120.83006"></trkpt>
    <trkpt lat="38.72253" lon="-120.82993"></trkpt>
    <trkpt lat="38.72254" lon="-120.82992"></trkpt>
    <trkpt lat="38.72259" lon="-120.8298"></trkpt>
    <trkpt lat="38.72269" lon="-120.8296"></trkpt>
    <trkpt lat="38.72271" lon="-120.82957"></trkpt>
    <trkpt lat="38.72272" lon="-120.82954"></trkpt>
    <trkpt lat="38.72294" lon="-120.82915"></trkpt>
    <trkpt lat="38.72301" lon="-120.82905"></trkpt>
    <trkpt lat="38.72323" lon="-120.82871"></trkpt>
    <trkpt lat="38.72329" lon="-120.82863"></trkpt>
    <trkpt lat="38.72333" lon="-120.82857"></trkpt>
    <trkpt lat="38.72361" lon="-120.82822"></trkpt>
    <trkpt lat="38.7239" lon="-120.8279"></trkpt>
    <trkpt lat="38.72396" lon="-120.82784"></trkpt>
    <trkpt lat="38.72424" lon="-120.8276"></trkpt>
    <trkpt lat="38.72467" lon="-120.8272"></trkpt>
    <trkpt lat="38.72479" lon="-120.8271"></trkpt>
    <trkpt lat="38.72499" lon="-120.82692"></trkpt>
    <trkpt lat="38.72511" lon="-120.82683"></trkpt>
    <trkpt lat="38.72561" lon="-120.82639"></trkpt>
    <trkpt lat="38.72586" lon="-120.82619"></trkpt>
    <trkpt lat="38.72597" lon="-120.82609"></trkpt>
    <trkpt lat="38.72652" lon="-120.82563"></trkpt>
    <trkpt lat="38.72661" lon="-120.82554"></trkpt>
    <trkpt lat="38.72683" lon="-120.82535"></trkpt>
    <trkpt lat="38.72692" lon="-120.82526"></trkpt>
    <trkpt lat="38.72702" lon="-120.82517"></trkpt>
    <trkpt lat="38.72734" lon="-120.82482"></trkpt>
    <trkpt lat="38.72739" lon="-120.82476"></trkpt>
    <trkpt lat="38.72745" lon="-120.8247"></trkpt>
    <trkpt lat="38.72753" lon="-120.82461"></trkpt>
    <trkpt lat="38.72755" lon="-120.82458"></trkpt>
    <trkpt lat="38.72761" lon="-120.82451"></trkpt>
    <trkpt lat="38.72792" lon="-120.82411"></trkpt>
    <trkpt lat="38.72808" lon="-120.82389"></trkpt>
    <trkpt lat="38.72858" lon="-120.8231"></trkpt>
    <trkpt lat="38.72863" lon="-120.823"></trkpt>
    <trkpt lat="38.72894" lon="-120.82248"></trkpt>
    <trkpt lat="38.72896" lon="-120.82243"></trkpt>
    <trkpt lat="38.72928" lon="-120.82189"></trkpt>
    <trkpt lat="38.72938" lon="-120.8217"></trkpt>
    <trkpt lat="38.72939" lon="-120.82169"></trkpt>
    <trkpt lat="38.72944" lon="-120.82161"></trkpt>
    <trkpt lat="38.72984" lon="-120.82091"></trkpt>
    <trkpt lat="38.72998" lon="-120.82063"></trkpt>
    <trkpt lat="38.73005" lon="-120.82046"></trkpt>
    <trkpt lat="38.73008" lon="-120.82036"></trkpt>
    <trkpt lat="38.73015" lon="-120.82021"></trkpt>
    <trkpt lat="38.73017" lon="-120.82012"></trkpt>
    <trkpt lat="38.7302" lon="-120.82003"></trkpt>
    <trkpt lat="38.73024" lon="-120.81987"></trkpt>
    <trkpt lat="38.73029" lon="-120.81963"></trkpt>
    <trkpt lat="38.73032" lon="-120.81953"></trkpt>
    <trkpt lat="38.73037" lon="-120.81922"></trkpt>
    <trkpt lat="38.73038" lon="-120.81913"></trkpt>
    <trkpt lat="38.73039" lon="-120.81897"></trkpt>
    <trkpt lat="38.7304" lon="-120.81888"></trkpt>
    <trkpt lat="38.7304" lon="-120.8187"></trkpt>
    <trkpt lat="38.73041" lon="-120.81857"></trkpt>
    <trkpt lat="38.73041" lon="-120.81837"></trkpt>
    <trkpt lat="38.7304" lon="-120.81825"></trkpt>
    <trkpt lat="38.73038" lon="-120.8178"></trkpt>
    <trkpt lat="38.73033" lon="-120.81737"></trkpt>
    <trkpt lat="38.73028" lon="-120.81709"></trkpt>
    <trkpt lat="38.73023" lon="-120.8167"></trkpt>
    <trkpt lat="38.73021" lon="-120.81659"></trkpt>
    <trkpt lat="38.73015" lon="-120.81602"></trkpt>
    <trkpt lat="38.73015" lon="-120.81594"></trkpt>
    <trkpt lat="38.73012" lon="-120.81569"></trkpt>
    <trkpt lat="38.7301" lon="-120.81537"></trkpt>
    <trkpt lat="38.73008" lon="-120.81516"></trkpt>
    <trkpt lat="38.73004" lon="-120.81485"></trkpt>
    <trkpt lat="38.72999" lon="-120.81432"></trkpt>
    <trkpt lat="38.72995" lon="-120.81402"></trkpt>
    <trkpt lat="38.72987" lon="-120.81319"></trkpt>
    <trkpt lat="38.7297" lon="-120.81184"></trkpt>
    <trkpt lat="38.7297" lon="-120.81182"></trkpt>
    <trkpt lat="38.72968" lon="-120.8116"></trkpt>
    <trkpt lat="38.72967" lon="-120.81156"></trkpt>
    <trkpt lat="38.72961" lon="-120.81122"></trkpt>
    <trkpt lat="38.72953" lon="-120.81091"></trkpt>
    <trkpt lat="38.72948" lon="-120.81076"></trkpt>
    <trkpt lat="38.72938" lon="-120.8105"></trkpt>
    <trkpt lat="38.72922" lon="-120.81017"></trkpt>
    <trkpt lat="38.72914" lon="-120.81004"></trkpt>
    <trkpt lat="38.72897" lon="-120.80979"></trkpt>
    <trkpt lat="38.72888" lon="-120.80967"></trkpt>
    <trkpt lat="38.72861" lon="-120.80925"></trkpt>
    <trkpt lat="38.72854" lon="-120.80913"></trkpt>
    <trkpt lat="38.72854" lon="-120.80912"></trkpt>
    <trkpt lat="38.72845" lon="-120.80897"></trkpt>
    <trkpt lat="38.72833" lon="-120.80866"></trkpt>
    <trkpt lat="38.72829" lon="-120.80853"></trkpt>
    <trkpt lat="38.72826" lon="-120.80837"></trkpt>
    <trkpt lat="38.72823" lon="-120.80825"></trkpt>
    <trkpt lat="38.72823" lon="-120.80821"></trkpt>
    <trkpt lat="38.72822" lon="-120.80819"></trkpt>
    <trkpt lat="38.7282" lon="-120.808"></trkpt>
    <trkpt lat="38.72808" lon="-120.8072"></trkpt>
    <trkpt lat="38.72806" lon="-120.80702"></trkpt>
    <trkpt lat="38.72805" lon="-120.80675"></trkpt>
    <trkpt lat="38.72805" lon="-120.80655"></trkpt>
    <trkpt lat="38.72804" lon="-120.80637"></trkpt>
    <trkpt lat="38.72805" lon="-120.80633"></trkpt>
    <trkpt lat="38.7281" lon="-120.80537"></trkpt>
    <trkpt lat="38.72812" lon="-120.80514"></trkpt>
    <trkpt lat="38.72813" lon="-120.80493"></trkpt>
    <trkpt lat="38.72815" lon="-120.80477"></trkpt>
    <trkpt lat="38.72823" lon="-120.8044"></trkpt>
    <trkpt lat="38.72827" lon="-120.80425"></trkpt>
    <trkpt lat="38.72829" lon="-120.80421"></trkpt>
    <trkpt lat="38.72831" lon="-120.80413"></trkpt>
    <trkpt lat="38.72834" lon="-120.80404"></trkpt>
    <trkpt lat="38.7287" lon="-120.80325"></trkpt>
    <trkpt lat="38.72884" lon="-120.80298"></trkpt>
    <trkpt lat="38.73" lon="-120.80061"></trkpt>
    <trkpt lat="38.73019" lon="-120.8002"></trkpt>
    <trkpt lat="38.73025" lon="-120.80003"></trkpt>
    <trkpt lat="38.73028" lon="-120.79993"></trkpt>
    <trkpt lat="38.73028" lon="-120.79992"></trkpt>
    <trkpt lat="38.73031" lon="-120.79974"></trkpt>
    <trkpt lat="38.73034" lon="-120.79951"></trkpt>
    <trkpt lat="38.73035" lon="-120.79934"></trkpt>
    <trkpt lat="38.73035" lon="-120.79912"></trkpt>
    <trkpt lat="38.73034" lon="-120.79898"></trkpt>
    <trkpt lat="38.73034" lon="-120.79891"></trkpt>
    <trkpt lat="38.73032" lon="-120.79878"></trkpt>
    <trkpt lat="38.73029" lon="-120.79863"></trkpt>
    <trkpt lat="38.73018" lon="-120.79823"></trkpt>
    <trkpt lat="38.73016" lon="-120.79818"></trkpt>
    <trkpt lat="38.73012" lon="-120.79801"></trkpt>
    <trkpt lat="38.73006" lon="-120.79782"></trkpt>
    <trkpt lat="38.73005" lon="-120.79776"></trkpt>
    <trkpt lat="38.7299" lon="-120.79721"></trkpt>
    <trkpt lat="38.72988" lon="-120.79711"></trkpt>
    <trkpt lat="38.72985" lon="-120.79699"></trkpt>
    <trkpt lat="38.72985" lon="-120.79698"></trkpt>
    <trkpt lat="38.7298" lon="-120.79662"></trkpt>
    <trkpt lat="38.7298" lon="-120.79653"></trkpt>
    <trkpt lat="38.72979" lon="-120.79644"></trkpt>
    <trkpt lat="38.7298" lon="-120.79638"></trkpt>
    <trkpt lat="38.7298" lon="-120.79624"></trkpt>
    <trkpt lat="38.72981" lon="-120.79611"></trkpt>
    <trkpt lat="38.72981" lon="-120.79604"></trkpt>
    <trkpt lat="38.72987" lon="-120.7957"></trkpt>
    <trkpt lat="38.72997" lon="-120.79538"></trkpt>
    <trkpt lat="38.73009" lon="-120.79511"></trkpt>
    <trkpt lat="38.73017" lon="-120.79496"></trkpt>
    <trkpt lat="38.73065" lon="-120.79417"></trkpt>
    <trkpt lat="38.73083" lon="-120.79382"></trkpt>
    <trkpt lat="38.73101" lon="-120.79326"></trkpt>
    <trkpt lat="38.73115" lon="-120.79277"></trkpt>
    <trkpt lat="38.73154" lon="-120.79155"></trkpt>
    <trkpt lat="38.7316" lon="-120.7913"></trkpt>
    <trkpt lat="38.73161" lon="-120.79127"></trkpt>
    <trkpt lat="38.73165" lon="-120.7911"></trkpt>
    <trkpt lat="38.73166" lon="-120.79108"></trkpt>
    <trkpt lat="38.73167" lon="-120.79096"></trkpt>
    <trkpt lat="38.73169" lon="-120.79085"></trkpt>
    <trkpt lat="38.73169" lon="-120.79078"></trkpt>
    <trkpt lat="38.7317" lon="-120.79063"></trkpt>
    <trkpt lat="38.7317" lon="-120.79042"></trkpt>
    <trkpt lat="38.73163" lon="-120.78989"></trkpt>
    <trkpt lat="38.73152" lon="-120.78942"></trkpt>
    <trkpt lat="38.73147" lon="-120.78924"></trkpt>
    <trkpt lat="38.73145" lon="-120.78912"></trkpt>
    <trkpt lat="38.73141" lon="-120.78893"></trkpt>
    <trkpt lat="38.73137" lon="-120.78862"></trkpt>
    <trkpt lat="38.73136" lon="-120.78858"></trkpt>
    <trkpt lat="38.73135" lon="-120.78841"></trkpt>
    <trkpt lat="38.73134" lon="-120.78837"></trkpt>
    <trkpt lat="38.73134" lon="-120.78824"></trkpt>
    <trkpt lat="38.73133" lon="-120.78815"></trkpt>
    <trkpt lat="38.73133" lon="-120.78757"></trkpt>
    <trkpt lat="38.73135" lon="-120.7874"></trkpt>
    <trkpt lat="38.73135" lon="-120.78731"></trkpt>
    <trkpt lat="38.73139" lon="-120.78704"></trkpt>
    <trkpt lat="38.7314" lon="-120.78694"></trkpt>
    <trkpt lat="38.73141" lon="-120.78689"></trkpt>
    <trkpt lat="38.73141" lon="-120.78686"></trkpt>
    <trkpt lat="38.73145" lon="-120.78663"></trkpt>
    <trkpt lat="38.73156" lon="-120.7862"></trkpt>
    <trkpt lat="38.73158" lon="-120.78616"></trkpt>
    <trkpt lat="38.73165" lon="-120.78592"></trkpt>
    <trkpt lat="38.73179" lon="-120.78557"></trkpt>
    <trkpt lat="38.73187" lon="-120.78535"></trkpt>
    <trkpt lat="38.73205" lon="-120.7849"></trkpt>
    <trkpt lat="38.73215" lon="-120.78467"></trkpt>
    <trkpt lat="38.73253" lon="-120.78371"></trkpt>
    <trkpt lat="38.7327" lon="-120.78322"></trkpt>
    <trkpt lat="38.73277" lon="-120.78292"></trkpt>
    <trkpt lat="38.73279" lon="-120.78275"></trkpt>
    <trkpt lat="38.73284" lon="-120.78247"></trkpt>
    <trkpt lat="38.73286" lon="-120.78214"></trkpt>
    <trkpt lat="38.73287" lon="-120.78163"></trkpt>
    <trkpt lat="38.73288" lon="-120.78144"></trkpt>
    <trkpt lat="38.73289" lon="-120.78046"></trkpt>
    <trkpt lat="38.73292" lon="-120.77978"></trkpt>
    <trkpt lat="38.73296" lon="-120.77948"></trkpt>
    <trkpt lat="38.73304" lon="-120.77899"></trkpt>
    <trkpt lat="38.73307" lon="-120.77888"></trkpt>
    <trkpt lat="38.73308" lon="-120.77881"></trkpt>
    <trkpt lat="38.73312" lon="-120.77866"></trkpt>
    <trkpt lat="38.73312" lon="-120.77865"></trkpt>
    <trkpt lat="38.73325" lon="-120.77819"></trkpt>
    <trkpt lat="38.7339" lon="-120.77635"></trkpt>
    <trkpt lat="38.73394" lon="-120.77619"></trkpt>
    <trkpt lat="38.73399" lon="-120.77604"></trkpt>
    <trkpt lat="38.73408" lon="-120.77558"></trkpt>
    <trkpt lat="38.73409" lon="-120.77551"></trkpt>
    <trkpt lat="38.73411" lon="-120.77527"></trkpt>
    <trkpt lat="38.73411" lon="-120.77523"></trkpt>
    <trkpt lat="38.73413" lon="-120.77491"></trkpt>
    <trkpt lat="38.73413" lon="-120.7747"></trkpt>
    <trkpt lat="38.7341" lon="-120.77423"></trkpt>
    <trkpt lat="38.73402" lon="-120.77372"></trkpt>
    <trkpt lat="38.73358" lon="-120.77177"></trkpt>
    <trkpt lat="38.7335" lon="-120.77146"></trkpt>
    <trkpt lat="38.73339" lon="-120.77116"></trkpt>
    <trkpt lat="38.73333" lon="-120.77103"></trkpt>
    <trkpt lat="38.7332" lon="-120.77072"></trkpt>
    <trkpt lat="38.73297" lon="-120.77031"></trkpt>
    <trkpt lat="38.73281" lon="-120.77006"></trkpt>
    <trkpt lat="38.7327" lon="-120.76993"></trkpt>
    <trkpt lat="38.7327" lon="-120.76992"></trkpt>
    <trkpt lat="38.73261" lon="-120.76983"></trkpt>
    <trkpt lat="38.7325" lon="-120.76971"></trkpt>
    <trkpt lat="38.73148" lon="-120.76869"></trkpt>
    <trkpt lat="38.73138" lon="-120.76858"></trkpt>
    <trkpt lat="38.73118" lon="-120.76834"></trkpt>
    <trkpt lat="38.73117" lon="-120.76832"></trkpt>
    <trkpt lat="38.73109" lon="-120.76821"></trkpt>
    <trkpt lat="38.73092" lon="-120.76795"></trkpt>
    <trkpt lat="38.73086" lon="-120.76784"></trkpt>
    <trkpt lat="38.73064" lon="-120.76739"></trkpt>
    <trkpt lat="38.73053" lon="-120.7671"></trkpt>
    <trkpt lat="38.73049" lon="-120.76697"></trkpt>
    <trkpt lat="38.73047" lon="-120.76693"></trkpt>
    <trkpt lat="38.73043" lon="-120.76677"></trkpt>
    <trkpt lat="38.73042" lon="-120.76675"></trkpt>
    <trkpt lat="38.73035" lon="-120.76645"></trkpt>
    <trkpt lat="38.73033" lon="-120.76632"></trkpt>
    <trkpt lat="38.73032" lon="-120.76629"></trkpt>
    <trkpt lat="38.7303" lon="-120.76613"></trkpt>
    <trkpt lat="38.73027" lon="-120.76597"></trkpt>
    <trkpt lat="38.73025" lon="-120.76579"></trkpt>
    <trkpt lat="38.73024" lon="-120.76564"></trkpt>
    <trkpt lat="38.73024" lon="-120.76511"></trkpt>
    <trkpt lat="38.73031" lon="-120.76362"></trkpt>
    <trkpt lat="38.73031" lon="-120.76344"></trkpt>
    <trkpt lat="38.73034" lon="-120.76305"></trkpt>
    <trkpt lat="38.73043" lon="-120.76238"></trkpt>
    <trkpt lat="38.73045" lon="-120.76228"></trkpt>
    <trkpt lat="38.73048" lon="-120.76216"></trkpt>
    <trkpt lat="38.73048" lon="-120.76212"></trkpt>
    <trkpt lat="38.73052" lon="-120.76194"></trkpt>
    <trkpt lat="38.73064" lon="-120.7615"></trkpt>
    <trkpt lat="38.73079" lon="-120.76105"></trkpt>
    <trkpt lat="38.73092" lon="-120.76071"></trkpt>
    <trkpt lat="38.73159" lon="-120.75926"></trkpt>
    <trkpt lat="38.73172" lon="-120.75892"></trkpt>
    <trkpt lat="38.73181" lon="-120.75865"></trkpt>
    <trkpt lat="38.73184" lon="-120.75858"></trkpt>
    <trkpt lat="38.73191" lon="-120.75831"></trkpt>
    <trkpt lat="38.73203" lon="-120.75769"></trkpt>
    <trkpt lat="38.73205" lon="-120.75749"></trkpt>
    <trkpt lat="38.73206" lon="-120.75746"></trkpt>
    <trkpt lat="38.73208" lon="-120.7572"></trkpt>
    <trkpt lat="38.73208" lon="-120.75668"></trkpt>
    <trkpt lat="38.73205" lon="-120.75619"></trkpt>
    <trkpt lat="38.73203" lon="-120.75602"></trkpt>
    <trkpt lat="38.732" lon="-120.75588"></trkpt>
    <trkpt lat="38.73192" lon="-120.75539"></trkpt>
    <trkpt lat="38.73189" lon="-120.75524"></trkpt>
    <trkpt lat="38.73186" lon="-120.75502"></trkpt>
    <trkpt lat="38.73154" lon="-120.75321"></trkpt>
    <trkpt lat="38.73151" lon="-120.75299"></trkpt>
    <trkpt lat="38.73149" lon="-120.75291"></trkpt>
    <trkpt lat="38.73146" lon="-120.75271"></trkpt>
    <trkpt lat="38.73145" lon="-120.75269"></trkpt>
    <trkpt lat="38.73138" lon="-120.75224"></trkpt>
    <trkpt lat="38.73135" lon="-120.7521"></trkpt>
    <trkpt lat="38.73135" lon="-120.75209"></trkpt>
    <trkpt lat="38.73124" lon="-120.75144"></trkpt>
    <trkpt lat="38.73123" lon="-120.75142"></trkpt>
    <trkpt lat="38.73115" lon="-120.75091"></trkpt>
    <trkpt lat="38.73112" lon="-120.75077"></trkpt>
    <trkpt lat="38.73111" lon="-120.75069"></trkpt>
    <trkpt lat="38.73106" lon="-120.75042"></trkpt>
    <trkpt lat="38.731" lon="-120.74996"></trkpt>
    <trkpt lat="38.73097" lon="-120.74945"></trkpt>
    <trkpt lat="38.73097" lon="-120.74906"></trkpt>
    <trkpt lat="38.73102" lon="-120.7484"></trkpt>
    <trkpt lat="38.73106" lon="-120.74812"></trkpt>
    <trkpt lat="38.73113" lon="-120.7478"></trkpt>
    <trkpt lat="38.73129" lon="-120.74733"></trkpt>
    <trkpt lat="38.7315" lon="-120.7469"></trkpt>
    <trkpt lat="38.73167" lon="-120.74664"></trkpt>
    <trkpt lat="38.73184" lon="-120.74641"></trkpt>
    <trkpt lat="38.73185" lon="-120.7464"></trkpt>
    <trkpt lat="38.73194" lon="-120.74628"></trkpt>
    <trkpt lat="38.73197" lon="-120.74625"></trkpt>
    <trkpt lat="38.73204" lon="-120.74617"></trkpt>
    <trkpt lat="38.73226" lon="-120.74597"></trkpt>
    <trkpt lat="38.7325" lon="-120.74579"></trkpt>
    <trkpt lat="38.73261" lon="-120.74572"></trkpt>
    <trkpt lat="38.73271" lon="-120.74564"></trkpt>
    <trkpt lat="38.73303" lon="-120.74543"></trkpt>
    <trkpt lat="38.73305" lon="-120.74542"></trkpt>
    <trkpt lat="38.73335" lon="-120.74521"></trkpt>
    <trkpt lat="38.73352" lon="-120.7451"></trkpt>
    <trkpt lat="38.73366" lon="-120.74502"></trkpt>
    <trkpt lat="38.73517" lon="-120.74408"></trkpt>
    <trkpt lat="38.73552" lon="-120.74382"></trkpt>
    <trkpt lat="38.73565" lon="-120.74371"></trkpt>
    <trkpt lat="38.7358" lon="-120.74356"></trkpt>
    <trkpt lat="38.73585" lon="-120.74352"></trkpt>
    <trkpt lat="38.73599" lon="-120.74336"></trkpt>
    <trkpt lat="38.73604" lon="-120.74331"></trkpt>
    <trkpt lat="38.73614" lon="-120.74319"></trkpt>
    <trkpt lat="38.73638" lon="-120.74285"></trkpt>
    <trkpt lat="38.73646" lon="-120.74272"></trkpt>
    <trkpt lat="38.73655" lon="-120.74256"></trkpt>
    <trkpt lat="38.73655" lon="-120.74255"></trkpt>
    <trkpt lat="38.73667" lon="-120.7423"></trkpt>
    <trkpt lat="38.7368" lon="-120.74197"></trkpt>
    <trkpt lat="38.73735" lon="-120.74066"></trkpt>
    <trkpt lat="38.73741" lon="-120.74054"></trkpt>
    <trkpt lat="38.73749" lon="-120.74033"></trkpt>
    <trkpt lat="38.73759" lon="-120.74012"></trkpt>
    <trkpt lat="38.73772" lon="-120.73978"></trkpt>
    <trkpt lat="38.73778" lon="-120.73964"></trkpt>
    <trkpt lat="38.73783" lon="-120.7395"></trkpt>
    <trkpt lat="38.73786" lon="-120.73944"></trkpt>
    <trkpt lat="38.73798" lon="-120.73916"></trkpt>
    <trkpt lat="38.73816" lon="-120.7387"></trkpt>
    <trkpt lat="38.7382" lon="-120.73862"></trkpt>
    <trkpt lat="38.73832" lon="-120.73828"></trkpt>
    <trkpt lat="38.73839" lon="-120.73801"></trkpt>
    <trkpt lat="38.73843" lon="-120.73782"></trkpt>
    <trkpt lat="38.73847" lon="-120.73752"></trkpt>
    <trkpt lat="38.73849" lon="-120.73718"></trkpt>
    <trkpt lat="38.73849" lon="-120.73703"></trkpt>
    <trkpt lat="38.73848" lon="-120.73682"></trkpt>
    <trkpt lat="38.73848" lon="-120.7367"></trkpt>
    <trkpt lat="38.73846" lon="-120.73655"></trkpt>
    <trkpt lat="38.73846" lon="-120.73651"></trkpt>
    <trkpt lat="38.73845" lon="-120.73647"></trkpt>
    <trkpt lat="38.73844" lon="-120.73636"></trkpt>
    <trkpt lat="38.73839" lon="-120.73607"></trkpt>
    <trkpt lat="38.73834" lon="-120.73587"></trkpt>
    <trkpt lat="38.73829" lon="-120.7357"></trkpt>
    <trkpt lat="38.73826" lon="-120.73558"></trkpt>
    <trkpt lat="38.73795" lon="-120.73465"></trkpt>
    <trkpt lat="38.73785" lon="-120.73429"></trkpt>
    <trkpt lat="38.73774" lon="-120.73382"></trkpt>
    <trkpt lat="38.73772" lon="-120.73366"></trkpt>
    <trkpt lat="38.73769" lon="-120.73349"></trkpt>
    <trkpt lat="38.73767" lon="-120.73334"></trkpt>
    <trkpt lat="38.73767" lon="-120.73323"></trkpt>
    <trkpt lat="38.73766" lon="-120.73317"></trkpt>
    <trkpt lat="38.73765" lon="-120.73299"></trkpt>
    <trkpt lat="38.73765" lon="-120.73265"></trkpt>
    <trkpt lat="38.73767" lon="-120.73228"></trkpt>
    <trkpt lat="38.73773" lon="-120.73204"></trkpt>
    <trkpt lat="38.73774" lon="-120.73196"></trkpt>
    <trkpt lat="38.73784" lon="-120.73148"></trkpt>
    <trkpt lat="38.73792" lon="-120.73121"></trkpt>
    <trkpt lat="38.73836" lon="-120.72993"></trkpt>
    <trkpt lat="38.73857" lon="-120.72922"></trkpt>
    <trkpt lat="38.73862" lon="-120.729"></trkpt>
    <trkpt lat="38.73871" lon="-120.72854"></trkpt>
    <trkpt lat="38.73872" lon="-120.72837"></trkpt>
    <trkpt lat="38.73874" lon="-120.72819"></trkpt>
    <trkpt lat="38.73875" lon="-120.72816"></trkpt>
    <trkpt lat="38.73875" lon="-120.72814"></trkpt>
    <trkpt lat="38.73876" lon="-120.72805"></trkpt>
    <trkpt lat="38.73878" lon="-120.72774"></trkpt>
    <trkpt lat="38.73878" lon="-120.72757"></trkpt>
    <trkpt lat="38.7388" lon="-120.72691"></trkpt>
    <trkpt lat="38.7388" lon="-120.72457"></trkpt>
    <trkpt lat="38.73881" lon="-120.72435"></trkpt>
    <trkpt lat="38.7388" lon="-120.72421"></trkpt>
    <trkpt lat="38.7388" lon="-120.724"></trkpt>
    <trkpt lat="38.73877" lon="-120.72353"></trkpt>
    <trkpt lat="38.73873" lon="-120.72319"></trkpt>
    <trkpt lat="38.73868" lon="-120.72288"></trkpt>
    <trkpt lat="38.73861" lon="-120.72255"></trkpt>
    <trkpt lat="38.7386" lon="-120.72254"></trkpt>
    <trkpt lat="38.73852" lon="-120.72223"></trkpt>
    <trkpt lat="38.73803" lon="-120.72069"></trkpt>
    <trkpt lat="38.73789" lon="-120.72022"></trkpt>
    <trkpt lat="38.73784" lon="-120.72003"></trkpt>
    <trkpt lat="38.73775" lon="-120.71975"></trkpt>
    <trkpt lat="38.73772" lon="-120.71962"></trkpt>
    <trkpt lat="38.73729" lon="-120.71817"></trkpt>
    <trkpt lat="38.73728" lon="-120.71811"></trkpt>
    <trkpt lat="38.73715" lon="-120.71767"></trkpt>
    <trkpt lat="38.73704" lon="-120.71719"></trkpt>
    <trkpt lat="38.73701" lon="-120.71703"></trkpt>
    <trkpt lat="38.73701" lon="-120.717"></trkpt>
    <trkpt lat="38.737" lon="-120.71697"></trkpt>
    <trkpt lat="38.737" lon="-120.71696"></trkpt>
    <trkpt lat="38.73699" lon="-120.71688"></trkpt>
    <trkpt lat="38.73697" lon="-120.71678"></trkpt>
    <trkpt lat="38.73697" lon="-120.71673"></trkpt>
    <trkpt lat="38.73696" lon="-120.7167"></trkpt>
    <trkpt lat="38.73692" lon="-120.71637"></trkpt>
    <trkpt lat="38.73692" lon="-120.71632"></trkpt>
    <trkpt lat="38.73689" lon="-120.71588"></trkpt>
    <trkpt lat="38.73688" lon="-120.71581"></trkpt>
    <trkpt lat="38.73687" lon="-120.71543"></trkpt>
    <trkpt lat="38.73687" lon="-120.71352"></trkpt>
    <trkpt lat="38.73693" lon="-120.70763"></trkpt>
    <trkpt lat="38.73694" lon="-120.70736"></trkpt>
    <trkpt lat="38.73694" lon="-120.70715"></trkpt>
    <trkpt lat="38.737" lon="-120.70637"></trkpt>
    <trkpt lat="38.7371" lon="-120.70564"></trkpt>
    <trkpt lat="38.73724" lon="-120.70477"></trkpt>
    <trkpt lat="38.73734" lon="-120.70425"></trkpt>
    <trkpt lat="38.73751" lon="-120.70356"></trkpt>
    <trkpt lat="38.73766" lon="-120.70303"></trkpt>
    <trkpt lat="38.73779" lon="-120.70262"></trkpt>
    <trkpt lat="38.738" lon="-120.70201"></trkpt>
    <trkpt lat="38.73814" lon="-120.70164"></trkpt>
    <trkpt lat="38.73817" lon="-120.70158"></trkpt>
    <trkpt lat="38.73817" lon="-120.70157"></trkpt>
    <trkpt lat="38.73829" lon="-120.70127"></trkpt>
    <trkpt lat="38.73851" lon="-120.70076"></trkpt>
    <trkpt lat="38.73856" lon="-120.70067"></trkpt>
    <trkpt lat="38.73857" lon="-120.70063"></trkpt>
    <trkpt lat="38.7386" lon="-120.70057"></trkpt>
    <trkpt lat="38.73861" lon="-120.70056"></trkpt>
    <trkpt lat="38.7388" lon="-120.70017"></trkpt>
    <trkpt lat="38.73906" lon="-120.69967"></trkpt>
    <trkpt lat="38.73915" lon="-120.69947"></trkpt>
    <trkpt lat="38.73938" lon="-120.69902"></trkpt>
    <trkpt lat="38.73939" lon="-120.69899"></trkpt>
    <trkpt lat="38.73953" lon="-120.6987"></trkpt>
    <trkpt lat="38.73967" lon="-120.69843"></trkpt>
    <trkpt lat="38.73974" lon="-120.69828"></trkpt>
    <trkpt lat="38.73978" lon="-120.69815"></trkpt>
    <trkpt lat="38.73979" lon="-120.6981"></trkpt>
    <trkpt lat="38.73983" lon="-120.69799"></trkpt>
    <trkpt lat="38.73987" lon="-120.69784"></trkpt>
    <trkpt lat="38.73992" lon="-120.69759"></trkpt>
    <trkpt lat="38.73996" lon="-120.69733"></trkpt>
    <trkpt lat="38.73999" lon="-120.69703"></trkpt>
    <trkpt lat="38.73999" lon="-120.69673"></trkpt>
    <trkpt lat="38.74" lon="-120.69647"></trkpt>
    <trkpt lat="38.73997" lon="-120.69604"></trkpt>
    <trkpt lat="38.73994" lon="-120.69577"></trkpt>
    <trkpt lat="38.7399" lon="-120.69559"></trkpt>
    <trkpt lat="38.73988" lon="-120.69545"></trkpt>
    <trkpt lat="38.73984" lon="-120.69532"></trkpt>
    <trkpt lat="38.7398" lon="-120.69515"></trkpt>
    <trkpt lat="38.73975" lon="-120.695"></trkpt>
    <trkpt lat="38.73935" lon="-120.69392"></trkpt>
    <trkpt lat="38.73805" lon="-120.69026"></trkpt>
    <trkpt lat="38.73804" lon="-120.69025"></trkpt>
    <trkpt lat="38.73777" lon="-120.68954"></trkpt>
    <trkpt lat="38.73598" lon="-120.68452"></trkpt>
    <trkpt lat="38.73597" lon="-120.68452"></trkpt>
    <trkpt lat="38.73568" lon="-120.6837"></trkpt>
    <trkpt lat="38.73546" lon="-120.68302"></trkpt>
    <trkpt lat="38.73525" lon="-120.6822"></trkpt>
    <trkpt lat="38.73512" lon="-120.68159"></trkpt>
    <trkpt lat="38.73501" lon="-120.68097"></trkpt>
    <trkpt lat="38.73501" lon="-120.68096"></trkpt>
    <trkpt lat="38.73498" lon="-120.68074"></trkpt>
    <trkpt lat="38.73498" lon="-120.68073"></trkpt>
    <trkpt lat="38.73495" lon="-120.68054"></trkpt>
    <trkpt lat="38.73495" lon="-120.68051"></trkpt>
    <trkpt lat="38.73466" lon="-120.67711"></trkpt>
    <trkpt lat="38.73466" lon="-120.67708"></trkpt>
    <trkpt lat="38.73458" lon="-120.67616"></trkpt>
    <trkpt lat="38.73456" lon="-120.67602"></trkpt>
    <trkpt lat="38.73434" lon="-120.67337"></trkpt>
    <trkpt lat="38.73433" lon="-120.67335"></trkpt>
    <trkpt lat="38.73423" lon="-120.67199"></trkpt>
    <trkpt lat="38.73422" lon="-120.67197"></trkpt>
    <trkpt lat="38.73418" lon="-120.67148"></trkpt>
    <trkpt lat="38.73418" lon="-120.67127"></trkpt>
    <trkpt lat="38.73417" lon="-120.67107"></trkpt>
    <trkpt lat="38.73417" lon="-120.67093"></trkpt>
    <trkpt lat="38.73418" lon="-120.67067"></trkpt>
    <trkpt lat="38.73424" lon="-120.67012"></trkpt>
    <trkpt lat="38.73427" lon="-120.66994"></trkpt>
    <trkpt lat="38.73429" lon="-120.66978"></trkpt>
    <trkpt lat="38.73445" lon="-120.66915"></trkpt>
    <trkpt lat="38.73451" lon="-120.66898"></trkpt>
    <trkpt lat="38.73455" lon="-120.66883"></trkpt>
    <trkpt lat="38.73467" lon="-120.66853"></trkpt>
    <trkpt lat="38.73494" lon="-120.66797"></trkpt>
    <trkpt lat="38.7351" lon="-120.6677"></trkpt>
    <trkpt lat="38.73521" lon="-120.66754"></trkpt>
    <trkpt lat="38.73556" lon="-120.66708"></trkpt>
    <trkpt lat="38.73575" lon="-120.66687"></trkpt>
    <trkpt lat="38.73589" lon="-120.66674"></trkpt>
    <trkpt lat="38.73733" lon="-120.66553"></trkpt>
    <trkpt lat="38.73739" lon="-120.66547"></trkpt>
    <trkpt lat="38.74201" lon="-120.66162"></trkpt>
    <trkpt lat="38.74233" lon="-120.66134"></trkpt>
    <trkpt lat="38.74264" lon="-120.66101"></trkpt>
    <trkpt lat="38.74283" lon="-120.66078"></trkpt>
    <trkpt lat="38.74302" lon="-120.66052"></trkpt>
    <trkpt lat="38.74317" lon="-120.66028"></trkpt>
    <trkpt lat="38.74333" lon="-120.65998"></trkpt>
    <trkpt lat="38.74347" lon="-120.65969"></trkpt>
    <trkpt lat="38.74364" lon="-120.65925"></trkpt>
    <trkpt lat="38.74377" lon="-120.65881"></trkpt>
    <trkpt lat="38.74385" lon="-120.65849"></trkpt>
    <trkpt lat="38.74391" lon="-120.65814"></trkpt>
    <trkpt lat="38.74395" lon="-120.65782"></trkpt>
    <trkpt lat="38.74396" lon="-120.65766"></trkpt>
    <trkpt lat="38.74398" lon="-120.65746"></trkpt>
    <trkpt lat="38.74398" lon="-120.65699"></trkpt>
    <trkpt lat="38.74376" lon="-120.65279"></trkpt>
    <trkpt lat="38.74374" lon="-120.65256"></trkpt>
    <trkpt lat="38.74374" lon="-120.65247"></trkpt>
    <trkpt lat="38.74372" lon="-120.6521"></trkpt>
    <trkpt lat="38.7437" lon="-120.65187"></trkpt>
    <trkpt lat="38.74357" lon="-120.64933"></trkpt>
    <trkpt lat="38.74357" lon="-120.64889"></trkpt>
    <trkpt lat="38.7436" lon="-120.64847"></trkpt>
    <trkpt lat="38.74362" lon="-120.6483"></trkpt>
    <trkpt lat="38.74367" lon="-120.64799"></trkpt>
    <trkpt lat="38.74367" lon="-120.64796"></trkpt>
    <trkpt lat="38.74371" lon="-120.64779"></trkpt>
    <trkpt lat="38.74376" lon="-120.64751"></trkpt>
    <trkpt lat="38.74377" lon="-120.64751"></trkpt>
    <trkpt lat="38.74382" lon="-120.64729"></trkpt>
    <trkpt lat="38.7443" lon="-120.64577"></trkpt>
    <trkpt lat="38.74439" lon="-120.64544"></trkpt>
    <trkpt lat="38.74449" lon="-120.64498"></trkpt>
    <trkpt lat="38.7445" lon="-120.64492"></trkpt>
    <trkpt lat="38.7445" lon="-120.64491"></trkpt>
    <trkpt lat="38.74454" lon="-120.64463"></trkpt>
    <trkpt lat="38.74455" lon="-120.64452"></trkpt>
    <trkpt lat="38.74455" lon="-120.64446"></trkpt>
    <trkpt lat="38.74457" lon="-120.64428"></trkpt>
    <trkpt lat="38.74458" lon="-120.64377"></trkpt>
    <trkpt lat="38.74457" lon="-120.64347"></trkpt>
    <trkpt lat="38.74452" lon="-120.64298"></trkpt>
    <trkpt lat="38.74449" lon="-120.64281"></trkpt>
    <trkpt lat="38.74447" lon="-120.64266"></trkpt>
    <trkpt lat="38.74378" lon="-120.63849"></trkpt>
    <trkpt lat="38.74372" lon="-120.63807"></trkpt>
    <trkpt lat="38.74356" lon="-120.6371"></trkpt>
    <trkpt lat="38.7435" lon="-120.6366"></trkpt>
    <trkpt lat="38.74349" lon="-120.63641"></trkpt>
    <trkpt lat="38.74346" lon="-120.6361"></trkpt>
    <trkpt lat="38.74345" lon="-120.6358"></trkpt>
    <trkpt lat="38.74345" lon="-120.63493"></trkpt>
    <trkpt lat="38.74348" lon="-120.63441"></trkpt>
    <trkpt lat="38.7435" lon="-120.63418"></trkpt>
    <trkpt lat="38.74353" lon="-120.63395"></trkpt>
    <trkpt lat="38.74355" lon="-120.63373"></trkpt>
    <trkpt lat="38.74365" lon="-120.63314"></trkpt>
    <trkpt lat="38.74366" lon="-120.63305"></trkpt>
    <trkpt lat="38.74382" lon="-120.63232"></trkpt>
    <trkpt lat="38.74384" lon="-120.63227"></trkpt>
    <trkpt lat="38.74386" lon="-120.63217"></trkpt>
    <trkpt lat="38.74393" lon="-120.63195"></trkpt>
    <trkpt lat="38.74399" lon="-120.63173"></trkpt>
    <trkpt lat="38.74452" lon="-120.62997"></trkpt>
    <trkpt lat="38.74452" lon="-120.62994"></trkpt>
    <trkpt lat="38.74464" lon="-120.62952"></trkpt>
    <trkpt lat="38.74467" lon="-120.62928"></trkpt>
    <trkpt lat="38.74469" lon="-120.62903"></trkpt>
    <trkpt lat="38.74471" lon="-120.62891"></trkpt>
    <trkpt lat="38.74484" lon="-120.62715"></trkpt>
    <trkpt lat="38.74485" lon="-120.62711"></trkpt>
    <trkpt lat="38.74487" lon="-120.62679"></trkpt>
    <trkpt lat="38.74489" lon="-120.62665"></trkpt>
    <trkpt lat="38.7449" lon="-120.62647"></trkpt>
    <trkpt lat="38.74496" lon="-120.62614"></trkpt>
    <trkpt lat="38.74509" lon="-120.62565"></trkpt>
    <trkpt lat="38.74521" lon="-120.6253"></trkpt>
    <trkpt lat="38.7454" lon="-120.62489"></trkpt>
    <trkpt lat="38.74561" lon="-120.62449"></trkpt>
    <trkpt lat="38.74581" lon="-120.62418"></trkpt>
    <trkpt lat="38.74704" lon="-120.62252"></trkpt>
    <trkpt lat="38.74728" lon="-120.62213"></trkpt>
    <trkpt lat="38.7475" lon="-120.6217"></trkpt>
    <trkpt lat="38.74757" lon="-120.62155"></trkpt>
    <trkpt lat="38.74774" lon="-120.62115"></trkpt>
    <trkpt lat="38.7479" lon="-120.6207"></trkpt>
    <trkpt lat="38.74795" lon="-120.62052"></trkpt>
    <trkpt lat="38.74795" lon="-120.62051"></trkpt>
    <trkpt lat="38.748" lon="-120.62035"></trkpt>
    <trkpt lat="38.74804" lon="-120.62018"></trkpt>
    <trkpt lat="38.74805" lon="-120.62016"></trkpt>
    <trkpt lat="38.74817" lon="-120.61959"></trkpt>
    <trkpt lat="38.74825" lon="-120.61896"></trkpt>
    <trkpt lat="38.74892" lon="-120.61182"></trkpt>
    <trkpt lat="38.74897" lon="-120.61153"></trkpt>
    <trkpt lat="38.74899" lon="-120.61138"></trkpt>
    <trkpt lat="38.74911" lon="-120.6108"></trkpt>
    <trkpt lat="38.74917" lon="-120.61058"></trkpt>
    <trkpt lat="38.74951" lon="-120.60952"></trkpt>
    <trkpt lat="38.74952" lon="-120.60951"></trkpt>
    <trkpt lat="38.74958" lon="-120.60931"></trkpt>
    <trkpt lat="38.75013" lon="-120.60767"></trkpt>
    <trkpt lat="38.75021" lon="-120.60739"></trkpt>
    <trkpt lat="38.75091" lon="-120.60526"></trkpt>
    <trkpt lat="38.75113" lon="-120.60465"></trkpt>
    <trkpt lat="38.75133" lon="-120.60419"></trkpt>
    <trkpt lat="38.75135" lon="-120.60413"></trkpt>
    <trkpt lat="38.75148" lon="-120.60386"></trkpt>
    <trkpt lat="38.75223" lon="-120.6025"></trkpt>
    <trkpt lat="38.75233" lon="-120.60229"></trkpt>
    <trkpt lat="38.75254" lon="-120.60192"></trkpt>
    <trkpt lat="38.75303" lon="-120.60101"></trkpt>
    <trkpt lat="38.75318" lon="-120.60069"></trkpt>
    <trkpt lat="38.75338" lon="-120.60018"></trkpt>
    <trkpt lat="38.75347" lon="-120.59991"></trkpt>
    <trkpt lat="38.75362" lon="-120.59936"></trkpt>
    <trkpt lat="38.75369" lon="-120.59905"></trkpt>
    <trkpt lat="38.7541" lon="-120.59662"></trkpt>
    <trkpt lat="38.75421" lon="-120.59615"></trkpt>
    <trkpt lat="38.75435" lon="-120.59563"></trkpt>
    <trkpt lat="38.75447" lon="-120.59531"></trkpt>
    <trkpt lat="38.75465" lon="-120.59488"></trkpt>
    <trkpt lat="38.75537" lon="-120.59342"></trkpt>
    <trkpt lat="38.75542" lon="-120.5933"></trkpt>
    <trkpt lat="38.75546" lon="-120.59324"></trkpt>
    <trkpt lat="38.75769" lon="-120.58875"></trkpt>
    <trkpt lat="38.7577" lon="-120.58872"></trkpt>
    <trkpt lat="38.75787" lon="-120.58833"></trkpt>
    <trkpt lat="38.75814" lon="-120.58766"></trkpt>
    <trkpt lat="38.75838" lon="-120.58696"></trkpt>
    <trkpt lat="38.75878" lon="-120.58561"></trkpt>
    <trkpt lat="38.75938" lon="-120.5837"></trkpt>
    <trkpt lat="38.75943" lon="-120.58351"></trkpt>
    <trkpt lat="38.75945" lon="-120.58347"></trkpt>
    <trkpt lat="38.75951" lon="-120.58326"></trkpt>
    <trkpt lat="38.75952" lon="-120.58324"></trkpt>
    <trkpt lat="38.75957" lon="-120.58309"></trkpt>
    <trkpt lat="38.75964" lon="-120.58294"></trkpt>
    <trkpt lat="38.75976" lon="-120.58265"></trkpt>
    <trkpt lat="38.76033" lon="-120.58149"></trkpt>
    <trkpt lat="38.76075" lon="-120.58058"></trkpt>
    <trkpt lat="38.76091" lon="-120.5802"></trkpt>
    <trkpt lat="38.76095" lon="-120.58008"></trkpt>
    <trkpt lat="38.76113" lon="-120.57936"></trkpt>
    <trkpt lat="38.76127" lon="-120.57857"></trkpt>
    <trkpt lat="38.76132" lon="-120.57815"></trkpt>
    <trkpt lat="38.76134" lon="-120.57773"></trkpt>
    <trkpt lat="38.76134" lon="-120.57732"></trkpt>
    <trkpt lat="38.76119" lon="-120.57306"></trkpt>
    <trkpt lat="38.76119" lon="-120.57283"></trkpt>
    <trkpt lat="38.76113" lon="-120.57141"></trkpt>
    <trkpt lat="38.76113" lon="-120.57109"></trkpt>
    <trkpt lat="38.76109" lon="-120.57035"></trkpt>
    <trkpt lat="38.76101" lon="-120.56797"></trkpt>
    <trkpt lat="38.761" lon="-120.56781"></trkpt>
    <trkpt lat="38.76102" lon="-120.5665"></trkpt>
    <trkpt lat="38.76103" lon="-120.56643"></trkpt>
    <trkpt lat="38.76103" lon="-120.56621"></trkpt>
    <trkpt lat="38.76111" lon="-120.56505"></trkpt>
    <trkpt lat="38.76144" lon="-120.56227"></trkpt>
    <trkpt lat="38.76144" lon="-120.56225"></trkpt>
    <trkpt lat="38.76157" lon="-120.56123"></trkpt>
    <trkpt lat="38.76167" lon="-120.56055"></trkpt>
    <trkpt lat="38.76182" lon="-120.55982"></trkpt>
    <trkpt lat="38.76184" lon="-120.55977"></trkpt>
    <trkpt lat="38.76192" lon="-120.5597"></trkpt>
    <trkpt lat="38.76211" lon="-120.55926"></trkpt>
    <trkpt lat="38.76211" lon="-120.55925"></trkpt>
    <trkpt lat="38.76231" lon="-120.55886"></trkpt>
    <trkpt lat="38.76243" lon="-120.55868"></trkpt>
    <trkpt lat="38.76247" lon="-120.55863"></trkpt>
    <trkpt lat="38.76256" lon="-120.55848"></trkpt>
    <trkpt lat="38.7626" lon="-120.55833"></trkpt>
    <trkpt lat="38.76283" lon="-120.55806"></trkpt>
    <trkpt lat="38.76303" lon="-120.55786"></trkpt>
    <trkpt lat="38.76348" lon="-120.55745"></trkpt>
    <trkpt lat="38.76403" lon="-120.557"></trkpt>
    <trkpt lat="38.76413" lon="-120.55691"></trkpt>
    <trkpt lat="38.76422" lon="-120.55685"></trkpt>
    <trkpt lat="38.76437" lon="-120.55673"></trkpt>
    <trkpt lat="38.76463" lon="-120.5566"></trkpt>
    <trkpt lat="38.7649" lon="-120.5565"></trkpt>
    <trkpt lat="38.76497" lon="-120.55648"></trkpt>
    <trkpt lat="38.76511" lon="-120.55645"></trkpt>
    <trkpt lat="38.76522" lon="-120.55644"></trkpt>
    <trkpt lat="38.76566" lon="-120.55636"></trkpt>
    <trkpt lat="38.76578" lon="-120.55633"></trkpt>
    <trkpt lat="38.76589" lon="-120.55631"></trkpt>
    <trkpt lat="38.76599" lon="-120.55628"></trkpt>
    <trkpt lat="38.76619" lon="-120.55619"></trkpt>
    <trkpt lat="38.76629" lon="-120.55614"></trkpt>
    <trkpt lat="38.76649" lon="-120.55601"></trkpt>
    <trkpt lat="38.76662" lon="-120.5559"></trkpt>
    <trkpt lat="38.76675" lon="-120.55578"></trkpt>
    <trkpt lat="38.76685" lon="-120.55568"></trkpt>
    <trkpt lat="38.7669" lon="-120.55561"></trkpt>
    <trkpt lat="38.76695" lon="-120.55555"></trkpt>
    <trkpt lat="38.76698" lon="-120.5555"></trkpt>
    <trkpt lat="38.76701" lon="-120.55546"></trkpt>
    <trkpt lat="38.76705" lon="-120.55542"></trkpt>
    <trkpt lat="38.7671" lon="-120.55533"></trkpt>
    <trkpt lat="38.76723" lon="-120.55506"></trkpt>
    <trkpt lat="38.76726" lon="-120.55498"></trkpt>
    <trkpt lat="38.76733" lon="-120.55474"></trkpt>
    <trkpt lat="38.76736" lon="-120.55466"></trkpt>
    <trkpt lat="38.76738" lon="-120.55457"></trkpt>
    <trkpt lat="38.76739" lon="-120.55449"></trkpt>
    <trkpt lat="38.76743" lon="-120.55429"></trkpt>
    <trkpt lat="38.76743" lon="-120.55421"></trkpt>
    <trkpt lat="38.76744" lon="-120.55411"></trkpt>
    <trkpt lat="38.76744" lon="-120.55401"></trkpt>
    <trkpt lat="38.76745" lon="-120.55391"></trkpt>
    <trkpt lat="38.76744" lon="-120.5538"></trkpt>
    <trkpt lat="38.76744" lon="-120.55368"></trkpt>
    <trkpt lat="38.76743" lon="-120.55357"></trkpt>
    <trkpt lat="38.76742" lon="-120.55356"></trkpt>
    <trkpt lat="38.7674" lon="-120.55338"></trkpt>
    <trkpt lat="38.76739" lon="-120.55335"></trkpt>
    <trkpt lat="38.76733" lon="-120.5531"></trkpt>
    <trkpt lat="38.76727" lon="-120.55291"></trkpt>
    <trkpt lat="38.76726" lon="-120.5529"></trkpt>
    <trkpt lat="38.76716" lon="-120.55265"></trkpt>
    <trkpt lat="38.76708" lon="-120.55248"></trkpt>
    <trkpt lat="38.76703" lon="-120.55241"></trkpt>
    <trkpt lat="38.76698" lon="-120.55233"></trkpt>
    <trkpt lat="38.76691" lon="-120.55223"></trkpt>
    <trkpt lat="38.7668" lon="-120.5521"></trkpt>
    <trkpt lat="38.76676" lon="-120.55206"></trkpt>
    <trkpt lat="38.76672" lon="-120.55201"></trkpt>
    <trkpt lat="38.76643" lon="-120.55178"></trkpt>
    <trkpt lat="38.76616" lon="-120.55161"></trkpt>
    <trkpt lat="38.76569" lon="-120.55135"></trkpt>
    <trkpt lat="38.76545" lon="-120.5512"></trkpt>
    <trkpt lat="38.76536" lon="-120.55115"></trkpt>
    <trkpt lat="38.76529" lon="-120.55109"></trkpt>
    <trkpt lat="38.76508" lon="-120.55094"></trkpt>
    <trkpt lat="38.7649" lon="-120.55079"></trkpt>
    <trkpt lat="38.76484" lon="-120.55072"></trkpt>
    <trkpt lat="38.76483" lon="-120.55072"></trkpt>
    <trkpt lat="38.76463" lon="-120.55052"></trkpt>
    <trkpt lat="38.76456" lon="-120.55043"></trkpt>
    <trkpt lat="38.76453" lon="-120.5504"></trkpt>
    <trkpt lat="38.76435" lon="-120.55018"></trkpt>
    <trkpt lat="38.76429" lon="-120.55009"></trkpt>
    <trkpt lat="38.76419" lon="-120.54996"></trkpt>
    <trkpt lat="38.76413" lon="-120.54985"></trkpt>
    <trkpt lat="38.76412" lon="-120.54984"></trkpt>
    <trkpt lat="38.76399" lon="-120.54961"></trkpt>
    <trkpt lat="38.76383" lon="-120.5493"></trkpt>
    <trkpt lat="38.76372" lon="-120.54903"></trkpt>
    <trkpt lat="38.76369" lon="-120.54898"></trkpt>
    <trkpt lat="38.76368" lon="-120.54894"></trkpt>
    <trkpt lat="38.76332" lon="-120.54806"></trkpt>
    <trkpt lat="38.76327" lon="-120.54795"></trkpt>
    <trkpt lat="38.76313" lon="-120.5476"></trkpt>
    <trkpt lat="38.76311" lon="-120.54756"></trkpt>
    <trkpt lat="38.76307" lon="-120.54745"></trkpt>
    <trkpt lat="38.76289" lon="-120.54704"></trkpt>
    <trkpt lat="38.76282" lon="-120.54683"></trkpt>
    <trkpt lat="38.76274" lon="-120.54654"></trkpt>
    <trkpt lat="38.76269" lon="-120.54631"></trkpt>
    <trkpt lat="38.76265" lon="-120.54601"></trkpt>
    <trkpt lat="38.76265" lon="-120.54589"></trkpt>
    <trkpt lat="38.76264" lon="-120.54582"></trkpt>
    <trkpt lat="38.76265" lon="-120.54571"></trkpt>
    <trkpt lat="38.76265" lon="-120.54556"></trkpt>
    <trkpt lat="38.76266" lon="-120.54544"></trkpt>
    <trkpt lat="38.76266" lon="-120.54535"></trkpt>
    <trkpt lat="38.76268" lon="-120.54524"></trkpt>
    <trkpt lat="38.76269" lon="-120.54516"></trkpt>
    <trkpt lat="38.76277" lon="-120.54485"></trkpt>
    <trkpt lat="38.76278" lon="-120.5448"></trkpt>
    <trkpt lat="38.76283" lon="-120.54465"></trkpt>
    <trkpt lat="38.76283" lon="-120.54464"></trkpt>
    <trkpt lat="38.76299" lon="-120.54421"></trkpt>
    <trkpt lat="38.76305" lon="-120.54401"></trkpt>
    <trkpt lat="38.76308" lon="-120.54388"></trkpt>
    <trkpt lat="38.76312" lon="-120.54376"></trkpt>
    <trkpt lat="38.76315" lon="-120.54356"></trkpt>
    <trkpt lat="38.76316" lon="-120.54352"></trkpt>
    <trkpt lat="38.76317" lon="-120.5434"></trkpt>
    <trkpt lat="38.76318" lon="-120.54333"></trkpt>
    <trkpt lat="38.76318" lon="-120.54328"></trkpt>
    <trkpt lat="38.76319" lon="-120.54317"></trkpt>
    <trkpt lat="38.76319" lon="-120.543"></trkpt>
    <trkpt lat="38.76317" lon="-120.54264"></trkpt>
    <trkpt lat="38.76317" lon="-120.54256"></trkpt>
    <trkpt lat="38.76314" lon="-120.54218"></trkpt>
    <trkpt lat="38.76313" lon="-120.54195"></trkpt>
    <trkpt lat="38.76311" lon="-120.54172"></trkpt>
    <trkpt lat="38.7631" lon="-120.54149"></trkpt>
    <trkpt lat="38.76305" lon="-120.54102"></trkpt>
    <trkpt lat="38.76305" lon="-120.54099"></trkpt>
    <trkpt lat="38.76304" lon="-120.54085"></trkpt>
    <trkpt lat="38.76304" lon="-120.54079"></trkpt>
    <trkpt lat="38.76303" lon="-120.54074"></trkpt>
    <trkpt lat="38.76301" lon="-120.5405"></trkpt>
    <trkpt lat="38.76299" lon="-120.54038"></trkpt>
    <trkpt lat="38.76298" lon="-120.54034"></trkpt>
    <trkpt lat="38.76294" lon="-120.5401"></trkpt>
    <trkpt lat="38.76285" lon="-120.53967"></trkpt>
    <trkpt lat="38.76278" lon="-120.53924"></trkpt>
    <trkpt lat="38.76277" lon="-120.53922"></trkpt>
    <trkpt lat="38.7626" lon="-120.53834"></trkpt>
    <trkpt lat="38.76232" lon="-120.53702"></trkpt>
    <trkpt lat="38.76232" lon="-120.53699"></trkpt>
    <trkpt lat="38.76231" lon="-120.53697"></trkpt>
    <trkpt lat="38.76231" lon="-120.53694"></trkpt>
    <trkpt lat="38.76227" lon="-120.53676"></trkpt>
    <trkpt lat="38.76227" lon="-120.53675"></trkpt>
    <trkpt lat="38.76211" lon="-120.53601"></trkpt>
    <trkpt lat="38.76199" lon="-120.53539"></trkpt>
    <trkpt lat="38.76185" lon="-120.53476"></trkpt>
    <trkpt lat="38.76185" lon="-120.53473"></trkpt>
    <trkpt lat="38.76184" lon="-120.53471"></trkpt>
    <trkpt lat="38.7618" lon="-120.53454"></trkpt>
    <trkpt lat="38.76179" lon="-120.53452"></trkpt>
    <trkpt lat="38.76177" lon="-120.53442"></trkpt>
    <trkpt lat="38.76173" lon="-120.5343"></trkpt>
    <trkpt lat="38.76168" lon="-120.53412"></trkpt>
    <trkpt lat="38.76156" lon="-120.53377"></trkpt>
    <trkpt lat="38.76133" lon="-120.53318"></trkpt>
    <trkpt lat="38.76104" lon="-120.53236"></trkpt>
    <trkpt lat="38.76084" lon="-120.53175"></trkpt>
    <trkpt lat="38.76082" lon="-120.53166"></trkpt>
    <trkpt lat="38.7608" lon="-120.5316"></trkpt>
    <trkpt lat="38.76068" lon="-120.53111"></trkpt>
    <trkpt lat="38.76045" lon="-120.52994"></trkpt>
    <trkpt lat="38.76007" lon="-120.52769"></trkpt>
    <trkpt lat="38.76005" lon="-120.52741"></trkpt>
    <trkpt lat="38.76005" lon="-120.52715"></trkpt>
    <trkpt lat="38.76007" lon="-120.52683"></trkpt>
    <trkpt lat="38.76009" lon="-120.52664"></trkpt>
    <trkpt lat="38.76014" lon="-120.52639"></trkpt>
    <trkpt lat="38.76017" lon="-120.52627"></trkpt>
    <trkpt lat="38.76019" lon="-120.52617"></trkpt>
    <trkpt lat="38.76024" lon="-120.52598"></trkpt>
    <trkpt lat="38.76034" lon="-120.52568"></trkpt>
    <trkpt lat="38.76059" lon="-120.5248"></trkpt>
    <trkpt lat="38.76065" lon="-120.52454"></trkpt>
    <trkpt lat="38.76065" lon="-120.52453"></trkpt>
    <trkpt lat="38.76066" lon="-120.5245"></trkpt>
    <trkpt lat="38.7607" lon="-120.52433"></trkpt>
    <trkpt lat="38.7607" lon="-120.52431"></trkpt>
    <trkpt lat="38.76072" lon="-120.52419"></trkpt>
    <trkpt lat="38.76076" lon="-120.52369"></trkpt>
    <trkpt lat="38.76076" lon="-120.52359"></trkpt>
    <trkpt lat="38.76075" lon="-120.52343"></trkpt>
    <trkpt lat="38.76075" lon="-120.52331"></trkpt>
    <trkpt lat="38.76073" lon="-120.52316"></trkpt>
    <trkpt lat="38.76065" lon="-120.52272"></trkpt>
    <trkpt lat="38.7606" lon="-120.52255"></trkpt>
    <trkpt lat="38.76056" lon="-120.52239"></trkpt>
    <trkpt lat="38.76039" lon="-120.52194"></trkpt>
    <trkpt lat="38.75962" lon="-120.52004"></trkpt>
    <trkpt lat="38.75938" lon="-120.5193"></trkpt>
    <trkpt lat="38.75934" lon="-120.51911"></trkpt>
    <trkpt lat="38.75932" lon="-120.51897"></trkpt>
    <trkpt lat="38.7593" lon="-120.51877"></trkpt>
    <trkpt lat="38.75928" lon="-120.51863"></trkpt>
    <trkpt lat="38.75927" lon="-120.51845"></trkpt>
    <trkpt lat="38.75927" lon="-120.51834"></trkpt>
    <trkpt lat="38.75926" lon="-120.51827"></trkpt>
    <trkpt lat="38.75927" lon="-120.51793"></trkpt>
    <trkpt lat="38.75933" lon="-120.51744"></trkpt>
    <trkpt lat="38.75937" lon="-120.51726"></trkpt>
    <trkpt lat="38.75942" lon="-120.51708"></trkpt>
    <trkpt lat="38.75944" lon="-120.51699"></trkpt>
    <trkpt lat="38.7595" lon="-120.51678"></trkpt>
    <trkpt lat="38.75967" lon="-120.51636"></trkpt>
    <trkpt lat="38.75982" lon="-120.51605"></trkpt>
    <trkpt lat="38.76011" lon="-120.5155"></trkpt>
    <trkpt lat="38.76015" lon="-120.51541"></trkpt>
    <trkpt lat="38.76035" lon="-120.51502"></trkpt>
    <trkpt lat="38.7604" lon="-120.51491"></trkpt>
    <trkpt lat="38.76047" lon="-120.51473"></trkpt>
    <trkpt lat="38.76064" lon="-120.51406"></trkpt>
    <trkpt lat="38.76065" lon="-120.51396"></trkpt>
    <trkpt lat="38.76068" lon="-120.51347"></trkpt>
    <trkpt lat="38.76066" lon="-120.5131"></trkpt>
    <trkpt lat="38.76064" lon="-120.51296"></trkpt>
    <trkpt lat="38.76058" lon="-120.51264"></trkpt>
    <trkpt lat="38.76043" lon="-120.51216"></trkpt>
    <trkpt lat="38.76042" lon="-120.51216"></trkpt>
    <trkpt lat="38.76037" lon="-120.51202"></trkpt>
    <trkpt lat="38.76003" lon="-120.51128"></trkpt>
    <trkpt lat="38.75988" lon="-120.51087"></trkpt>
    <trkpt lat="38.75978" lon="-120.51048"></trkpt>
    <trkpt lat="38.75974" lon="-120.5103"></trkpt>
    <trkpt lat="38.7597" lon="-120.51001"></trkpt>
    <trkpt lat="38.75969" lon="-120.50984"></trkpt>
    <trkpt lat="38.75969" lon="-120.50966"></trkpt>
    <trkpt lat="38.75971" lon="-120.50916"></trkpt>
    <trkpt lat="38.75975" lon="-120.50889"></trkpt>
    <trkpt lat="38.76007" lon="-120.50717"></trkpt>
    <trkpt lat="38.76012" lon="-120.50694"></trkpt>
    <trkpt lat="38.76017" lon="-120.50666"></trkpt>
    <trkpt lat="38.76024" lon="-120.50633"></trkpt>
    <trkpt lat="38.76032" lon="-120.50601"></trkpt>
    <trkpt lat="38.76042" lon="-120.5057"></trkpt>
    <trkpt lat="38.76048" lon="-120.50555"></trkpt>
    <trkpt lat="38.76049" lon="-120.50551"></trkpt>
    <trkpt lat="38.76052" lon="-120.50546"></trkpt>
    <trkpt lat="38.76059" lon="-120.5053"></trkpt>
    <trkpt lat="38.76069" lon="-120.5051"></trkpt>
    <trkpt lat="38.76087" lon="-120.50484"></trkpt>
    <trkpt lat="38.76095" lon="-120.50474"></trkpt>
    <trkpt lat="38.76121" lon="-120.50435"></trkpt>
    <trkpt lat="38.76137" lon="-120.50409"></trkpt>
    <trkpt lat="38.76149" lon="-120.50386"></trkpt>
    <trkpt lat="38.76151" lon="-120.50383"></trkpt>
    <trkpt lat="38.76158" lon="-120.50369"></trkpt>
    <trkpt lat="38.76158" lon="-120.50368"></trkpt>
    <trkpt lat="38.76159" lon="-120.50367"></trkpt>
    <trkpt lat="38.76168" lon="-120.50344"></trkpt>
    <trkpt lat="38.76174" lon="-120.50326"></trkpt>
    <trkpt lat="38.76184" lon="-120.50288"></trkpt>
    <trkpt lat="38.7619" lon="-120.50255"></trkpt>
    <trkpt lat="38.76198" lon="-120.50222"></trkpt>
    <trkpt lat="38.76206" lon="-120.50193"></trkpt>
    <trkpt lat="38.76211" lon="-120.50178"></trkpt>
    <trkpt lat="38.76212" lon="-120.50173"></trkpt>
    <trkpt lat="38.76221" lon="-120.50146"></trkpt>
    <trkpt lat="38.76233" lon="-120.50114"></trkpt>
    <trkpt lat="38.76235" lon="-120.5011"></trkpt>
    <trkpt lat="38.76236" lon="-120.50109"></trkpt>
    <trkpt lat="38.76245" lon="-120.50091"></trkpt>
    <trkpt lat="38.76246" lon="-120.5009"></trkpt>
    <trkpt lat="38.76253" lon="-120.50075"></trkpt>
    <trkpt lat="38.76275" lon="-120.50041"></trkpt>
    <trkpt lat="38.76279" lon="-120.50037"></trkpt>
    <trkpt lat="38.76292" lon="-120.5002"></trkpt>
    <trkpt lat="38.76311" lon="-120.49999"></trkpt>
    <trkpt lat="38.76334" lon="-120.49977"></trkpt>
    <trkpt lat="38.76376" lon="-120.49943"></trkpt>
    <trkpt lat="38.76441" lon="-120.49893"></trkpt>
    <trkpt lat="38.76442" lon="-120.49892"></trkpt>
    <trkpt lat="38.76487" lon="-120.49857"></trkpt>
    <trkpt lat="38.76488" lon="-120.49856"></trkpt>
    <trkpt lat="38.76577" lon="-120.49786"></trkpt>
    <trkpt lat="38.76602" lon="-120.49763"></trkpt>
    <trkpt lat="38.76608" lon="-120.49756"></trkpt>
    <trkpt lat="38.76618" lon="-120.49743"></trkpt>
    <trkpt lat="38.7662" lon="-120.4974"></trkpt>
    <trkpt lat="38.76621" lon="-120.49739"></trkpt>
    <trkpt lat="38.76628" lon="-120.4973"></trkpt>
    <trkpt lat="38.76636" lon="-120.49717"></trkpt>
    <trkpt lat="38.76655" lon="-120.49678"></trkpt>
    <trkpt lat="38.7666" lon="-120.49663"></trkpt>
    <trkpt lat="38.76661" lon="-120.49661"></trkpt>
    <trkpt lat="38.76666" lon="-120.49644"></trkpt>
    <trkpt lat="38.7667" lon="-120.49627"></trkpt>
    <trkpt lat="38.76675" lon="-120.49594"></trkpt>
    <trkpt lat="38.76677" lon="-120.49576"></trkpt>
    <trkpt lat="38.76677" lon="-120.49543"></trkpt>
    <trkpt lat="38.76665" lon="-120.4941"></trkpt>
    <trkpt lat="38.76661" lon="-120.49329"></trkpt>
    <trkpt lat="38.7666" lon="-120.49321"></trkpt>
    <trkpt lat="38.7666" lon="-120.49309"></trkpt>
    <trkpt lat="38.76654" lon="-120.4926"></trkpt>
    <trkpt lat="38.76651" lon="-120.49243"></trkpt>
    <trkpt lat="38.76645" lon="-120.49218"></trkpt>
    <trkpt lat="38.76635" lon="-120.49187"></trkpt>
    <trkpt lat="38.76634" lon="-120.49183"></trkpt>
    <trkpt lat="38.76628" lon="-120.49166"></trkpt>
    <trkpt lat="38.76626" lon="-120.49159"></trkpt>
    <trkpt lat="38.76617" lon="-120.49133"></trkpt>
    <trkpt lat="38.76608" lon="-120.49102"></trkpt>
    <trkpt lat="38.76598" lon="-120.4906"></trkpt>
    <trkpt lat="38.76594" lon="-120.49035"></trkpt>
    <trkpt lat="38.76592" lon="-120.49018"></trkpt>
    <trkpt lat="38.7659" lon="-120.48986"></trkpt>
    <trkpt lat="38.7659" lon="-120.4895"></trkpt>
    <trkpt lat="38.76591" lon="-120.48928"></trkpt>
    <trkpt lat="38.76592" lon="-120.48927"></trkpt>
    <trkpt lat="38.766" lon="-120.48845"></trkpt>
    <trkpt lat="38.76601" lon="-120.48812"></trkpt>
    <trkpt lat="38.76602" lon="-120.48801"></trkpt>
    <trkpt lat="38.76602" lon="-120.48772"></trkpt>
    <trkpt lat="38.76599" lon="-120.48732"></trkpt>
    <trkpt lat="38.76597" lon="-120.48716"></trkpt>
    <trkpt lat="38.76594" lon="-120.48701"></trkpt>
    <trkpt lat="38.76583" lon="-120.48657"></trkpt>
    <trkpt lat="38.76576" lon="-120.4864"></trkpt>
    <trkpt lat="38.76571" lon="-120.48626"></trkpt>
    <trkpt lat="38.76565" lon="-120.48613"></trkpt>
    <trkpt lat="38.76558" lon="-120.48593"></trkpt>
    <trkpt lat="38.76557" lon="-120.48592"></trkpt>
    <trkpt lat="38.76549" lon="-120.48572"></trkpt>
    <trkpt lat="38.76529" lon="-120.48526"></trkpt>
    <trkpt lat="38.76521" lon="-120.48504"></trkpt>
    <trkpt lat="38.76508" lon="-120.48453"></trkpt>
    <trkpt lat="38.765" lon="-120.484"></trkpt>
    <trkpt lat="38.76499" lon="-120.48389"></trkpt>
    <trkpt lat="38.76499" lon="-120.48377"></trkpt>
    <trkpt lat="38.76498" lon="-120.48369"></trkpt>
    <trkpt lat="38.76498" lon="-120.48353"></trkpt>
    <trkpt lat="38.765" lon="-120.48311"></trkpt>
    <trkpt lat="38.76524" lon="-120.48108"></trkpt>
    <trkpt lat="38.76534" lon="-120.48069"></trkpt>
    <trkpt lat="38.76536" lon="-120.48059"></trkpt>
    <trkpt lat="38.76544" lon="-120.48038"></trkpt>
    <trkpt lat="38.76544" lon="-120.48037"></trkpt>
    <trkpt lat="38.76548" lon="-120.48028"></trkpt>
    <trkpt lat="38.76563" lon="-120.47998"></trkpt>
    <trkpt lat="38.76566" lon="-120.47993"></trkpt>
    <trkpt lat="38.76568" lon="-120.47988"></trkpt>
    <trkpt lat="38.76581" lon="-120.47967"></trkpt>
    <trkpt lat="38.76621" lon="-120.47915"></trkpt>
    <trkpt lat="38.76623" lon="-120.47913"></trkpt>
    <trkpt lat="38.76636" lon="-120.47897"></trkpt>
    <trkpt lat="38.76648" lon="-120.4788"></trkpt>
    <trkpt lat="38.76674" lon="-120.47848"></trkpt>
    <trkpt lat="38.76686" lon="-120.47831"></trkpt>
    <trkpt lat="38.76707" lon="-120.47805"></trkpt>
    <trkpt lat="38.76725" lon="-120.47784"></trkpt>
    <trkpt lat="38.76734" lon="-120.47772"></trkpt>
    <trkpt lat="38.76764" lon="-120.47741"></trkpt>
    <trkpt lat="38.76782" lon="-120.47726"></trkpt>
    <trkpt lat="38.76798" lon="-120.47715"></trkpt>
    <trkpt lat="38.76822" lon="-120.47701"></trkpt>
    <trkpt lat="38.76831" lon="-120.47698"></trkpt>
    <trkpt lat="38.76834" lon="-120.47696"></trkpt>
    <trkpt lat="38.76848" lon="-120.47691"></trkpt>
    <trkpt lat="38.76875" lon="-120.47685"></trkpt>
    <trkpt lat="38.76883" lon="-120.47684"></trkpt>
    <trkpt lat="38.76888" lon="-120.47683"></trkpt>
    <trkpt lat="38.76915" lon="-120.47681"></trkpt>
    <trkpt lat="38.76929" lon="-120.47681"></trkpt>
    <trkpt lat="38.7702" lon="-120.47688"></trkpt>
    <trkpt lat="38.77033" lon="-120.47688"></trkpt>
    <trkpt lat="38.77046" lon="-120.47687"></trkpt>
    <trkpt lat="38.77059" lon="-120.47685"></trkpt>
    <trkpt lat="38.77085" lon="-120.47677"></trkpt>
    <trkpt lat="38.77096" lon="-120.47672"></trkpt>
    <trkpt lat="38.77099" lon="-120.4767"></trkpt>
    <trkpt lat="38.77108" lon="-120.47665"></trkpt>
    <trkpt lat="38.77132" lon="-120.47649"></trkpt>
    <trkpt lat="38.77143" lon="-120.4764"></trkpt>
    <trkpt lat="38.77147" lon="-120.47636"></trkpt>
    <trkpt lat="38.77153" lon="-120.47631"></trkpt>
    <trkpt lat="38.77173" lon="-120.47609"></trkpt>
    <trkpt lat="38.77191" lon="-120.47584"></trkpt>
    <trkpt lat="38.77207" lon="-120.47556"></trkpt>
    <trkpt lat="38.77209" lon="-120.47554"></trkpt>
    <trkpt lat="38.77214" lon="-120.47544"></trkpt>
    <trkpt lat="38.77221" lon="-120.47527"></trkpt>
    <trkpt lat="38.77227" lon="-120.47514"></trkpt>
    <trkpt lat="38.77256" lon="-120.47438"></trkpt>
    <trkpt lat="38.77275" lon="-120.47392"></trkpt>
    <trkpt lat="38.7734" lon="-120.47226"></trkpt>
    <trkpt lat="38.77341" lon="-120.47224"></trkpt>
    <trkpt lat="38.77393" lon="-120.4709"></trkpt>
    <trkpt lat="38.77396" lon="-120.47081"></trkpt>
    <trkpt lat="38.77406" lon="-120.4706"></trkpt>
    <trkpt lat="38.77413" lon="-120.4704"></trkpt>
    <trkpt lat="38.77422" lon="-120.4702"></trkpt>
    <trkpt lat="38.77436" lon="-120.46985"></trkpt>
    <trkpt lat="38.77439" lon="-120.46979"></trkpt>
    <trkpt lat="38.77448" lon="-120.46955"></trkpt>
    <trkpt lat="38.77467" lon="-120.4691"></trkpt>
    <trkpt lat="38.77513" lon="-120.46792"></trkpt>
    <trkpt lat="38.7755" lon="-120.4669"></trkpt>
    <trkpt lat="38.77551" lon="-120.46688"></trkpt>
    <trkpt lat="38.77613" lon="-120.46526"></trkpt>
    <trkpt lat="38.77613" lon="-120.46525"></trkpt>
    <trkpt lat="38.77619" lon="-120.46509"></trkpt>
    <trkpt lat="38.7762" lon="-120.46504"></trkpt>
    <trkpt lat="38.77629" lon="-120.46477"></trkpt>
    <trkpt lat="38.77633" lon="-120.46462"></trkpt>
    <trkpt lat="38.77638" lon="-120.46439"></trkpt>
    <trkpt lat="38.77643" lon="-120.46411"></trkpt>
    <trkpt lat="38.77645" lon="-120.46394"></trkpt>
    <trkpt lat="38.77646" lon="-120.46379"></trkpt>
    <trkpt lat="38.77648" lon="-120.46362"></trkpt>
    <trkpt lat="38.77648" lon="-120.46345"></trkpt>
    <trkpt lat="38.77649" lon="-120.46329"></trkpt>
    <trkpt lat="38.77649" lon="-120.46306"></trkpt>
    <trkpt lat="38.77647" lon="-120.46281"></trkpt>
    <trkpt lat="38.77643" lon="-120.4625"></trkpt>
    <trkpt lat="38.7764" lon="-120.46233"></trkpt>
    <trkpt lat="38.7764" lon="-120.46231"></trkpt>
    <trkpt lat="38.77635" lon="-120.46211"></trkpt>
    <trkpt lat="38.77634" lon="-120.46209"></trkpt>
    <trkpt lat="38.77628" lon="-120.46191"></trkpt>
    <trkpt lat="38.77627" lon="-120.4619"></trkpt>
    <trkpt lat="38.7762" lon="-120.46176"></trkpt>
    <trkpt lat="38.77618" lon="-120.46171"></trkpt>
    <trkpt lat="38.77615" lon="-120.46166"></trkpt>
    <trkpt lat="38.7761" lon="-120.46155"></trkpt>
    <trkpt lat="38.77601" lon="-120.46141"></trkpt>
    <trkpt lat="38.77596" lon="-120.46134"></trkpt>
    <trkpt lat="38.77593" lon="-120.46129"></trkpt>
    <trkpt lat="38.77583" lon="-120.46118"></trkpt>
    <trkpt lat="38.77575" lon="-120.46108"></trkpt>
    <trkpt lat="38.77571" lon="-120.46101"></trkpt>
    <trkpt lat="38.77554" lon="-120.4608"></trkpt>
    <trkpt lat="38.77532" lon="-120.46061"></trkpt>
    <trkpt lat="38.77529" lon="-120.46058"></trkpt>
    <trkpt lat="38.7751" lon="-120.46046"></trkpt>
    <trkpt lat="38.77496" lon="-120.46039"></trkpt>
    <trkpt lat="38.77493" lon="-120.46037"></trkpt>
    <trkpt lat="38.77473" lon="-120.46032"></trkpt>
    <trkpt lat="38.77458" lon="-120.46029"></trkpt>
    <trkpt lat="38.77446" lon="-120.46025"></trkpt>
    <trkpt lat="38.77432" lon="-120.46022"></trkpt>
    <trkpt lat="38.77368" lon="-120.46001"></trkpt>
    <trkpt lat="38.77355" lon="-120.45995"></trkpt>
    <trkpt lat="38.77318" lon="-120.45974"></trkpt>
    <trkpt lat="38.77307" lon="-120.45966"></trkpt>
    <trkpt lat="38.77306" lon="-120.45965"></trkpt>
    <trkpt lat="38.77294" lon="-120.45956"></trkpt>
    <trkpt lat="38.77283" lon="-120.45946"></trkpt>
    <trkpt lat="38.77273" lon="-120.45936"></trkpt>
    <trkpt lat="38.77264" lon="-120.45925"></trkpt>
    <trkpt lat="38.77245" lon="-120.459"></trkpt>
    <trkpt lat="38.77229" lon="-120.45873"></trkpt>
    <trkpt lat="38.77229" lon="-120.45872"></trkpt>
    <trkpt lat="38.77214" lon="-120.45845"></trkpt>
    <trkpt lat="38.77179" lon="-120.45774"></trkpt>
    <trkpt lat="38.77173" lon="-120.45759"></trkpt>
    <trkpt lat="38.77172" lon="-120.45755"></trkpt>
    <trkpt lat="38.77158" lon="-120.45722"></trkpt>
    <trkpt lat="38.77154" lon="-120.45711"></trkpt>
    <trkpt lat="38.7715" lon="-120.45698"></trkpt>
    <trkpt lat="38.77144" lon="-120.45673"></trkpt>
    <trkpt lat="38.7714" lon="-120.45661"></trkpt>
    <trkpt lat="38.77132" lon="-120.45617"></trkpt>
    <trkpt lat="38.77125" lon="-120.45557"></trkpt>
    <trkpt lat="38.77124" lon="-120.45534"></trkpt>
    <trkpt lat="38.77124" lon="-120.45481"></trkpt>
    <trkpt lat="38.77126" lon="-120.4546"></trkpt>
    <trkpt lat="38.77127" lon="-120.4544"></trkpt>
    <trkpt lat="38.77129" lon="-120.45424"></trkpt>
    <trkpt lat="38.77129" lon="-120.45419"></trkpt>
    <trkpt lat="38.77149" lon="-120.45271"></trkpt>
    <trkpt lat="38.77152" lon="-120.45256"></trkpt>
    <trkpt lat="38.77159" lon="-120.45204"></trkpt>
    <trkpt lat="38.77163" lon="-120.45165"></trkpt>
    <trkpt lat="38.77163" lon="-120.45122"></trkpt>
    <trkpt lat="38.77161" lon="-120.45107"></trkpt>
    <trkpt lat="38.7716" lon="-120.45092"></trkpt>
    <trkpt lat="38.77155" lon="-120.45062"></trkpt>
    <trkpt lat="38.7715" lon="-120.45044"></trkpt>
    <trkpt lat="38.77139" lon="-120.4501"></trkpt>
    <trkpt lat="38.77129" lon="-120.44987"></trkpt>
    <trkpt lat="38.77119" lon="-120.44968"></trkpt>
    <trkpt lat="38.77105" lon="-120.44946"></trkpt>
    <trkpt lat="38.77097" lon="-120.44935"></trkpt>
    <trkpt lat="38.77084" lon="-120.4492"></trkpt>
    <trkpt lat="38.76929" lon="-120.44755"></trkpt>
    <trkpt lat="38.76923" lon="-120.44747"></trkpt>
    <trkpt lat="38.76909" lon="-120.44726"></trkpt>
    <trkpt lat="38.76904" lon="-120.44717"></trkpt>
    <trkpt lat="38.76892" lon="-120.44692"></trkpt>
    <trkpt lat="38.76877" lon="-120.4465"></trkpt>
    <trkpt lat="38.76874" lon="-120.44638"></trkpt>
    <trkpt lat="38.76873" lon="-120.44629"></trkpt>
    <trkpt lat="38.7687" lon="-120.44614"></trkpt>
    <trkpt lat="38.7687" lon="-120.44613"></trkpt>
    <trkpt lat="38.76868" lon="-120.446"></trkpt>
    <trkpt lat="38.76867" lon="-120.44589"></trkpt>
    <trkpt lat="38.76867" lon="-120.4458"></trkpt>
    <trkpt lat="38.76866" lon="-120.44561"></trkpt>
    <trkpt lat="38.76868" lon="-120.44539"></trkpt>
    <trkpt lat="38.76868" lon="-120.44531"></trkpt>
    <trkpt lat="38.76873" lon="-120.44508"></trkpt>
    <trkpt lat="38.76887" lon="-120.44452"></trkpt>
    <trkpt lat="38.76893" lon="-120.44423"></trkpt>
    <trkpt lat="38.76896" lon="-120.4439"></trkpt>
    <trkpt lat="38.76898" lon="-120.44353"></trkpt>
    <trkpt lat="38.76898" lon="-120.44336"></trkpt>
    <trkpt lat="38.76897" lon="-120.44328"></trkpt>
    <trkpt lat="38.76886" lon="-120.44144"></trkpt>
    <trkpt lat="38.76884" lon="-120.44121"></trkpt>
    <trkpt lat="38.76882" lon="-120.44108"></trkpt>
    <trkpt lat="38.7688" lon="-120.44099"></trkpt>
    <trkpt lat="38.76879" lon="-120.44089"></trkpt>
    <trkpt lat="38.76875" lon="-120.44075"></trkpt>
    <trkpt lat="38.76869" lon="-120.44048"></trkpt>
    <trkpt lat="38.76869" lon="-120.44041"></trkpt>
    <trkpt lat="38.76868" lon="-120.44034"></trkpt>
    <trkpt lat="38.76868" lon="-120.44024"></trkpt>
    <trkpt lat="38.76869" lon="-120.44013"></trkpt>
    <trkpt lat="38.7687" lon="-120.44009"></trkpt>
    <trkpt lat="38.7687" lon="-120.44006"></trkpt>
    <trkpt lat="38.76877" lon="-120.43982"></trkpt>
    <trkpt lat="38.76892" lon="-120.43946"></trkpt>
    <trkpt lat="38.76899" lon="-120.43931"></trkpt>
    <trkpt lat="38.7691" lon="-120.43889"></trkpt>
    <trkpt lat="38.7692" lon="-120.43844"></trkpt>
    <trkpt lat="38.76926" lon="-120.43812"></trkpt>
    <trkpt lat="38.76929" lon="-120.43799"></trkpt>
    <trkpt lat="38.76931" lon="-120.43793"></trkpt>
    <trkpt lat="38.76931" lon="-120.43791"></trkpt>
    <trkpt lat="38.76935" lon="-120.43781"></trkpt>
    <trkpt lat="38.76937" lon="-120.43774"></trkpt>
    <trkpt lat="38.76938" lon="-120.43772"></trkpt>
    <trkpt lat="38.7694" lon="-120.43769"></trkpt>
    <trkpt lat="38.76942" lon="-120.43763"></trkpt>
    <trkpt lat="38.7697" lon="-120.43698"></trkpt>
    <trkpt lat="38.76982" lon="-120.43674"></trkpt>
    <trkpt lat="38.76983" lon="-120.43671"></trkpt>
    <trkpt lat="38.76987" lon="-120.43662"></trkpt>
    <trkpt lat="38.76993" lon="-120.43645"></trkpt>
    <trkpt lat="38.76998" lon="-120.43622"></trkpt>
    <trkpt lat="38.77002" lon="-120.43597"></trkpt>
    <trkpt lat="38.77008" lon="-120.43549"></trkpt>
    <trkpt lat="38.77011" lon="-120.43538"></trkpt>
    <trkpt lat="38.7702" lon="-120.4351"></trkpt>
    <trkpt lat="38.77028" lon="-120.4349"></trkpt>
    <trkpt lat="38.77043" lon="-120.43463"></trkpt>
    <trkpt lat="38.77044" lon="-120.43459"></trkpt>
    <trkpt lat="38.7705" lon="-120.43447"></trkpt>
    <trkpt lat="38.77051" lon="-120.43443"></trkpt>
    <trkpt lat="38.77057" lon="-120.43424"></trkpt>
    <trkpt lat="38.77064" lon="-120.43388"></trkpt>
    <trkpt lat="38.77067" lon="-120.43364"></trkpt>
    <trkpt lat="38.7707" lon="-120.43349"></trkpt>
    <trkpt lat="38.77071" lon="-120.43342"></trkpt>
    <trkpt lat="38.77077" lon="-120.43317"></trkpt>
    <trkpt lat="38.7708" lon="-120.4331"></trkpt>
    <trkpt lat="38.77087" lon="-120.43291"></trkpt>
    <trkpt lat="38.77091" lon="-120.43283"></trkpt>
    <trkpt lat="38.77106" lon="-120.43256"></trkpt>
    <trkpt lat="38.77134" lon="-120.43212"></trkpt>
    <trkpt lat="38.77144" lon="-120.43193"></trkpt>
    <trkpt lat="38.77151" lon="-120.43178"></trkpt>
    <trkpt lat="38.77159" lon="-120.43157"></trkpt>
    <trkpt lat="38.77163" lon="-120.43148"></trkpt>
    <trkpt lat="38.77167" lon="-120.43136"></trkpt>
    <trkpt lat="38.77168" lon="-120.43131"></trkpt>
    <trkpt lat="38.77179" lon="-120.43102"></trkpt>
    <trkpt lat="38.77186" lon="-120.43086"></trkpt>
    <trkpt lat="38.77206" lon="-120.43054"></trkpt>
    <trkpt lat="38.77215" lon="-120.43042"></trkpt>
    <trkpt lat="38.77242" lon="-120.43009"></trkpt>
    <trkpt lat="38.77267" lon="-120.42975"></trkpt>
    <trkpt lat="38.7729" lon="-120.42939"></trkpt>
    <trkpt lat="38.77322" lon="-120.42883"></trkpt>
    <trkpt lat="38.77337" lon="-120.42852"></trkpt>
    <trkpt lat="38.7734" lon="-120.42844"></trkpt>
    <trkpt lat="38.77342" lon="-120.4284"></trkpt>
    <trkpt lat="38.77365" lon="-120.42785"></trkpt>
    <trkpt lat="38.77371" lon="-120.42769"></trkpt>
    <trkpt lat="38.7738" lon="-120.42741"></trkpt>
    <trkpt lat="38.77381" lon="-120.42735"></trkpt>
    <trkpt lat="38.77384" lon="-120.42726"></trkpt>
    <trkpt lat="38.77385" lon="-120.42719"></trkpt>
    <trkpt lat="38.77385" lon="-120.42717"></trkpt>
    <trkpt lat="38.77387" lon="-120.42708"></trkpt>
    <trkpt lat="38.7739" lon="-120.42681"></trkpt>
    <trkpt lat="38.774" lon="-120.42535"></trkpt>
    <trkpt lat="38.77404" lon="-120.42491"></trkpt>
    <trkpt lat="38.77407" lon="-120.42475"></trkpt>
    <trkpt lat="38.77409" lon="-120.42469"></trkpt>
    <trkpt lat="38.77411" lon="-120.42458"></trkpt>
    <trkpt lat="38.77415" lon="-120.42447"></trkpt>
    <trkpt lat="38.77418" lon="-120.42435"></trkpt>
    <trkpt lat="38.77436" lon="-120.4239"></trkpt>
    <trkpt lat="38.77446" lon="-120.4237"></trkpt>
    <trkpt lat="38.77449" lon="-120.42366"></trkpt>
    <trkpt lat="38.77455" lon="-120.42355"></trkpt>
    <trkpt lat="38.77484" lon="-120.42313"></trkpt>
    <trkpt lat="38.77505" lon="-120.42278"></trkpt>
    <trkpt lat="38.77506" lon="-120.42277"></trkpt>
    <trkpt lat="38.77518" lon="-120.4225"></trkpt>
    <trkpt lat="38.77523" lon="-120.42236"></trkpt>
    <trkpt lat="38.77524" lon="-120.42235"></trkpt>
    <trkpt lat="38.77527" lon="-120.42222"></trkpt>
    <trkpt lat="38.77538" lon="-120.42182"></trkpt>
    <trkpt lat="38.7754" lon="-120.42171"></trkpt>
    <trkpt lat="38.77544" lon="-120.42155"></trkpt>
    <trkpt lat="38.77551" lon="-120.42109"></trkpt>
    <trkpt lat="38.77551" lon="-120.42103"></trkpt>
    <trkpt lat="38.77553" lon="-120.42091"></trkpt>
    <trkpt lat="38.77554" lon="-120.42071"></trkpt>
    <trkpt lat="38.77554" lon="-120.42055"></trkpt>
    <trkpt lat="38.77553" lon="-120.42035"></trkpt>
    <trkpt lat="38.77549" lon="-120.42002"></trkpt>
    <trkpt lat="38.77545" lon="-120.41985"></trkpt>
    <trkpt lat="38.77536" lon="-120.41956"></trkpt>
    <trkpt lat="38.7753" lon="-120.41939"></trkpt>
    <trkpt lat="38.77518" lon="-120.41912"></trkpt>
    <trkpt lat="38.77491" lon="-120.41856"></trkpt>
    <trkpt lat="38.77482" lon="-120.41833"></trkpt>
    <trkpt lat="38.77479" lon="-120.41823"></trkpt>
    <trkpt lat="38.77477" lon="-120.41814"></trkpt>
    <trkpt lat="38.77475" lon="-120.41795"></trkpt>
    <trkpt lat="38.77475" lon="-120.41777"></trkpt>
    <trkpt lat="38.77477" lon="-120.41755"></trkpt>
    <trkpt lat="38.7751" lon="-120.4153"></trkpt>
    <trkpt lat="38.77513" lon="-120.41516"></trkpt>
    <trkpt lat="38.77521" lon="-120.41489"></trkpt>
    <trkpt lat="38.77528" lon="-120.4147"></trkpt>
    <trkpt lat="38.77539" lon="-120.41435"></trkpt>
    <trkpt lat="38.77549" lon="-120.41394"></trkpt>
    <trkpt lat="38.77552" lon="-120.41363"></trkpt>
    <trkpt lat="38.77553" lon="-120.41362"></trkpt>
    <trkpt lat="38.77554" lon="-120.41347"></trkpt>
    <trkpt lat="38.77554" lon="-120.41339"></trkpt>
    <trkpt lat="38.77559" lon="-120.41252"></trkpt>
    <trkpt lat="38.7756" lon="-120.41221"></trkpt>
    <trkpt lat="38.77559" lon="-120.41194"></trkpt>
    <trkpt lat="38.77559" lon="-120.41171"></trkpt>
    <trkpt lat="38.77557" lon="-120.41146"></trkpt>
    <trkpt lat="38.77555" lon="-120.41132"></trkpt>
    <trkpt lat="38.77553" lon="-120.41109"></trkpt>
    <trkpt lat="38.77553" lon="-120.41105"></trkpt>
    <trkpt lat="38.77551" lon="-120.41087"></trkpt>
    <trkpt lat="38.77549" lon="-120.41055"></trkpt>
    <trkpt lat="38.77549" lon="-120.41032"></trkpt>
    <trkpt lat="38.77551" lon="-120.40993"></trkpt>
    <trkpt lat="38.77551" lon="-120.40985"></trkpt>
    <trkpt lat="38.77552" lon="-120.40975"></trkpt>
    <trkpt lat="38.7757" lon="-120.40867"></trkpt>
    <trkpt lat="38.77572" lon="-120.40837"></trkpt>
    <trkpt lat="38.77572" lon="-120.40824"></trkpt>
    <trkpt lat="38.77576" lon="-120.40777"></trkpt>
    <trkpt lat="38.77581" lon="-120.40751"></trkpt>
    <trkpt lat="38.77588" lon="-120.40728"></trkpt>
    <trkpt lat="38.77595" lon="-120.4071"></trkpt>
    <trkpt lat="38.77602" lon="-120.40694"></trkpt>
    <trkpt lat="38.7761" lon="-120.40679"></trkpt>
    <trkpt lat="38.77621" lon="-120.40644"></trkpt>
    <trkpt lat="38.77625" lon="-120.40621"></trkpt>
    <trkpt lat="38.77627" lon="-120.40599"></trkpt>
    <trkpt lat="38.77627" lon="-120.4058"></trkpt>
    <trkpt lat="38.77626" lon="-120.40572"></trkpt>
    <trkpt lat="38.77625" lon="-120.40567"></trkpt>
    <trkpt lat="38.77624" lon="-120.40556"></trkpt>
    <trkpt lat="38.77617" lon="-120.40525"></trkpt>
    <trkpt lat="38.77594" lon="-120.40447"></trkpt>
    <trkpt lat="38.77582" lon="-120.4041"></trkpt>
    <trkpt lat="38.77567" lon="-120.40376"></trkpt>
    <trkpt lat="38.77548" lon="-120.40342"></trkpt>
    <trkpt lat="38.77535" lon="-120.40323"></trkpt>
    <trkpt lat="38.77531" lon="-120.40316"></trkpt>
    <trkpt lat="38.7753" lon="-120.40315"></trkpt>
    <trkpt lat="38.77524" lon="-120.40305"></trkpt>
    <trkpt lat="38.77501" lon="-120.40271"></trkpt>
    <trkpt lat="38.7748" lon="-120.40236"></trkpt>
    <trkpt lat="38.77477" lon="-120.40229"></trkpt>
    <trkpt lat="38.77471" lon="-120.40217"></trkpt>
    <trkpt lat="38.7747" lon="-120.40213"></trkpt>
    <trkpt lat="38.77465" lon="-120.40203"></trkpt>
    <trkpt lat="38.77459" lon="-120.40185"></trkpt>
    <trkpt lat="38.77459" lon="-120.40184"></trkpt>
    <trkpt lat="38.77412" lon="-120.40023"></trkpt>
    <trkpt lat="38.77404" lon="-120.39993"></trkpt>
    <trkpt lat="38.77378" lon="-120.39905"></trkpt>
    <trkpt lat="38.7737" lon="-120.39872"></trkpt>
    <trkpt lat="38.7737" lon="-120.39869"></trkpt>
    <trkpt lat="38.77367" lon="-120.39854"></trkpt>
    <trkpt lat="38.77366" lon="-120.39838"></trkpt>
    <trkpt lat="38.77366" lon="-120.39813"></trkpt>
    <trkpt lat="38.7737" lon="-120.39776"></trkpt>
    <trkpt lat="38.77376" lon="-120.39747"></trkpt>
    <trkpt lat="38.77377" lon="-120.39746"></trkpt>
    <trkpt lat="38.77378" lon="-120.39738"></trkpt>
    <trkpt lat="38.77382" lon="-120.39725"></trkpt>
    <trkpt lat="38.77382" lon="-120.39724"></trkpt>
    <trkpt lat="38.77383" lon="-120.39723"></trkpt>
    <trkpt lat="38.77399" lon="-120.39659"></trkpt>
    <trkpt lat="38.77405" lon="-120.39624"></trkpt>
    <trkpt lat="38.7741" lon="-120.39579"></trkpt>
    <trkpt lat="38.77411" lon="-120.39559"></trkpt>
    <trkpt lat="38.77411" lon="-120.39515"></trkpt>
    <trkpt lat="38.77409" lon="-120.39483"></trkpt>
    <trkpt lat="38.77407" lon="-120.3947"></trkpt>
    <trkpt lat="38.77405" lon="-120.39448"></trkpt>
    <trkpt lat="38.77378" lon="-120.39328"></trkpt>
    <trkpt lat="38.77374" lon="-120.39307"></trkpt>
    <trkpt lat="38.77373" lon="-120.39305"></trkpt>
    <trkpt lat="38.77332" lon="-120.39121"></trkpt>
    <trkpt lat="38.77328" lon="-120.39107"></trkpt>
    <trkpt lat="38.77321" lon="-120.39086"></trkpt>
    <trkpt lat="38.77286" lon="-120.38997"></trkpt>
    <trkpt lat="38.77282" lon="-120.38983"></trkpt>
    <trkpt lat="38.77279" lon="-120.38975"></trkpt>
    <trkpt lat="38.77275" lon="-120.38955"></trkpt>
    <trkpt lat="38.77273" lon="-120.38948"></trkpt>
    <trkpt lat="38.77271" lon="-120.38925"></trkpt>
    <trkpt lat="38.77266" lon="-120.38891"></trkpt>
    <trkpt lat="38.77263" lon="-120.38878"></trkpt>
    <trkpt lat="38.77257" lon="-120.38856"></trkpt>
    <trkpt lat="38.77255" lon="-120.38852"></trkpt>
    <trkpt lat="38.77253" lon="-120.38843"></trkpt>
    <trkpt lat="38.7725" lon="-120.38837"></trkpt>
    <trkpt lat="38.77248" lon="-120.38832"></trkpt>
    <trkpt lat="38.77243" lon="-120.38822"></trkpt>
    <trkpt lat="38.77242" lon="-120.38819"></trkpt>
    <trkpt lat="38.77241" lon="-120.38818"></trkpt>
    <trkpt lat="38.77239" lon="-120.38815"></trkpt>
    <trkpt lat="38.77237" lon="-120.38811"></trkpt>
    <trkpt lat="38.77231" lon="-120.38801"></trkpt>
    <trkpt lat="38.77224" lon="-120.38792"></trkpt>
    <trkpt lat="38.77212" lon="-120.38778"></trkpt>
    <trkpt lat="38.77203" lon="-120.38769"></trkpt>
    <trkpt lat="38.77203" lon="-120.38768"></trkpt>
    <trkpt lat="38.7719" lon="-120.38756"></trkpt>
    <trkpt lat="38.7717" lon="-120.38736"></trkpt>
    <trkpt lat="38.77161" lon="-120.38726"></trkpt>
    <trkpt lat="38.77159" lon="-120.38723"></trkpt>
    <trkpt lat="38.77146" lon="-120.38706"></trkpt>
    <trkpt lat="38.7713" lon="-120.38677"></trkpt>
    <trkpt lat="38.77128" lon="-120.38672"></trkpt>
    <trkpt lat="38.77109" lon="-120.38633"></trkpt>
    <trkpt lat="38.77103" lon="-120.38619"></trkpt>
    <trkpt lat="38.7704" lon="-120.38484"></trkpt>
    <trkpt lat="38.77009" lon="-120.38414"></trkpt>
    <trkpt lat="38.76962" lon="-120.38313"></trkpt>
    <trkpt lat="38.76952" lon="-120.38297"></trkpt>
    <trkpt lat="38.76936" lon="-120.38275"></trkpt>
    <trkpt lat="38.7693" lon="-120.38268"></trkpt>
    <trkpt lat="38.76926" lon="-120.38264"></trkpt>
    <trkpt lat="38.76918" lon="-120.38257"></trkpt>
    <trkpt lat="38.76909" lon="-120.3825"></trkpt>
    <trkpt lat="38.76896" lon="-120.38241"></trkpt>
    <trkpt lat="38.76872" lon="-120.38226"></trkpt>
    <trkpt lat="38.76845" lon="-120.38207"></trkpt>
    <trkpt lat="38.76835" lon="-120.38199"></trkpt>
    <trkpt lat="38.76828" lon="-120.38194"></trkpt>
    <trkpt lat="38.7682" lon="-120.38186"></trkpt>
    <trkpt lat="38.76811" lon="-120.38178"></trkpt>
    <trkpt lat="38.76804" lon="-120.38169"></trkpt>
    <trkpt lat="38.76802" lon="-120.38167"></trkpt>
    <trkpt lat="38.76791" lon="-120.38153"></trkpt>
    <trkpt lat="38.76785" lon="-120.38144"></trkpt>
    <trkpt lat="38.76761" lon="-120.38103"></trkpt>
    <trkpt lat="38.76739" lon="-120.3806"></trkpt>
    <trkpt lat="38.76723" lon="-120.38031"></trkpt>
    <trkpt lat="38.76709" lon="-120.37999"></trkpt>
    <trkpt lat="38.76705" lon="-120.37988"></trkpt>
    <trkpt lat="38.76697" lon="-120.37959"></trkpt>
    <trkpt lat="38.7669" lon="-120.37923"></trkpt>
    <trkpt lat="38.76688" lon="-120.37904"></trkpt>
    <trkpt lat="38.76686" lon="-120.37876"></trkpt>
    <trkpt lat="38.76686" lon="-120.37863"></trkpt>
    <trkpt lat="38.76687" lon="-120.37857"></trkpt>
    <trkpt lat="38.76688" lon="-120.37842"></trkpt>
    <trkpt lat="38.76691" lon="-120.37818"></trkpt>
    <trkpt lat="38.767" lon="-120.37772"></trkpt>
    <trkpt lat="38.76706" lon="-120.37752"></trkpt>
    <trkpt lat="38.76738" lon="-120.37666"></trkpt>
    <trkpt lat="38.76745" lon="-120.37643"></trkpt>
    <trkpt lat="38.7675" lon="-120.37624"></trkpt>
    <trkpt lat="38.76755" lon="-120.37597"></trkpt>
    <trkpt lat="38.76758" lon="-120.37576"></trkpt>
    <trkpt lat="38.7676" lon="-120.37553"></trkpt>
    <trkpt lat="38.7676" lon="-120.37519"></trkpt>
    <trkpt lat="38.76759" lon="-120.37499"></trkpt>
    <trkpt lat="38.76754" lon="-120.37461"></trkpt>
    <trkpt lat="38.76749" lon="-120.3743"></trkpt>
    <trkpt lat="38.76733" lon="-120.37344"></trkpt>
    <trkpt lat="38.76729" lon="-120.37317"></trkpt>
    <trkpt lat="38.76722" lon="-120.37304"></trkpt>
    <trkpt lat="38.76717" lon="-120.37291"></trkpt>
    <trkpt lat="38.76713" lon="-120.37274"></trkpt>
    <trkpt lat="38.76704" lon="-120.37244"></trkpt>
    <trkpt lat="38.76626" lon="-120.37029"></trkpt>
    <trkpt lat="38.76623" lon="-120.37013"></trkpt>
    <trkpt lat="38.76622" lon="-120.36999"></trkpt>
    <trkpt lat="38.76601" lon="-120.36914"></trkpt>
    <trkpt lat="38.766" lon="-120.36911"></trkpt>
    <trkpt lat="38.76592" lon="-120.36869"></trkpt>
    <trkpt lat="38.76571" lon="-120.3674"></trkpt>
    <trkpt lat="38.76566" lon="-120.36701"></trkpt>
    <trkpt lat="38.76566" lon="-120.367"></trkpt>
    <trkpt lat="38.76564" lon="-120.36691"></trkpt>
    <trkpt lat="38.7656" lon="-120.36663"></trkpt>
    <trkpt lat="38.76554" lon="-120.36634"></trkpt>
    <trkpt lat="38.76551" lon="-120.36616"></trkpt>
    <trkpt lat="38.76529" lon="-120.36523"></trkpt>
    <trkpt lat="38.76529" lon="-120.36522"></trkpt>
    <trkpt lat="38.76526" lon="-120.36514"></trkpt>
    <trkpt lat="38.76526" lon="-120.36513"></trkpt>
    <trkpt lat="38.76523" lon="-120.36501"></trkpt>
    <trkpt lat="38.76523" lon="-120.365"></trkpt>
    <trkpt lat="38.76512" lon="-120.36454"></trkpt>
    <trkpt lat="38.765" lon="-120.36414"></trkpt>
    <trkpt lat="38.76447" lon="-120.36249"></trkpt>
    <trkpt lat="38.76435" lon="-120.36218"></trkpt>
    <trkpt lat="38.76433" lon="-120.36211"></trkpt>
    <trkpt lat="38.76425" lon="-120.36194"></trkpt>
    <trkpt lat="38.76417" lon="-120.36181"></trkpt>
    <trkpt lat="38.76413" lon="-120.36173"></trkpt>
    <trkpt lat="38.76412" lon="-120.36173"></trkpt>
    <trkpt lat="38.76407" lon="-120.36164"></trkpt>
    <trkpt lat="38.76394" lon="-120.36144"></trkpt>
    <trkpt lat="38.76384" lon="-120.36126"></trkpt>
    <trkpt lat="38.76372" lon="-120.36098"></trkpt>
    <trkpt lat="38.76369" lon="-120.36089"></trkpt>
    <trkpt lat="38.76366" lon="-120.36076"></trkpt>
    <trkpt lat="38.76364" lon="-120.36062"></trkpt>
    <trkpt lat="38.76362" lon="-120.36038"></trkpt>
    <trkpt lat="38.76364" lon="-120.36013"></trkpt>
    <trkpt lat="38.76368" lon="-120.35991"></trkpt>
    <trkpt lat="38.76375" lon="-120.35967"></trkpt>
    <trkpt lat="38.76386" lon="-120.35944"></trkpt>
    <trkpt lat="38.76388" lon="-120.35938"></trkpt>
    <trkpt lat="38.76406" lon="-120.35909"></trkpt>
    <trkpt lat="38.76407" lon="-120.35907"></trkpt>
    <trkpt lat="38.76413" lon="-120.35898"></trkpt>
    <trkpt lat="38.76432" lon="-120.35874"></trkpt>
    <trkpt lat="38.7646" lon="-120.35845"></trkpt>
    <trkpt lat="38.76472" lon="-120.35835"></trkpt>
    <trkpt lat="38.76476" lon="-120.35833"></trkpt>
    <trkpt lat="38.76479" lon="-120.3583"></trkpt>
    <trkpt lat="38.76506" lon="-120.35812"></trkpt>
    <trkpt lat="38.76548" lon="-120.35789"></trkpt>
    <trkpt lat="38.76585" lon="-120.3577"></trkpt>
    <trkpt lat="38.76606" lon="-120.35756"></trkpt>
    <trkpt lat="38.7662" lon="-120.35745"></trkpt>
    <trkpt lat="38.76635" lon="-120.3573"></trkpt>
    <trkpt lat="38.76635" lon="-120.35729"></trkpt>
    <trkpt lat="38.76648" lon="-120.35713"></trkpt>
    <trkpt lat="38.76649" lon="-120.35711"></trkpt>
    <trkpt lat="38.76659" lon="-120.35695"></trkpt>
    <trkpt lat="38.7666" lon="-120.35695"></trkpt>
    <trkpt lat="38.76665" lon="-120.35684"></trkpt>
    <trkpt lat="38.76668" lon="-120.35675"></trkpt>
    <trkpt lat="38.76669" lon="-120.35675"></trkpt>
    <trkpt lat="38.7667" lon="-120.35671"></trkpt>
    <trkpt lat="38.76676" lon="-120.35653"></trkpt>
    <trkpt lat="38.7668" lon="-120.35634"></trkpt>
    <trkpt lat="38.76682" lon="-120.35622"></trkpt>
    <trkpt lat="38.76683" lon="-120.35608"></trkpt>
    <trkpt lat="38.76683" lon="-120.35591"></trkpt>
    <trkpt lat="38.76681" lon="-120.35572"></trkpt>
    <trkpt lat="38.76678" lon="-120.35553"></trkpt>
    <trkpt lat="38.76675" lon="-120.3554"></trkpt>
    <trkpt lat="38.76671" lon="-120.35526"></trkpt>
    <trkpt lat="38.76667" lon="-120.35514"></trkpt>
    <trkpt lat="38.76662" lon="-120.35502"></trkpt>
    <trkpt lat="38.76644" lon="-120.35464"></trkpt>
    <trkpt lat="38.7663" lon="-120.35442"></trkpt>
    <trkpt lat="38.76618" lon="-120.35425"></trkpt>
    <trkpt lat="38.76613" lon="-120.35417"></trkpt>
    <trkpt lat="38.76607" lon="-120.35409"></trkpt>
    <trkpt lat="38.76589" lon="-120.35388"></trkpt>
    <trkpt lat="38.76547" lon="-120.35345"></trkpt>
    <trkpt lat="38.76527" lon="-120.35326"></trkpt>
    <trkpt lat="38.76525" lon="-120.35323"></trkpt>
    <trkpt lat="38.76511" lon="-120.35309"></trkpt>
    <trkpt lat="38.76509" lon="-120.35306"></trkpt>
    <trkpt lat="38.76505" lon="-120.35302"></trkpt>
    <trkpt lat="38.76492" lon="-120.35287"></trkpt>
    <trkpt lat="38.76481" lon="-120.35269"></trkpt>
    <trkpt lat="38.76477" lon="-120.35261"></trkpt>
    <trkpt lat="38.7647" lon="-120.35245"></trkpt>
    <trkpt lat="38.76468" lon="-120.35236"></trkpt>
    <trkpt lat="38.76465" lon="-120.35228"></trkpt>
    <trkpt lat="38.76457" lon="-120.35186"></trkpt>
    <trkpt lat="38.76454" lon="-120.35151"></trkpt>
    <trkpt lat="38.76453" lon="-120.35147"></trkpt>
    <trkpt lat="38.76448" lon="-120.35082"></trkpt>
    <trkpt lat="38.76445" lon="-120.35055"></trkpt>
    <trkpt lat="38.76445" lon="-120.35051"></trkpt>
    <trkpt lat="38.76443" lon="-120.3504"></trkpt>
    <trkpt lat="38.76442" lon="-120.35032"></trkpt>
    <trkpt lat="38.76442" lon="-120.35029"></trkpt>
    <trkpt lat="38.76441" lon="-120.35023"></trkpt>
    <trkpt lat="38.76438" lon="-120.35013"></trkpt>
    <trkpt lat="38.76436" lon="-120.35003"></trkpt>
    <trkpt lat="38.76434" lon="-120.34996"></trkpt>
    <trkpt lat="38.76418" lon="-120.34955"></trkpt>
    <trkpt lat="38.76403" lon="-120.34926"></trkpt>
    <trkpt lat="38.76393" lon="-120.34903"></trkpt>
    <trkpt lat="38.7638" lon="-120.34869"></trkpt>
    <trkpt lat="38.7638" lon="-120.34867"></trkpt>
    <trkpt lat="38.76379" lon="-120.34865"></trkpt>
    <trkpt lat="38.76371" lon="-120.34834"></trkpt>
    <trkpt lat="38.76365" lon="-120.34796"></trkpt>
    <trkpt lat="38.76364" lon="-120.34775"></trkpt>
    <trkpt lat="38.76364" lon="-120.34745"></trkpt>
    <trkpt lat="38.76365" lon="-120.34729"></trkpt>
    <trkpt lat="38.76373" lon="-120.34671"></trkpt>
    <trkpt lat="38.76375" lon="-120.34663"></trkpt>
    <trkpt lat="38.76375" lon="-120.34661"></trkpt>
    <trkpt lat="38.76379" lon="-120.34638"></trkpt>
    <trkpt lat="38.76382" lon="-120.34605"></trkpt>
    <trkpt lat="38.76382" lon="-120.34591"></trkpt>
    <trkpt lat="38.76383" lon="-120.34572"></trkpt>
    <trkpt lat="38.76383" lon="-120.34562"></trkpt>
    <trkpt lat="38.76386" lon="-120.3453"></trkpt>
    <trkpt lat="38.76386" lon="-120.34523"></trkpt>
    <trkpt lat="38.76391" lon="-120.34495"></trkpt>
    <trkpt lat="38.76402" lon="-120.34457"></trkpt>
    <trkpt lat="38.76409" lon="-120.34439"></trkpt>
    <trkpt lat="38.76411" lon="-120.34436"></trkpt>
    <trkpt lat="38.76413" lon="-120.34429"></trkpt>
    <trkpt lat="38.76417" lon="-120.34422"></trkpt>
    <trkpt lat="38.76418" lon="-120.34419"></trkpt>
    <trkpt lat="38.7642" lon="-120.34416"></trkpt>
    <trkpt lat="38.76425" lon="-120.34406"></trkpt>
    <trkpt lat="38.76432" lon="-120.34395"></trkpt>
    <trkpt lat="38.76449" lon="-120.34363"></trkpt>
    <trkpt lat="38.7647" lon="-120.34306"></trkpt>
    <trkpt lat="38.76496" lon="-120.34229"></trkpt>
    <trkpt lat="38.76515" lon="-120.34183"></trkpt>
    <trkpt lat="38.76524" lon="-120.34153"></trkpt>
    <trkpt lat="38.76526" lon="-120.34141"></trkpt>
    <trkpt lat="38.76529" lon="-120.34128"></trkpt>
    <trkpt lat="38.7653" lon="-120.34122"></trkpt>
    <trkpt lat="38.76531" lon="-120.34108"></trkpt>
    <trkpt lat="38.76532" lon="-120.34102"></trkpt>
    <trkpt lat="38.76532" lon="-120.34076"></trkpt>
    <trkpt lat="38.76531" lon="-120.34052"></trkpt>
    <trkpt lat="38.7653" lon="-120.34041"></trkpt>
    <trkpt lat="38.76528" lon="-120.3403"></trkpt>
    <trkpt lat="38.76525" lon="-120.34018"></trkpt>
    <trkpt lat="38.76522" lon="-120.34002"></trkpt>
    <trkpt lat="38.76474" lon="-120.33821"></trkpt>
    <trkpt lat="38.76462" lon="-120.33765"></trkpt>
    <trkpt lat="38.7646" lon="-120.33747"></trkpt>
    <trkpt lat="38.76459" lon="-120.33733"></trkpt>
    <trkpt lat="38.7646" lon="-120.33632"></trkpt>
    <trkpt lat="38.76459" lon="-120.33618"></trkpt>
    <trkpt lat="38.76459" lon="-120.33608"></trkpt>
    <trkpt lat="38.76456" lon="-120.33577"></trkpt>
    <trkpt lat="38.76454" lon="-120.33564"></trkpt>
    <trkpt lat="38.76453" lon="-120.33553"></trkpt>
    <trkpt lat="38.76446" lon="-120.3352"></trkpt>
    <trkpt lat="38.76435" lon="-120.33481"></trkpt>
    <trkpt lat="38.76432" lon="-120.33472"></trkpt>
    <trkpt lat="38.76428" lon="-120.33463"></trkpt>
    <trkpt lat="38.76422" lon="-120.33445"></trkpt>
    <trkpt lat="38.76401" lon="-120.33398"></trkpt>
    <trkpt lat="38.76397" lon="-120.33393"></trkpt>
    <trkpt lat="38.7638" lon="-120.3336"></trkpt>
    <trkpt lat="38.7637" lon="-120.33339"></trkpt>
    <trkpt lat="38.76368" lon="-120.33333"></trkpt>
    <trkpt lat="38.76363" lon="-120.33321"></trkpt>
    <trkpt lat="38.76352" lon="-120.33289"></trkpt>
    <trkpt lat="38.76345" lon="-120.33258"></trkpt>
    <trkpt lat="38.76343" lon="-120.33237"></trkpt>
    <trkpt lat="38.76342" lon="-120.33219"></trkpt>
    <trkpt lat="38.76345" lon="-120.33182"></trkpt>
    <trkpt lat="38.7635" lon="-120.33151"></trkpt>
    <trkpt lat="38.76354" lon="-120.33134"></trkpt>
    <trkpt lat="38.76386" lon="-120.33014"></trkpt>
    <trkpt lat="38.7639" lon="-120.33008"></trkpt>
    <trkpt lat="38.76394" lon="-120.32993"></trkpt>
    <trkpt lat="38.76398" lon="-120.32965"></trkpt>
    <trkpt lat="38.76399" lon="-120.32954"></trkpt>
    <trkpt lat="38.76399" lon="-120.32939"></trkpt>
    <trkpt lat="38.764" lon="-120.32921"></trkpt>
    <trkpt lat="38.76406" lon="-120.325"></trkpt>
    <trkpt lat="38.76407" lon="-120.32486"></trkpt>
    <trkpt lat="38.76413" lon="-120.32434"></trkpt>
    <trkpt lat="38.76427" lon="-120.32373"></trkpt>
    <trkpt lat="38.76443" lon="-120.32326"></trkpt>
    <trkpt lat="38.76451" lon="-120.32306"></trkpt>
    <trkpt lat="38.76527" lon="-120.32134"></trkpt>
    <trkpt lat="38.76535" lon="-120.32113"></trkpt>
    <trkpt lat="38.76598" lon="-120.31926"></trkpt>
    <trkpt lat="38.76603" lon="-120.31913"></trkpt>
    <trkpt lat="38.76607" lon="-120.31901"></trkpt>
    <trkpt lat="38.76613" lon="-120.31886"></trkpt>
    <trkpt lat="38.76614" lon="-120.31884"></trkpt>
    <trkpt lat="38.76614" lon="-120.31883"></trkpt>
    <trkpt lat="38.76629" lon="-120.31854"></trkpt>
    <trkpt lat="38.76634" lon="-120.31847"></trkpt>
    <trkpt lat="38.76638" lon="-120.3184"></trkpt>
    <trkpt lat="38.76642" lon="-120.31834"></trkpt>
    <trkpt lat="38.76659" lon="-120.31814"></trkpt>
    <trkpt lat="38.76688" lon="-120.31787"></trkpt>
    <trkpt lat="38.76702" lon="-120.31773"></trkpt>
    <trkpt lat="38.76703" lon="-120.31773"></trkpt>
    <trkpt lat="38.76709" lon="-120.31767"></trkpt>
    <trkpt lat="38.76733" lon="-120.31738"></trkpt>
    <trkpt lat="38.76739" lon="-120.31729"></trkpt>
    <trkpt lat="38.76754" lon="-120.31701"></trkpt>
    <trkpt lat="38.7676" lon="-120.31687"></trkpt>
    <trkpt lat="38.76766" lon="-120.31671"></trkpt>
    <trkpt lat="38.76783" lon="-120.31631"></trkpt>
    <trkpt lat="38.76795" lon="-120.31607"></trkpt>
    <trkpt lat="38.76809" lon="-120.31584"></trkpt>
    <trkpt lat="38.76822" lon="-120.31565"></trkpt>
    <trkpt lat="38.76833" lon="-120.31551"></trkpt>
    <trkpt lat="38.7684" lon="-120.31544"></trkpt>
    <trkpt lat="38.76858" lon="-120.31524"></trkpt>
    <trkpt lat="38.76879" lon="-120.31502"></trkpt>
    <trkpt lat="38.7688" lon="-120.315"></trkpt>
    <trkpt lat="38.76918" lon="-120.31453"></trkpt>
    <trkpt lat="38.76936" lon="-120.31427"></trkpt>
    <trkpt lat="38.7696" lon="-120.31388"></trkpt>
    <trkpt lat="38.76975" lon="-120.3136"></trkpt>
    <trkpt lat="38.76986" lon="-120.31334"></trkpt>
    <trkpt lat="38.77002" lon="-120.31279"></trkpt>
    <trkpt lat="38.77002" lon="-120.31278"></trkpt>
    <trkpt lat="38.77006" lon="-120.31265"></trkpt>
    <trkpt lat="38.77013" lon="-120.31236"></trkpt>
    <trkpt lat="38.77014" lon="-120.31234"></trkpt>
    <trkpt lat="38.7703" lon="-120.3117"></trkpt>
    <trkpt lat="38.77128" lon="-120.30803"></trkpt>
    <trkpt lat="38.77129" lon="-120.30798"></trkpt>
    <trkpt lat="38.77157" lon="-120.30693"></trkpt>
    <trkpt lat="38.7716" lon="-120.3068"></trkpt>
    <trkpt lat="38.77163" lon="-120.3067"></trkpt>
    <trkpt lat="38.77166" lon="-120.30664"></trkpt>
    <trkpt lat="38.77177" lon="-120.3063"></trkpt>
    <trkpt lat="38.77196" lon="-120.30579"></trkpt>
    <trkpt lat="38.77198" lon="-120.30576"></trkpt>
    <trkpt lat="38.77209" lon="-120.30548"></trkpt>
    <trkpt lat="38.77237" lon="-120.30489"></trkpt>
    <trkpt lat="38.77245" lon="-120.30475"></trkpt>
    <trkpt lat="38.77271" lon="-120.30425"></trkpt>
    <trkpt lat="38.7731" lon="-120.30354"></trkpt>
    <trkpt lat="38.7732" lon="-120.30333"></trkpt>
    <trkpt lat="38.77333" lon="-120.30309"></trkpt>
    <trkpt lat="38.77338" lon="-120.30298"></trkpt>
    <trkpt lat="38.7734" lon="-120.30292"></trkpt>
    <trkpt lat="38.77346" lon="-120.30279"></trkpt>
    <trkpt lat="38.77365" lon="-120.30233"></trkpt>
    <trkpt lat="38.77396" lon="-120.30145"></trkpt>
    <trkpt lat="38.77399" lon="-120.30134"></trkpt>
    <trkpt lat="38.77408" lon="-120.30107"></trkpt>
    <trkpt lat="38.77412" lon="-120.30093"></trkpt>
    <trkpt lat="38.77419" lon="-120.30064"></trkpt>
    <trkpt lat="38.77428" lon="-120.30031"></trkpt>
    <trkpt lat="38.7744" lon="-120.29969"></trkpt>
    <trkpt lat="38.77447" lon="-120.29926"></trkpt>
    <trkpt lat="38.77457" lon="-120.29853"></trkpt>
    <trkpt lat="38.77462" lon="-120.29809"></trkpt>
    <trkpt lat="38.77465" lon="-120.29766"></trkpt>
    <trkpt lat="38.77465" lon="-120.29699"></trkpt>
    <trkpt lat="38.77462" lon="-120.29605"></trkpt>
    <trkpt lat="38.77456" lon="-120.29529"></trkpt>
    <trkpt lat="38.77449" lon="-120.29471"></trkpt>
    <trkpt lat="38.77445" lon="-120.29447"></trkpt>
    <trkpt lat="38.77443" lon="-120.2943"></trkpt>
    <trkpt lat="38.7744" lon="-120.2942"></trkpt>
    <trkpt lat="38.77439" lon="-120.29413"></trkpt>
    <trkpt lat="38.77424" lon="-120.29363"></trkpt>
    <trkpt lat="38.77419" lon="-120.29352"></trkpt>
    <trkpt lat="38.77413" lon="-120.29337"></trkpt>
    <trkpt lat="38.77399" lon="-120.29311"></trkpt>
    <trkpt lat="38.77388" lon="-120.29294"></trkpt>
    <trkpt lat="38.77387" lon="-120.29294"></trkpt>
    <trkpt lat="38.77361" lon="-120.29257"></trkpt>
    <trkpt lat="38.77291" lon="-120.29165"></trkpt>
    <trkpt lat="38.77282" lon="-120.29151"></trkpt>
    <trkpt lat="38.77275" lon="-120.29142"></trkpt>
    <trkpt lat="38.77265" lon="-120.29124"></trkpt>
    <trkpt lat="38.77251" lon="-120.29091"></trkpt>
    <trkpt lat="38.77247" lon="-120.2908"></trkpt>
    <trkpt lat="38.77245" lon="-120.29071"></trkpt>
    <trkpt lat="38.77242" lon="-120.29062"></trkpt>
    <trkpt lat="38.77237" lon="-120.29044"></trkpt>
    <trkpt lat="38.77235" lon="-120.29033"></trkpt>
    <trkpt lat="38.77235" lon="-120.29029"></trkpt>
    <trkpt lat="38.77234" lon="-120.29025"></trkpt>
    <trkpt lat="38.77234" lon="-120.29022"></trkpt>
    <trkpt lat="38.77231" lon="-120.29002"></trkpt>
    <trkpt lat="38.7723" lon="-120.28991"></trkpt>
    <trkpt lat="38.7723" lon="-120.28964"></trkpt>
    <trkpt lat="38.77231" lon="-120.28958"></trkpt>
    <trkpt lat="38.77231" lon="-120.28946"></trkpt>
    <trkpt lat="38.77235" lon="-120.28917"></trkpt>
    <trkpt lat="38.77238" lon="-120.28905"></trkpt>
    <trkpt lat="38.77238" lon="-120.28904"></trkpt>
    <trkpt lat="38.7724" lon="-120.28893"></trkpt>
    <trkpt lat="38.77254" lon="-120.28855"></trkpt>
    <trkpt lat="38.77264" lon="-120.28834"></trkpt>
    <trkpt lat="38.77272" lon="-120.28813"></trkpt>
    <trkpt lat="38.77275" lon="-120.28808"></trkpt>
    <trkpt lat="38.77277" lon="-120.28802"></trkpt>
    <trkpt lat="38.77281" lon="-120.28792"></trkpt>
    <trkpt lat="38.77286" lon="-120.28783"></trkpt>
    <trkpt lat="38.77304" lon="-120.28746"></trkpt>
    <trkpt lat="38.77305" lon="-120.28743"></trkpt>
    <trkpt lat="38.77325" lon="-120.28701"></trkpt>
    <trkpt lat="38.77325" lon="-120.287"></trkpt>
    <trkpt lat="38.77371" lon="-120.28606"></trkpt>
    <trkpt lat="38.77381" lon="-120.28584"></trkpt>
    <trkpt lat="38.77388" lon="-120.28572"></trkpt>
    <trkpt lat="38.77392" lon="-120.28564"></trkpt>
    <trkpt lat="38.77394" lon="-120.28561"></trkpt>
    <trkpt lat="38.77395" lon="-120.2856"></trkpt>
    <trkpt lat="38.77398" lon="-120.28552"></trkpt>
    <trkpt lat="38.77403" lon="-120.28541"></trkpt>
    <trkpt lat="38.77411" lon="-120.28518"></trkpt>
    <trkpt lat="38.77411" lon="-120.28516"></trkpt>
    <trkpt lat="38.77413" lon="-120.28511"></trkpt>
    <trkpt lat="38.77417" lon="-120.28496"></trkpt>
    <trkpt lat="38.77417" lon="-120.28494"></trkpt>
    <trkpt lat="38.77419" lon="-120.28489"></trkpt>
    <trkpt lat="38.77425" lon="-120.28462"></trkpt>
    <trkpt lat="38.7744" lon="-120.28406"></trkpt>
    <trkpt lat="38.77447" lon="-120.28387"></trkpt>
    <trkpt lat="38.77448" lon="-120.28386"></trkpt>
    <trkpt lat="38.77456" lon="-120.28366"></trkpt>
    <trkpt lat="38.77466" lon="-120.28346"></trkpt>
    <trkpt lat="38.77467" lon="-120.28343"></trkpt>
    <trkpt lat="38.7747" lon="-120.28338"></trkpt>
    <trkpt lat="38.77471" lon="-120.28337"></trkpt>
    <trkpt lat="38.77488" lon="-120.28311"></trkpt>
    <trkpt lat="38.77489" lon="-120.2831"></trkpt>
    <trkpt lat="38.77499" lon="-120.28297"></trkpt>
    <trkpt lat="38.77507" lon="-120.28288"></trkpt>
    <trkpt lat="38.77516" lon="-120.28279"></trkpt>
    <trkpt lat="38.77519" lon="-120.28275"></trkpt>
    <trkpt lat="38.77529" lon="-120.28266"></trkpt>
    <trkpt lat="38.77533" lon="-120.28263"></trkpt>
    <trkpt lat="38.7754" lon="-120.28257"></trkpt>
    <trkpt lat="38.7758" lon="-120.28228"></trkpt>
    <trkpt lat="38.77594" lon="-120.28215"></trkpt>
    <trkpt lat="38.77603" lon="-120.28205"></trkpt>
    <trkpt lat="38.77613" lon="-120.28196"></trkpt>
    <trkpt lat="38.77634" lon="-120.28167"></trkpt>
    <trkpt lat="38.77653" lon="-120.28135"></trkpt>
    <trkpt lat="38.77671" lon="-120.28095"></trkpt>
    <trkpt lat="38.77672" lon="-120.28091"></trkpt>
    <trkpt lat="38.77681" lon="-120.28066"></trkpt>
    <trkpt lat="38.77692" lon="-120.28031"></trkpt>
    <trkpt lat="38.77694" lon="-120.2802"></trkpt>
    <trkpt lat="38.77696" lon="-120.28014"></trkpt>
    <trkpt lat="38.777" lon="-120.27994"></trkpt>
    <trkpt lat="38.77701" lon="-120.27986"></trkpt>
    <trkpt lat="38.77702" lon="-120.27984"></trkpt>
    <trkpt lat="38.77719" lon="-120.27832"></trkpt>
    <trkpt lat="38.77719" lon="-120.27826"></trkpt>
    <trkpt lat="38.7772" lon="-120.27826"></trkpt>
    <trkpt lat="38.77722" lon="-120.27803"></trkpt>
    <trkpt lat="38.77724" lon="-120.27789"></trkpt>
    <trkpt lat="38.77727" lon="-120.27758"></trkpt>
    <trkpt lat="38.77729" lon="-120.27746"></trkpt>
    <trkpt lat="38.77739" lon="-120.27667"></trkpt>
    <trkpt lat="38.77739" lon="-120.27666"></trkpt>
    <trkpt lat="38.77756" lon="-120.27528"></trkpt>
    <trkpt lat="38.77756" lon="-120.27515"></trkpt>
    <trkpt lat="38.77757" lon="-120.27506"></trkpt>
    <trkpt lat="38.77757" lon="-120.27482"></trkpt>
    <trkpt lat="38.77756" lon="-120.27472"></trkpt>
    <trkpt lat="38.77756" lon="-120.27465"></trkpt>
    <trkpt lat="38.77755" lon="-120.27453"></trkpt>
    <trkpt lat="38.77753" lon="-120.2744"></trkpt>
    <trkpt lat="38.77747" lon="-120.27415"></trkpt>
    <trkpt lat="38.77744" lon="-120.27405"></trkpt>
    <trkpt lat="38.7774" lon="-120.27395"></trkpt>
    <trkpt lat="38.77736" lon="-120.27383"></trkpt>
    <trkpt lat="38.77717" lon="-120.2734"></trkpt>
    <trkpt lat="38.77707" lon="-120.27319"></trkpt>
    <trkpt lat="38.7769" lon="-120.27279"></trkpt>
    <trkpt lat="38.77681" lon="-120.27254"></trkpt>
    <trkpt lat="38.77672" lon="-120.27218"></trkpt>
    <trkpt lat="38.7767" lon="-120.27207"></trkpt>
    <trkpt lat="38.77669" lon="-120.27197"></trkpt>
    <trkpt lat="38.77666" lon="-120.2718"></trkpt>
    <trkpt lat="38.77664" lon="-120.27155"></trkpt>
    <trkpt lat="38.77664" lon="-120.27105"></trkpt>
    <trkpt lat="38.77666" lon="-120.27088"></trkpt>
    <trkpt lat="38.77668" lon="-120.2706"></trkpt>
    <trkpt lat="38.77672" lon="-120.2702"></trkpt>
    <trkpt lat="38.77672" lon="-120.26973"></trkpt>
    <trkpt lat="38.77669" lon="-120.26948"></trkpt>
    <trkpt lat="38.77662" lon="-120.26906"></trkpt>
    <trkpt lat="38.77652" lon="-120.26869"></trkpt>
    <trkpt lat="38.7765" lon="-120.26857"></trkpt>
    <trkpt lat="38.77647" lon="-120.26843"></trkpt>
    <trkpt lat="38.77644" lon="-120.26819"></trkpt>
    <trkpt lat="38.77643" lon="-120.26802"></trkpt>
    <trkpt lat="38.77641" lon="-120.26785"></trkpt>
    <trkpt lat="38.77641" lon="-120.26775"></trkpt>
    <trkpt lat="38.7764" lon="-120.26765"></trkpt>
    <trkpt lat="38.7764" lon="-120.26726"></trkpt>
    <trkpt lat="38.77641" lon="-120.2671"></trkpt>
    <trkpt lat="38.77645" lon="-120.26677"></trkpt>
    <trkpt lat="38.77651" lon="-120.26639"></trkpt>
    <trkpt lat="38.77651" lon="-120.26636"></trkpt>
    <trkpt lat="38.77655" lon="-120.2661"></trkpt>
    <trkpt lat="38.7766" lon="-120.26559"></trkpt>
    <trkpt lat="38.7766" lon="-120.2655"></trkpt>
    <trkpt lat="38.77666" lon="-120.26489"></trkpt>
    <trkpt lat="38.77669" lon="-120.26471"></trkpt>
    <trkpt lat="38.77677" lon="-120.26442"></trkpt>
    <trkpt lat="38.77682" lon="-120.26426"></trkpt>
    <trkpt lat="38.77686" lon="-120.26415"></trkpt>
    <trkpt lat="38.77688" lon="-120.26412"></trkpt>
    <trkpt lat="38.77715" lon="-120.26353"></trkpt>
    <trkpt lat="38.77715" lon="-120.26352"></trkpt>
    <trkpt lat="38.77724" lon="-120.26331"></trkpt>
    <trkpt lat="38.77735" lon="-120.26296"></trkpt>
    <trkpt lat="38.77742" lon="-120.26267"></trkpt>
    <trkpt lat="38.77766" lon="-120.26155"></trkpt>
    <trkpt lat="38.77767" lon="-120.26153"></trkpt>
    <trkpt lat="38.77788" lon="-120.26058"></trkpt>
    <trkpt lat="38.77794" lon="-120.26025"></trkpt>
    <trkpt lat="38.77794" lon="-120.26022"></trkpt>
    <trkpt lat="38.77796" lon="-120.26012"></trkpt>
    <trkpt lat="38.778" lon="-120.25971"></trkpt>
    <trkpt lat="38.77804" lon="-120.25916"></trkpt>
    <trkpt lat="38.77804" lon="-120.25907"></trkpt>
    <trkpt lat="38.77809" lon="-120.25846"></trkpt>
    <trkpt lat="38.77811" lon="-120.25832"></trkpt>
    <trkpt lat="38.77819" lon="-120.2579"></trkpt>
    <trkpt lat="38.77832" lon="-120.25743"></trkpt>
    <trkpt lat="38.77844" lon="-120.2571"></trkpt>
    <trkpt lat="38.77851" lon="-120.25693"></trkpt>
    <trkpt lat="38.77892" lon="-120.25612"></trkpt>
    <trkpt lat="38.77915" lon="-120.25564"></trkpt>
    <trkpt lat="38.77929" lon="-120.25531"></trkpt>
    <trkpt lat="38.7793" lon="-120.25528"></trkpt>
    <trkpt lat="38.77946" lon="-120.2549"></trkpt>
    <trkpt lat="38.77948" lon="-120.25482"></trkpt>
    <trkpt lat="38.77973" lon="-120.25416"></trkpt>
    <trkpt lat="38.77981" lon="-120.25385"></trkpt>
    <trkpt lat="38.77995" lon="-120.25341"></trkpt>
    <trkpt lat="38.77996" lon="-120.2534"></trkpt>
    <trkpt lat="38.78007" lon="-120.25309"></trkpt>
    <trkpt lat="38.78007" lon="-120.25308"></trkpt>
    <trkpt lat="38.78056" lon="-120.25178"></trkpt>
    <trkpt lat="38.78073" lon="-120.25128"></trkpt>
    <trkpt lat="38.78081" lon="-120.251"></trkpt>
    <trkpt lat="38.78082" lon="-120.251"></trkpt>
    <trkpt lat="38.78082" lon="-120.25097"></trkpt>
    <trkpt lat="38.78087" lon="-120.25078"></trkpt>
    <trkpt lat="38.78088" lon="-120.25062"></trkpt>
    <trkpt lat="38.78092" lon="-120.25032"></trkpt>
    <trkpt lat="38.78092" lon="-120.24992"></trkpt>
    <trkpt lat="38.78054" lon="-120.24406"></trkpt>
    <trkpt lat="38.78053" lon="-120.24374"></trkpt>
    <trkpt lat="38.78054" lon="-120.2435"></trkpt>
    <trkpt lat="38.78058" lon="-120.24305"></trkpt>
    <trkpt lat="38.7806" lon="-120.24294"></trkpt>
    <trkpt lat="38.78062" lon="-120.24287"></trkpt>
    <trkpt lat="38.78064" lon="-120.24276"></trkpt>
    <trkpt lat="38.78068" lon="-120.2426"></trkpt>
    <trkpt lat="38.78077" lon="-120.24232"></trkpt>
    <trkpt lat="38.78082" lon="-120.2422"></trkpt>
    <trkpt lat="38.78087" lon="-120.24206"></trkpt>
    <trkpt lat="38.78087" lon="-120.24205"></trkpt>
    <trkpt lat="38.78107" lon="-120.24161"></trkpt>
    <trkpt lat="38.7812" lon="-120.24135"></trkpt>
    <trkpt lat="38.78122" lon="-120.24129"></trkpt>
    <trkpt lat="38.78135" lon="-120.24111"></trkpt>
    <trkpt lat="38.78143" lon="-120.24091"></trkpt>
    <trkpt lat="38.78152" lon="-120.24071"></trkpt>
    <trkpt lat="38.78153" lon="-120.24068"></trkpt>
    <trkpt lat="38.7816" lon="-120.24051"></trkpt>
    <trkpt lat="38.78161" lon="-120.24051"></trkpt>
    <trkpt lat="38.78178" lon="-120.2401"></trkpt>
    <trkpt lat="38.78193" lon="-120.23978"></trkpt>
    <trkpt lat="38.78214" lon="-120.23938"></trkpt>
    <trkpt lat="38.78227" lon="-120.23919"></trkpt>
    <trkpt lat="38.7823" lon="-120.23916"></trkpt>
    <trkpt lat="38.78239" lon="-120.23903"></trkpt>
    <trkpt lat="38.78242" lon="-120.239"></trkpt>
    <trkpt lat="38.78254" lon="-120.23885"></trkpt>
    <trkpt lat="38.78265" lon="-120.23874"></trkpt>
    <trkpt lat="38.78269" lon="-120.23871"></trkpt>
    <trkpt lat="38.7827" lon="-120.23871"></trkpt>
    <trkpt lat="38.7827" lon="-120.2387"></trkpt>
    <trkpt lat="38.78285" lon="-120.23859"></trkpt>
    <trkpt lat="38.78286" lon="-120.23858"></trkpt>
    <trkpt lat="38.78315" lon="-120.23835"></trkpt>
    <trkpt lat="38.78324" lon="-120.23827"></trkpt>
    <trkpt lat="38.78331" lon="-120.23822"></trkpt>
    <trkpt lat="38.78331" lon="-120.23821"></trkpt>
    <trkpt lat="38.78335" lon="-120.23818"></trkpt>
    <trkpt lat="38.78349" lon="-120.23804"></trkpt>
    <trkpt lat="38.78374" lon="-120.23772"></trkpt>
    <trkpt lat="38.78381" lon="-120.2376"></trkpt>
    <trkpt lat="38.78392" lon="-120.23738"></trkpt>
    <trkpt lat="38.78393" lon="-120.23737"></trkpt>
    <trkpt lat="38.78406" lon="-120.23701"></trkpt>
    <trkpt lat="38.78414" lon="-120.23672"></trkpt>
    <trkpt lat="38.78417" lon="-120.23658"></trkpt>
    <trkpt lat="38.78418" lon="-120.23651"></trkpt>
    <trkpt lat="38.7842" lon="-120.23641"></trkpt>
    <trkpt lat="38.78423" lon="-120.23604"></trkpt>
    <trkpt lat="38.78423" lon="-120.2357"></trkpt>
    <trkpt lat="38.78421" lon="-120.23552"></trkpt>
    <trkpt lat="38.7842" lon="-120.23536"></trkpt>
    <trkpt lat="38.7841" lon="-120.23482"></trkpt>
    <trkpt lat="38.78407" lon="-120.23472"></trkpt>
    <trkpt lat="38.78407" lon="-120.23471"></trkpt>
    <trkpt lat="38.78401" lon="-120.23451"></trkpt>
    <trkpt lat="38.78401" lon="-120.23449"></trkpt>
    <trkpt lat="38.78372" lon="-120.23335"></trkpt>
    <trkpt lat="38.78361" lon="-120.23274"></trkpt>
    <trkpt lat="38.78361" lon="-120.23272"></trkpt>
    <trkpt lat="38.78358" lon="-120.2326"></trkpt>
    <trkpt lat="38.78351" lon="-120.23219"></trkpt>
    <trkpt lat="38.78345" lon="-120.23175"></trkpt>
    <trkpt lat="38.78341" lon="-120.2312"></trkpt>
    <trkpt lat="38.78341" lon="-120.2302"></trkpt>
    <trkpt lat="38.78342" lon="-120.22996"></trkpt>
    <trkpt lat="38.78342" lon="-120.22962"></trkpt>
    <trkpt lat="38.78343" lon="-120.22941"></trkpt>
    <trkpt lat="38.78343" lon="-120.22918"></trkpt>
    <trkpt lat="38.78335" lon="-120.22681"></trkpt>
    <trkpt lat="38.78329" lon="-120.22598"></trkpt>
    <trkpt lat="38.78322" lon="-120.22451"></trkpt>
    <trkpt lat="38.78322" lon="-120.22445"></trkpt>
    <trkpt lat="38.7832" lon="-120.22404"></trkpt>
    <trkpt lat="38.78315" lon="-120.22341"></trkpt>
    <trkpt lat="38.78308" lon="-120.22298"></trkpt>
    <trkpt lat="38.78296" lon="-120.22253"></trkpt>
    <trkpt lat="38.78285" lon="-120.22221"></trkpt>
    <trkpt lat="38.78276" lon="-120.22192"></trkpt>
    <trkpt lat="38.78272" lon="-120.22182"></trkpt>
    <trkpt lat="38.78271" lon="-120.22178"></trkpt>
    <trkpt lat="38.7827" lon="-120.22178"></trkpt>
    <trkpt lat="38.78263" lon="-120.22158"></trkpt>
    <trkpt lat="38.78263" lon="-120.22157"></trkpt>
    <trkpt lat="38.7826" lon="-120.2215"></trkpt>
    <trkpt lat="38.78237" lon="-120.22083"></trkpt>
    <trkpt lat="38.78233" lon="-120.22073"></trkpt>
    <trkpt lat="38.78231" lon="-120.22067"></trkpt>
    <trkpt lat="38.78228" lon="-120.22055"></trkpt>
    <trkpt lat="38.78226" lon="-120.22052"></trkpt>
    <trkpt lat="38.78222" lon="-120.22033"></trkpt>
    <trkpt lat="38.78221" lon="-120.2203"></trkpt>
    <trkpt lat="38.78218" lon="-120.22016"></trkpt>
    <trkpt lat="38.78217" lon="-120.22008"></trkpt>
    <trkpt lat="38.78217" lon="-120.22007"></trkpt>
    <trkpt lat="38.78216" lon="-120.22003"></trkpt>
    <trkpt lat="38.78214" lon="-120.21989"></trkpt>
    <trkpt lat="38.78214" lon="-120.21984"></trkpt>
    <trkpt lat="38.78213" lon="-120.21971"></trkpt>
    <trkpt lat="38.78212" lon="-120.21966"></trkpt>
    <trkpt lat="38.78212" lon="-120.21961"></trkpt>
    <trkpt lat="38.78211" lon="-120.21949"></trkpt>
    <trkpt lat="38.78211" lon="-120.21903"></trkpt>
    <trkpt lat="38.78212" lon="-120.21893"></trkpt>
    <trkpt lat="38.78212" lon="-120.21882"></trkpt>
    <trkpt lat="38.78213" lon="-120.21874"></trkpt>
    <trkpt lat="38.78214" lon="-120.21869"></trkpt>
    <trkpt lat="38.78215" lon="-120.21858"></trkpt>
    <trkpt lat="38.78219" lon="-120.21839"></trkpt>
    <trkpt lat="38.78223" lon="-120.21823"></trkpt>
    <trkpt lat="38.78227" lon="-120.2181"></trkpt>
    <trkpt lat="38.7825" lon="-120.21746"></trkpt>
    <trkpt lat="38.78262" lon="-120.21721"></trkpt>
    <trkpt lat="38.78263" lon="-120.21718"></trkpt>
    <trkpt lat="38.78272" lon="-120.21703"></trkpt>
    <trkpt lat="38.78272" lon="-120.21702"></trkpt>
    <trkpt lat="38.78281" lon="-120.21689"></trkpt>
    <trkpt lat="38.78285" lon="-120.21685"></trkpt>
    <trkpt lat="38.78288" lon="-120.2168"></trkpt>
    <trkpt lat="38.7831" lon="-120.21653"></trkpt>
    <trkpt lat="38.78314" lon="-120.21649"></trkpt>
    <trkpt lat="38.78333" lon="-120.21626"></trkpt>
    <trkpt lat="38.78346" lon="-120.21612"></trkpt>
    <trkpt lat="38.78401" lon="-120.21548"></trkpt>
    <trkpt lat="38.78418" lon="-120.21527"></trkpt>
    <trkpt lat="38.78432" lon="-120.21512"></trkpt>
    <trkpt lat="38.78444" lon="-120.21498"></trkpt>
    <trkpt lat="38.78482" lon="-120.21449"></trkpt>
    <trkpt lat="38.78498" lon="-120.21426"></trkpt>
    <trkpt lat="38.78509" lon="-120.21407"></trkpt>
    <trkpt lat="38.78518" lon="-120.21388"></trkpt>
    <trkpt lat="38.78525" lon="-120.2137"></trkpt>
    <trkpt lat="38.78533" lon="-120.21342"></trkpt>
    <trkpt lat="38.78539" lon="-120.21315"></trkpt>
    <trkpt lat="38.7854" lon="-120.21313"></trkpt>
    <trkpt lat="38.78542" lon="-120.21301"></trkpt>
    <trkpt lat="38.78559" lon="-120.21236"></trkpt>
    <trkpt lat="38.78722" lon="-120.20563"></trkpt>
    <trkpt lat="38.78732" lon="-120.20526"></trkpt>
    <trkpt lat="38.78738" lon="-120.20508"></trkpt>
    <trkpt lat="38.7875" lon="-120.20477"></trkpt>
    <trkpt lat="38.78793" lon="-120.20376"></trkpt>
    <trkpt lat="38.78802" lon="-120.20353"></trkpt>
    <trkpt lat="38.78803" lon="-120.20351"></trkpt>
    <trkpt lat="38.78805" lon="-120.20343"></trkpt>
    <trkpt lat="38.7881" lon="-120.20332"></trkpt>
    <trkpt lat="38.78816" lon="-120.20311"></trkpt>
    <trkpt lat="38.78817" lon="-120.20309"></trkpt>
    <trkpt lat="38.78821" lon="-120.20295"></trkpt>
    <trkpt lat="38.7883" lon="-120.20257"></trkpt>
    <trkpt lat="38.78833" lon="-120.20241"></trkpt>
    <trkpt lat="38.78835" lon="-120.20224"></trkpt>
    <trkpt lat="38.78839" lon="-120.20198"></trkpt>
    <trkpt lat="38.78862" lon="-120.20004"></trkpt>
    <trkpt lat="38.78864" lon="-120.19994"></trkpt>
    <trkpt lat="38.78867" lon="-120.19971"></trkpt>
    <trkpt lat="38.78868" lon="-120.19967"></trkpt>
    <trkpt lat="38.7887" lon="-120.19953"></trkpt>
    <trkpt lat="38.7887" lon="-120.19952"></trkpt>
    <trkpt lat="38.78871" lon="-120.1995"></trkpt>
    <trkpt lat="38.78873" lon="-120.19936"></trkpt>
    <trkpt lat="38.78873" lon="-120.19935"></trkpt>
    <trkpt lat="38.78879" lon="-120.1991"></trkpt>
    <trkpt lat="38.78889" lon="-120.19879"></trkpt>
    <trkpt lat="38.78892" lon="-120.19871"></trkpt>
    <trkpt lat="38.78893" lon="-120.19866"></trkpt>
    <trkpt lat="38.78894" lon="-120.19865"></trkpt>
    <trkpt lat="38.78897" lon="-120.19854"></trkpt>
    <trkpt lat="38.78906" lon="-120.19833"></trkpt>
    <trkpt lat="38.78911" lon="-120.19823"></trkpt>
    <trkpt lat="38.7892" lon="-120.19803"></trkpt>
    <trkpt lat="38.78929" lon="-120.19785"></trkpt>
    <trkpt lat="38.79049" lon="-120.19528"></trkpt>
    <trkpt lat="38.79054" lon="-120.19519"></trkpt>
    <trkpt lat="38.79067" lon="-120.19489"></trkpt>
    <trkpt lat="38.79078" lon="-120.1946"></trkpt>
    <trkpt lat="38.79089" lon="-120.19423"></trkpt>
    <trkpt lat="38.7909" lon="-120.19416"></trkpt>
    <trkpt lat="38.79093" lon="-120.19403"></trkpt>
    <trkpt lat="38.79095" lon="-120.19391"></trkpt>
    <trkpt lat="38.79105" lon="-120.19309"></trkpt>
    <trkpt lat="38.79105" lon="-120.19308"></trkpt>
    <trkpt lat="38.79124" lon="-120.19148"></trkpt>
    <trkpt lat="38.79126" lon="-120.19119"></trkpt>
    <trkpt lat="38.79126" lon="-120.19061"></trkpt>
    <trkpt lat="38.79122" lon="-120.19015"></trkpt>
    <trkpt lat="38.79107" lon="-120.18923"></trkpt>
    <trkpt lat="38.79106" lon="-120.1892"></trkpt>
    <trkpt lat="38.79097" lon="-120.18876"></trkpt>
    <trkpt lat="38.79097" lon="-120.18875"></trkpt>
    <trkpt lat="38.79096" lon="-120.18869"></trkpt>
    <trkpt lat="38.79092" lon="-120.18852"></trkpt>
    <trkpt lat="38.79082" lon="-120.18822"></trkpt>
    <trkpt lat="38.79079" lon="-120.18811"></trkpt>
    <trkpt lat="38.79064" lon="-120.18769"></trkpt>
    <trkpt lat="38.79034" lon="-120.18678"></trkpt>
    <trkpt lat="38.79033" lon="-120.18677"></trkpt>
    <trkpt lat="38.79011" lon="-120.18618"></trkpt>
    <trkpt lat="38.78987" lon="-120.18542"></trkpt>
    <trkpt lat="38.7898" lon="-120.18508"></trkpt>
    <trkpt lat="38.78976" lon="-120.18492"></trkpt>
    <trkpt lat="38.78971" lon="-120.18463"></trkpt>
    <trkpt lat="38.7897" lon="-120.18452"></trkpt>
    <trkpt lat="38.78968" lon="-120.1844"></trkpt>
    <trkpt lat="38.78968" lon="-120.18434"></trkpt>
    <trkpt lat="38.78958" lon="-120.18292"></trkpt>
    <trkpt lat="38.78953" lon="-120.18236"></trkpt>
    <trkpt lat="38.78952" lon="-120.18233"></trkpt>
    <trkpt lat="38.78947" lon="-120.18194"></trkpt>
    <trkpt lat="38.78937" lon="-120.18142"></trkpt>
    <trkpt lat="38.78922" lon="-120.18077"></trkpt>
    <trkpt lat="38.7892" lon="-120.18066"></trkpt>
    <trkpt lat="38.78912" lon="-120.18033"></trkpt>
    <trkpt lat="38.78908" lon="-120.18012"></trkpt>
    <trkpt lat="38.78907" lon="-120.1801"></trkpt>
    <trkpt lat="38.78893" lon="-120.17946"></trkpt>
    <trkpt lat="38.78892" lon="-120.17944"></trkpt>
    <trkpt lat="38.78883" lon="-120.17899"></trkpt>
    <trkpt lat="38.78882" lon="-120.17897"></trkpt>
    <trkpt lat="38.78873" lon="-120.17855"></trkpt>
    <trkpt lat="38.78873" lon="-120.17854"></trkpt>
    <trkpt lat="38.78868" lon="-120.17833"></trkpt>
    <trkpt lat="38.78866" lon="-120.17827"></trkpt>
    <trkpt lat="38.78848" lon="-120.17746"></trkpt>
    <trkpt lat="38.78847" lon="-120.17744"></trkpt>
    <trkpt lat="38.78843" lon="-120.17723"></trkpt>
    <trkpt lat="38.78843" lon="-120.17722"></trkpt>
    <trkpt lat="38.78837" lon="-120.17695"></trkpt>
    <trkpt lat="38.78833" lon="-120.17667"></trkpt>
    <trkpt lat="38.78828" lon="-120.17614"></trkpt>
    <trkpt lat="38.78828" lon="-120.1754"></trkpt>
    <trkpt lat="38.78829" lon="-120.17524"></trkpt>
    <trkpt lat="38.78829" lon="-120.17512"></trkpt>
    <trkpt lat="38.7883" lon="-120.17503"></trkpt>
    <trkpt lat="38.7883" lon="-120.17495"></trkpt>
    <trkpt lat="38.78837" lon="-120.17447"></trkpt>
    <trkpt lat="38.78842" lon="-120.17421"></trkpt>
    <trkpt lat="38.78846" lon="-120.17405"></trkpt>
    <trkpt lat="38.78847" lon="-120.17398"></trkpt>
    <trkpt lat="38.7885" lon="-120.17387"></trkpt>
    <trkpt lat="38.78871" lon="-120.17326"></trkpt>
    <trkpt lat="38.78879" lon="-120.17305"></trkpt>
    <trkpt lat="38.78898" lon="-120.17262"></trkpt>
    <trkpt lat="38.78905" lon="-120.17244"></trkpt>
    <trkpt lat="38.78909" lon="-120.17236"></trkpt>
    <trkpt lat="38.78913" lon="-120.17224"></trkpt>
    <trkpt lat="38.78917" lon="-120.17214"></trkpt>
    <trkpt lat="38.78919" lon="-120.17207"></trkpt>
    <trkpt lat="38.78921" lon="-120.17198"></trkpt>
    <trkpt lat="38.78923" lon="-120.17191"></trkpt>
    <trkpt lat="38.78927" lon="-120.17172"></trkpt>
    <trkpt lat="38.78933" lon="-120.1713"></trkpt>
    <trkpt lat="38.78936" lon="-120.17087"></trkpt>
    <trkpt lat="38.78936" lon="-120.17076"></trkpt>
    <trkpt lat="38.78932" lon="-120.17033"></trkpt>
    <trkpt lat="38.78932" lon="-120.17026"></trkpt>
    <trkpt lat="38.78912" lon="-120.16809"></trkpt>
    <trkpt lat="38.78912" lon="-120.16806"></trkpt>
    <trkpt lat="38.78907" lon="-120.16737"></trkpt>
    <trkpt lat="38.78907" lon="-120.16732"></trkpt>
    <trkpt lat="38.78903" lon="-120.16676"></trkpt>
    <trkpt lat="38.78899" lon="-120.16646"></trkpt>
    <trkpt lat="38.78894" lon="-120.16618"></trkpt>
    <trkpt lat="38.7889" lon="-120.16601"></trkpt>
    <trkpt lat="38.78884" lon="-120.16571"></trkpt>
    <trkpt lat="38.78879" lon="-120.16553"></trkpt>
    <trkpt lat="38.78841" lon="-120.16431"></trkpt>
    <trkpt lat="38.7884" lon="-120.16427"></trkpt>
    <trkpt lat="38.78834" lon="-120.16409"></trkpt>
    <trkpt lat="38.78825" lon="-120.16378"></trkpt>
    <trkpt lat="38.78821" lon="-120.16366"></trkpt>
    <trkpt lat="38.78815" lon="-120.16345"></trkpt>
    <trkpt lat="38.78799" lon="-120.16296"></trkpt>
    <trkpt lat="38.78795" lon="-120.1628"></trkpt>
    <trkpt lat="38.78781" lon="-120.16237"></trkpt>
    <trkpt lat="38.78762" lon="-120.16173"></trkpt>
    <trkpt lat="38.78761" lon="-120.16173"></trkpt>
    <trkpt lat="38.78761" lon="-120.1617"></trkpt>
    <trkpt lat="38.78701" lon="-120.15977"></trkpt>
    <trkpt lat="38.78693" lon="-120.15943"></trkpt>
    <trkpt lat="38.78687" lon="-120.15896"></trkpt>
    <trkpt lat="38.78687" lon="-120.15868"></trkpt>
    <trkpt lat="38.78688" lon="-120.15836"></trkpt>
    <trkpt lat="38.7869" lon="-120.15812"></trkpt>
    <trkpt lat="38.78694" lon="-120.15786"></trkpt>
    <trkpt lat="38.78694" lon="-120.15783"></trkpt>
    <trkpt lat="38.78696" lon="-120.15774"></trkpt>
    <trkpt lat="38.78697" lon="-120.15765"></trkpt>
    <trkpt lat="38.787" lon="-120.15753"></trkpt>
    <trkpt lat="38.78708" lon="-120.15727"></trkpt>
    <trkpt lat="38.78715" lon="-120.1571"></trkpt>
    <trkpt lat="38.78715" lon="-120.15709"></trkpt>
    <trkpt lat="38.78729" lon="-120.15676"></trkpt>
    <trkpt lat="38.78732" lon="-120.15672"></trkpt>
    <trkpt lat="38.78739" lon="-120.15658"></trkpt>
    <trkpt lat="38.78745" lon="-120.15648"></trkpt>
    <trkpt lat="38.78746" lon="-120.15645"></trkpt>
    <trkpt lat="38.7877" lon="-120.1561"></trkpt>
    <trkpt lat="38.78809" lon="-120.15557"></trkpt>
    <trkpt lat="38.78822" lon="-120.15541"></trkpt>
    <trkpt lat="38.78873" lon="-120.15469"></trkpt>
    <trkpt lat="38.78917" lon="-120.15411"></trkpt>
    <trkpt lat="38.78945" lon="-120.15376"></trkpt>
    <trkpt lat="38.78981" lon="-120.1534"></trkpt>
    <trkpt lat="38.79017" lon="-120.15308"></trkpt>
    <trkpt lat="38.79044" lon="-120.15287"></trkpt>
    <trkpt lat="38.79066" lon="-120.15273"></trkpt>
    <trkpt lat="38.79164" lon="-120.15205"></trkpt>
    <trkpt lat="38.79235" lon="-120.15152"></trkpt>
    <trkpt lat="38.7927" lon="-120.15127"></trkpt>
    <trkpt lat="38.79285" lon="-120.15115"></trkpt>
    <trkpt lat="38.79288" lon="-120.15113"></trkpt>
    <trkpt lat="38.79328" lon="-120.15079"></trkpt>
    <trkpt lat="38.79356" lon="-120.15053"></trkpt>
    <trkpt lat="38.79376" lon="-120.15033"></trkpt>
    <trkpt lat="38.79389" lon="-120.15019"></trkpt>
    <trkpt lat="38.7941" lon="-120.14994"></trkpt>
    <trkpt lat="38.79456" lon="-120.14935"></trkpt>
    <trkpt lat="38.79486" lon="-120.14893"></trkpt>
    <trkpt lat="38.795" lon="-120.1487"></trkpt>
    <trkpt lat="38.79513" lon="-120.14847"></trkpt>
    <trkpt lat="38.79563" lon="-120.1475"></trkpt>
    <trkpt lat="38.79565" lon="-120.14748"></trkpt>
    <trkpt lat="38.79612" lon="-120.14662"></trkpt>
    <trkpt lat="38.79665" lon="-120.14575"></trkpt>
    <trkpt lat="38.7968" lon="-120.14554"></trkpt>
    <trkpt lat="38.79703" lon="-120.14525"></trkpt>
    <trkpt lat="38.79753" lon="-120.14475"></trkpt>
    <trkpt lat="38.79774" lon="-120.14457"></trkpt>
    <trkpt lat="38.79789" lon="-120.14446"></trkpt>
    <trkpt lat="38.79801" lon="-120.14436"></trkpt>
    <trkpt lat="38.79848" lon="-120.14404"></trkpt>
    <trkpt lat="38.79849" lon="-120.14403"></trkpt>
    <trkpt lat="38.79895" lon="-120.14377"></trkpt>
    <trkpt lat="38.79914" lon="-120.14368"></trkpt>
    <trkpt lat="38.80138" lon="-120.14249"></trkpt>
    <trkpt lat="38.80139" lon="-120.14248"></trkpt>
    <trkpt lat="38.80228" lon="-120.14199"></trkpt>
    <trkpt lat="38.80361" lon="-120.14133"></trkpt>
    <trkpt lat="38.80363" lon="-120.14131"></trkpt>
    <trkpt lat="38.80458" lon="-120.14081"></trkpt>
    <trkpt lat="38.80518" lon="-120.14042"></trkpt>
    <trkpt lat="38.80537" lon="-120.14028"></trkpt>
    <trkpt lat="38.80549" lon="-120.14018"></trkpt>
    <trkpt lat="38.80567" lon="-120.14001"></trkpt>
    <trkpt lat="38.80573" lon="-120.13996"></trkpt>
    <trkpt lat="38.80595" lon="-120.13973"></trkpt>
    <trkpt lat="38.80675" lon="-120.1386"></trkpt>
    <trkpt lat="38.80794" lon="-120.13682"></trkpt>
    <trkpt lat="38.80795" lon="-120.13681"></trkpt>
    <trkpt lat="38.80798" lon="-120.13677"></trkpt>
    <trkpt lat="38.80834" lon="-120.13619"></trkpt>
    <trkpt lat="38.80836" lon="-120.13614"></trkpt>
    <trkpt lat="38.80855" lon="-120.13577"></trkpt>
    <trkpt lat="38.80867" lon="-120.13546"></trkpt>
    <trkpt lat="38.80881" lon="-120.13504"></trkpt>
    <trkpt lat="38.80889" lon="-120.13471"></trkpt>
    <trkpt lat="38.80893" lon="-120.1344"></trkpt>
    <trkpt lat="38.80896" lon="-120.13424"></trkpt>
    <trkpt lat="38.80909" lon="-120.13269"></trkpt>
    <trkpt lat="38.80914" lon="-120.13229"></trkpt>
    <trkpt lat="38.80926" lon="-120.13157"></trkpt>
    <trkpt lat="38.80935" lon="-120.13113"></trkpt>
    <trkpt lat="38.80936" lon="-120.13111"></trkpt>
    <trkpt lat="38.8096" lon="-120.13018"></trkpt>
    <trkpt lat="38.80981" lon="-120.12945"></trkpt>
    <trkpt lat="38.80988" lon="-120.12917"></trkpt>
    <trkpt lat="38.81031" lon="-120.12771"></trkpt>
    <trkpt lat="38.81053" lon="-120.1269"></trkpt>
    <trkpt lat="38.81086" lon="-120.12541"></trkpt>
    <trkpt lat="38.81094" lon="-120.1251"></trkpt>
    <trkpt lat="38.81101" lon="-120.12479"></trkpt>
    <trkpt lat="38.81118" lon="-120.12386"></trkpt>
    <trkpt lat="38.81152" lon="-120.12175"></trkpt>
    <trkpt lat="38.81152" lon="-120.12172"></trkpt>
    <trkpt lat="38.81153" lon="-120.1216"></trkpt>
    <trkpt lat="38.81153" lon="-120.12131"></trkpt>
    <trkpt lat="38.81152" lon="-120.12126"></trkpt>
    <trkpt lat="38.81152" lon="-120.12123"></trkpt>
    <trkpt lat="38.8115" lon="-120.12105"></trkpt>
    <trkpt lat="38.81148" lon="-120.12096"></trkpt>
    <trkpt lat="38.81142" lon="-120.12078"></trkpt>
    <trkpt lat="38.81134" lon="-120.12062"></trkpt>
    <trkpt lat="38.81126" lon="-120.12048"></trkpt>
    <trkpt lat="38.81121" lon="-120.12041"></trkpt>
    <trkpt lat="38.8111" lon="-120.1203"></trkpt>
    <trkpt lat="38.81098" lon="-120.1202"></trkpt>
    <trkpt lat="38.81091" lon="-120.12015"></trkpt>
    <trkpt lat="38.81082" lon="-120.12011"></trkpt>
    <trkpt lat="38.81063" lon="-120.12004"></trkpt>
    <trkpt lat="38.81059" lon="-120.12004"></trkpt>
    <trkpt lat="38.81055" lon="-120.12003"></trkpt>
    <trkpt lat="38.81044" lon="-120.12003"></trkpt>
    <trkpt lat="38.81024" lon="-120.12005"></trkpt>
    <trkpt lat="38.80998" lon="-120.12012"></trkpt>
    <trkpt lat="38.80987" lon="-120.12018"></trkpt>
    <trkpt lat="38.80958" lon="-120.12036"></trkpt>
    <trkpt lat="38.80943" lon="-120.12048"></trkpt>
    <trkpt lat="38.80928" lon="-120.12063"></trkpt>
    <trkpt lat="38.80926" lon="-120.12064"></trkpt>
    <trkpt lat="38.80912" lon="-120.12079"></trkpt>
    <trkpt lat="38.80905" lon="-120.12088"></trkpt>
    <trkpt lat="38.80898" lon="-120.12096"></trkpt>
    <trkpt lat="38.8089" lon="-120.12109"></trkpt>
    <trkpt lat="38.80882" lon="-120.1212"></trkpt>
    <trkpt lat="38.80869" lon="-120.12143"></trkpt>
    <trkpt lat="38.80861" lon="-120.12156"></trkpt>
    <trkpt lat="38.80855" lon="-120.12168"></trkpt>
    <trkpt lat="38.80854" lon="-120.12169"></trkpt>
    <trkpt lat="38.80844" lon="-120.12186"></trkpt>
    <trkpt lat="38.8082" lon="-120.1222"></trkpt>
    <trkpt lat="38.80809" lon="-120.12239"></trkpt>
    <trkpt lat="38.80798" lon="-120.12256"></trkpt>
    <trkpt lat="38.80798" lon="-120.12257"></trkpt>
    <trkpt lat="38.80785" lon="-120.12274"></trkpt>
    <trkpt lat="38.80784" lon="-120.12276"></trkpt>
    <trkpt lat="38.80772" lon="-120.12289"></trkpt>
    <trkpt lat="38.80761" lon="-120.12304"></trkpt>
    <trkpt lat="38.80755" lon="-120.1231"></trkpt>
    <trkpt lat="38.80746" lon="-120.12316"></trkpt>
    <trkpt lat="38.80745" lon="-120.12318"></trkpt>
    <trkpt lat="38.80735" lon="-120.12324"></trkpt>
    <trkpt lat="38.8073" lon="-120.12326"></trkpt>
    <trkpt lat="38.80728" lon="-120.12328"></trkpt>
    <trkpt lat="38.80723" lon="-120.1233"></trkpt>
    <trkpt lat="38.80717" lon="-120.12333"></trkpt>
    <trkpt lat="38.80709" lon="-120.12338"></trkpt>
    <trkpt lat="38.80701" lon="-120.12341"></trkpt>
    <trkpt lat="38.80697" lon="-120.12343"></trkpt>
    <trkpt lat="38.80692" lon="-120.12345"></trkpt>
    <trkpt lat="38.8068" lon="-120.12349"></trkpt>
    <trkpt lat="38.80651" lon="-120.12355"></trkpt>
    <trkpt lat="38.80635" lon="-120.12357"></trkpt>
    <trkpt lat="38.80618" lon="-120.12355"></trkpt>
    <trkpt lat="38.80608" lon="-120.12353"></trkpt>
    <trkpt lat="38.80601" lon="-120.1235"></trkpt>
    <trkpt lat="38.80591" lon="-120.12344"></trkpt>
    <trkpt lat="38.80586" lon="-120.12338"></trkpt>
    <trkpt lat="38.8058" lon="-120.12327"></trkpt>
    <trkpt lat="38.80576" lon="-120.12323"></trkpt>
    <trkpt lat="38.80564" lon="-120.12302"></trkpt>
    <trkpt lat="38.80557" lon="-120.12287"></trkpt>
    <trkpt lat="38.80554" lon="-120.12279"></trkpt>
    <trkpt lat="38.80552" lon="-120.12271"></trkpt>
    <trkpt lat="38.80549" lon="-120.12251"></trkpt>
    <trkpt lat="38.80547" lon="-120.12244"></trkpt>
    <trkpt lat="38.80543" lon="-120.12205"></trkpt>
    <trkpt lat="38.80536" lon="-120.12174"></trkpt>
    <trkpt lat="38.80534" lon="-120.12168"></trkpt>
    <trkpt lat="38.80527" lon="-120.12156"></trkpt>
    <trkpt lat="38.80522" lon="-120.12149"></trkpt>
    <trkpt lat="38.80519" lon="-120.12146"></trkpt>
    <trkpt lat="38.80516" lon="-120.12142"></trkpt>
    <trkpt lat="38.80512" lon="-120.12138"></trkpt>
    <trkpt lat="38.80499" lon="-120.12129"></trkpt>
    <trkpt lat="38.80495" lon="-120.12127"></trkpt>
    <trkpt lat="38.8049" lon="-120.12124"></trkpt>
    <trkpt lat="38.80486" lon="-120.12122"></trkpt>
    <trkpt lat="38.80468" lon="-120.12118"></trkpt>
    <trkpt lat="38.80461" lon="-120.12117"></trkpt>
    <trkpt lat="38.80456" lon="-120.12117"></trkpt>
    <trkpt lat="38.80445" lon="-120.12119"></trkpt>
    <trkpt lat="38.80441" lon="-120.12121"></trkpt>
    <trkpt lat="38.80433" lon="-120.12124"></trkpt>
    <trkpt lat="38.80415" lon="-120.12134"></trkpt>
    <trkpt lat="38.80408" lon="-120.12137"></trkpt>
    <trkpt lat="38.80333" lon="-120.12176"></trkpt>
    <trkpt lat="38.80317" lon="-120.12183"></trkpt>
    <trkpt lat="38.80316" lon="-120.12183"></trkpt>
    <trkpt lat="38.80306" lon="-120.12186"></trkpt>
    <trkpt lat="38.80302" lon="-120.12186"></trkpt>
    <trkpt lat="38.80298" lon="-120.12187"></trkpt>
    <trkpt lat="38.80295" lon="-120.12187"></trkpt>
    <trkpt lat="38.80289" lon="-120.12186"></trkpt>
    <trkpt lat="38.80285" lon="-120.12185"></trkpt>
    <trkpt lat="38.80279" lon="-120.12183"></trkpt>
    <trkpt lat="38.80278" lon="-120.12182"></trkpt>
    <trkpt lat="38.80271" lon="-120.1218"></trkpt>
    <trkpt lat="38.80266" lon="-120.12178"></trkpt>
    <trkpt lat="38.80262" lon="-120.12176"></trkpt>
    <trkpt lat="38.80257" lon="-120.12174"></trkpt>
    <trkpt lat="38.80241" lon="-120.12163"></trkpt>
    <trkpt lat="38.80225" lon="-120.1215"></trkpt>
    <trkpt lat="38.80213" lon="-120.12137"></trkpt>
    <trkpt lat="38.802" lon="-120.12124"></trkpt>
    <trkpt lat="38.80194" lon="-120.12117"></trkpt>
    <trkpt lat="38.8019" lon="-120.12111"></trkpt>
    <trkpt lat="38.80189" lon="-120.1211"></trkpt>
    <trkpt lat="38.80186" lon="-120.12106"></trkpt>
    <trkpt lat="38.8018" lon="-120.12096"></trkpt>
    <trkpt lat="38.80175" lon="-120.12086"></trkpt>
    <trkpt lat="38.80173" lon="-120.12081"></trkpt>
    <trkpt lat="38.80172" lon="-120.12075"></trkpt>
    <trkpt lat="38.80171" lon="-120.12071"></trkpt>
    <trkpt lat="38.8017" lon="-120.12069"></trkpt>
    <trkpt lat="38.80168" lon="-120.12059"></trkpt>
    <trkpt lat="38.80167" lon="-120.1205"></trkpt>
    <trkpt lat="38.80167" lon="-120.12026"></trkpt>
    <trkpt lat="38.8017" lon="-120.12009"></trkpt>
    <trkpt lat="38.80173" lon="-120.12002"></trkpt>
    <trkpt lat="38.80174" lon="-120.11997"></trkpt>
    <trkpt lat="38.80177" lon="-120.1199"></trkpt>
    <trkpt lat="38.8018" lon="-120.11986"></trkpt>
    <trkpt lat="38.80185" lon="-120.11975"></trkpt>
    <trkpt lat="38.80191" lon="-120.11966"></trkpt>
    <trkpt lat="38.802" lon="-120.11956"></trkpt>
    <trkpt lat="38.8021" lon="-120.11946"></trkpt>
    <trkpt lat="38.80224" lon="-120.11934"></trkpt>
    <trkpt lat="38.80225" lon="-120.11934"></trkpt>
    <trkpt lat="38.80267" lon="-120.11904"></trkpt>
    <trkpt lat="38.80292" lon="-120.11884"></trkpt>
    <trkpt lat="38.80306" lon="-120.11871"></trkpt>
    <trkpt lat="38.80316" lon="-120.1186"></trkpt>
    <trkpt lat="38.8032" lon="-120.11853"></trkpt>
    <trkpt lat="38.80329" lon="-120.11841"></trkpt>
    <trkpt lat="38.80338" lon="-120.11824"></trkpt>
    <trkpt lat="38.80351" lon="-120.11795"></trkpt>
    <trkpt lat="38.80357" lon="-120.11777"></trkpt>
    <trkpt lat="38.8036" lon="-120.11762"></trkpt>
    <trkpt lat="38.80362" lon="-120.11755"></trkpt>
    <trkpt lat="38.80363" lon="-120.11746"></trkpt>
    <trkpt lat="38.8036" lon="-120.1173"></trkpt>
    <trkpt lat="38.80361" lon="-120.1171"></trkpt>
    <trkpt lat="38.80359" lon="-120.11676"></trkpt>
    <trkpt lat="38.80357" lon="-120.11659"></trkpt>
    <trkpt lat="38.80325" lon="-120.11485"></trkpt>
    <trkpt lat="38.80326" lon="-120.11469"></trkpt>
    <trkpt lat="38.80316" lon="-120.11421"></trkpt>
    <trkpt lat="38.80306" lon="-120.1139"></trkpt>
    <trkpt lat="38.80295" lon="-120.11366"></trkpt>
    <trkpt lat="38.80286" lon="-120.11349"></trkpt>
    <trkpt lat="38.80278" lon="-120.11332"></trkpt>
    <trkpt lat="38.80251" lon="-120.11279"></trkpt>
    <trkpt lat="38.80245" lon="-120.11264"></trkpt>
    <trkpt lat="38.80243" lon="-120.11257"></trkpt>
    <trkpt lat="38.80239" lon="-120.11227"></trkpt>
    <trkpt lat="38.80239" lon="-120.11215"></trkpt>
    <trkpt lat="38.80241" lon="-120.11204"></trkpt>
    <trkpt lat="38.80242" lon="-120.11196"></trkpt>
    <trkpt lat="38.8025" lon="-120.11172"></trkpt>
    <trkpt lat="38.80254" lon="-120.11162"></trkpt>
    <trkpt lat="38.80258" lon="-120.11154"></trkpt>
    <trkpt lat="38.80266" lon="-120.11146"></trkpt>
    <trkpt lat="38.80274" lon="-120.11139"></trkpt>
    <trkpt lat="38.80287" lon="-120.1113"></trkpt>
    <trkpt lat="38.803" lon="-120.11123"></trkpt>
    <trkpt lat="38.80304" lon="-120.1112"></trkpt>
    <trkpt lat="38.80333" lon="-120.11106"></trkpt>
    <trkpt lat="38.8037" lon="-120.11085"></trkpt>
    <trkpt lat="38.80406" lon="-120.11059"></trkpt>
    <trkpt lat="38.80411" lon="-120.11055"></trkpt>
    <trkpt lat="38.80416" lon="-120.1105"></trkpt>
    <trkpt lat="38.80423" lon="-120.11041"></trkpt>
    <trkpt lat="38.80432" lon="-120.11031"></trkpt>
    <trkpt lat="38.80447" lon="-120.11012"></trkpt>
    <trkpt lat="38.80475" lon="-120.10969"></trkpt>
    <trkpt lat="38.80496" lon="-120.10924"></trkpt>
    <trkpt lat="38.80505" lon="-120.10901"></trkpt>
    <trkpt lat="38.8052" lon="-120.10843"></trkpt>
    <trkpt lat="38.80527" lon="-120.10808"></trkpt>
    <trkpt lat="38.80535" lon="-120.10755"></trkpt>
    <trkpt lat="38.80542" lon="-120.10662"></trkpt>
    <trkpt lat="38.80542" lon="-120.10638"></trkpt>
    <trkpt lat="38.80539" lon="-120.10549"></trkpt>
    <trkpt lat="38.80538" lon="-120.10538"></trkpt>
    <trkpt lat="38.80538" lon="-120.1053"></trkpt>
    <trkpt lat="38.80537" lon="-120.10515"></trkpt>
    <trkpt lat="38.80537" lon="-120.10507"></trkpt>
    <trkpt lat="38.80528" lon="-120.10316"></trkpt>
    <trkpt lat="38.80528" lon="-120.10307"></trkpt>
    <trkpt lat="38.80518" lon="-120.10125"></trkpt>
    <trkpt lat="38.80519" lon="-120.10097"></trkpt>
    <trkpt lat="38.80522" lon="-120.10064"></trkpt>
    <trkpt lat="38.80525" lon="-120.10044"></trkpt>
    <trkpt lat="38.80526" lon="-120.10033"></trkpt>
    <trkpt lat="38.80532" lon="-120.10008"></trkpt>
    <trkpt lat="38.80544" lon="-120.0997"></trkpt>
    <trkpt lat="38.80558" lon="-120.09937"></trkpt>
    <trkpt lat="38.80569" lon="-120.09916"></trkpt>
    <trkpt lat="38.80609" lon="-120.09853"></trkpt>
    <trkpt lat="38.80625" lon="-120.0983"></trkpt>
    <trkpt lat="38.80641" lon="-120.09803"></trkpt>
    <trkpt lat="38.80666" lon="-120.09766"></trkpt>
    <trkpt lat="38.80774" lon="-120.0959"></trkpt>
    <trkpt lat="38.80801" lon="-120.09549"></trkpt>
    <trkpt lat="38.80819" lon="-120.0952"></trkpt>
    <trkpt lat="38.80836" lon="-120.09498"></trkpt>
    <trkpt lat="38.80837" lon="-120.09497"></trkpt>
    <trkpt lat="38.8085" lon="-120.09481"></trkpt>
    <trkpt lat="38.80875" lon="-120.09456"></trkpt>
    <trkpt lat="38.809" lon="-120.09423"></trkpt>
    <trkpt lat="38.80911" lon="-120.09406"></trkpt>
    <trkpt lat="38.80913" lon="-120.09401"></trkpt>
    <trkpt lat="38.80923" lon="-120.09381"></trkpt>
    <trkpt lat="38.80946" lon="-120.09324"></trkpt>
    <trkpt lat="38.80947" lon="-120.0932"></trkpt>
    <trkpt lat="38.80954" lon="-120.09304"></trkpt>
    <trkpt lat="38.80969" lon="-120.09278"></trkpt>
    <trkpt lat="38.80981" lon="-120.09259"></trkpt>
    <trkpt lat="38.80997" lon="-120.09238"></trkpt>
    <trkpt lat="38.81011" lon="-120.09223"></trkpt>
    <trkpt lat="38.81033" lon="-120.09202"></trkpt>
    <trkpt lat="38.81102" lon="-120.09141"></trkpt>
    <trkpt lat="38.81106" lon="-120.09138"></trkpt>
    <trkpt lat="38.81118" lon="-120.09127"></trkpt>
    <trkpt lat="38.81121" lon="-120.09125"></trkpt>
    <trkpt lat="38.81168" lon="-120.09084"></trkpt>
    <trkpt lat="38.81187" lon="-120.09066"></trkpt>
    <trkpt lat="38.81206" lon="-120.09044"></trkpt>
    <trkpt lat="38.81218" lon="-120.09028"></trkpt>
    <trkpt lat="38.81226" lon="-120.09015"></trkpt>
    <trkpt lat="38.8124" lon="-120.0899"></trkpt>
    <trkpt lat="38.81254" lon="-120.08955"></trkpt>
    <trkpt lat="38.81259" lon="-120.0894"></trkpt>
    <trkpt lat="38.81264" lon="-120.08922"></trkpt>
    <trkpt lat="38.81269" lon="-120.08909"></trkpt>
    <trkpt lat="38.81274" lon="-120.0889"></trkpt>
    <trkpt lat="38.81282" lon="-120.08855"></trkpt>
    <trkpt lat="38.81287" lon="-120.08838"></trkpt>
    <trkpt lat="38.81287" lon="-120.08837"></trkpt>
    <trkpt lat="38.81295" lon="-120.088"></trkpt>
    <trkpt lat="38.8131" lon="-120.08739"></trkpt>
    <trkpt lat="38.8132" lon="-120.08705"></trkpt>
    <trkpt lat="38.81323" lon="-120.08693"></trkpt>
    <trkpt lat="38.8134" lon="-120.08643"></trkpt>
    <trkpt lat="38.81351" lon="-120.08614"></trkpt>
    <trkpt lat="38.81365" lon="-120.08585"></trkpt>
    <trkpt lat="38.81398" lon="-120.08524"></trkpt>
    <trkpt lat="38.81452" lon="-120.08432"></trkpt>
    <trkpt lat="38.81456" lon="-120.08427"></trkpt>
    <trkpt lat="38.81468" lon="-120.08406"></trkpt>
    <trkpt lat="38.81497" lon="-120.08366"></trkpt>
    <trkpt lat="38.81503" lon="-120.08359"></trkpt>
    <trkpt lat="38.8151" lon="-120.08352"></trkpt>
    <trkpt lat="38.81513" lon="-120.08348"></trkpt>
    <trkpt lat="38.8154" lon="-120.08323"></trkpt>
    <trkpt lat="38.81562" lon="-120.08304"></trkpt>
    <trkpt lat="38.81568" lon="-120.08298"></trkpt>
    <trkpt lat="38.81577" lon="-120.08291"></trkpt>
    <trkpt lat="38.81596" lon="-120.08273"></trkpt>
    <trkpt lat="38.81621" lon="-120.08245"></trkpt>
    <trkpt lat="38.81626" lon="-120.08238"></trkpt>
    <trkpt lat="38.81632" lon="-120.08231"></trkpt>
    <trkpt lat="38.81637" lon="-120.08224"></trkpt>
    <trkpt lat="38.81642" lon="-120.08218"></trkpt>
    <trkpt lat="38.81645" lon="-120.08212"></trkpt>
    <trkpt lat="38.81649" lon="-120.08207"></trkpt>
    <trkpt lat="38.81649" lon="-120.08206"></trkpt>
    <trkpt lat="38.81662" lon="-120.08185"></trkpt>
    <trkpt lat="38.81677" lon="-120.08155"></trkpt>
    <trkpt lat="38.81684" lon="-120.08138"></trkpt>
    <trkpt lat="38.81702" lon="-120.08087"></trkpt>
    <trkpt lat="38.81747" lon="-120.07938"></trkpt>
    <trkpt lat="38.81752" lon="-120.07919"></trkpt>
    <trkpt lat="38.81759" lon="-120.07898"></trkpt>
    <trkpt lat="38.81765" lon="-120.07877"></trkpt>
    <trkpt lat="38.81779" lon="-120.07837"></trkpt>
    <trkpt lat="38.81788" lon="-120.07814"></trkpt>
    <trkpt lat="38.81796" lon="-120.07797"></trkpt>
    <trkpt lat="38.81821" lon="-120.0775"></trkpt>
    <trkpt lat="38.81842" lon="-120.07718"></trkpt>
    <trkpt lat="38.81843" lon="-120.07716"></trkpt>
    <trkpt lat="38.81843" lon="-120.07715"></trkpt>
    <trkpt lat="38.81853" lon="-120.077"></trkpt>
    <trkpt lat="38.81854" lon="-120.07698"></trkpt>
    <trkpt lat="38.81865" lon="-120.07683"></trkpt>
    <trkpt lat="38.81875" lon="-120.07664"></trkpt>
    <trkpt lat="38.81881" lon="-120.07655"></trkpt>
    <trkpt lat="38.81901" lon="-120.07621"></trkpt>
    <trkpt lat="38.81936" lon="-120.0757"></trkpt>
    <trkpt lat="38.81989" lon="-120.07496"></trkpt>
    <trkpt lat="38.82005" lon="-120.07472"></trkpt>
    <trkpt lat="38.82019" lon="-120.07448"></trkpt>
    <trkpt lat="38.82025" lon="-120.07439"></trkpt>
    <trkpt lat="38.8204" lon="-120.0741"></trkpt>
    <trkpt lat="38.82074" lon="-120.07333"></trkpt>
    <trkpt lat="38.82077" lon="-120.07325"></trkpt>
    <trkpt lat="38.82088" lon="-120.07305"></trkpt>
    <trkpt lat="38.82144" lon="-120.0714"></trkpt>
    <trkpt lat="38.82172" lon="-120.07052"></trkpt>
    <trkpt lat="38.82184" lon="-120.07005"></trkpt>
    <trkpt lat="38.82192" lon="-120.0697"></trkpt>
    <trkpt lat="38.82194" lon="-120.06964"></trkpt>
    <trkpt lat="38.82197" lon="-120.06948"></trkpt>
    <trkpt lat="38.822" lon="-120.06939"></trkpt>
    <trkpt lat="38.82232" lon="-120.06802"></trkpt>
    <trkpt lat="38.82238" lon="-120.0677"></trkpt>
    <trkpt lat="38.8224" lon="-120.06756"></trkpt>
    <trkpt lat="38.82243" lon="-120.06723"></trkpt>
    <trkpt lat="38.82243" lon="-120.06686"></trkpt>
    <trkpt lat="38.82242" lon="-120.0667"></trkpt>
    <trkpt lat="38.82238" lon="-120.06628"></trkpt>
    <trkpt lat="38.82234" lon="-120.06596"></trkpt>
    <trkpt lat="38.82232" lon="-120.06571"></trkpt>
    <trkpt lat="38.82232" lon="-120.06558"></trkpt>
    <trkpt lat="38.82231" lon="-120.06541"></trkpt>
    <trkpt lat="38.82231" lon="-120.06526"></trkpt>
    <trkpt lat="38.82236" lon="-120.06471"></trkpt>
    <trkpt lat="38.82239" lon="-120.06457"></trkpt>
    <trkpt lat="38.82241" lon="-120.06445"></trkpt>
    <trkpt lat="38.82253" lon="-120.06401"></trkpt>
    <trkpt lat="38.82291" lon="-120.06295"></trkpt>
    <trkpt lat="38.82306" lon="-120.06249"></trkpt>
    <trkpt lat="38.82331" lon="-120.06183"></trkpt>
    <trkpt lat="38.82332" lon="-120.06181"></trkpt>
    <trkpt lat="38.82336" lon="-120.06171"></trkpt>
    <trkpt lat="38.8234" lon="-120.06164"></trkpt>
    <trkpt lat="38.8234" lon="-120.06163"></trkpt>
    <trkpt lat="38.82348" lon="-120.06147"></trkpt>
    <trkpt lat="38.82373" lon="-120.06103"></trkpt>
    <trkpt lat="38.82383" lon="-120.06089"></trkpt>
    <trkpt lat="38.8239" lon="-120.06078"></trkpt>
    <trkpt lat="38.8242" lon="-120.06035"></trkpt>
    <trkpt lat="38.8243" lon="-120.06018"></trkpt>
    <trkpt lat="38.82435" lon="-120.06011"></trkpt>
    <trkpt lat="38.82439" lon="-120.06002"></trkpt>
    <trkpt lat="38.82449" lon="-120.05983"></trkpt>
    <trkpt lat="38.82449" lon="-120.05982"></trkpt>
    <trkpt lat="38.82459" lon="-120.05958"></trkpt>
    <trkpt lat="38.82462" lon="-120.05948"></trkpt>
    <trkpt lat="38.82467" lon="-120.05935"></trkpt>
    <trkpt lat="38.82478" lon="-120.05895"></trkpt>
    <trkpt lat="38.82482" lon="-120.05875"></trkpt>
    <trkpt lat="38.82509" lon="-120.05766"></trkpt>
    <trkpt lat="38.82509" lon="-120.05765"></trkpt>
    <trkpt lat="38.82512" lon="-120.05754"></trkpt>
    <trkpt lat="38.82552" lon="-120.05585"></trkpt>
    <trkpt lat="38.82567" lon="-120.05527"></trkpt>
    <trkpt lat="38.82585" lon="-120.05448"></trkpt>
    <trkpt lat="38.82594" lon="-120.05386"></trkpt>
    <trkpt lat="38.82594" lon="-120.05377"></trkpt>
    <trkpt lat="38.82597" lon="-120.05344"></trkpt>
    <trkpt lat="38.82597" lon="-120.05308"></trkpt>
    <trkpt lat="38.82594" lon="-120.05251"></trkpt>
    <trkpt lat="38.82592" lon="-120.05229"></trkpt>
    <trkpt lat="38.8259" lon="-120.05214"></trkpt>
    <trkpt lat="38.82573" lon="-120.05117"></trkpt>
    <trkpt lat="38.82567" lon="-120.05089"></trkpt>
    <trkpt lat="38.82558" lon="-120.05039"></trkpt>
    <trkpt lat="38.82557" lon="-120.05037"></trkpt>
    <trkpt lat="38.82557" lon="-120.05036"></trkpt>
    <trkpt lat="38.82543" lon="-120.04954"></trkpt>
    <trkpt lat="38.82542" lon="-120.04951"></trkpt>
    <trkpt lat="38.82527" lon="-120.0486"></trkpt>
    <trkpt lat="38.82526" lon="-120.04856"></trkpt>
    <trkpt lat="38.82521" lon="-120.04828"></trkpt>
    <trkpt lat="38.82517" lon="-120.04811"></trkpt>
    <trkpt lat="38.82507" lon="-120.04774"></trkpt>
    <trkpt lat="38.82492" lon="-120.04731"></trkpt>
    <trkpt lat="38.82481" lon="-120.04702"></trkpt>
    <trkpt lat="38.82475" lon="-120.04689"></trkpt>
    <trkpt lat="38.82463" lon="-120.04658"></trkpt>
    <trkpt lat="38.82448" lon="-120.04607"></trkpt>
    <trkpt lat="38.82447" lon="-120.04605"></trkpt>
    <trkpt lat="38.82444" lon="-120.04589"></trkpt>
    <trkpt lat="38.82442" lon="-120.04574"></trkpt>
    <trkpt lat="38.82441" lon="-120.04562"></trkpt>
    <trkpt lat="38.82437" lon="-120.0455"></trkpt>
    <trkpt lat="38.82435" lon="-120.04521"></trkpt>
    <trkpt lat="38.82421" lon="-120.0438"></trkpt>
    <trkpt lat="38.8242" lon="-120.04379"></trkpt>
    <trkpt lat="38.82417" lon="-120.04357"></trkpt>
    <trkpt lat="38.82407" lon="-120.04299"></trkpt>
    <trkpt lat="38.82406" lon="-120.04296"></trkpt>
    <trkpt lat="38.82406" lon="-120.04295"></trkpt>
    <trkpt lat="38.82405" lon="-120.04294"></trkpt>
    <trkpt lat="38.82399" lon="-120.04265"></trkpt>
    <trkpt lat="38.82394" lon="-120.04245"></trkpt>
    <trkpt lat="38.82379" lon="-120.04194"></trkpt>
    <trkpt lat="38.82375" lon="-120.04177"></trkpt>
    <trkpt lat="38.82373" lon="-120.04163"></trkpt>
    <trkpt lat="38.82371" lon="-120.04156"></trkpt>
    <trkpt lat="38.82352" lon="-120.04105"></trkpt>
    <trkpt lat="38.82335" lon="-120.04064"></trkpt>
    <trkpt lat="38.8232" lon="-120.04031"></trkpt>
    <trkpt lat="38.82298" lon="-120.03988"></trkpt>
    <trkpt lat="38.82291" lon="-120.03977"></trkpt>
    <trkpt lat="38.82256" lon="-120.03917"></trkpt>
    <trkpt lat="38.82244" lon="-120.03899"></trkpt>
    <trkpt lat="38.82219" lon="-120.03864"></trkpt>
    <trkpt lat="38.82217" lon="-120.03863"></trkpt>
    <trkpt lat="38.82208" lon="-120.03851"></trkpt>
    <trkpt lat="38.82171" lon="-120.03807"></trkpt>
    <trkpt lat="38.82159" lon="-120.03794"></trkpt>
    <trkpt lat="38.82149" lon="-120.03784"></trkpt>
    <trkpt lat="38.81985" lon="-120.03608"></trkpt>
    <trkpt lat="38.81971" lon="-120.03594"></trkpt>
    <trkpt lat="38.81944" lon="-120.03564"></trkpt>
    <trkpt lat="38.8194" lon="-120.03561"></trkpt>
    <trkpt lat="38.81929" lon="-120.0355"></trkpt>
    <trkpt lat="38.81928" lon="-120.03548"></trkpt>
    <trkpt lat="38.8192" lon="-120.0354"></trkpt>
    <trkpt lat="38.81871" lon="-120.03496"></trkpt>
    <trkpt lat="38.81861" lon="-120.03488"></trkpt>
    <trkpt lat="38.81834" lon="-120.03469"></trkpt>
    <trkpt lat="38.81813" lon="-120.03456"></trkpt>
    <trkpt lat="38.81767" lon="-120.03433"></trkpt>
    <trkpt lat="38.81721" lon="-120.03415"></trkpt>
    <trkpt lat="38.816" lon="-120.03381"></trkpt>
    <trkpt lat="38.81595" lon="-120.03382"></trkpt>
    <trkpt lat="38.8159" lon="-120.03382"></trkpt>
    <trkpt lat="38.81583" lon="-120.03381"></trkpt>
    <trkpt lat="38.81536" lon="-120.0337"></trkpt>
    <trkpt lat="38.81493" lon="-120.03361"></trkpt>
    <trkpt lat="38.81455" lon="-120.03351"></trkpt>
    <trkpt lat="38.8143" lon="-120.0334"></trkpt>
    <trkpt lat="38.81406" lon="-120.03324"></trkpt>
    <trkpt lat="38.81405" lon="-120.03324"></trkpt>
    <trkpt lat="38.81399" lon="-120.03319"></trkpt>
    <trkpt lat="38.81386" lon="-120.0331"></trkpt>
    <trkpt lat="38.81358" lon="-120.03284"></trkpt>
    <trkpt lat="38.81346" lon="-120.03269"></trkpt>
    <trkpt lat="38.81337" lon="-120.03256"></trkpt>
    <trkpt lat="38.8133" lon="-120.03244"></trkpt>
    <trkpt lat="38.81321" lon="-120.0323"></trkpt>
    <trkpt lat="38.81313" lon="-120.03212"></trkpt>
    <trkpt lat="38.81309" lon="-120.032"></trkpt>
    <trkpt lat="38.81307" lon="-120.03185"></trkpt>
    <trkpt lat="38.81304" lon="-120.03175"></trkpt>
    <trkpt lat="38.81301" lon="-120.03163"></trkpt>
    <trkpt lat="38.81296" lon="-120.03137"></trkpt>
    <trkpt lat="38.81295" lon="-120.03128"></trkpt>
    <trkpt lat="38.81292" lon="-120.03079"></trkpt>
    <trkpt lat="38.81293" lon="-120.03062"></trkpt>
    <trkpt lat="38.81293" lon="-120.03049"></trkpt>
    <trkpt lat="38.81295" lon="-120.03033"></trkpt>
    <trkpt lat="38.81296" lon="-120.03018"></trkpt>
    <trkpt lat="38.81299" lon="-120.03006"></trkpt>
    <trkpt lat="38.81301" lon="-120.02993"></trkpt>
    <trkpt lat="38.81304" lon="-120.02981"></trkpt>
    <trkpt lat="38.81316" lon="-120.02947"></trkpt>
    <trkpt lat="38.81325" lon="-120.02928"></trkpt>
    <trkpt lat="38.81336" lon="-120.02911"></trkpt>
    <trkpt lat="38.81347" lon="-120.02897"></trkpt>
    <trkpt lat="38.81367" lon="-120.02874"></trkpt>
    <trkpt lat="38.81386" lon="-120.02857"></trkpt>
    <trkpt lat="38.81408" lon="-120.02842"></trkpt>
    <trkpt lat="38.81424" lon="-120.02832"></trkpt>
    <trkpt lat="38.81441" lon="-120.02824"></trkpt>
    <trkpt lat="38.81446" lon="-120.02821"></trkpt>
    <trkpt lat="38.81461" lon="-120.02815"></trkpt>
    <trkpt lat="38.81474" lon="-120.02809"></trkpt>
    <trkpt lat="38.81475" lon="-120.02809"></trkpt>
    <trkpt lat="38.81489" lon="-120.02804"></trkpt>
    <trkpt lat="38.81492" lon="-120.02804"></trkpt>
    <trkpt lat="38.81505" lon="-120.028"></trkpt>
    <trkpt lat="38.81519" lon="-120.02797"></trkpt>
    <trkpt lat="38.81547" lon="-120.02793"></trkpt>
    <trkpt lat="38.81589" lon="-120.0279"></trkpt>
    <trkpt lat="38.81602" lon="-120.0279"></trkpt>
    <trkpt lat="38.81617" lon="-120.02791"></trkpt>
    <trkpt lat="38.81635" lon="-120.02791"></trkpt>
    <trkpt lat="38.81682" lon="-120.02794"></trkpt>
    <trkpt lat="38.81725" lon="-120.02798"></trkpt>
    <trkpt lat="38.81738" lon="-120.028"></trkpt>
    <trkpt lat="38.81765" lon="-120.028"></trkpt>
    <trkpt lat="38.81777" lon="-120.02798"></trkpt>
    <trkpt lat="38.81779" lon="-120.02798"></trkpt>
    <trkpt lat="38.81786" lon="-120.02796"></trkpt>
    <trkpt lat="38.81796" lon="-120.02792"></trkpt>
    <trkpt lat="38.81796" lon="-120.02791"></trkpt>
    <trkpt lat="38.81805" lon="-120.02786"></trkpt>
    <trkpt lat="38.81816" lon="-120.02779"></trkpt>
    <trkpt lat="38.81852" lon="-120.02752"></trkpt>
    <trkpt lat="38.81859" lon="-120.02748"></trkpt>
    <trkpt lat="38.81868" lon="-120.02742"></trkpt>
    <trkpt lat="38.8188" lon="-120.02736"></trkpt>
    <trkpt lat="38.81893" lon="-120.02732"></trkpt>
    <trkpt lat="38.81911" lon="-120.02728"></trkpt>
    <trkpt lat="38.81923" lon="-120.02727"></trkpt>
    <trkpt lat="38.81935" lon="-120.02728"></trkpt>
    <trkpt lat="38.81945" lon="-120.02728"></trkpt>
    <trkpt lat="38.81981" lon="-120.02735"></trkpt>
    <trkpt lat="38.82089" lon="-120.0275"></trkpt>
    <trkpt lat="38.82093" lon="-120.02751"></trkpt>
    <trkpt lat="38.82107" lon="-120.02752"></trkpt>
    <trkpt lat="38.82114" lon="-120.02753"></trkpt>
    <trkpt lat="38.82124" lon="-120.02755"></trkpt>
    <trkpt lat="38.82134" lon="-120.02758"></trkpt>
    <trkpt lat="38.82151" lon="-120.02766"></trkpt>
    <trkpt lat="38.82161" lon="-120.02772"></trkpt>
    <trkpt lat="38.82192" lon="-120.02795"></trkpt>
    <trkpt lat="38.82199" lon="-120.02799"></trkpt>
    <trkpt lat="38.82213" lon="-120.02803"></trkpt>
    <trkpt lat="38.82222" lon="-120.02804"></trkpt>
    <trkpt lat="38.82225" lon="-120.02803"></trkpt>
    <trkpt lat="38.8223" lon="-120.02803"></trkpt>
    <trkpt lat="38.82239" lon="-120.02802"></trkpt>
    <trkpt lat="38.82249" lon="-120.028"></trkpt>
    <trkpt lat="38.82257" lon="-120.02799"></trkpt>
    <trkpt lat="38.82266" lon="-120.02796"></trkpt>
    <trkpt lat="38.82274" lon="-120.02795"></trkpt>
    <trkpt lat="38.82292" lon="-120.02795"></trkpt>
    <trkpt lat="38.82299" lon="-120.02796"></trkpt>
    <trkpt lat="38.8232" lon="-120.02802"></trkpt>
    <trkpt lat="38.82336" lon="-120.02808"></trkpt>
    <trkpt lat="38.82352" lon="-120.02816"></trkpt>
    <trkpt lat="38.82361" lon="-120.0282"></trkpt>
    <trkpt lat="38.82369" lon="-120.02823"></trkpt>
    <trkpt lat="38.82383" lon="-120.02827"></trkpt>
    <trkpt lat="38.8239" lon="-120.02828"></trkpt>
    <trkpt lat="38.82398" lon="-120.0283"></trkpt>
    <trkpt lat="38.82416" lon="-120.0283"></trkpt>
    <trkpt lat="38.82434" lon="-120.02828"></trkpt>
    <trkpt lat="38.82453" lon="-120.02824"></trkpt>
    <trkpt lat="38.82462" lon="-120.02823"></trkpt>
    <trkpt lat="38.82483" lon="-120.02823"></trkpt>
    <trkpt lat="38.82496" lon="-120.02825"></trkpt>
    <trkpt lat="38.82503" lon="-120.02827"></trkpt>
    <trkpt lat="38.82513" lon="-120.02831"></trkpt>
    <trkpt lat="38.82521" lon="-120.02836"></trkpt>
    <trkpt lat="38.82528" lon="-120.02841"></trkpt>
    <trkpt lat="38.8254" lon="-120.02853"></trkpt>
    <trkpt lat="38.82552" lon="-120.02867"></trkpt>
    <trkpt lat="38.8257" lon="-120.02895"></trkpt>
    <trkpt lat="38.82581" lon="-120.02915"></trkpt>
    <trkpt lat="38.82619" lon="-120.02971"></trkpt>
    <trkpt lat="38.82642" lon="-120.02999"></trkpt>
    <trkpt lat="38.82677" lon="-120.03032"></trkpt>
    <trkpt lat="38.82706" lon="-120.03055"></trkpt>
    <trkpt lat="38.82738" lon="-120.03075"></trkpt>
    <trkpt lat="38.82738" lon="-120.03076"></trkpt>
    <trkpt lat="38.82795" lon="-120.03114"></trkpt>
    <trkpt lat="38.82813" lon="-120.03123"></trkpt>
    <trkpt lat="38.82839" lon="-120.03134"></trkpt>
    <trkpt lat="38.82854" lon="-120.03139"></trkpt>
    <trkpt lat="38.82856" lon="-120.0314"></trkpt>
    <trkpt lat="38.82923" lon="-120.03156"></trkpt>
    <trkpt lat="38.82934" lon="-120.03157"></trkpt>
    <trkpt lat="38.82959" lon="-120.03162"></trkpt>
    <trkpt lat="38.82981" lon="-120.03169"></trkpt>
    <trkpt lat="38.83024" lon="-120.03181"></trkpt>
    <trkpt lat="38.83037" lon="-120.03186"></trkpt>
    <trkpt lat="38.83051" lon="-120.03194"></trkpt>
    <trkpt lat="38.83059" lon="-120.03198"></trkpt>
    <trkpt lat="38.83062" lon="-120.03201"></trkpt>
    <trkpt lat="38.83071" lon="-120.03208"></trkpt>
    <trkpt lat="38.83074" lon="-120.03212"></trkpt>
    <trkpt lat="38.83082" lon="-120.0322"></trkpt>
    <trkpt lat="38.83085" lon="-120.03224"></trkpt>
    <trkpt lat="38.83088" lon="-120.03229"></trkpt>
    <trkpt lat="38.83094" lon="-120.03237"></trkpt>
    <trkpt lat="38.831" lon="-120.03247"></trkpt>
    <trkpt lat="38.83103" lon="-120.03253"></trkpt>
    <trkpt lat="38.83105" lon="-120.03258"></trkpt>
    <trkpt lat="38.83108" lon="-120.03264"></trkpt>
    <trkpt lat="38.83109" lon="-120.03268"></trkpt>
    <trkpt lat="38.83117" lon="-120.0329"></trkpt>
    <trkpt lat="38.83119" lon="-120.03301"></trkpt>
    <trkpt lat="38.83121" lon="-120.03324"></trkpt>
    <trkpt lat="38.83121" lon="-120.03334"></trkpt>
    <trkpt lat="38.8312" lon="-120.03349"></trkpt>
    <trkpt lat="38.8312" lon="-120.03374"></trkpt>
    <trkpt lat="38.83119" lon="-120.03379"></trkpt>
    <trkpt lat="38.83119" lon="-120.03399"></trkpt>
    <trkpt lat="38.8312" lon="-120.03409"></trkpt>
    <trkpt lat="38.8312" lon="-120.03418"></trkpt>
    <trkpt lat="38.83122" lon="-120.03432"></trkpt>
    <trkpt lat="38.83127" lon="-120.03457"></trkpt>
    <trkpt lat="38.83134" lon="-120.03474"></trkpt>
    <trkpt lat="38.83141" lon="-120.03486"></trkpt>
    <trkpt lat="38.83163" lon="-120.03515"></trkpt>
    <trkpt lat="38.83177" lon="-120.03525"></trkpt>
    <trkpt lat="38.83194" lon="-120.03536"></trkpt>
    <trkpt lat="38.83195" lon="-120.03537"></trkpt>
    <trkpt lat="38.83263" lon="-120.03563"></trkpt>
    <trkpt lat="38.83267" lon="-120.03565"></trkpt>
    <trkpt lat="38.8328" lon="-120.03569"></trkpt>
    <trkpt lat="38.83296" lon="-120.03571"></trkpt>
    <trkpt lat="38.83308" lon="-120.03569"></trkpt>
    <trkpt lat="38.83336" lon="-120.0356"></trkpt>
    <trkpt lat="38.83343" lon="-120.03557"></trkpt>
    <trkpt lat="38.83354" lon="-120.0355"></trkpt>
    <trkpt lat="38.8336" lon="-120.03545"></trkpt>
    <trkpt lat="38.83376" lon="-120.03529"></trkpt>
    <trkpt lat="38.83398" lon="-120.03502"></trkpt>
    <trkpt lat="38.83412" lon="-120.03486"></trkpt>
    <trkpt lat="38.83426" lon="-120.03472"></trkpt>
    <trkpt lat="38.83449" lon="-120.03459"></trkpt>
    <trkpt lat="38.83455" lon="-120.03457"></trkpt>
    <trkpt lat="38.83462" lon="-120.03454"></trkpt>
    <trkpt lat="38.83474" lon="-120.03451"></trkpt>
    <trkpt lat="38.83485" lon="-120.03449"></trkpt>
    <trkpt lat="38.835" lon="-120.03449"></trkpt>
    <trkpt lat="38.83511" lon="-120.0345"></trkpt>
    <trkpt lat="38.83522" lon="-120.03452"></trkpt>
    <trkpt lat="38.83545" lon="-120.03463"></trkpt>
    <trkpt lat="38.83552" lon="-120.03467"></trkpt>
    <trkpt lat="38.83566" lon="-120.03479"></trkpt>
    <trkpt lat="38.83576" lon="-120.03489"></trkpt>
    <trkpt lat="38.8359" lon="-120.03507"></trkpt>
    <trkpt lat="38.83604" lon="-120.03538"></trkpt>
    <trkpt lat="38.83608" lon="-120.03553"></trkpt>
    <trkpt lat="38.83623" lon="-120.03627"></trkpt>
    <trkpt lat="38.83627" lon="-120.03638"></trkpt>
    <trkpt lat="38.83632" lon="-120.03655"></trkpt>
    <trkpt lat="38.83638" lon="-120.03668"></trkpt>
    <trkpt lat="38.83647" lon="-120.03685"></trkpt>
    <trkpt lat="38.83657" lon="-120.037"></trkpt>
    <trkpt lat="38.8367" lon="-120.03716"></trkpt>
    <trkpt lat="38.83687" lon="-120.03729"></trkpt>
    <trkpt lat="38.83707" lon="-120.03742"></trkpt>
    <trkpt lat="38.83727" lon="-120.03753"></trkpt>
    <trkpt lat="38.83751" lon="-120.03765"></trkpt>
    <trkpt lat="38.83764" lon="-120.0377"></trkpt>
    <trkpt lat="38.83782" lon="-120.03782"></trkpt>
    <trkpt lat="38.83794" lon="-120.03792"></trkpt>
    <trkpt lat="38.83801" lon="-120.03799"></trkpt>
    <trkpt lat="38.83808" lon="-120.03808"></trkpt>
    <trkpt lat="38.83815" lon="-120.03818"></trkpt>
    <trkpt lat="38.83821" lon="-120.0383"></trkpt>
    <trkpt lat="38.83832" lon="-120.03858"></trkpt>
    <trkpt lat="38.83839" lon="-120.03887"></trkpt>
    <trkpt lat="38.83842" lon="-120.03923"></trkpt>
    <trkpt lat="38.83842" lon="-120.03971"></trkpt>
    <trkpt lat="38.83844" lon="-120.03998"></trkpt>
    <trkpt lat="38.83844" lon="-120.04011"></trkpt>
    <trkpt lat="38.83848" lon="-120.04035"></trkpt>
    <trkpt lat="38.83857" lon="-120.04061"></trkpt>
    <trkpt lat="38.8387" lon="-120.04088"></trkpt>
    <trkpt lat="38.83874" lon="-120.04095"></trkpt>
    <trkpt lat="38.83879" lon="-120.04101"></trkpt>
    <trkpt lat="38.83886" lon="-120.04111"></trkpt>
    <trkpt lat="38.83894" lon="-120.0412"></trkpt>
    <trkpt lat="38.83902" lon="-120.04127"></trkpt>
    <trkpt lat="38.8391" lon="-120.04133"></trkpt>
    <trkpt lat="38.83925" lon="-120.04143"></trkpt>
    <trkpt lat="38.83935" lon="-120.04152"></trkpt>
    <trkpt lat="38.83954" lon="-120.04165"></trkpt>
    <trkpt lat="38.83975" lon="-120.04182"></trkpt>
    <trkpt lat="38.84054" lon="-120.04242"></trkpt>
    <trkpt lat="38.84082" lon="-120.04261"></trkpt>
    <trkpt lat="38.84097" lon="-120.04268"></trkpt>
    <trkpt lat="38.84104" lon="-120.04272"></trkpt>
    <trkpt lat="38.84117" lon="-120.04276"></trkpt>
    <trkpt lat="38.84126" lon="-120.04278"></trkpt>
    <trkpt lat="38.84127" lon="-120.04278"></trkpt>
    <trkpt lat="38.84132" lon="-120.04279"></trkpt>
    <trkpt lat="38.84145" lon="-120.04279"></trkpt>
    <trkpt lat="38.8416" lon="-120.04276"></trkpt>
    <trkpt lat="38.8418" lon="-120.04266"></trkpt>
    <trkpt lat="38.84185" lon="-120.04263"></trkpt>
    <trkpt lat="38.84204" lon="-120.04248"></trkpt>
    <trkpt lat="38.84209" lon="-120.04242"></trkpt>
    <trkpt lat="38.84212" lon="-120.04239"></trkpt>
    <trkpt lat="38.84217" lon="-120.04233"></trkpt>
    <trkpt lat="38.84222" lon="-120.04224"></trkpt>
    <trkpt lat="38.84227" lon="-120.04216"></trkpt>
    <trkpt lat="38.8423" lon="-120.04207"></trkpt>
    <trkpt lat="38.84233" lon="-120.042"></trkpt>
    <trkpt lat="38.84236" lon="-120.04191"></trkpt>
    <trkpt lat="38.84238" lon="-120.04183"></trkpt>
    <trkpt lat="38.84239" lon="-120.04181"></trkpt>
    <trkpt lat="38.84242" lon="-120.04162"></trkpt>
    <trkpt lat="38.84242" lon="-120.04158"></trkpt>
    <trkpt lat="38.84243" lon="-120.04156"></trkpt>
    <trkpt lat="38.84243" lon="-120.04147"></trkpt>
    <trkpt lat="38.84244" lon="-120.04139"></trkpt>
    <trkpt lat="38.84244" lon="-120.04134"></trkpt>
    <trkpt lat="38.84243" lon="-120.04119"></trkpt>
    <trkpt lat="38.84243" lon="-120.04106"></trkpt>
    <trkpt lat="38.84241" lon="-120.04092"></trkpt>
    <trkpt lat="38.84236" lon="-120.04046"></trkpt>
    <trkpt lat="38.84234" lon="-120.04017"></trkpt>
    <trkpt lat="38.84234" lon="-120.03999"></trkpt>
    <trkpt lat="38.84235" lon="-120.0398"></trkpt>
    <trkpt lat="38.84235" lon="-120.0397"></trkpt>
    <trkpt lat="38.84236" lon="-120.03962"></trkpt>
    <trkpt lat="38.8424" lon="-120.03939"></trkpt>
    <trkpt lat="38.84247" lon="-120.03906"></trkpt>
    <trkpt lat="38.84321" lon="-120.03603"></trkpt>
    <trkpt lat="38.84352" lon="-120.03467"></trkpt>
    <trkpt lat="38.84365" lon="-120.03416"></trkpt>
    <trkpt lat="38.84375" lon="-120.03382"></trkpt>
    <trkpt lat="38.84403" lon="-120.03301"></trkpt>
    <trkpt lat="38.84406" lon="-120.03295"></trkpt>
    <trkpt lat="38.84417" lon="-120.03269"></trkpt>
    <trkpt lat="38.84425" lon="-120.03248"></trkpt>
    <trkpt lat="38.84447" lon="-120.03201"></trkpt>
    <trkpt lat="38.84467" lon="-120.03165"></trkpt>
    <trkpt lat="38.84503" lon="-120.03106"></trkpt>
    <trkpt lat="38.8452" lon="-120.03081"></trkpt>
    <trkpt lat="38.84539" lon="-120.03049"></trkpt>
    <trkpt lat="38.84549" lon="-120.03035"></trkpt>
    <trkpt lat="38.84568" lon="-120.03011"></trkpt>
    <trkpt lat="38.84604" lon="-120.02968"></trkpt>
    <trkpt lat="38.84662" lon="-120.02909"></trkpt>
    <trkpt lat="38.84666" lon="-120.02903"></trkpt>
    <trkpt lat="38.84689" lon="-120.0288"></trkpt>
    <trkpt lat="38.8479" lon="-120.02773"></trkpt>
    <trkpt lat="38.84808" lon="-120.02753"></trkpt>
    <trkpt lat="38.84818" lon="-120.02743"></trkpt>
    <trkpt lat="38.84844" lon="-120.02713"></trkpt>
    <trkpt lat="38.84866" lon="-120.02684"></trkpt>
    <trkpt lat="38.84868" lon="-120.02682"></trkpt>
    <trkpt lat="38.8489" lon="-120.02651"></trkpt>
    <trkpt lat="38.84947" lon="-120.0256"></trkpt>
    <trkpt lat="38.84972" lon="-120.02514"></trkpt>
    <trkpt lat="38.84987" lon="-120.02483"></trkpt>
    <trkpt lat="38.8499" lon="-120.02476"></trkpt>
    <trkpt lat="38.85015" lon="-120.02424"></trkpt>
    <trkpt lat="38.8503" lon="-120.0239"></trkpt>
    <trkpt lat="38.85037" lon="-120.02371"></trkpt>
    <trkpt lat="38.85052" lon="-120.02325"></trkpt>
    <trkpt lat="38.85058" lon="-120.0231"></trkpt>
    <trkpt lat="38.85076" lon="-120.02281"></trkpt>
    <trkpt lat="38.85078" lon="-120.02277"></trkpt>
    <trkpt lat="38.8508" lon="-120.02272"></trkpt>
    <trkpt lat="38.85082" lon="-120.02263"></trkpt>
    <trkpt lat="38.85084" lon="-120.02249"></trkpt>
    <trkpt lat="38.85084" lon="-120.02248"></trkpt>
    <trkpt lat="38.85083" lon="-120.02247"></trkpt>
    <trkpt lat="38.85083" lon="-120.02243"></trkpt>
    <trkpt lat="38.85082" lon="-120.02242"></trkpt>
    <trkpt lat="38.85082" lon="-120.02238"></trkpt>
    <trkpt lat="38.85083" lon="-120.02237"></trkpt>
    <trkpt lat="38.85083" lon="-120.02234"></trkpt>
    <trkpt lat="38.85084" lon="-120.02233"></trkpt>
    <trkpt lat="38.85084" lon="-120.02231"></trkpt>
    <trkpt lat="38.85086" lon="-120.02229"></trkpt>
    <trkpt lat="38.85086" lon="-120.02228"></trkpt>
    <trkpt lat="38.85089" lon="-120.02225"></trkpt>
    <trkpt lat="38.85089" lon="-120.02224"></trkpt>
    <trkpt lat="38.8509" lon="-120.02224"></trkpt>
    <trkpt lat="38.85092" lon="-120.02222"></trkpt>
    <trkpt lat="38.85094" lon="-120.02222"></trkpt>
    <trkpt lat="38.85095" lon="-120.02221"></trkpt>
    <trkpt lat="38.85101" lon="-120.02221"></trkpt>
    <trkpt lat="38.85102" lon="-120.02222"></trkpt>
    <trkpt lat="38.85104" lon="-120.02222"></trkpt>
    <trkpt lat="38.85105" lon="-120.02223"></trkpt>
    <trkpt lat="38.85106" lon="-120.02223"></trkpt>
    <trkpt lat="38.85107" lon="-120.02224"></trkpt>
    <trkpt lat="38.85107" lon="-120.02225"></trkpt>
    <trkpt lat="38.85111" lon="-120.02229"></trkpt>
    <trkpt lat="38.85112" lon="-120.02231"></trkpt>
    <trkpt lat="38.85113" lon="-120.02234"></trkpt>
    <trkpt lat="38.85113" lon="-120.02236"></trkpt>
    <trkpt lat="38.85114" lon="-120.02238"></trkpt>
    <trkpt lat="38.85114" lon="-120.02246"></trkpt>
    <trkpt lat="38.85113" lon="-120.02247"></trkpt>
    <trkpt lat="38.85113" lon="-120.0225"></trkpt>
    <trkpt lat="38.85112" lon="-120.02251"></trkpt>
    <trkpt lat="38.85112" lon="-120.02252"></trkpt>
    <trkpt lat="38.85111" lon="-120.02254"></trkpt>
    <trkpt lat="38.8511" lon="-120.02255"></trkpt>
    <trkpt lat="38.8511" lon="-120.02256"></trkpt>
    <trkpt lat="38.85109" lon="-120.02257"></trkpt>
    <trkpt lat="38.85108" lon="-120.02257"></trkpt>
    <trkpt lat="38.85105" lon="-120.0226"></trkpt>
    <trkpt lat="38.85104" lon="-120.0226"></trkpt>
    <trkpt lat="38.85103" lon="-120.02261"></trkpt>
    <trkpt lat="38.85101" lon="-120.02261"></trkpt>
    <trkpt lat="38.851" lon="-120.02262"></trkpt>
    <trkpt lat="38.85097" lon="-120.02262"></trkpt>
    <trkpt lat="38.85096" lon="-120.02261"></trkpt>
    <trkpt lat="38.85094" lon="-120.02261"></trkpt>
    <trkpt lat="38.85093" lon="-120.0226"></trkpt>
    <trkpt lat="38.85092" lon="-120.0226"></trkpt>
    <trkpt lat="38.85091" lon="-120.02259"></trkpt>
    <trkpt lat="38.8509" lon="-120.02259"></trkpt>
    <trkpt lat="38.85089" lon="-120.02258"></trkpt>
    <trkpt lat="38.85089" lon="-120.02257"></trkpt>
    <trkpt lat="38.85086" lon="-120.02254"></trkpt>
    <trkpt lat="38.85086" lon="-120.02253"></trkpt>
    <trkpt lat="38.85084" lon="-120.02251"></trkpt>
    <trkpt lat="38.85084" lon="-120.02248"></trkpt>
    <trkpt lat="38.85083" lon="-120.02247"></trkpt>
    <trkpt lat="38.85083" lon="-120.02243"></trkpt>
    <trkpt lat="38.85082" lon="-120.02242"></trkpt>
    <trkpt lat="38.85082" lon="-120.02238"></trkpt>
    <trkpt lat="38.85068" lon="-120.02219"></trkpt>
    <trkpt lat="38.85047" lon="-120.02198"></trkpt>
    <trkpt lat="38.85026" lon="-120.02179"></trkpt>
    <trkpt lat="38.85023" lon="-120.02177"></trkpt>
    <trkpt lat="38.84989" lon="-120.02147"></trkpt>
    <trkpt lat="38.84983" lon="-120.02139"></trkpt>
    <trkpt lat="38.84969" lon="-120.02128"></trkpt>
    <trkpt lat="38.84962" lon="-120.02121"></trkpt>
    <trkpt lat="38.84833" lon="-120.02021"></trkpt>
    <trkpt lat="38.848" lon="-120.01994"></trkpt>
    <trkpt lat="38.84739" lon="-120.01955"></trkpt>
    <trkpt lat="38.84713" lon="-120.0194"></trkpt>
    <trkpt lat="38.8469" lon="-120.01928"></trkpt>
    <trkpt lat="38.84655" lon="-120.01912"></trkpt>
    <trkpt lat="38.84623" lon="-120.01899"></trkpt>
    <trkpt lat="38.84545" lon="-120.01875"></trkpt>
    <trkpt lat="38.84478" lon="-120.01861"></trkpt>
    <trkpt lat="38.84453" lon="-120.01855"></trkpt>
    <trkpt lat="38.84431" lon="-120.01852"></trkpt>
    <trkpt lat="38.84319" lon="-120.01832"></trkpt>
    <trkpt lat="38.842" lon="-120.01808"></trkpt>
    <trkpt lat="38.84151" lon="-120.01801"></trkpt>
    <trkpt lat="38.8406" lon="-120.01782"></trkpt>
    <trkpt lat="38.83842" lon="-120.01741"></trkpt>
    <trkpt lat="38.83827" lon="-120.01739"></trkpt>
    <trkpt lat="38.83799" lon="-120.01734"></trkpt>
    <trkpt lat="38.83749" lon="-120.01727"></trkpt>
    <trkpt lat="38.83708" lon="-120.01724"></trkpt>
    <trkpt lat="38.83638" lon="-120.01723"></trkpt>
    <trkpt lat="38.83242" lon="-120.01751"></trkpt>
    <trkpt lat="38.82215" lon="-120.01832"></trkpt>
    <trkpt lat="38.82071" lon="-120.01841"></trkpt>
    <trkpt lat="38.81982" lon="-120.01848"></trkpt>
    <trkpt lat="38.8197" lon="-120.01847"></trkpt>
    <trkpt lat="38.81954" lon="-120.01848"></trkpt>
    <trkpt lat="38.81944" lon="-120.01848"></trkpt>
    <trkpt lat="38.81913" lon="-120.01845"></trkpt>
    <trkpt lat="38.81872" lon="-120.01838"></trkpt>
    <trkpt lat="38.81831" lon="-120.01828"></trkpt>
    <trkpt lat="38.81803" lon="-120.01818"></trkpt>
    <trkpt lat="38.81775" lon="-120.01807"></trkpt>
    <trkpt lat="38.81747" lon="-120.01794"></trkpt>
    <trkpt lat="38.81726" lon="-120.01779"></trkpt>
    <trkpt lat="38.81709" lon="-120.0177"></trkpt>
    <trkpt lat="38.81582" lon="-120.01694"></trkpt>
    <trkpt lat="38.81538" lon="-120.01666"></trkpt>
    <trkpt lat="38.81469" lon="-120.01625"></trkpt>
    <trkpt lat="38.8146" lon="-120.01619"></trkpt>
    <trkpt lat="38.81389" lon="-120.01576"></trkpt>
    <trkpt lat="38.81388" lon="-120.01576"></trkpt>
    <trkpt lat="38.81373" lon="-120.01568"></trkpt>
    <trkpt lat="38.81314" lon="-120.01532"></trkpt>
    <trkpt lat="38.81285" lon="-120.01513"></trkpt>
    <trkpt lat="38.81261" lon="-120.01496"></trkpt>
    <trkpt lat="38.81213" lon="-120.0146"></trkpt>
    <trkpt lat="38.8118" lon="-120.01432"></trkpt>
    <trkpt lat="38.81037" lon="-120.01305"></trkpt>
    <trkpt lat="38.81034" lon="-120.01302"></trkpt>
    <trkpt lat="38.8082" lon="-120.01114"></trkpt>
    <trkpt lat="38.80776" lon="-120.0108"></trkpt>
    <trkpt lat="38.80757" lon="-120.01067"></trkpt>
    <trkpt lat="38.80728" lon="-120.01051"></trkpt>
    <trkpt lat="38.80717" lon="-120.01046"></trkpt>
    <trkpt lat="38.80716" lon="-120.01045"></trkpt>
    <trkpt lat="38.80689" lon="-120.01032"></trkpt>
    <trkpt lat="38.80638" lon="-120.01014"></trkpt>
    <trkpt lat="38.80602" lon="-120.01006"></trkpt>
    <trkpt lat="38.80581" lon="-120.01002"></trkpt>
    <trkpt lat="38.80508" lon="-120.00993"></trkpt>
    <trkpt lat="38.80505" lon="-120.00993"></trkpt>
    <trkpt lat="38.80483" lon="-120.0099"></trkpt>
    <trkpt lat="38.80459" lon="-120.00988"></trkpt>
    <trkpt lat="38.80399" lon="-120.00976"></trkpt>
    <trkpt lat="38.80357" lon="-120.00963"></trkpt>
    <trkpt lat="38.80337" lon="-120.00955"></trkpt>
    <trkpt lat="38.80222" lon="-120.00905"></trkpt>
    <trkpt lat="38.80205" lon="-120.00899"></trkpt>
    <trkpt lat="38.80168" lon="-120.0089"></trkpt>
    <trkpt lat="38.80146" lon="-120.00887"></trkpt>
    <trkpt lat="38.80122" lon="-120.00885"></trkpt>
    <trkpt lat="38.80101" lon="-120.00885"></trkpt>
    <trkpt lat="38.80076" lon="-120.00887"></trkpt>
    <trkpt lat="38.79805" lon="-120.00946"></trkpt>
    <trkpt lat="38.79659" lon="-120.00983"></trkpt>
    <trkpt lat="38.79551" lon="-120.01024"></trkpt>
    <trkpt lat="38.79448" lon="-120.01068"></trkpt>
    <trkpt lat="38.7943" lon="-120.01074"></trkpt>
    <trkpt lat="38.79387" lon="-120.01086"></trkpt>
    <trkpt lat="38.79333" lon="-120.01095"></trkpt>
    <trkpt lat="38.79316" lon="-120.01096"></trkpt>
    <trkpt lat="38.79299" lon="-120.01096"></trkpt>
    <trkpt lat="38.79282" lon="-120.01095"></trkpt>
    <trkpt lat="38.79257" lon="-120.01092"></trkpt>
    <trkpt lat="38.79249" lon="-120.01092"></trkpt>
    <trkpt lat="38.79239" lon="-120.0109"></trkpt>
    <trkpt lat="38.79232" lon="-120.01089"></trkpt>
    <trkpt lat="38.79199" lon="-120.01081"></trkpt>
    <trkpt lat="38.7918" lon="-120.01075"></trkpt>
    <trkpt lat="38.79117" lon="-120.01051"></trkpt>
    <trkpt lat="38.78981" lon="-120.00989"></trkpt>
    <trkpt lat="38.7898" lon="-120.00988"></trkpt>
    <trkpt lat="38.78913" lon="-120.00959"></trkpt>
    <trkpt lat="38.78813" lon="-120.00912"></trkpt>
    <trkpt lat="38.78796" lon="-120.00903"></trkpt>
    <trkpt lat="38.78795" lon="-120.00902"></trkpt>
    <trkpt lat="38.78781" lon="-120.00895"></trkpt>
    <trkpt lat="38.78766" lon="-120.00885"></trkpt>
    <trkpt lat="38.78763" lon="-120.00882"></trkpt>
    <trkpt lat="38.78754" lon="-120.00875"></trkpt>
    <trkpt lat="38.78739" lon="-120.00862"></trkpt>
    <trkpt lat="38.78725" lon="-120.00848"></trkpt>
    <trkpt lat="38.78709" lon="-120.0083"></trkpt>
    <trkpt lat="38.78695" lon="-120.00813"></trkpt>
    <trkpt lat="38.78693" lon="-120.0081"></trkpt>
    <trkpt lat="38.7868" lon="-120.00793"></trkpt>
    <trkpt lat="38.78656" lon="-120.00752"></trkpt>
    <trkpt lat="38.78643" lon="-120.00726"></trkpt>
    <trkpt lat="38.78634" lon="-120.00705"></trkpt>
    <trkpt lat="38.78627" lon="-120.00685"></trkpt>
    <trkpt lat="38.7862" lon="-120.00661"></trkpt>
    <trkpt lat="38.78614" lon="-120.00637"></trkpt>
    <trkpt lat="38.78609" lon="-120.00609"></trkpt>
    <trkpt lat="38.78606" lon="-120.00587"></trkpt>
    <trkpt lat="38.78605" lon="-120.00585"></trkpt>
    <trkpt lat="38.78603" lon="-120.00558"></trkpt>
    <trkpt lat="38.78602" lon="-120.00531"></trkpt>
    <trkpt lat="38.78602" lon="-120.00488"></trkpt>
    <trkpt lat="38.78606" lon="-120.00449"></trkpt>
    <trkpt lat="38.78609" lon="-120.00429"></trkpt>
    <trkpt lat="38.78618" lon="-120.00384"></trkpt>
    <trkpt lat="38.78623" lon="-120.00364"></trkpt>
    <trkpt lat="38.78652" lon="-120.00265"></trkpt>
    <trkpt lat="38.7866" lon="-120.00241"></trkpt>
    <trkpt lat="38.78676" lon="-120.00199"></trkpt>
    <trkpt lat="38.78684" lon="-120.00181"></trkpt>
    <trkpt lat="38.78691" lon="-120.00167"></trkpt>
    <trkpt lat="38.78699" lon="-120.00153"></trkpt>
    <trkpt lat="38.78705" lon="-120.00144"></trkpt>
    <trkpt lat="38.78708" lon="-120.00138"></trkpt>
    <trkpt lat="38.78723" lon="-120.00115"></trkpt>
    <trkpt lat="38.7873" lon="-120.00106"></trkpt>
    <trkpt lat="38.78737" lon="-120.00095"></trkpt>
    <trkpt lat="38.78779" lon="-120.0005"></trkpt>
    <trkpt lat="38.78817" lon="-120.00019"></trkpt>
    <trkpt lat="38.78837" lon="-120.00004"></trkpt>
    <trkpt lat="38.78854" lon="-119.99993"></trkpt>
    <trkpt lat="38.79067" lon="-119.99873"></trkpt>
    <trkpt lat="38.79109" lon="-119.99852"></trkpt>
    <trkpt lat="38.7914" lon="-119.99835"></trkpt>
    <trkpt lat="38.79179" lon="-119.9981"></trkpt>
    <trkpt lat="38.79213" lon="-119.99782"></trkpt>
    <trkpt lat="38.79226" lon="-119.9977"></trkpt>
    <trkpt lat="38.79238" lon="-119.99758"></trkpt>
    <trkpt lat="38.79251" lon="-119.99744"></trkpt>
    <trkpt lat="38.79265" lon="-119.9973"></trkpt>
    <trkpt lat="38.79276" lon="-119.99718"></trkpt>
    <trkpt lat="38.79291" lon="-119.997"></trkpt>
    <trkpt lat="38.79303" lon="-119.99684"></trkpt>
    <trkpt lat="38.79334" lon="-119.99639"></trkpt>
    <trkpt lat="38.79343" lon="-119.99623"></trkpt>
    <trkpt lat="38.79354" lon="-119.99605"></trkpt>
    <trkpt lat="38.79392" lon="-119.99525"></trkpt>
    <trkpt lat="38.79406" lon="-119.99486"></trkpt>
    <trkpt lat="38.79417" lon="-119.99451"></trkpt>
    <trkpt lat="38.79436" lon="-119.99376"></trkpt>
    <trkpt lat="38.79455" lon="-119.99284"></trkpt>
    <trkpt lat="38.7947" lon="-119.9923"></trkpt>
    <trkpt lat="38.7948" lon="-119.99202"></trkpt>
    <trkpt lat="38.79494" lon="-119.99166"></trkpt>
    <trkpt lat="38.7953" lon="-119.99066"></trkpt>
    <trkpt lat="38.79539" lon="-119.99037"></trkpt>
    <trkpt lat="38.79547" lon="-119.99005"></trkpt>
    <trkpt lat="38.79547" lon="-119.99003"></trkpt>
    <trkpt lat="38.79551" lon="-119.98985"></trkpt>
    <trkpt lat="38.79557" lon="-119.98949"></trkpt>
    <trkpt lat="38.79561" lon="-119.98914"></trkpt>
    <trkpt lat="38.79562" lon="-119.98892"></trkpt>
    <trkpt lat="38.79562" lon="-119.98838"></trkpt>
    <trkpt lat="38.79563" lon="-119.98822"></trkpt>
    <trkpt lat="38.79563" lon="-119.98815"></trkpt>
    <trkpt lat="38.79562" lon="-119.98796"></trkpt>
    <trkpt lat="38.79563" lon="-119.98779"></trkpt>
    <trkpt lat="38.79563" lon="-119.98761"></trkpt>
    <trkpt lat="38.79565" lon="-119.98745"></trkpt>
    <trkpt lat="38.79566" lon="-119.98729"></trkpt>
    <trkpt lat="38.79568" lon="-119.98715"></trkpt>
    <trkpt lat="38.79574" lon="-119.98686"></trkpt>
    <trkpt lat="38.79586" lon="-119.98645"></trkpt>
    <trkpt lat="38.79592" lon="-119.9863"></trkpt>
    <trkpt lat="38.79629" lon="-119.98564"></trkpt>
    <trkpt lat="38.79642" lon="-119.98539"></trkpt>
    <trkpt lat="38.79657" lon="-119.98503"></trkpt>
    <trkpt lat="38.79666" lon="-119.98475"></trkpt>
    <trkpt lat="38.79672" lon="-119.9845"></trkpt>
    <trkpt lat="38.79673" lon="-119.98437"></trkpt>
    <trkpt lat="38.79675" lon="-119.98422"></trkpt>
    <trkpt lat="38.79675" lon="-119.9841"></trkpt>
    <trkpt lat="38.79676" lon="-119.98396"></trkpt>
    <trkpt lat="38.79676" lon="-119.98382"></trkpt>
    <trkpt lat="38.79674" lon="-119.98351"></trkpt>
    <trkpt lat="38.7967" lon="-119.98307"></trkpt>
    <trkpt lat="38.79668" lon="-119.98292"></trkpt>
    <trkpt lat="38.79667" lon="-119.98277"></trkpt>
    <trkpt lat="38.79665" lon="-119.98261"></trkpt>
    <trkpt lat="38.79665" lon="-119.98247"></trkpt>
    <trkpt lat="38.79666" lon="-119.98235"></trkpt>
    <trkpt lat="38.79666" lon="-119.98224"></trkpt>
    <trkpt lat="38.79668" lon="-119.98196"></trkpt>
    <trkpt lat="38.79688" lon="-119.98036"></trkpt>
    <trkpt lat="38.79689" lon="-119.98022"></trkpt>
    <trkpt lat="38.79691" lon="-119.98005"></trkpt>
    <trkpt lat="38.79694" lon="-119.97953"></trkpt>
    <trkpt lat="38.79693" lon="-119.97939"></trkpt>
    <trkpt lat="38.79693" lon="-119.97925"></trkpt>
    <trkpt lat="38.79691" lon="-119.97898"></trkpt>
    <trkpt lat="38.79686" lon="-119.97858"></trkpt>
    <trkpt lat="38.79675" lon="-119.97806"></trkpt>
    <trkpt lat="38.79671" lon="-119.97792"></trkpt>
    <trkpt lat="38.79671" lon="-119.9779"></trkpt>
    <trkpt lat="38.79653" lon="-119.97727"></trkpt>
    <trkpt lat="38.79649" lon="-119.97711"></trkpt>
    <trkpt lat="38.79646" lon="-119.97701"></trkpt>
    <trkpt lat="38.79643" lon="-119.97687"></trkpt>
    <trkpt lat="38.79643" lon="-119.97683"></trkpt>
    <trkpt lat="38.79641" lon="-119.97675"></trkpt>
    <trkpt lat="38.79639" lon="-119.97661"></trkpt>
    <trkpt lat="38.79639" lon="-119.9766"></trkpt>
    <trkpt lat="38.79635" lon="-119.97638"></trkpt>
    <trkpt lat="38.79635" lon="-119.97629"></trkpt>
    <trkpt lat="38.79634" lon="-119.97617"></trkpt>
    <trkpt lat="38.79634" lon="-119.97614"></trkpt>
    <trkpt lat="38.79633" lon="-119.97601"></trkpt>
    <trkpt lat="38.79634" lon="-119.97583"></trkpt>
    <trkpt lat="38.79634" lon="-119.97564"></trkpt>
    <trkpt lat="38.79636" lon="-119.97543"></trkpt>
    <trkpt lat="38.79646" lon="-119.97479"></trkpt>
    <trkpt lat="38.79721" lon="-119.97073"></trkpt>
    <trkpt lat="38.79734" lon="-119.96995"></trkpt>
    <trkpt lat="38.79735" lon="-119.96979"></trkpt>
    <trkpt lat="38.79737" lon="-119.96965"></trkpt>
    <trkpt lat="38.79737" lon="-119.96917"></trkpt>
    <trkpt lat="38.79732" lon="-119.96862"></trkpt>
    <trkpt lat="38.79728" lon="-119.96832"></trkpt>
    <trkpt lat="38.79724" lon="-119.96814"></trkpt>
    <trkpt lat="38.79718" lon="-119.96782"></trkpt>
    <trkpt lat="38.79694" lon="-119.9669"></trkpt>
    <trkpt lat="38.79678" lon="-119.96637"></trkpt>
    <trkpt lat="38.79665" lon="-119.966"></trkpt>
    <trkpt lat="38.79663" lon="-119.96597"></trkpt>
    <trkpt lat="38.79659" lon="-119.96586"></trkpt>
    <trkpt lat="38.79656" lon="-119.9658"></trkpt>
    <trkpt lat="38.79655" lon="-119.96576"></trkpt>
    <trkpt lat="38.79586" lon="-119.96414"></trkpt>
    <trkpt lat="38.79575" lon="-119.96383"></trkpt>
    <trkpt lat="38.79571" lon="-119.96374"></trkpt>
    <trkpt lat="38.79567" lon="-119.96361"></trkpt>
    <trkpt lat="38.79562" lon="-119.96348"></trkpt>
    <trkpt lat="38.79559" lon="-119.96337"></trkpt>
    <trkpt lat="38.79556" lon="-119.96328"></trkpt>
    <trkpt lat="38.79534" lon="-119.9625"></trkpt>
    <trkpt lat="38.79511" lon="-119.96159"></trkpt>
    <trkpt lat="38.7951" lon="-119.96153"></trkpt>
    <trkpt lat="38.79419" lon="-119.95803"></trkpt>
    <trkpt lat="38.79414" lon="-119.95781"></trkpt>
    <trkpt lat="38.79345" lon="-119.95514"></trkpt>
    <trkpt lat="38.79332" lon="-119.95475"></trkpt>
    <trkpt lat="38.79332" lon="-119.95473"></trkpt>
    <trkpt lat="38.79316" lon="-119.9543"></trkpt>
    <trkpt lat="38.79304" lon="-119.95402"></trkpt>
    <trkpt lat="38.79299" lon="-119.95393"></trkpt>
    <trkpt lat="38.79295" lon="-119.95382"></trkpt>
    <trkpt lat="38.79263" lon="-119.95321"></trkpt>
    <trkpt lat="38.79261" lon="-119.95318"></trkpt>
    <trkpt lat="38.79207" lon="-119.95225"></trkpt>
    <trkpt lat="38.79197" lon="-119.95206"></trkpt>
    <trkpt lat="38.79175" lon="-119.95169"></trkpt>
    <trkpt lat="38.79174" lon="-119.95168"></trkpt>
    <trkpt lat="38.79166" lon="-119.95154"></trkpt>
    <trkpt lat="38.79164" lon="-119.95151"></trkpt>
    <trkpt lat="38.79124" lon="-119.95082"></trkpt>
    <trkpt lat="38.79093" lon="-119.95026"></trkpt>
    <trkpt lat="38.79056" lon="-119.94964"></trkpt>
    <trkpt lat="38.79046" lon="-119.94949"></trkpt>
    <trkpt lat="38.79044" lon="-119.94947"></trkpt>
    <trkpt lat="38.79024" lon="-119.94917"></trkpt>
    <trkpt lat="38.79012" lon="-119.94903"></trkpt>
    <trkpt lat="38.79011" lon="-119.949"></trkpt>
    <trkpt lat="38.79007" lon="-119.94896"></trkpt>
    <trkpt lat="38.7897" lon="-119.94849"></trkpt>
    <trkpt lat="38.78969" lon="-119.94848"></trkpt>
    <trkpt lat="38.78957" lon="-119.94833"></trkpt>
    <trkpt lat="38.78947" lon="-119.94819"></trkpt>
    <trkpt lat="38.78893" lon="-119.94752"></trkpt>
    <trkpt lat="38.78892" lon="-119.9475"></trkpt>
    <trkpt lat="38.78853" lon="-119.94702"></trkpt>
    <trkpt lat="38.78842" lon="-119.94687"></trkpt>
    <trkpt lat="38.78838" lon="-119.94683"></trkpt>
    <trkpt lat="38.78803" lon="-119.94638"></trkpt>
    <trkpt lat="38.78793" lon="-119.94622"></trkpt>
    <trkpt lat="38.78788" lon="-119.94615"></trkpt>
    <trkpt lat="38.78779" lon="-119.946"></trkpt>
    <trkpt lat="38.78776" lon="-119.94593"></trkpt>
    <trkpt lat="38.78774" lon="-119.94591"></trkpt>
    <trkpt lat="38.78773" lon="-119.94588"></trkpt>
    <trkpt lat="38.78769" lon="-119.9458"></trkpt>
    <trkpt lat="38.78762" lon="-119.94564"></trkpt>
    <trkpt lat="38.78761" lon="-119.94563"></trkpt>
    <trkpt lat="38.78761" lon="-119.94562"></trkpt>
    <trkpt lat="38.78756" lon="-119.94551"></trkpt>
    <trkpt lat="38.78753" lon="-119.94543"></trkpt>
    <trkpt lat="38.78749" lon="-119.94534"></trkpt>
    <trkpt lat="38.7874" lon="-119.94508"></trkpt>
    <trkpt lat="38.78736" lon="-119.94498"></trkpt>
    <trkpt lat="38.78734" lon="-119.9449"></trkpt>
    <trkpt lat="38.78731" lon="-119.94481"></trkpt>
    <trkpt lat="38.7873" lon="-119.94475"></trkpt>
    <trkpt lat="38.78725" lon="-119.94457"></trkpt>
    <trkpt lat="38.78724" lon="-119.9445"></trkpt>
    <trkpt lat="38.78718" lon="-119.94422"></trkpt>
    <trkpt lat="38.78716" lon="-119.94408"></trkpt>
    <trkpt lat="38.78714" lon="-119.94398"></trkpt>
    <trkpt lat="38.78714" lon="-119.94391"></trkpt>
    <trkpt lat="38.7871" lon="-119.94354"></trkpt>
    <trkpt lat="38.7871" lon="-119.94342"></trkpt>
    <trkpt lat="38.78709" lon="-119.94334"></trkpt>
    <trkpt lat="38.78709" lon="-119.94294"></trkpt>
    <trkpt lat="38.7871" lon="-119.94285"></trkpt>
    <trkpt lat="38.7871" lon="-119.94279"></trkpt>
    <trkpt lat="38.78711" lon="-119.94267"></trkpt>
    <trkpt lat="38.78711" lon="-119.94262"></trkpt>
    <trkpt lat="38.78718" lon="-119.9421"></trkpt>
    <trkpt lat="38.7872" lon="-119.94202"></trkpt>
    <trkpt lat="38.78726" lon="-119.94172"></trkpt>
    <trkpt lat="38.78729" lon="-119.94162"></trkpt>
    <trkpt lat="38.78731" lon="-119.94152"></trkpt>
    <trkpt lat="38.78742" lon="-119.94117"></trkpt>
    <trkpt lat="38.78752" lon="-119.94088"></trkpt>
    <trkpt lat="38.78752" lon="-119.94086"></trkpt>
    <trkpt lat="38.78796" lon="-119.93959"></trkpt>
    <trkpt lat="38.78797" lon="-119.93955"></trkpt>
    <trkpt lat="38.78831" lon="-119.93853"></trkpt>
    <trkpt lat="38.78839" lon="-119.93832"></trkpt>
    <trkpt lat="38.78843" lon="-119.93818"></trkpt>
    <trkpt lat="38.78846" lon="-119.93811"></trkpt>
    <trkpt lat="38.78861" lon="-119.93769"></trkpt>
    <trkpt lat="38.78864" lon="-119.93759"></trkpt>
    <trkpt lat="38.78871" lon="-119.9374"></trkpt>
    <trkpt lat="38.78876" lon="-119.93728"></trkpt>
    <trkpt lat="38.78876" lon="-119.93727"></trkpt>
    <trkpt lat="38.78891" lon="-119.93689"></trkpt>
    <trkpt lat="38.78898" lon="-119.93675"></trkpt>
    <trkpt lat="38.78907" lon="-119.93654"></trkpt>
    <trkpt lat="38.78926" lon="-119.93616"></trkpt>
    <trkpt lat="38.78937" lon="-119.93597"></trkpt>
    <trkpt lat="38.78941" lon="-119.93589"></trkpt>
    <trkpt lat="38.78949" lon="-119.93576"></trkpt>
    <trkpt lat="38.79001" lon="-119.93485"></trkpt>
    <trkpt lat="38.79054" lon="-119.93396"></trkpt>
    <trkpt lat="38.79123" lon="-119.93274"></trkpt>
    <trkpt lat="38.79219" lon="-119.93113"></trkpt>
    <trkpt lat="38.7927" lon="-119.93023"></trkpt>
    <trkpt lat="38.79276" lon="-119.93011"></trkpt>
    <trkpt lat="38.7928" lon="-119.93004"></trkpt>
    <trkpt lat="38.79284" lon="-119.92995"></trkpt>
    <trkpt lat="38.79293" lon="-119.92978"></trkpt>
    <trkpt lat="38.79297" lon="-119.92968"></trkpt>
    <trkpt lat="38.79297" lon="-119.92966"></trkpt>
    <trkpt lat="38.79301" lon="-119.92958"></trkpt>
    <trkpt lat="38.79305" lon="-119.92947"></trkpt>
    <trkpt lat="38.79306" lon="-119.92946"></trkpt>
    <trkpt lat="38.79324" lon="-119.92895"></trkpt>
    <trkpt lat="38.79333" lon="-119.92862"></trkpt>
    <trkpt lat="38.7934" lon="-119.92832"></trkpt>
    <trkpt lat="38.7934" lon="-119.9283"></trkpt>
    <trkpt lat="38.79342" lon="-119.92822"></trkpt>
    <trkpt lat="38.79347" lon="-119.92796"></trkpt>
    <trkpt lat="38.79348" lon="-119.92785"></trkpt>
    <trkpt lat="38.7935" lon="-119.92775"></trkpt>
    <trkpt lat="38.79352" lon="-119.9276"></trkpt>
    <trkpt lat="38.79353" lon="-119.92748"></trkpt>
    <trkpt lat="38.79355" lon="-119.92736"></trkpt>
    <trkpt lat="38.79358" lon="-119.92691"></trkpt>
    <trkpt lat="38.79358" lon="-119.92665"></trkpt>
    <trkpt lat="38.79346" lon="-119.92463"></trkpt>
    <trkpt lat="38.79346" lon="-119.92454"></trkpt>
    <trkpt lat="38.79338" lon="-119.92354"></trkpt>
    <trkpt lat="38.79335" lon="-119.92334"></trkpt>
    <trkpt lat="38.79331" lon="-119.92317"></trkpt>
    <trkpt lat="38.7933" lon="-119.9231"></trkpt>
    <trkpt lat="38.7932" lon="-119.92277"></trkpt>
    <trkpt lat="38.79319" lon="-119.92271"></trkpt>
    <trkpt lat="38.79318" lon="-119.9227"></trkpt>
    <trkpt lat="38.79307" lon="-119.9224"></trkpt>
    <trkpt lat="38.79305" lon="-119.92233"></trkpt>
    <trkpt lat="38.79301" lon="-119.92224"></trkpt>
    <trkpt lat="38.79295" lon="-119.92213"></trkpt>
    <trkpt lat="38.79292" lon="-119.92206"></trkpt>
    <trkpt lat="38.79283" lon="-119.92188"></trkpt>
    <trkpt lat="38.79268" lon="-119.92163"></trkpt>
    <trkpt lat="38.79265" lon="-119.92159"></trkpt>
    <trkpt lat="38.79262" lon="-119.92153"></trkpt>
    <trkpt lat="38.79256" lon="-119.92146"></trkpt>
    <trkpt lat="38.79251" lon="-119.92138"></trkpt>
    <trkpt lat="38.79237" lon="-119.92121"></trkpt>
    <trkpt lat="38.79228" lon="-119.92111"></trkpt>
    <trkpt lat="38.79218" lon="-119.92101"></trkpt>
    <trkpt lat="38.79209" lon="-119.92091"></trkpt>
    <trkpt lat="38.79194" lon="-119.92078"></trkpt>
    <trkpt lat="38.79187" lon="-119.92073"></trkpt>
    <trkpt lat="38.7918" lon="-119.92067"></trkpt>
    <trkpt lat="38.79162" lon="-119.92054"></trkpt>
    <trkpt lat="38.79146" lon="-119.92044"></trkpt>
    <trkpt lat="38.79128" lon="-119.92035"></trkpt>
    <trkpt lat="38.79121" lon="-119.92032"></trkpt>
    <trkpt lat="38.79113" lon="-119.92028"></trkpt>
    <trkpt lat="38.79103" lon="-119.92024"></trkpt>
    <trkpt lat="38.79084" lon="-119.92018"></trkpt>
    <trkpt lat="38.79071" lon="-119.92015"></trkpt>
    <trkpt lat="38.79061" lon="-119.92012"></trkpt>
    <trkpt lat="38.79044" lon="-119.92009"></trkpt>
    <trkpt lat="38.79034" lon="-119.92008"></trkpt>
    <trkpt lat="38.79028" lon="-119.92008"></trkpt>
    <trkpt lat="38.79021" lon="-119.92007"></trkpt>
    <trkpt lat="38.78891" lon="-119.91997"></trkpt>
    <trkpt lat="38.78876" lon="-119.91995"></trkpt>
    <trkpt lat="38.78855" lon="-119.91994"></trkpt>
    <trkpt lat="38.788" lon="-119.91989"></trkpt>
    <trkpt lat="38.78784" lon="-119.91987"></trkpt>
    <trkpt lat="38.78467" lon="-119.9196"></trkpt>
    <trkpt lat="38.78356" lon="-119.91949"></trkpt>
    <trkpt lat="38.78326" lon="-119.91947"></trkpt>
    <trkpt lat="38.78322" lon="-119.91946"></trkpt>
    <trkpt lat="38.78302" lon="-119.91945"></trkpt>
    <trkpt lat="38.78272" lon="-119.91942"></trkpt>
    <trkpt lat="38.78266" lon="-119.91941"></trkpt>
    <trkpt lat="38.78254" lon="-119.91941"></trkpt>
    <trkpt lat="38.78248" lon="-119.9194"></trkpt>
    <trkpt lat="38.78188" lon="-119.91934"></trkpt>
    <trkpt lat="38.78147" lon="-119.91931"></trkpt>
    <trkpt lat="38.78142" lon="-119.9193"></trkpt>
    <trkpt lat="38.78122" lon="-119.91929"></trkpt>
    <trkpt lat="38.78084" lon="-119.91925"></trkpt>
    <trkpt lat="38.78057" lon="-119.91923"></trkpt>
    <trkpt lat="38.78052" lon="-119.91922"></trkpt>
    <trkpt lat="38.77949" lon="-119.91914"></trkpt>
    <trkpt lat="38.77945" lon="-119.91913"></trkpt>
    <trkpt lat="38.77637" lon="-119.91887"></trkpt>
    <trkpt lat="38.77617" lon="-119.9179"></trkpt>
    <trkpt lat="38.77593" lon="-119.91682"></trkpt>
    <trkpt lat="38.77582" lon="-119.91637"></trkpt>
    <trkpt lat="38.77578" lon="-119.91617"></trkpt>
    <trkpt lat="38.77577" lon="-119.91616"></trkpt>
    <trkpt lat="38.77575" lon="-119.91604"></trkpt>
    <trkpt lat="38.7757" lon="-119.91581"></trkpt>
    <trkpt lat="38.77565" lon="-119.91562"></trkpt>
    <trkpt lat="38.77559" lon="-119.91531"></trkpt>
    <trkpt lat="38.77556" lon="-119.9152"></trkpt>
    <trkpt lat="38.77554" lon="-119.91509"></trkpt>
    <trkpt lat="38.77552" lon="-119.91494"></trkpt>
    <trkpt lat="38.77548" lon="-119.91471"></trkpt>
    <trkpt lat="38.77548" lon="-119.9147"></trkpt>
    <trkpt lat="38.77542" lon="-119.91419"></trkpt>
    <trkpt lat="38.77531" lon="-119.91196"></trkpt>
    <trkpt lat="38.7753" lon="-119.91196"></trkpt>
    <trkpt lat="38.7753" lon="-119.91185"></trkpt>
    <trkpt lat="38.77527" lon="-119.91165"></trkpt>
    <trkpt lat="38.77525" lon="-119.91141"></trkpt>
    <trkpt lat="38.77523" lon="-119.91131"></trkpt>
    <trkpt lat="38.77523" lon="-119.91129"></trkpt>
    <trkpt lat="38.77522" lon="-119.91127"></trkpt>
    <trkpt lat="38.77522" lon="-119.91122"></trkpt>
    <trkpt lat="38.7752" lon="-119.91114"></trkpt>
    <trkpt lat="38.77519" lon="-119.91106"></trkpt>
    <trkpt lat="38.77516" lon="-119.91089"></trkpt>
    <trkpt lat="38.77513" lon="-119.91078"></trkpt>
    <trkpt lat="38.77466" lon="-119.90862"></trkpt>
    <trkpt lat="38.77466" lon="-119.9086"></trkpt>
    <trkpt lat="38.77465" lon="-119.90858"></trkpt>
    <trkpt lat="38.77462" lon="-119.90843"></trkpt>
    <trkpt lat="38.77462" lon="-119.90839"></trkpt>
    <trkpt lat="38.77461" lon="-119.90838"></trkpt>
    <trkpt lat="38.77457" lon="-119.90806"></trkpt>
    <trkpt lat="38.77454" lon="-119.90788"></trkpt>
    <trkpt lat="38.77453" lon="-119.90774"></trkpt>
    <trkpt lat="38.77453" lon="-119.90771"></trkpt>
    <trkpt lat="38.77452" lon="-119.9077"></trkpt>
    <trkpt lat="38.77447" lon="-119.90694"></trkpt>
    <trkpt lat="38.77447" lon="-119.90643"></trkpt>
    <trkpt lat="38.77449" lon="-119.90591"></trkpt>
    <trkpt lat="38.77449" lon="-119.90579"></trkpt>
    <trkpt lat="38.77451" lon="-119.90563"></trkpt>
    <trkpt lat="38.77454" lon="-119.90525"></trkpt>
    <trkpt lat="38.77458" lon="-119.90495"></trkpt>
    <trkpt lat="38.77464" lon="-119.90463"></trkpt>
    <trkpt lat="38.77466" lon="-119.90449"></trkpt>
    <trkpt lat="38.77469" lon="-119.90434"></trkpt>
    <trkpt lat="38.77473" lon="-119.90418"></trkpt>
    <trkpt lat="38.77477" lon="-119.90397"></trkpt>
    <trkpt lat="38.77502" lon="-119.90301"></trkpt>
    <trkpt lat="38.77522" lon="-119.90231"></trkpt>
    <trkpt lat="38.77554" lon="-119.9011"></trkpt>
    <trkpt lat="38.77554" lon="-119.90109"></trkpt>
    <trkpt lat="38.77566" lon="-119.90066"></trkpt>
    <trkpt lat="38.77566" lon="-119.90065"></trkpt>
    <trkpt lat="38.77581" lon="-119.90011"></trkpt>
    <trkpt lat="38.77588" lon="-119.89979"></trkpt>
    <trkpt lat="38.77591" lon="-119.89968"></trkpt>
    <trkpt lat="38.77593" lon="-119.89957"></trkpt>
    <trkpt lat="38.77595" lon="-119.89939"></trkpt>
    <trkpt lat="38.77596" lon="-119.89933"></trkpt>
    <trkpt lat="38.77596" lon="-119.89932"></trkpt>
    <trkpt lat="38.77597" lon="-119.89928"></trkpt>
    <trkpt lat="38.77597" lon="-119.89916"></trkpt>
    <trkpt lat="38.77598" lon="-119.89899"></trkpt>
    <trkpt lat="38.77598" lon="-119.89863"></trkpt>
    <trkpt lat="38.77587" lon="-119.89758"></trkpt>
    <trkpt lat="38.77583" lon="-119.89729"></trkpt>
    <trkpt lat="38.77583" lon="-119.89727"></trkpt>
    <trkpt lat="38.77581" lon="-119.89715"></trkpt>
    <trkpt lat="38.77579" lon="-119.89692"></trkpt>
    <trkpt lat="38.77579" lon="-119.89685"></trkpt>
    <trkpt lat="38.77578" lon="-119.89678"></trkpt>
    <trkpt lat="38.77578" lon="-119.89668"></trkpt>
    <trkpt lat="38.77579" lon="-119.89659"></trkpt>
    <trkpt lat="38.77579" lon="-119.89649"></trkpt>
    <trkpt lat="38.77581" lon="-119.89634"></trkpt>
    <trkpt lat="38.77584" lon="-119.89621"></trkpt>
    <trkpt lat="38.7759" lon="-119.89601"></trkpt>
    <trkpt lat="38.7759" lon="-119.89599"></trkpt>
    <trkpt lat="38.77593" lon="-119.89592"></trkpt>
    <trkpt lat="38.77595" lon="-119.89584"></trkpt>
    <trkpt lat="38.77605" lon="-119.89561"></trkpt>
    <trkpt lat="38.77633" lon="-119.89511"></trkpt>
    <trkpt lat="38.77671" lon="-119.89448"></trkpt>
    <trkpt lat="38.77689" lon="-119.89416"></trkpt>
    <trkpt lat="38.77696" lon="-119.89405"></trkpt>
    <trkpt lat="38.77697" lon="-119.89402"></trkpt>
    <trkpt lat="38.77706" lon="-119.89385"></trkpt>
    <trkpt lat="38.77707" lon="-119.89382"></trkpt>
    <trkpt lat="38.77715" lon="-119.89364"></trkpt>
    <trkpt lat="38.77719" lon="-119.89352"></trkpt>
    <trkpt lat="38.77722" lon="-119.89345"></trkpt>
    <trkpt lat="38.77728" lon="-119.89322"></trkpt>
    <trkpt lat="38.77728" lon="-119.89319"></trkpt>
    <trkpt lat="38.77731" lon="-119.89307"></trkpt>
    <trkpt lat="38.77733" lon="-119.89296"></trkpt>
    <trkpt lat="38.77736" lon="-119.89263"></trkpt>
    <trkpt lat="38.77731" lon="-119.89064"></trkpt>
    <trkpt lat="38.77729" lon="-119.89025"></trkpt>
    <trkpt lat="38.77728" lon="-119.89014"></trkpt>
    <trkpt lat="38.77728" lon="-119.89007"></trkpt>
    <trkpt lat="38.77726" lon="-119.88997"></trkpt>
    <trkpt lat="38.77725" lon="-119.88988"></trkpt>
    <trkpt lat="38.77723" lon="-119.8898"></trkpt>
    <trkpt lat="38.77721" lon="-119.88975"></trkpt>
    <trkpt lat="38.77718" lon="-119.88963"></trkpt>
    <trkpt lat="38.77712" lon="-119.88945"></trkpt>
    <trkpt lat="38.77705" lon="-119.88928"></trkpt>
    <trkpt lat="38.77701" lon="-119.88915"></trkpt>
    <trkpt lat="38.77685" lon="-119.88874"></trkpt>
    <trkpt lat="38.77684" lon="-119.8887"></trkpt>
    <trkpt lat="38.77676" lon="-119.88845"></trkpt>
    <trkpt lat="38.77672" lon="-119.88814"></trkpt>
    <trkpt lat="38.77672" lon="-119.8879"></trkpt>
    <trkpt lat="38.77673" lon="-119.8878"></trkpt>
    <trkpt lat="38.77673" lon="-119.88774"></trkpt>
    <trkpt lat="38.77674" lon="-119.88766"></trkpt>
    <trkpt lat="38.77679" lon="-119.88743"></trkpt>
    <trkpt lat="38.77681" lon="-119.88738"></trkpt>
    <trkpt lat="38.77683" lon="-119.88729"></trkpt>
    <trkpt lat="38.77686" lon="-119.88722"></trkpt>
    <trkpt lat="38.77687" lon="-119.88718"></trkpt>
    <trkpt lat="38.7769" lon="-119.88712"></trkpt>
    <trkpt lat="38.77692" lon="-119.88705"></trkpt>
    <trkpt lat="38.77695" lon="-119.88698"></trkpt>
    <trkpt lat="38.77726" lon="-119.88638"></trkpt>
    <trkpt lat="38.77727" lon="-119.88637"></trkpt>
    <trkpt lat="38.77741" lon="-119.88608"></trkpt>
    <trkpt lat="38.77744" lon="-119.88601"></trkpt>
    <trkpt lat="38.77746" lon="-119.88595"></trkpt>
    <trkpt lat="38.77749" lon="-119.88588"></trkpt>
    <trkpt lat="38.77751" lon="-119.88582"></trkpt>
    <trkpt lat="38.77754" lon="-119.88576"></trkpt>
    <trkpt lat="38.77756" lon="-119.88568"></trkpt>
    <trkpt lat="38.77759" lon="-119.8856"></trkpt>
    <trkpt lat="38.77761" lon="-119.88546"></trkpt>
    <trkpt lat="38.77763" lon="-119.88536"></trkpt>
    <trkpt lat="38.77763" lon="-119.8853"></trkpt>
    <trkpt lat="38.77764" lon="-119.88525"></trkpt>
    <trkpt lat="38.77764" lon="-119.88493"></trkpt>
    <trkpt lat="38.77763" lon="-119.8849"></trkpt>
    <trkpt lat="38.77763" lon="-119.88485"></trkpt>
    <trkpt lat="38.77762" lon="-119.8848"></trkpt>
    <trkpt lat="38.77762" lon="-119.88475"></trkpt>
    <trkpt lat="38.77755" lon="-119.88446"></trkpt>
    <trkpt lat="38.77751" lon="-119.88436"></trkpt>
    <trkpt lat="38.77747" lon="-119.88424"></trkpt>
    <trkpt lat="38.77743" lon="-119.88417"></trkpt>
    <trkpt lat="38.77735" lon="-119.88401"></trkpt>
    <trkpt lat="38.77719" lon="-119.88372"></trkpt>
    <trkpt lat="38.77701" lon="-119.88343"></trkpt>
    <trkpt lat="38.77694" lon="-119.8833"></trkpt>
    <trkpt lat="38.77647" lon="-119.88253"></trkpt>
    <trkpt lat="38.7764" lon="-119.8824"></trkpt>
    <trkpt lat="38.77636" lon="-119.88231"></trkpt>
    <trkpt lat="38.77626" lon="-119.88211"></trkpt>
    <trkpt lat="38.77624" lon="-119.88204"></trkpt>
    <trkpt lat="38.7762" lon="-119.88195"></trkpt>
    <trkpt lat="38.77612" lon="-119.8817"></trkpt>
    <trkpt lat="38.7761" lon="-119.88161"></trkpt>
    <trkpt lat="38.77608" lon="-119.88155"></trkpt>
    <trkpt lat="38.77607" lon="-119.88147"></trkpt>
    <trkpt lat="38.77604" lon="-119.88133"></trkpt>
    <trkpt lat="38.7758" lon="-119.87952"></trkpt>
    <trkpt lat="38.7758" lon="-119.87946"></trkpt>
    <trkpt lat="38.77576" lon="-119.87927"></trkpt>
    <trkpt lat="38.77565" lon="-119.87886"></trkpt>
    <trkpt lat="38.77558" lon="-119.87868"></trkpt>
    <trkpt lat="38.7755" lon="-119.87852"></trkpt>
    <trkpt lat="38.77541" lon="-119.87836"></trkpt>
    <trkpt lat="38.77535" lon="-119.87823"></trkpt>
    <trkpt lat="38.77534" lon="-119.87823"></trkpt>
    <trkpt lat="38.77524" lon="-119.87804"></trkpt>
    <trkpt lat="38.77509" lon="-119.87778"></trkpt>
    <trkpt lat="38.77492" lon="-119.87751"></trkpt>
    <trkpt lat="38.77491" lon="-119.87749"></trkpt>
    <trkpt lat="38.77486" lon="-119.87741"></trkpt>
    <trkpt lat="38.77479" lon="-119.87733"></trkpt>
    <trkpt lat="38.77479" lon="-119.87732"></trkpt>
    <trkpt lat="38.7747" lon="-119.8772"></trkpt>
    <trkpt lat="38.77466" lon="-119.87716"></trkpt>
    <trkpt lat="38.77459" lon="-119.87708"></trkpt>
    <trkpt lat="38.77438" lon="-119.87688"></trkpt>
    <trkpt lat="38.77438" lon="-119.87687"></trkpt>
    <trkpt lat="38.77423" lon="-119.87674"></trkpt>
    <trkpt lat="38.77362" lon="-119.87634"></trkpt>
    <trkpt lat="38.77346" lon="-119.87622"></trkpt>
    <trkpt lat="38.77336" lon="-119.87613"></trkpt>
    <trkpt lat="38.77308" lon="-119.87585"></trkpt>
    <trkpt lat="38.77301" lon="-119.87577"></trkpt>
    <trkpt lat="38.77289" lon="-119.87565"></trkpt>
    <trkpt lat="38.77275" lon="-119.87547"></trkpt>
    <trkpt lat="38.77274" lon="-119.87546"></trkpt>
    <trkpt lat="38.77265" lon="-119.87535"></trkpt>
    <trkpt lat="38.77261" lon="-119.87531"></trkpt>
    <trkpt lat="38.77221" lon="-119.87484"></trkpt>
    <trkpt lat="38.77218" lon="-119.87479"></trkpt>
    <trkpt lat="38.77208" lon="-119.87468"></trkpt>
    <trkpt lat="38.77171" lon="-119.8742"></trkpt>
    <trkpt lat="38.7717" lon="-119.87419"></trkpt>
    <trkpt lat="38.77158" lon="-119.87404"></trkpt>
    <trkpt lat="38.77157" lon="-119.87403"></trkpt>
    <trkpt lat="38.77157" lon="-119.87402"></trkpt>
    <trkpt lat="38.77144" lon="-119.87385"></trkpt>
    <trkpt lat="38.77114" lon="-119.87349"></trkpt>
    <trkpt lat="38.77106" lon="-119.87341"></trkpt>
    <trkpt lat="38.77105" lon="-119.87339"></trkpt>
    <trkpt lat="38.77101" lon="-119.87334"></trkpt>
    <trkpt lat="38.77096" lon="-119.8733"></trkpt>
    <trkpt lat="38.77084" lon="-119.87319"></trkpt>
    <trkpt lat="38.77075" lon="-119.8731"></trkpt>
    <trkpt lat="38.77059" lon="-119.87296"></trkpt>
    <trkpt lat="38.77002" lon="-119.87253"></trkpt>
    <trkpt lat="38.77001" lon="-119.87251"></trkpt>
    <trkpt lat="38.77" lon="-119.87251"></trkpt>
    <trkpt lat="38.76954" lon="-119.87218"></trkpt>
    <trkpt lat="38.76953" lon="-119.87217"></trkpt>
    <trkpt lat="38.76929" lon="-119.87202"></trkpt>
    <trkpt lat="38.76858" lon="-119.87153"></trkpt>
    <trkpt lat="38.76835" lon="-119.87136"></trkpt>
    <trkpt lat="38.76817" lon="-119.87121"></trkpt>
    <trkpt lat="38.76804" lon="-119.87109"></trkpt>
    <trkpt lat="38.76797" lon="-119.87101"></trkpt>
    <trkpt lat="38.7679" lon="-119.87095"></trkpt>
    <trkpt lat="38.76757" lon="-119.87058"></trkpt>
    <trkpt lat="38.76744" lon="-119.87041"></trkpt>
    <trkpt lat="38.76741" lon="-119.87038"></trkpt>
    <trkpt lat="38.76732" lon="-119.87025"></trkpt>
    <trkpt lat="38.76731" lon="-119.87024"></trkpt>
    <trkpt lat="38.76722" lon="-119.87011"></trkpt>
    <trkpt lat="38.76708" lon="-119.86988"></trkpt>
    <trkpt lat="38.767" lon="-119.86976"></trkpt>
    <trkpt lat="38.76696" lon="-119.86968"></trkpt>
    <trkpt lat="38.76681" lon="-119.86941"></trkpt>
    <trkpt lat="38.76666" lon="-119.86909"></trkpt>
    <trkpt lat="38.76648" lon="-119.86865"></trkpt>
    <trkpt lat="38.76628" lon="-119.86812"></trkpt>
    <trkpt lat="38.76625" lon="-119.86803"></trkpt>
    <trkpt lat="38.76618" lon="-119.86786"></trkpt>
    <trkpt lat="38.766" lon="-119.86738"></trkpt>
    <trkpt lat="38.76597" lon="-119.86731"></trkpt>
    <trkpt lat="38.76499" lon="-119.86459"></trkpt>
    <trkpt lat="38.76488" lon="-119.86421"></trkpt>
    <trkpt lat="38.76478" lon="-119.86379"></trkpt>
    <trkpt lat="38.76476" lon="-119.86367"></trkpt>
    <trkpt lat="38.76474" lon="-119.86359"></trkpt>
    <trkpt lat="38.76443" lon="-119.8613"></trkpt>
    <trkpt lat="38.76439" lon="-119.86107"></trkpt>
    <trkpt lat="38.76431" lon="-119.86044"></trkpt>
    <trkpt lat="38.7643" lon="-119.86039"></trkpt>
    <trkpt lat="38.76381" lon="-119.85658"></trkpt>
    <trkpt lat="38.76374" lon="-119.85588"></trkpt>
    <trkpt lat="38.76372" lon="-119.85561"></trkpt>
    <trkpt lat="38.76372" lon="-119.85542"></trkpt>
    <trkpt lat="38.76371" lon="-119.85529"></trkpt>
    <trkpt lat="38.76372" lon="-119.85477"></trkpt>
    <trkpt lat="38.76374" lon="-119.85456"></trkpt>
    <trkpt lat="38.76376" lon="-119.85423"></trkpt>
    <trkpt lat="38.76378" lon="-119.85411"></trkpt>
    <trkpt lat="38.76379" lon="-119.85399"></trkpt>
    <trkpt lat="38.76384" lon="-119.85364"></trkpt>
    <trkpt lat="38.76386" lon="-119.85356"></trkpt>
    <trkpt lat="38.76407" lon="-119.85244"></trkpt>
    <trkpt lat="38.76408" lon="-119.85237"></trkpt>
    <trkpt lat="38.76422" lon="-119.85165"></trkpt>
    <trkpt lat="38.76427" lon="-119.85133"></trkpt>
    <trkpt lat="38.76431" lon="-119.85116"></trkpt>
    <trkpt lat="38.76434" lon="-119.851"></trkpt>
    <trkpt lat="38.7644" lon="-119.85078"></trkpt>
    <trkpt lat="38.76444" lon="-119.85068"></trkpt>
    <trkpt lat="38.76446" lon="-119.8506"></trkpt>
    <trkpt lat="38.76449" lon="-119.85052"></trkpt>
    <trkpt lat="38.76451" lon="-119.85045"></trkpt>
    <trkpt lat="38.76467" lon="-119.85005"></trkpt>
    <trkpt lat="38.76468" lon="-119.85001"></trkpt>
    <trkpt lat="38.76591" lon="-119.84767"></trkpt>
    <trkpt lat="38.76592" lon="-119.84766"></trkpt>
    <trkpt lat="38.76761" lon="-119.84441"></trkpt>
    <trkpt lat="38.76778" lon="-119.84405"></trkpt>
    <trkpt lat="38.76884" lon="-119.84208"></trkpt>
    <trkpt lat="38.76896" lon="-119.84183"></trkpt>
    <trkpt lat="38.76906" lon="-119.84164"></trkpt>
    <trkpt lat="38.76918" lon="-119.84133"></trkpt>
    <trkpt lat="38.76932" lon="-119.8409"></trkpt>
    <trkpt lat="38.76936" lon="-119.84072"></trkpt>
    <trkpt lat="38.76938" lon="-119.84066"></trkpt>
    <trkpt lat="38.76939" lon="-119.8406"></trkpt>
    <trkpt lat="38.76943" lon="-119.84042"></trkpt>
    <trkpt lat="38.76945" lon="-119.84028"></trkpt>
    <trkpt lat="38.7695" lon="-119.84002"></trkpt>
    <trkpt lat="38.76954" lon="-119.83974"></trkpt>
    <trkpt lat="38.7696" lon="-119.83943"></trkpt>
    <trkpt lat="38.77014" lon="-119.83578"></trkpt>
    <trkpt lat="38.77018" lon="-119.83556"></trkpt>
    <trkpt lat="38.7702" lon="-119.83542"></trkpt>
    <trkpt lat="38.77022" lon="-119.83533"></trkpt>
    <trkpt lat="38.77029" lon="-119.83492"></trkpt>
    <trkpt lat="38.77031" lon="-119.83486"></trkpt>
    <trkpt lat="38.77034" lon="-119.83473"></trkpt>
    <trkpt lat="38.77036" lon="-119.83467"></trkpt>
    <trkpt lat="38.77038" lon="-119.83459"></trkpt>
    <trkpt lat="38.77045" lon="-119.83437"></trkpt>
    <trkpt lat="38.77058" lon="-119.83403"></trkpt>
    <trkpt lat="38.7708" lon="-119.83351"></trkpt>
    <trkpt lat="38.77135" lon="-119.83233"></trkpt>
    <trkpt lat="38.77144" lon="-119.83215"></trkpt>
    <trkpt lat="38.77147" lon="-119.8321"></trkpt>
    <trkpt lat="38.7715" lon="-119.83204"></trkpt>
    <trkpt lat="38.77157" lon="-119.83193"></trkpt>
    <trkpt lat="38.77166" lon="-119.83177"></trkpt>
    <trkpt lat="38.77173" lon="-119.83167"></trkpt>
    <trkpt lat="38.77178" lon="-119.83159"></trkpt>
    <trkpt lat="38.77202" lon="-119.83128"></trkpt>
    <trkpt lat="38.77273" lon="-119.83042"></trkpt>
    <trkpt lat="38.77288" lon="-119.83025"></trkpt>
    <trkpt lat="38.77288" lon="-119.83024"></trkpt>
    <trkpt lat="38.77314" lon="-119.82993"></trkpt>
    <trkpt lat="38.77332" lon="-119.8297"></trkpt>
    <trkpt lat="38.77338" lon="-119.82963"></trkpt>
    <trkpt lat="38.77344" lon="-119.82954"></trkpt>
    <trkpt lat="38.77346" lon="-119.8295"></trkpt>
    <trkpt lat="38.77348" lon="-119.82947"></trkpt>
    <trkpt lat="38.7736" lon="-119.82925"></trkpt>
    <trkpt lat="38.7737" lon="-119.82902"></trkpt>
    <trkpt lat="38.77374" lon="-119.82894"></trkpt>
    <trkpt lat="38.77377" lon="-119.82886"></trkpt>
    <trkpt lat="38.7738" lon="-119.8288"></trkpt>
    <trkpt lat="38.77381" lon="-119.82876"></trkpt>
    <trkpt lat="38.77383" lon="-119.82871"></trkpt>
    <trkpt lat="38.77385" lon="-119.82863"></trkpt>
    <trkpt lat="38.77389" lon="-119.82851"></trkpt>
    <trkpt lat="38.77392" lon="-119.82839"></trkpt>
    <trkpt lat="38.77397" lon="-119.82815"></trkpt>
    <trkpt lat="38.774" lon="-119.82797"></trkpt>
    <trkpt lat="38.77402" lon="-119.82778"></trkpt>
    <trkpt lat="38.77424" lon="-119.82638"></trkpt>
    <trkpt lat="38.77429" lon="-119.82617"></trkpt>
    <trkpt lat="38.7743" lon="-119.8261"></trkpt>
    <trkpt lat="38.7743" lon="-119.82608"></trkpt>
    <trkpt lat="38.77434" lon="-119.82596"></trkpt>
    <trkpt lat="38.77437" lon="-119.82589"></trkpt>
    <trkpt lat="38.77437" lon="-119.82587"></trkpt>
    <trkpt lat="38.77443" lon="-119.82572"></trkpt>
    <trkpt lat="38.77445" lon="-119.82566"></trkpt>
    <trkpt lat="38.77448" lon="-119.82561"></trkpt>
    <trkpt lat="38.77451" lon="-119.82555"></trkpt>
    <trkpt lat="38.77454" lon="-119.82548"></trkpt>
    <trkpt lat="38.77462" lon="-119.82533"></trkpt>
    <trkpt lat="38.775" lon="-119.82472"></trkpt>
    <trkpt lat="38.77505" lon="-119.82463"></trkpt>
    <trkpt lat="38.77518" lon="-119.82444"></trkpt>
    <trkpt lat="38.77518" lon="-119.82443"></trkpt>
    <trkpt lat="38.77543" lon="-119.82404"></trkpt>
    <trkpt lat="38.77545" lon="-119.82394"></trkpt>
    <trkpt lat="38.77546" lon="-119.82387"></trkpt>
    <trkpt lat="38.77547" lon="-119.82383"></trkpt>
    <trkpt lat="38.77547" lon="-119.8238"></trkpt>
    <trkpt lat="38.77546" lon="-119.82373"></trkpt>
    <trkpt lat="38.77546" lon="-119.82365"></trkpt>
    <trkpt lat="38.77545" lon="-119.82357"></trkpt>
    <trkpt lat="38.77511" lon="-119.8231"></trkpt>
    <trkpt lat="38.77503" lon="-119.823"></trkpt>
    <trkpt lat="38.77473" lon="-119.82259"></trkpt>
    <trkpt lat="38.77448" lon="-119.82222"></trkpt>
    <trkpt lat="38.77434" lon="-119.82198"></trkpt>
    <trkpt lat="38.77431" lon="-119.82191"></trkpt>
    <trkpt lat="38.77434" lon="-119.82198"></trkpt>
    <trkpt lat="38.77448" lon="-119.82222"></trkpt>
    <trkpt lat="38.77473" lon="-119.82259"></trkpt>
    <trkpt lat="38.77503" lon="-119.823"></trkpt>
    <trkpt lat="38.77511" lon="-119.8231"></trkpt>
    <trkpt lat="38.77545" lon="-119.82357"></trkpt>
    <trkpt lat="38.77551" lon="-119.82359"></trkpt>
    <trkpt lat="38.77561" lon="-119.82359"></trkpt>
    <trkpt lat="38.77575" lon="-119.82355"></trkpt>
    <trkpt lat="38.7759" lon="-119.82332"></trkpt>
    <trkpt lat="38.77593" lon="-119.82328"></trkpt>
    <trkpt lat="38.77594" lon="-119.82326"></trkpt>
    <trkpt lat="38.77617" lon="-119.82289"></trkpt>
    <trkpt lat="38.77626" lon="-119.82276"></trkpt>
    <trkpt lat="38.77627" lon="-119.82275"></trkpt>
    <trkpt lat="38.77631" lon="-119.8227"></trkpt>
    <trkpt lat="38.77635" lon="-119.82264"></trkpt>
    <trkpt lat="38.7765" lon="-119.82247"></trkpt>
    <trkpt lat="38.77674" lon="-119.82223"></trkpt>
    <trkpt lat="38.77689" lon="-119.8221"></trkpt>
    <trkpt lat="38.77714" lon="-119.82192"></trkpt>
    <trkpt lat="38.77724" lon="-119.82186"></trkpt>
    <trkpt lat="38.7776" lon="-119.82169"></trkpt>
    <trkpt lat="38.77783" lon="-119.82161"></trkpt>
    <trkpt lat="38.77816" lon="-119.82154"></trkpt>
    <trkpt lat="38.77835" lon="-119.82152"></trkpt>
    <trkpt lat="38.77852" lon="-119.82152"></trkpt>
    <trkpt lat="38.77871" lon="-119.82153"></trkpt>
    <trkpt lat="38.77908" lon="-119.82153"></trkpt>
    <trkpt lat="38.77938" lon="-119.82151"></trkpt>
    <trkpt lat="38.77945" lon="-119.8215"></trkpt>
    <trkpt lat="38.77969" lon="-119.82148"></trkpt>
    <trkpt lat="38.77985" lon="-119.82146"></trkpt>
    <trkpt lat="38.77996" lon="-119.82144"></trkpt>
    <trkpt lat="38.78" lon="-119.82142"></trkpt>
    <trkpt lat="38.78037" lon="-119.82132"></trkpt>
    <trkpt lat="38.78075" lon="-119.82117"></trkpt>
    <trkpt lat="38.7808" lon="-119.82114"></trkpt>
    <trkpt lat="38.78087" lon="-119.82111"></trkpt>
    <trkpt lat="38.78095" lon="-119.82107"></trkpt>
    <trkpt lat="38.78102" lon="-119.82104"></trkpt>
    <trkpt lat="38.78103" lon="-119.82103"></trkpt>
    <trkpt lat="38.7811" lon="-119.82099"></trkpt>
    <trkpt lat="38.78118" lon="-119.82095"></trkpt>
    <trkpt lat="38.78119" lon="-119.82094"></trkpt>
    <trkpt lat="38.78132" lon="-119.82087"></trkpt>
    <trkpt lat="38.78146" lon="-119.82077"></trkpt>
    <trkpt lat="38.78153" lon="-119.82073"></trkpt>
    <trkpt lat="38.78186" lon="-119.82048"></trkpt>
    <trkpt lat="38.78192" lon="-119.82043"></trkpt>
    <trkpt lat="38.78214" lon="-119.82019"></trkpt>
    <trkpt lat="38.78221" lon="-119.82012"></trkpt>
    <trkpt lat="38.7823" lon="-119.82"></trkpt>
    <trkpt lat="38.78237" lon="-119.81992"></trkpt>
    <trkpt lat="38.78262" lon="-119.81961"></trkpt>
    <trkpt lat="38.78263" lon="-119.81961"></trkpt>
    <trkpt lat="38.78274" lon="-119.81944"></trkpt>
    <trkpt lat="38.78275" lon="-119.81944"></trkpt>
    <trkpt lat="38.78278" lon="-119.81939"></trkpt>
    <trkpt lat="38.78365" lon="-119.81809"></trkpt>
    <trkpt lat="38.78382" lon="-119.81786"></trkpt>
    <trkpt lat="38.78401" lon="-119.81763"></trkpt>
    <trkpt lat="38.78453" lon="-119.81682"></trkpt>
    <trkpt lat="38.78465" lon="-119.81665"></trkpt>
    <trkpt lat="38.78476" lon="-119.81647"></trkpt>
    <trkpt lat="38.78511" lon="-119.81594"></trkpt>
    <trkpt lat="38.78523" lon="-119.81577"></trkpt>
    <trkpt lat="38.78569" lon="-119.81506"></trkpt>
    <trkpt lat="38.78581" lon="-119.81489"></trkpt>
    <trkpt lat="38.78709" lon="-119.81294"></trkpt>
    <trkpt lat="38.7871" lon="-119.81293"></trkpt>
    <trkpt lat="38.78838" lon="-119.81101"></trkpt>
    <trkpt lat="38.78838" lon="-119.811"></trkpt>
    <trkpt lat="38.7885" lon="-119.81084"></trkpt>
    <trkpt lat="38.79076" lon="-119.80742"></trkpt>
    <trkpt lat="38.79089" lon="-119.80721"></trkpt>
    <trkpt lat="38.79101" lon="-119.80704"></trkpt>
    <trkpt lat="38.79183" lon="-119.80581"></trkpt>
    <trkpt lat="38.79194" lon="-119.80563"></trkpt>
    <trkpt lat="38.79206" lon="-119.80546"></trkpt>
    <trkpt lat="38.79229" lon="-119.8051"></trkpt>
    <trkpt lat="38.79263" lon="-119.8046"></trkpt>
    <trkpt lat="38.79264" lon="-119.80458"></trkpt>
    <trkpt lat="38.79288" lon="-119.80423"></trkpt>
    <trkpt lat="38.79299" lon="-119.80405"></trkpt>
    <trkpt lat="38.79323" lon="-119.8037"></trkpt>
    <trkpt lat="38.79334" lon="-119.80352"></trkpt>
    <trkpt lat="38.79416" lon="-119.80229"></trkpt>
    <trkpt lat="38.79427" lon="-119.80211"></trkpt>
    <trkpt lat="38.79642" lon="-119.79888"></trkpt>
    <trkpt lat="38.79653" lon="-119.7987"></trkpt>
    <trkpt lat="38.79677" lon="-119.79835"></trkpt>
    <trkpt lat="38.79768" lon="-119.79695"></trkpt>
    <trkpt lat="38.79797" lon="-119.79647"></trkpt>
    <trkpt lat="38.79841" lon="-119.79567"></trkpt>
    <trkpt lat="38.79886" lon="-119.79476"></trkpt>
    <trkpt lat="38.80044" lon="-119.79132"></trkpt>
    <trkpt lat="38.80045" lon="-119.79132"></trkpt>
    <trkpt lat="38.80046" lon="-119.79128"></trkpt>
    <trkpt lat="38.80368" lon="-119.78423"></trkpt>
    <trkpt lat="38.8038" lon="-119.78395"></trkpt>
    <trkpt lat="38.80381" lon="-119.78395"></trkpt>
    <trkpt lat="38.80389" lon="-119.78375"></trkpt>
    <trkpt lat="38.80419" lon="-119.78314"></trkpt>
    <trkpt lat="38.80428" lon="-119.78297"></trkpt>
    <trkpt lat="38.80432" lon="-119.78288"></trkpt>
    <trkpt lat="38.80438" lon="-119.78279"></trkpt>
    <trkpt lat="38.80439" lon="-119.78278"></trkpt>
    <trkpt lat="38.80448" lon="-119.78262"></trkpt>
    <trkpt lat="38.80479" lon="-119.78214"></trkpt>
    <trkpt lat="38.80506" lon="-119.78178"></trkpt>
    <trkpt lat="38.80533" lon="-119.78145"></trkpt>
    <trkpt lat="38.80576" lon="-119.781"></trkpt>
    <trkpt lat="38.80588" lon="-119.7809"></trkpt>
    <trkpt lat="38.80594" lon="-119.78084"></trkpt>
    <trkpt lat="38.80616" lon="-119.78064"></trkpt>
    <trkpt lat="38.80628" lon="-119.78055"></trkpt>
    <trkpt lat="38.8065" lon="-119.78037"></trkpt>
    <trkpt lat="38.80676" lon="-119.78019"></trkpt>
    <trkpt lat="38.80687" lon="-119.78012"></trkpt>
    <trkpt lat="38.80738" lon="-119.77983"></trkpt>
    <trkpt lat="38.80748" lon="-119.77979"></trkpt>
    <trkpt lat="38.80773" lon="-119.77967"></trkpt>
    <trkpt lat="38.80797" lon="-119.77958"></trkpt>
    <trkpt lat="38.80806" lon="-119.77954"></trkpt>
    <trkpt lat="38.80808" lon="-119.77954"></trkpt>
    <trkpt lat="38.80849" lon="-119.77941"></trkpt>
    <trkpt lat="38.80885" lon="-119.77932"></trkpt>
    <trkpt lat="38.80905" lon="-119.77928"></trkpt>
    <trkpt lat="38.80928" lon="-119.77925"></trkpt>
    <trkpt lat="38.80953" lon="-119.77923"></trkpt>
    <trkpt lat="38.80997" lon="-119.77921"></trkpt>
    <trkpt lat="38.81113" lon="-119.77921"></trkpt>
    <trkpt lat="38.81144" lon="-119.7792"></trkpt>
    <trkpt lat="38.81518" lon="-119.7792"></trkpt>
    <trkpt lat="38.81844" lon="-119.77917"></trkpt>
    <trkpt lat="38.81862" lon="-119.77916"></trkpt>
    <trkpt lat="38.82113" lon="-119.77915"></trkpt>
    <trkpt lat="38.82149" lon="-119.77914"></trkpt>
    <trkpt lat="38.83226" lon="-119.77909"></trkpt>
    <trkpt lat="38.83296" lon="-119.7791"></trkpt>
    <trkpt lat="38.84302" lon="-119.77905"></trkpt>
    <trkpt lat="38.84336" lon="-119.77904"></trkpt>
    <trkpt lat="38.84713" lon="-119.77903"></trkpt>
    <trkpt lat="38.84859" lon="-119.77901"></trkpt>
    <trkpt lat="38.85363" lon="-119.77902"></trkpt>
    <trkpt lat="38.85381" lon="-119.77903"></trkpt>
    <trkpt lat="38.86185" lon="-119.77905"></trkpt>
    <trkpt lat="38.86259" lon="-119.77903"></trkpt>
    <trkpt lat="38.88767" lon="-119.77909"></trkpt>
    <trkpt lat="38.88839" lon="-119.77908"></trkpt>
    <trkpt lat="38.89692" lon="-119.77911"></trkpt>
    <trkpt lat="38.89712" lon="-119.7791"></trkpt>
    <trkpt lat="38.89724" lon="-119.77905"></trkpt>
    <trkpt lat="38.90084" lon="-119.77908"></trkpt>
    <trkpt lat="38.90092" lon="-119.77911"></trkpt>
    <trkpt lat="38.90111" lon="-119.77913"></trkpt>
    <trkpt lat="38.90756" lon="-119.77914"></trkpt>
    <trkpt lat="38.90781" lon="-119.77915"></trkpt>
    <trkpt lat="38.90937" lon="-119.77916"></trkpt>
    <trkpt lat="38.90944" lon="-119.77913"></trkpt>
    <trkpt lat="38.90952" lon="-119.77912"></trkpt>
    <trkpt lat="38.90962" lon="-119.77912"></trkpt>
    <trkpt lat="38.90989" lon="-119.7791"></trkpt>
    <trkpt lat="38.91018" lon="-119.77912"></trkpt>
    <trkpt lat="38.91023" lon="-119.77911"></trkpt>
    <trkpt lat="38.91028" lon="-119.77911"></trkpt>
    <trkpt lat="38.91034" lon="-119.77909"></trkpt>
    <trkpt lat="38.91035" lon="-119.77906"></trkpt>
    <trkpt lat="38.91036" lon="-119.77904"></trkpt>
    <trkpt lat="38.91038" lon="-119.77902"></trkpt>
    <trkpt lat="38.91039" lon="-119.77902"></trkpt>
    <trkpt lat="38.91046" lon="-119.77879"></trkpt>
    <trkpt lat="38.91048" lon="-119.77875"></trkpt>
    <trkpt lat="38.91054" lon="-119.77844"></trkpt>
    <trkpt lat="38.91057" lon="-119.77816"></trkpt>
    <trkpt lat="38.91061" lon="-119.76769"></trkpt>
    <trkpt lat="38.91066" lon="-119.76341"></trkpt>
    <trkpt lat="38.91066" lon="-119.76051"></trkpt>
    <trkpt lat="38.91068" lon="-119.75934"></trkpt>
    <trkpt lat="38.91069" lon="-119.75612"></trkpt>
    <trkpt lat="38.91102" lon="-119.75612"></trkpt>
    <trkpt lat="38.91115" lon="-119.75613"></trkpt>
    <trkpt lat="38.9114" lon="-119.75613"></trkpt>
    <trkpt lat="38.91296" lon="-119.75618"></trkpt>
    <trkpt lat="38.91351" lon="-119.75618"></trkpt>
    <trkpt lat="38.91353" lon="-119.75617"></trkpt>
    <trkpt lat="38.9136" lon="-119.75616"></trkpt>
    <trkpt lat="38.91368" lon="-119.75614"></trkpt>
    <trkpt lat="38.9138" lon="-119.75608"></trkpt>
    <trkpt lat="38.91386" lon="-119.75604"></trkpt>
    <trkpt lat="38.91392" lon="-119.75599"></trkpt>
    <trkpt lat="38.91399" lon="-119.75592"></trkpt>
    <trkpt lat="38.91414" lon="-119.7557"></trkpt>
    <trkpt lat="38.9142" lon="-119.75556"></trkpt>
    <trkpt lat="38.91424" lon="-119.75543"></trkpt>
    <trkpt lat="38.91426" lon="-119.75535"></trkpt>
    <trkpt lat="38.91429" lon="-119.7551"></trkpt>
    <trkpt lat="38.91414" lon="-119.74285"></trkpt>
    <trkpt lat="38.91412" lon="-119.74266"></trkpt>
    <trkpt lat="38.91412" lon="-119.74217"></trkpt>
    <trkpt lat="38.91413" lon="-119.74214"></trkpt>
    <trkpt lat="38.91414" lon="-119.73919"></trkpt>
    <trkpt lat="38.91412" lon="-119.73849"></trkpt>
    <trkpt lat="38.91411" lon="-119.73419"></trkpt>
    <trkpt lat="38.91408" lon="-119.73393"></trkpt>
    <trkpt lat="38.91402" lon="-119.73374"></trkpt>
    <trkpt lat="38.91399" lon="-119.73367"></trkpt>
    <trkpt lat="38.91391" lon="-119.73353"></trkpt>
    <trkpt lat="38.91378" lon="-119.73337"></trkpt>
    <trkpt lat="38.91375" lon="-119.73334"></trkpt>
    <trkpt lat="38.91364" lon="-119.73326"></trkpt>
    <trkpt lat="38.91355" lon="-119.73321"></trkpt>
    <trkpt lat="38.91349" lon="-119.73319"></trkpt>
    <trkpt lat="38.91345" lon="-119.73318"></trkpt>
    <trkpt lat="38.91342" lon="-119.73318"></trkpt>
    <trkpt lat="38.91337" lon="-119.73317"></trkpt>
    <trkpt lat="38.91332" lon="-119.73317"></trkpt>
    <trkpt lat="38.91325" lon="-119.73316"></trkpt>
    <trkpt lat="38.91308" lon="-119.73316"></trkpt>
    <trkpt lat="38.91289" lon="-119.73317"></trkpt>
    <trkpt lat="38.91244" lon="-119.73318"></trkpt>
    <trkpt lat="38.91211" lon="-119.73316"></trkpt>
    <trkpt lat="38.91137" lon="-119.73316"></trkpt>
    <trkpt lat="38.91125" lon="-119.73315"></trkpt>
    <trkpt lat="38.9111" lon="-119.73311"></trkpt>
    <trkpt lat="38.91102" lon="-119.73308"></trkpt>
    <trkpt lat="38.91094" lon="-119.73303"></trkpt>
    <trkpt lat="38.91079" lon="-119.73292"></trkpt>
    <trkpt lat="38.91078" lon="-119.7329"></trkpt>
    <trkpt lat="38.91073" lon="-119.73286"></trkpt>
    <trkpt lat="38.91068" lon="-119.73279"></trkpt>
    <trkpt lat="38.91063" lon="-119.73271"></trkpt>
    <trkpt lat="38.91058" lon="-119.73261"></trkpt>
    <trkpt lat="38.91051" lon="-119.7324"></trkpt>
    <trkpt lat="38.9105" lon="-119.73233"></trkpt>
    <trkpt lat="38.91049" lon="-119.73219"></trkpt>
    <trkpt lat="38.91049" lon="-119.73073"></trkpt>
    <trkpt lat="38.9105" lon="-119.73048"></trkpt>
    <trkpt lat="38.9105" lon="-119.72949"></trkpt>
    <trkpt lat="38.91052" lon="-119.72846"></trkpt>
    <trkpt lat="38.9105" lon="-119.72694"></trkpt>
    <trkpt lat="38.91052" lon="-119.72468"></trkpt>
    <trkpt lat="38.91055" lon="-119.72368"></trkpt>
    <trkpt lat="38.91056" lon="-119.72358"></trkpt>
    <trkpt lat="38.91056" lon="-119.72356"></trkpt>
    <trkpt lat="38.91057" lon="-119.72351"></trkpt>
    <trkpt lat="38.91061" lon="-119.7234"></trkpt>
    <trkpt lat="38.91062" lon="-119.72336"></trkpt>
    <trkpt lat="38.91066" lon="-119.72328"></trkpt>
    <trkpt lat="38.91072" lon="-119.72319"></trkpt>
    <trkpt lat="38.91074" lon="-119.72317"></trkpt>
    <trkpt lat="38.91305" lon="-119.7204"></trkpt>
    <trkpt lat="38.91317" lon="-119.72024"></trkpt>
    <trkpt lat="38.91326" lon="-119.72011"></trkpt>
    <trkpt lat="38.91333" lon="-119.71999"></trkpt>
    <trkpt lat="38.91333" lon="-119.71997"></trkpt>
    <trkpt lat="38.9134" lon="-119.71983"></trkpt>
    <trkpt lat="38.9135" lon="-119.71955"></trkpt>
    <trkpt lat="38.9135" lon="-119.71954"></trkpt>
    <trkpt lat="38.91361" lon="-119.71919"></trkpt>
    <trkpt lat="38.91371" lon="-119.71883"></trkpt>
    <trkpt lat="38.91376" lon="-119.71862"></trkpt>
    <trkpt lat="38.91382" lon="-119.71842"></trkpt>
    <trkpt lat="38.91388" lon="-119.71828"></trkpt>
    <trkpt lat="38.91399" lon="-119.71808"></trkpt>
    <trkpt lat="38.91409" lon="-119.71794"></trkpt>
    <trkpt lat="38.91416" lon="-119.71786"></trkpt>
    <trkpt lat="38.91439" lon="-119.71764"></trkpt>
    <trkpt lat="38.91484" lon="-119.71725"></trkpt>
    <trkpt lat="38.91493" lon="-119.71714"></trkpt>
    <trkpt lat="38.91498" lon="-119.71707"></trkpt>
    <trkpt lat="38.91505" lon="-119.71695"></trkpt>
    <trkpt lat="38.91507" lon="-119.7169"></trkpt>
    <trkpt lat="38.91514" lon="-119.71677"></trkpt>
    <trkpt lat="38.91523" lon="-119.71655"></trkpt>
    <trkpt lat="38.91524" lon="-119.71654"></trkpt>
    <trkpt lat="38.91528" lon="-119.71643"></trkpt>
    <trkpt lat="38.91535" lon="-119.71631"></trkpt>
    <trkpt lat="38.91535" lon="-119.71622"></trkpt>
    <trkpt lat="38.91537" lon="-119.71618"></trkpt>
    <trkpt lat="38.91542" lon="-119.71611"></trkpt>
    <trkpt lat="38.91559" lon="-119.7159"></trkpt>
    <trkpt lat="38.91433" lon="-119.71427"></trkpt>
    <trkpt lat="38.91402" lon="-119.71392"></trkpt>
    <trkpt lat="38.91364" lon="-119.71351"></trkpt>
    <trkpt lat="38.91317" lon="-119.71303"></trkpt>
    <trkpt lat="38.91192" lon="-119.71187"></trkpt>
    <trkpt lat="38.91121" lon="-119.71116"></trkpt>
    <trkpt lat="38.91087" lon="-119.71085"></trkpt>
    <trkpt lat="38.91017" lon="-119.71018"></trkpt>
    <trkpt lat="38.91008" lon="-119.71012"></trkpt>
    <trkpt lat="38.90964" lon="-119.7097"></trkpt>
    <trkpt lat="38.90954" lon="-119.70958"></trkpt>
    <trkpt lat="38.90834" lon="-119.70842"></trkpt>
    <trkpt lat="38.90801" lon="-119.70814"></trkpt>
    <trkpt lat="38.90787" lon="-119.70801"></trkpt>
    <trkpt lat="38.9074" lon="-119.70766"></trkpt>
    <trkpt lat="38.90739" lon="-119.70766"></trkpt>
    <trkpt lat="38.90678" lon="-119.7073"></trkpt>
    <trkpt lat="38.90656" lon="-119.70716"></trkpt>
    <trkpt lat="38.90633" lon="-119.70703"></trkpt>
    <trkpt lat="38.90609" lon="-119.70688"></trkpt>
    <trkpt lat="38.90596" lon="-119.70679"></trkpt>
    <trkpt lat="38.90584" lon="-119.70666"></trkpt>
    <trkpt lat="38.90562" lon="-119.70655"></trkpt>
    <trkpt lat="38.9053" lon="-119.70637"></trkpt>
    <trkpt lat="38.90462" lon="-119.70601"></trkpt>
    <trkpt lat="38.90459" lon="-119.70602"></trkpt>
    <trkpt lat="38.90452" lon="-119.706"></trkpt>
    <trkpt lat="38.90119" lon="-119.70418"></trkpt>
    <trkpt lat="38.89994" lon="-119.70347"></trkpt>
    <trkpt lat="38.89993" lon="-119.70345"></trkpt>
    <trkpt lat="38.89992" lon="-119.70344"></trkpt>
    <trkpt lat="38.89991" lon="-119.70342"></trkpt>
    <trkpt lat="38.89767" lon="-119.7022"></trkpt>
    <trkpt lat="38.89708" lon="-119.7019"></trkpt>
    <trkpt lat="38.89611" lon="-119.70144"></trkpt>
    <trkpt lat="38.89597" lon="-119.70138"></trkpt>
    <trkpt lat="38.8938" lon="-119.70037"></trkpt>
    <trkpt lat="38.89379" lon="-119.70038"></trkpt>
    <trkpt lat="38.89377" lon="-119.70037"></trkpt>
    <trkpt lat="38.89368" lon="-119.70035"></trkpt>
    <trkpt lat="38.89351" lon="-119.70027"></trkpt>
    <trkpt lat="38.89278" lon="-119.69996"></trkpt>
    <trkpt lat="38.89243" lon="-119.69979"></trkpt>
    <trkpt lat="38.89228" lon="-119.69971"></trkpt>
    <trkpt lat="38.89161" lon="-119.69931"></trkpt>
    <trkpt lat="38.8912" lon="-119.69902"></trkpt>
    <trkpt lat="38.89085" lon="-119.69874"></trkpt>
    <trkpt lat="38.89069" lon="-119.6986"></trkpt>
    <trkpt lat="38.89069" lon="-119.69859"></trkpt>
    <trkpt lat="38.89054" lon="-119.69847"></trkpt>
    <trkpt lat="38.89054" lon="-119.69846"></trkpt>
    <trkpt lat="38.89047" lon="-119.6984"></trkpt>
    <trkpt lat="38.89044" lon="-119.69837"></trkpt>
    <trkpt lat="38.89042" lon="-119.69836"></trkpt>
    <trkpt lat="38.89042" lon="-119.69835"></trkpt>
    <trkpt lat="38.89041" lon="-119.69833"></trkpt>
    <trkpt lat="38.89041" lon="-119.69832"></trkpt>
    <trkpt lat="38.89003" lon="-119.69796"></trkpt>
    <trkpt lat="38.8868" lon="-119.69464"></trkpt>
    <trkpt lat="38.88678" lon="-119.69464"></trkpt>
    <trkpt lat="38.88564" lon="-119.69349"></trkpt>
    <trkpt lat="38.88558" lon="-119.69341"></trkpt>
    <trkpt lat="38.88538" lon="-119.69322"></trkpt>
    <trkpt lat="38.88524" lon="-119.69306"></trkpt>
    <trkpt lat="38.88381" lon="-119.69162"></trkpt>
    <trkpt lat="38.88378" lon="-119.69158"></trkpt>
    <trkpt lat="38.88376" lon="-119.69154"></trkpt>
    <trkpt lat="38.88362" lon="-119.69137"></trkpt>
    <trkpt lat="38.88167" lon="-119.68937"></trkpt>
    <trkpt lat="38.88135" lon="-119.68902"></trkpt>
    <trkpt lat="38.88069" lon="-119.68836"></trkpt>
    <trkpt lat="38.88021" lon="-119.68785"></trkpt>
    <trkpt lat="38.88003" lon="-119.68767"></trkpt>
    <trkpt lat="38.87948" lon="-119.68715"></trkpt>
    <trkpt lat="38.87918" lon="-119.68691"></trkpt>
    <trkpt lat="38.87915" lon="-119.68688"></trkpt>
    <trkpt lat="38.87901" lon="-119.68678"></trkpt>
    <trkpt lat="38.87886" lon="-119.68666"></trkpt>
    <trkpt lat="38.87867" lon="-119.68653"></trkpt>
    <trkpt lat="38.8784" lon="-119.68636"></trkpt>
    <trkpt lat="38.87785" lon="-119.68604"></trkpt>
    <trkpt lat="38.8763" lon="-119.68529"></trkpt>
    <trkpt lat="38.87614" lon="-119.68522"></trkpt>
    <trkpt lat="38.87554" lon="-119.68491"></trkpt>
    <trkpt lat="38.87525" lon="-119.68477"></trkpt>
    <trkpt lat="38.87456" lon="-119.68441"></trkpt>
    <trkpt lat="38.87454" lon="-119.68441"></trkpt>
    <trkpt lat="38.87427" lon="-119.68426"></trkpt>
    <trkpt lat="38.87422" lon="-119.68424"></trkpt>
    <trkpt lat="38.87348" lon="-119.68382"></trkpt>
    <trkpt lat="38.87331" lon="-119.68371"></trkpt>
    <trkpt lat="38.87321" lon="-119.68366"></trkpt>
    <trkpt lat="38.87245" lon="-119.68316"></trkpt>
    <trkpt lat="38.8722" lon="-119.68298"></trkpt>
    <trkpt lat="38.87212" lon="-119.68293"></trkpt>
    <trkpt lat="38.87166" lon="-119.6826"></trkpt>
    <trkpt lat="38.87088" lon="-119.68199"></trkpt>
    <trkpt lat="38.87037" lon="-119.68155"></trkpt>
    <trkpt lat="38.86986" lon="-119.68109"></trkpt>
    <trkpt lat="38.86944" lon="-119.68068"></trkpt>
    <trkpt lat="38.86885" lon="-119.68008"></trkpt>
    <trkpt lat="38.86845" lon="-119.67965"></trkpt>
    <trkpt lat="38.86844" lon="-119.67963"></trkpt>
    <trkpt lat="38.86784" lon="-119.67894"></trkpt>
    <trkpt lat="38.86731" lon="-119.67829"></trkpt>
    <trkpt lat="38.867" lon="-119.67789"></trkpt>
    <trkpt lat="38.86698" lon="-119.67787"></trkpt>
    <trkpt lat="38.86624" lon="-119.67693"></trkpt>
    <trkpt lat="38.86623" lon="-119.67692"></trkpt>
    <trkpt lat="38.86597" lon="-119.6766"></trkpt>
    <trkpt lat="38.86595" lon="-119.67658"></trkpt>
    <trkpt lat="38.86564" lon="-119.67618"></trkpt>
    <trkpt lat="38.86533" lon="-119.6758"></trkpt>
    <trkpt lat="38.86533" lon="-119.67579"></trkpt>
    <trkpt lat="38.86452" lon="-119.67478"></trkpt>
    <trkpt lat="38.864" lon="-119.67411"></trkpt>
    <trkpt lat="38.86366" lon="-119.67369"></trkpt>
    <trkpt lat="38.86365" lon="-119.67368"></trkpt>
    <trkpt lat="38.8634" lon="-119.67337"></trkpt>
    <trkpt lat="38.86335" lon="-119.6733"></trkpt>
    <trkpt lat="38.86312" lon="-119.67302"></trkpt>
    <trkpt lat="38.86298" lon="-119.67283"></trkpt>
    <trkpt lat="38.86234" lon="-119.67202"></trkpt>
    <trkpt lat="38.86188" lon="-119.67146"></trkpt>
    <trkpt lat="38.86155" lon="-119.67103"></trkpt>
    <trkpt lat="38.86129" lon="-119.67072"></trkpt>
    <trkpt lat="38.86074" lon="-119.67001"></trkpt>
    <trkpt lat="38.86057" lon="-119.66981"></trkpt>
    <trkpt lat="38.86035" lon="-119.66952"></trkpt>
    <trkpt lat="38.85912" lon="-119.66799"></trkpt>
    <trkpt lat="38.85911" lon="-119.66797"></trkpt>
    <trkpt lat="38.85822" lon="-119.66685"></trkpt>
    <trkpt lat="38.85821" lon="-119.66683"></trkpt>
    <trkpt lat="38.8581" lon="-119.66669"></trkpt>
    <trkpt lat="38.85808" lon="-119.66667"></trkpt>
    <trkpt lat="38.85771" lon="-119.66621"></trkpt>
    <trkpt lat="38.85769" lon="-119.66619"></trkpt>
    <trkpt lat="38.85764" lon="-119.66612"></trkpt>
    <trkpt lat="38.85692" lon="-119.66521"></trkpt>
    <trkpt lat="38.85666" lon="-119.6649"></trkpt>
    <trkpt lat="38.85595" lon="-119.66397"></trkpt>
    <trkpt lat="38.85559" lon="-119.66346"></trkpt>
    <trkpt lat="38.85523" lon="-119.66289"></trkpt>
    <trkpt lat="38.85498" lon="-119.66244"></trkpt>
    <trkpt lat="38.85467" lon="-119.66185"></trkpt>
    <trkpt lat="38.85467" lon="-119.66184"></trkpt>
    <trkpt lat="38.85458" lon="-119.66166"></trkpt>
    <trkpt lat="38.85453" lon="-119.66154"></trkpt>
    <trkpt lat="38.85437" lon="-119.66121"></trkpt>
    <trkpt lat="38.85415" lon="-119.66067"></trkpt>
    <trkpt lat="38.85397" lon="-119.66017"></trkpt>
    <trkpt lat="38.8537" lon="-119.65934"></trkpt>
    <trkpt lat="38.8535" lon="-119.6586"></trkpt>
    <trkpt lat="38.8533" lon="-119.65765"></trkpt>
    <trkpt lat="38.85327" lon="-119.65748"></trkpt>
    <trkpt lat="38.85325" lon="-119.65741"></trkpt>
    <trkpt lat="38.85271" lon="-119.6547"></trkpt>
    <trkpt lat="38.85262" lon="-119.6543"></trkpt>
    <trkpt lat="38.85242" lon="-119.65356"></trkpt>
    <trkpt lat="38.85223" lon="-119.65292"></trkpt>
    <trkpt lat="38.85206" lon="-119.65243"></trkpt>
    <trkpt lat="38.8518" lon="-119.65173"></trkpt>
    <trkpt lat="38.85138" lon="-119.6507"></trkpt>
    <trkpt lat="38.85137" lon="-119.6507"></trkpt>
    <trkpt lat="38.85136" lon="-119.65069"></trkpt>
    <trkpt lat="38.85134" lon="-119.65068"></trkpt>
    <trkpt lat="38.85124" lon="-119.65047"></trkpt>
    <trkpt lat="38.85098" lon="-119.64998"></trkpt>
    <trkpt lat="38.85097" lon="-119.64997"></trkpt>
    <trkpt lat="38.85087" lon="-119.64979"></trkpt>
    <trkpt lat="38.85084" lon="-119.64972"></trkpt>
    <trkpt lat="38.84934" lon="-119.64697"></trkpt>
    <trkpt lat="38.84899" lon="-119.64635"></trkpt>
    <trkpt lat="38.84884" lon="-119.64606"></trkpt>
    <trkpt lat="38.84866" lon="-119.64574"></trkpt>
    <trkpt lat="38.84814" lon="-119.64475"></trkpt>
    <trkpt lat="38.84811" lon="-119.64466"></trkpt>
    <trkpt lat="38.84761" lon="-119.6438"></trkpt>
    <trkpt lat="38.8472" lon="-119.64318"></trkpt>
    <trkpt lat="38.84676" lon="-119.64255"></trkpt>
    <trkpt lat="38.84634" lon="-119.64202"></trkpt>
    <trkpt lat="38.8462" lon="-119.64186"></trkpt>
    <trkpt lat="38.84601" lon="-119.64166"></trkpt>
    <trkpt lat="38.84553" lon="-119.64111"></trkpt>
    <trkpt lat="38.84489" lon="-119.64045"></trkpt>
    <trkpt lat="38.84483" lon="-119.64038"></trkpt>
    <trkpt lat="38.8446" lon="-119.64014"></trkpt>
    <trkpt lat="38.84418" lon="-119.63964"></trkpt>
    <trkpt lat="38.84329" lon="-119.63844"></trkpt>
    <trkpt lat="38.84305" lon="-119.6381"></trkpt>
    <trkpt lat="38.84292" lon="-119.63793"></trkpt>
    <trkpt lat="38.84275" lon="-119.63769"></trkpt>
    <trkpt lat="38.84241" lon="-119.63727"></trkpt>
    <trkpt lat="38.84213" lon="-119.63694"></trkpt>
    <trkpt lat="38.84183" lon="-119.63664"></trkpt>
    <trkpt lat="38.84153" lon="-119.63636"></trkpt>
    <trkpt lat="38.841" lon="-119.63594"></trkpt>
    <trkpt lat="38.84051" lon="-119.6356"></trkpt>
    <trkpt lat="38.84019" lon="-119.63541"></trkpt>
    <trkpt lat="38.83893" lon="-119.63473"></trkpt>
    <trkpt lat="38.83833" lon="-119.63442"></trkpt>
    <trkpt lat="38.83812" lon="-119.6343"></trkpt>
    <trkpt lat="38.83792" lon="-119.63417"></trkpt>
    <trkpt lat="38.8378" lon="-119.6341"></trkpt>
    <trkpt lat="38.83617" lon="-119.6328"></trkpt>
    <trkpt lat="38.83563" lon="-119.63235"></trkpt>
    <trkpt lat="38.83494" lon="-119.63187"></trkpt>
    <trkpt lat="38.83435" lon="-119.63153"></trkpt>
    <trkpt lat="38.83319" lon="-119.63099"></trkpt>
    <trkpt lat="38.8324" lon="-119.63059"></trkpt>
    <trkpt lat="38.83163" lon="-119.63007"></trkpt>
    <trkpt lat="38.8314" lon="-119.6299"></trkpt>
    <trkpt lat="38.83139" lon="-119.62989"></trkpt>
    <trkpt lat="38.83095" lon="-119.62953"></trkpt>
    <trkpt lat="38.8308" lon="-119.62939"></trkpt>
    <trkpt lat="38.8307" lon="-119.62931"></trkpt>
    <trkpt lat="38.82845" lon="-119.62711"></trkpt>
    <trkpt lat="38.82789" lon="-119.62664"></trkpt>
    <trkpt lat="38.82724" lon="-119.62617"></trkpt>
    <trkpt lat="38.82562" lon="-119.62509"></trkpt>
    <trkpt lat="38.82482" lon="-119.62458"></trkpt>
    <trkpt lat="38.82436" lon="-119.62431"></trkpt>
    <trkpt lat="38.82395" lon="-119.62403"></trkpt>
    <trkpt lat="38.82379" lon="-119.62391"></trkpt>
    <trkpt lat="38.82334" lon="-119.62354"></trkpt>
    <trkpt lat="38.82325" lon="-119.62346"></trkpt>
    <trkpt lat="38.82293" lon="-119.62315"></trkpt>
    <trkpt lat="38.82269" lon="-119.62293"></trkpt>
    <trkpt lat="38.8226" lon="-119.62282"></trkpt>
    <trkpt lat="38.82253" lon="-119.62275"></trkpt>
    <trkpt lat="38.82221" lon="-119.62238"></trkpt>
    <trkpt lat="38.82206" lon="-119.62218"></trkpt>
    <trkpt lat="38.82193" lon="-119.62203"></trkpt>
    <trkpt lat="38.82177" lon="-119.62182"></trkpt>
    <trkpt lat="38.82147" lon="-119.62138"></trkpt>
    <trkpt lat="38.82134" lon="-119.62117"></trkpt>
    <trkpt lat="38.82053" lon="-119.61999"></trkpt>
    <trkpt lat="38.82026" lon="-119.61957"></trkpt>
    <trkpt lat="38.81959" lon="-119.6186"></trkpt>
    <trkpt lat="38.8189" lon="-119.61773"></trkpt>
    <trkpt lat="38.81865" lon="-119.61744"></trkpt>
    <trkpt lat="38.81864" lon="-119.61744"></trkpt>
    <trkpt lat="38.81861" lon="-119.6174"></trkpt>
    <trkpt lat="38.81827" lon="-119.61703"></trkpt>
    <trkpt lat="38.818" lon="-119.61675"></trkpt>
    <trkpt lat="38.81755" lon="-119.61633"></trkpt>
    <trkpt lat="38.81745" lon="-119.61623"></trkpt>
    <trkpt lat="38.81727" lon="-119.61608"></trkpt>
    <trkpt lat="38.81721" lon="-119.61602"></trkpt>
    <trkpt lat="38.81707" lon="-119.6159"></trkpt>
    <trkpt lat="38.81693" lon="-119.6158"></trkpt>
    <trkpt lat="38.8167" lon="-119.61561"></trkpt>
    <trkpt lat="38.8164" lon="-119.61538"></trkpt>
    <trkpt lat="38.81597" lon="-119.61507"></trkpt>
    <trkpt lat="38.81587" lon="-119.61501"></trkpt>
    <trkpt lat="38.81565" lon="-119.61485"></trkpt>
    <trkpt lat="38.81533" lon="-119.61464"></trkpt>
    <trkpt lat="38.8137" lon="-119.61352"></trkpt>
    <trkpt lat="38.81355" lon="-119.61341"></trkpt>
    <trkpt lat="38.81348" lon="-119.61337"></trkpt>
    <trkpt lat="38.81332" lon="-119.61325"></trkpt>
    <trkpt lat="38.81024" lon="-119.61114"></trkpt>
    <trkpt lat="38.81022" lon="-119.61113"></trkpt>
    <trkpt lat="38.81021" lon="-119.61112"></trkpt>
    <trkpt lat="38.80958" lon="-119.61069"></trkpt>
    <trkpt lat="38.80943" lon="-119.61058"></trkpt>
    <trkpt lat="38.80881" lon="-119.61016"></trkpt>
    <trkpt lat="38.80879" lon="-119.61014"></trkpt>
    <trkpt lat="38.80594" lon="-119.60818"></trkpt>
    <trkpt lat="38.80587" lon="-119.60814"></trkpt>
    <trkpt lat="38.80578" lon="-119.60807"></trkpt>
    <trkpt lat="38.80577" lon="-119.60807"></trkpt>
    <trkpt lat="38.80055" lon="-119.60447"></trkpt>
    <trkpt lat="38.80054" lon="-119.60446"></trkpt>
    <trkpt lat="38.80052" lon="-119.60445"></trkpt>
    <trkpt lat="38.79765" lon="-119.60248"></trkpt>
    <trkpt lat="38.7975" lon="-119.60237"></trkpt>
    <trkpt lat="38.79088" lon="-119.59783"></trkpt>
    <trkpt lat="38.79044" lon="-119.59751"></trkpt>
    <trkpt lat="38.79026" lon="-119.59737"></trkpt>
    <trkpt lat="38.78953" lon="-119.59676"></trkpt>
    <trkpt lat="38.78912" lon="-119.59637"></trkpt>
    <trkpt lat="38.78886" lon="-119.59611"></trkpt>
    <trkpt lat="38.78827" lon="-119.59547"></trkpt>
    <trkpt lat="38.78745" lon="-119.59448"></trkpt>
    <trkpt lat="38.78735" lon="-119.59437"></trkpt>
    <trkpt lat="38.78732" lon="-119.59433"></trkpt>
    <trkpt lat="38.78718" lon="-119.59417"></trkpt>
    <trkpt lat="38.78637" lon="-119.59317"></trkpt>
    <trkpt lat="38.78617" lon="-119.59294"></trkpt>
    <trkpt lat="38.78611" lon="-119.59286"></trkpt>
    <trkpt lat="38.78576" lon="-119.59245"></trkpt>
    <trkpt lat="38.78574" lon="-119.59242"></trkpt>
    <trkpt lat="38.78399" lon="-119.5903"></trkpt>
    <trkpt lat="38.78326" lon="-119.58947"></trkpt>
    <trkpt lat="38.7827" lon="-119.58888"></trkpt>
    <trkpt lat="38.78181" lon="-119.588"></trkpt>
    <trkpt lat="38.7814" lon="-119.58763"></trkpt>
    <trkpt lat="38.78092" lon="-119.58722"></trkpt>
    <trkpt lat="38.78019" lon="-119.58663"></trkpt>
    <trkpt lat="38.77908" lon="-119.58582"></trkpt>
    <trkpt lat="38.77798" lon="-119.58515"></trkpt>
    <trkpt lat="38.77616" lon="-119.58411"></trkpt>
    <trkpt lat="38.77608" lon="-119.58407"></trkpt>
    <trkpt lat="38.77059" lon="-119.58094"></trkpt>
    <trkpt lat="38.77053" lon="-119.58091"></trkpt>
    <trkpt lat="38.76755" lon="-119.5792"></trkpt>
    <trkpt lat="38.76667" lon="-119.57875"></trkpt>
    <trkpt lat="38.76259" lon="-119.57681"></trkpt>
    <trkpt lat="38.76071" lon="-119.57594"></trkpt>
    <trkpt lat="38.76041" lon="-119.57577"></trkpt>
    <trkpt lat="38.7604" lon="-119.57576"></trkpt>
    <trkpt lat="38.75906" lon="-119.5751"></trkpt>
    <trkpt lat="38.7589" lon="-119.57501"></trkpt>
    <trkpt lat="38.7584" lon="-119.57475"></trkpt>
    <trkpt lat="38.75839" lon="-119.57475"></trkpt>
    <trkpt lat="38.75734" lon="-119.57412"></trkpt>
    <trkpt lat="38.75704" lon="-119.57393"></trkpt>
    <trkpt lat="38.75649" lon="-119.57356"></trkpt>
    <trkpt lat="38.7563" lon="-119.57342"></trkpt>
    <trkpt lat="38.75543" lon="-119.57282"></trkpt>
    <trkpt lat="38.753" lon="-119.57109"></trkpt>
    <trkpt lat="38.75299" lon="-119.57109"></trkpt>
    <trkpt lat="38.74668" lon="-119.56665"></trkpt>
    <trkpt lat="38.74653" lon="-119.56653"></trkpt>
    <trkpt lat="38.74539" lon="-119.56573"></trkpt>
    <trkpt lat="38.74523" lon="-119.56561"></trkpt>
    <trkpt lat="38.74515" lon="-119.56556"></trkpt>
    <trkpt lat="38.74444" lon="-119.56506"></trkpt>
    <trkpt lat="38.74428" lon="-119.56494"></trkpt>
    <trkpt lat="38.74014" lon="-119.56203"></trkpt>
    <trkpt lat="38.73941" lon="-119.5615"></trkpt>
    <trkpt lat="38.7394" lon="-119.5615"></trkpt>
    <trkpt lat="38.73562" lon="-119.55883"></trkpt>
    <trkpt lat="38.73505" lon="-119.55844"></trkpt>
    <trkpt lat="38.73442" lon="-119.55804"></trkpt>
    <trkpt lat="38.73418" lon="-119.55796"></trkpt>
    <trkpt lat="38.73354" lon="-119.55759"></trkpt>
    <trkpt lat="38.73227" lon="-119.55691"></trkpt>
    <trkpt lat="38.73173" lon="-119.55665"></trkpt>
    <trkpt lat="38.73109" lon="-119.55636"></trkpt>
    <trkpt lat="38.73107" lon="-119.55636"></trkpt>
    <trkpt lat="38.73079" lon="-119.55624"></trkpt>
    <trkpt lat="38.73061" lon="-119.55617"></trkpt>
    <trkpt lat="38.73058" lon="-119.55615"></trkpt>
    <trkpt lat="38.73019" lon="-119.55601"></trkpt>
    <trkpt lat="38.73018" lon="-119.55601"></trkpt>
    <trkpt lat="38.72975" lon="-119.55584"></trkpt>
    <trkpt lat="38.72885" lon="-119.55556"></trkpt>
    <trkpt lat="38.72806" lon="-119.55536"></trkpt>
    <trkpt lat="38.7282" lon="-119.55442"></trkpt>
    <trkpt lat="38.7282" lon="-119.55441"></trkpt>
    <trkpt lat="38.72838" lon="-119.55329"></trkpt>
    <trkpt lat="38.72857" lon="-119.55173"></trkpt>
    <trkpt lat="38.72863" lon="-119.55087"></trkpt>
    <trkpt lat="38.72865" lon="-119.55038"></trkpt>
    <trkpt lat="38.72865" lon="-119.54946"></trkpt>
    <trkpt lat="38.72864" lon="-119.54898"></trkpt>
    <trkpt lat="38.72862" lon="-119.54855"></trkpt>
    <trkpt lat="38.7286" lon="-119.54829"></trkpt>
    <trkpt lat="38.7286" lon="-119.54822"></trkpt>
    <trkpt lat="38.72858" lon="-119.54806"></trkpt>
    <trkpt lat="38.72855" lon="-119.54761"></trkpt>
    <trkpt lat="38.72847" lon="-119.54691"></trkpt>
    <trkpt lat="38.72838" lon="-119.54632"></trkpt>
    <trkpt lat="38.72825" lon="-119.54558"></trkpt>
    <trkpt lat="38.72814" lon="-119.54503"></trkpt>
    <trkpt lat="38.72812" lon="-119.54497"></trkpt>
    <trkpt lat="38.72776" lon="-119.54319"></trkpt>
    <trkpt lat="38.72772" lon="-119.54302"></trkpt>
    <trkpt lat="38.72748" lon="-119.54185"></trkpt>
    <trkpt lat="38.72743" lon="-119.54165"></trkpt>
    <trkpt lat="38.72743" lon="-119.54163"></trkpt>
    <trkpt lat="38.72521" lon="-119.5309"></trkpt>
    <trkpt lat="38.72511" lon="-119.53033"></trkpt>
    <trkpt lat="38.72499" lon="-119.52952"></trkpt>
    <trkpt lat="38.7249" lon="-119.52871"></trkpt>
    <trkpt lat="38.72484" lon="-119.5278"></trkpt>
    <trkpt lat="38.72482" lon="-119.52704"></trkpt>
    <trkpt lat="38.72482" lon="-119.52679"></trkpt>
    <trkpt lat="38.72481" lon="-119.52662"></trkpt>
    <trkpt lat="38.72483" lon="-119.52582"></trkpt>
    <trkpt lat="38.7249" lon="-119.52481"></trkpt>
    <trkpt lat="38.725" lon="-119.52388"></trkpt>
    <trkpt lat="38.72506" lon="-119.52348"></trkpt>
    <trkpt lat="38.7251" lon="-119.52313"></trkpt>
    <trkpt lat="38.72521" lon="-119.5225"></trkpt>
    <trkpt lat="38.72525" lon="-119.52233"></trkpt>
    <trkpt lat="38.72537" lon="-119.52173"></trkpt>
    <trkpt lat="38.7256" lon="-119.52082"></trkpt>
    <trkpt lat="38.72577" lon="-119.52025"></trkpt>
    <trkpt lat="38.72589" lon="-119.51989"></trkpt>
    <trkpt lat="38.72594" lon="-119.51972"></trkpt>
    <trkpt lat="38.72814" lon="-119.51312"></trkpt>
    <trkpt lat="38.72815" lon="-119.51311"></trkpt>
    <trkpt lat="38.72821" lon="-119.51291"></trkpt>
    <trkpt lat="38.72899" lon="-119.51058"></trkpt>
    <trkpt lat="38.729" lon="-119.51054"></trkpt>
    <trkpt lat="38.73017" lon="-119.50702"></trkpt>
    <trkpt lat="38.73034" lon="-119.50654"></trkpt>
    <trkpt lat="38.73202" lon="-119.50152"></trkpt>
    <trkpt lat="38.73217" lon="-119.50103"></trkpt>
    <trkpt lat="38.73285" lon="-119.499"></trkpt>
    <trkpt lat="38.73286" lon="-119.49898"></trkpt>
    <trkpt lat="38.73591" lon="-119.48982"></trkpt>
    <trkpt lat="38.73625" lon="-119.48863"></trkpt>
    <trkpt lat="38.73653" lon="-119.48754"></trkpt>
    <trkpt lat="38.73656" lon="-119.48744"></trkpt>
    <trkpt lat="38.73691" lon="-119.48589"></trkpt>
    <trkpt lat="38.73812" lon="-119.47921"></trkpt>
    <trkpt lat="38.73814" lon="-119.47912"></trkpt>
    <trkpt lat="38.73848" lon="-119.47724"></trkpt>
    <trkpt lat="38.73848" lon="-119.47722"></trkpt>
    <trkpt lat="38.74038" lon="-119.46666"></trkpt>
    <trkpt lat="38.74042" lon="-119.46649"></trkpt>
    <trkpt lat="38.74176" lon="-119.45902"></trkpt>
    <trkpt lat="38.74179" lon="-119.45888"></trkpt>
    <trkpt lat="38.74271" lon="-119.4537"></trkpt>
    <trkpt lat="38.74271" lon="-119.45369"></trkpt>
    <trkpt lat="38.74287" lon="-119.4528"></trkpt>
    <trkpt lat="38.74287" lon="-119.45279"></trkpt>
    <trkpt lat="38.74291" lon="-119.45258"></trkpt>
    <trkpt lat="38.74292" lon="-119.45256"></trkpt>
    <trkpt lat="38.74315" lon="-119.45134"></trkpt>
    <trkpt lat="38.74326" lon="-119.45083"></trkpt>
    <trkpt lat="38.74349" lon="-119.4499"></trkpt>
    <trkpt lat="38.74366" lon="-119.44935"></trkpt>
    <trkpt lat="38.74381" lon="-119.44892"></trkpt>
    <trkpt lat="38.74408" lon="-119.44822"></trkpt>
    <trkpt lat="38.74409" lon="-119.44821"></trkpt>
    <trkpt lat="38.74411" lon="-119.44813"></trkpt>
    <trkpt lat="38.74437" lon="-119.44745"></trkpt>
    <trkpt lat="38.74453" lon="-119.44708"></trkpt>
    <trkpt lat="38.7448" lon="-119.44652"></trkpt>
    <trkpt lat="38.745" lon="-119.44613"></trkpt>
    <trkpt lat="38.74532" lon="-119.44554"></trkpt>
    <trkpt lat="38.74546" lon="-119.4453"></trkpt>
    <trkpt lat="38.74555" lon="-119.44516"></trkpt>
    <trkpt lat="38.74557" lon="-119.44512"></trkpt>
    <trkpt lat="38.74594" lon="-119.44454"></trkpt>
    <trkpt lat="38.74606" lon="-119.44438"></trkpt>
    <trkpt lat="38.74615" lon="-119.44424"></trkpt>
    <trkpt lat="38.74618" lon="-119.44421"></trkpt>
    <trkpt lat="38.74659" lon="-119.44361"></trkpt>
    <trkpt lat="38.74832" lon="-119.44116"></trkpt>
    <trkpt lat="38.74834" lon="-119.44112"></trkpt>
    <trkpt lat="38.75597" lon="-119.4303"></trkpt>
    <trkpt lat="38.75598" lon="-119.43029"></trkpt>
    <trkpt lat="38.75607" lon="-119.43015"></trkpt>
    <trkpt lat="38.75609" lon="-119.43013"></trkpt>
    <trkpt lat="38.75775" lon="-119.42777"></trkpt>
    <trkpt lat="38.75827" lon="-119.42694"></trkpt>
    <trkpt lat="38.75862" lon="-119.42626"></trkpt>
    <trkpt lat="38.75894" lon="-119.42552"></trkpt>
    <trkpt lat="38.75929" lon="-119.42449"></trkpt>
    <trkpt lat="38.75944" lon="-119.42391"></trkpt>
    <trkpt lat="38.75945" lon="-119.42383"></trkpt>
    <trkpt lat="38.75951" lon="-119.42361"></trkpt>
    <trkpt lat="38.75955" lon="-119.42339"></trkpt>
    <trkpt lat="38.75956" lon="-119.42339"></trkpt>
    <trkpt lat="38.75962" lon="-119.42306"></trkpt>
    <trkpt lat="38.75976" lon="-119.42205"></trkpt>
    <trkpt lat="38.7601" lon="-119.41934"></trkpt>
    <trkpt lat="38.76017" lon="-119.41888"></trkpt>
    <trkpt lat="38.76018" lon="-119.41884"></trkpt>
    <trkpt lat="38.76039" lon="-119.4177"></trkpt>
    <trkpt lat="38.76049" lon="-119.41726"></trkpt>
    <trkpt lat="38.76063" lon="-119.41672"></trkpt>
    <trkpt lat="38.76082" lon="-119.41606"></trkpt>
    <trkpt lat="38.76084" lon="-119.41597"></trkpt>
    <trkpt lat="38.7625" lon="-119.41054"></trkpt>
    <trkpt lat="38.76257" lon="-119.41028"></trkpt>
    <trkpt lat="38.76262" lon="-119.41003"></trkpt>
    <trkpt lat="38.76266" lon="-119.40977"></trkpt>
    <trkpt lat="38.76269" lon="-119.40952"></trkpt>
    <trkpt lat="38.76272" lon="-119.40903"></trkpt>
    <trkpt lat="38.76272" lon="-119.40852"></trkpt>
    <trkpt lat="38.76268" lon="-119.40795"></trkpt>
    <trkpt lat="38.76237" lon="-119.40606"></trkpt>
    <trkpt lat="38.76232" lon="-119.40569"></trkpt>
    <trkpt lat="38.76226" lon="-119.40534"></trkpt>
    <trkpt lat="38.76224" lon="-119.4051"></trkpt>
    <trkpt lat="38.76222" lon="-119.40464"></trkpt>
    <trkpt lat="38.76222" lon="-119.40442"></trkpt>
    <trkpt lat="38.76223" lon="-119.40414"></trkpt>
    <trkpt lat="38.7623" lon="-119.40348"></trkpt>
    <trkpt lat="38.76234" lon="-119.40328"></trkpt>
    <trkpt lat="38.76239" lon="-119.40307"></trkpt>
    <trkpt lat="38.76239" lon="-119.40304"></trkpt>
    <trkpt lat="38.76244" lon="-119.40287"></trkpt>
    <trkpt lat="38.76249" lon="-119.40266"></trkpt>
    <trkpt lat="38.76251" lon="-119.40261"></trkpt>
    <trkpt lat="38.76258" lon="-119.4024"></trkpt>
    <trkpt lat="38.76268" lon="-119.40213"></trkpt>
    <trkpt lat="38.7628" lon="-119.40186"></trkpt>
    <trkpt lat="38.76284" lon="-119.40179"></trkpt>
    <trkpt lat="38.76292" lon="-119.40162"></trkpt>
    <trkpt lat="38.76294" lon="-119.40159"></trkpt>
    <trkpt lat="38.7631" lon="-119.4013"></trkpt>
    <trkpt lat="38.76316" lon="-119.40122"></trkpt>
    <trkpt lat="38.76327" lon="-119.40105"></trkpt>
    <trkpt lat="38.76327" lon="-119.40104"></trkpt>
    <trkpt lat="38.76332" lon="-119.40097"></trkpt>
    <trkpt lat="38.76352" lon="-119.40072"></trkpt>
    <trkpt lat="38.76468" lon="-119.39947"></trkpt>
    <trkpt lat="38.765" lon="-119.39911"></trkpt>
    <trkpt lat="38.76503" lon="-119.39908"></trkpt>
    <trkpt lat="38.76541" lon="-119.39859"></trkpt>
    <trkpt lat="38.76551" lon="-119.39843"></trkpt>
    <trkpt lat="38.76552" lon="-119.39841"></trkpt>
    <trkpt lat="38.76553" lon="-119.3984"></trkpt>
    <trkpt lat="38.76583" lon="-119.39789"></trkpt>
    <trkpt lat="38.766" lon="-119.39753"></trkpt>
    <trkpt lat="38.76615" lon="-119.39718"></trkpt>
    <trkpt lat="38.76637" lon="-119.39658"></trkpt>
    <trkpt lat="38.76645" lon="-119.39631"></trkpt>
    <trkpt lat="38.76647" lon="-119.3962"></trkpt>
    <trkpt lat="38.76653" lon="-119.39598"></trkpt>
    <trkpt lat="38.76656" lon="-119.39589"></trkpt>
    <trkpt lat="38.76662" lon="-119.39555"></trkpt>
    <trkpt lat="38.76662" lon="-119.39554"></trkpt>
    <trkpt lat="38.76669" lon="-119.39509"></trkpt>
    <trkpt lat="38.76676" lon="-119.39438"></trkpt>
    <trkpt lat="38.76676" lon="-119.3937"></trkpt>
    <trkpt lat="38.76675" lon="-119.39357"></trkpt>
    <trkpt lat="38.76674" lon="-119.3933"></trkpt>
    <trkpt lat="38.76673" lon="-119.39325"></trkpt>
    <trkpt lat="38.76672" lon="-119.39311"></trkpt>
    <trkpt lat="38.76665" lon="-119.39255"></trkpt>
    <trkpt lat="38.76658" lon="-119.39215"></trkpt>
    <trkpt lat="38.76653" lon="-119.39193"></trkpt>
    <trkpt lat="38.76651" lon="-119.39186"></trkpt>
    <trkpt lat="38.7665" lon="-119.3918"></trkpt>
    <trkpt lat="38.76646" lon="-119.39167"></trkpt>
    <trkpt lat="38.76646" lon="-119.39165"></trkpt>
    <trkpt lat="38.76622" lon="-119.39093"></trkpt>
    <trkpt lat="38.76614" lon="-119.39072"></trkpt>
    <trkpt lat="38.766" lon="-119.39041"></trkpt>
    <trkpt lat="38.76569" lon="-119.3898"></trkpt>
    <trkpt lat="38.7656" lon="-119.38966"></trkpt>
    <trkpt lat="38.76539" lon="-119.38929"></trkpt>
    <trkpt lat="38.76494" lon="-119.38874"></trkpt>
    <trkpt lat="38.76475" lon="-119.38854"></trkpt>
    <trkpt lat="38.76473" lon="-119.38851"></trkpt>
    <trkpt lat="38.76469" lon="-119.38848"></trkpt>
    <trkpt lat="38.76454" lon="-119.38833"></trkpt>
    <trkpt lat="38.76432" lon="-119.38813"></trkpt>
    <trkpt lat="38.76421" lon="-119.38805"></trkpt>
    <trkpt lat="38.76414" lon="-119.38798"></trkpt>
    <trkpt lat="38.76399" lon="-119.38786"></trkpt>
    <trkpt lat="38.76396" lon="-119.38784"></trkpt>
    <trkpt lat="38.76353" lon="-119.38748"></trkpt>
    <trkpt lat="38.7635" lon="-119.38745"></trkpt>
    <trkpt lat="38.76338" lon="-119.38736"></trkpt>
    <trkpt lat="38.76296" lon="-119.387"></trkpt>
    <trkpt lat="38.7629" lon="-119.38694"></trkpt>
    <trkpt lat="38.76285" lon="-119.3869"></trkpt>
    <trkpt lat="38.76275" lon="-119.38681"></trkpt>
    <trkpt lat="38.76243" lon="-119.38649"></trkpt>
    <trkpt lat="38.76224" lon="-119.38627"></trkpt>
    <trkpt lat="38.7621" lon="-119.38609"></trkpt>
    <trkpt lat="38.76192" lon="-119.38584"></trkpt>
    <trkpt lat="38.76191" lon="-119.38583"></trkpt>
    <trkpt lat="38.76175" lon="-119.38558"></trkpt>
    <trkpt lat="38.76174" lon="-119.38557"></trkpt>
    <trkpt lat="38.76154" lon="-119.38524"></trkpt>
    <trkpt lat="38.7614" lon="-119.38496"></trkpt>
    <trkpt lat="38.76138" lon="-119.38491"></trkpt>
    <trkpt lat="38.76137" lon="-119.38491"></trkpt>
    <trkpt lat="38.76131" lon="-119.38478"></trkpt>
    <trkpt lat="38.76131" lon="-119.38477"></trkpt>
    <trkpt lat="38.76128" lon="-119.38472"></trkpt>
    <trkpt lat="38.76124" lon="-119.38464"></trkpt>
    <trkpt lat="38.76121" lon="-119.38459"></trkpt>
    <trkpt lat="38.76119" lon="-119.38454"></trkpt>
    <trkpt lat="38.761" lon="-119.38416"></trkpt>
    <trkpt lat="38.76095" lon="-119.38405"></trkpt>
    <trkpt lat="38.76092" lon="-119.384"></trkpt>
    <trkpt lat="38.7609" lon="-119.38395"></trkpt>
    <trkpt lat="38.75976" lon="-119.38165"></trkpt>
    <trkpt lat="38.75955" lon="-119.38125"></trkpt>
    <trkpt lat="38.75935" lon="-119.38092"></trkpt>
    <trkpt lat="38.75859" lon="-119.37991"></trkpt>
    <trkpt lat="38.75836" lon="-119.37964"></trkpt>
    <trkpt lat="38.75671" lon="-119.37757"></trkpt>
    <trkpt lat="38.75604" lon="-119.37677"></trkpt>
    <trkpt lat="38.75602" lon="-119.37675"></trkpt>
    <trkpt lat="38.75571" lon="-119.37634"></trkpt>
    <trkpt lat="38.75492" lon="-119.37517"></trkpt>
    <trkpt lat="38.75454" lon="-119.37463"></trkpt>
    <trkpt lat="38.75452" lon="-119.37458"></trkpt>
    <trkpt lat="38.75384" lon="-119.37361"></trkpt>
    <trkpt lat="38.75377" lon="-119.3735"></trkpt>
    <trkpt lat="38.7534" lon="-119.37296"></trkpt>
    <trkpt lat="38.75339" lon="-119.37295"></trkpt>
    <trkpt lat="38.75263" lon="-119.37183"></trkpt>
    <trkpt lat="38.75255" lon="-119.37172"></trkpt>
    <trkpt lat="38.75223" lon="-119.37121"></trkpt>
    <trkpt lat="38.75218" lon="-119.37111"></trkpt>
    <trkpt lat="38.75209" lon="-119.37076"></trkpt>
    <trkpt lat="38.75207" lon="-119.37064"></trkpt>
    <trkpt lat="38.75206" lon="-119.37051"></trkpt>
    <trkpt lat="38.75207" lon="-119.37037"></trkpt>
    <trkpt lat="38.75209" lon="-119.37022"></trkpt>
    <trkpt lat="38.75218" lon="-119.36994"></trkpt>
    <trkpt lat="38.75239" lon="-119.36956"></trkpt>
    <trkpt lat="38.75268" lon="-119.36937"></trkpt>
    <trkpt lat="38.75312" lon="-119.3691"></trkpt>
    <trkpt lat="38.75316" lon="-119.36907"></trkpt>
    <trkpt lat="38.7532" lon="-119.36905"></trkpt>
    <trkpt lat="38.75466" lon="-119.36817"></trkpt>
    <trkpt lat="38.75467" lon="-119.36817"></trkpt>
    <trkpt lat="38.75482" lon="-119.36807"></trkpt>
    <trkpt lat="38.75547" lon="-119.36768"></trkpt>
    <trkpt lat="38.75555" lon="-119.36764"></trkpt>
    <trkpt lat="38.75559" lon="-119.36761"></trkpt>
    <trkpt lat="38.75613" lon="-119.36729"></trkpt>
    <trkpt lat="38.75688" lon="-119.36682"></trkpt>
    <trkpt lat="38.75694" lon="-119.36679"></trkpt>
    <trkpt lat="38.75704" lon="-119.36672"></trkpt>
    <trkpt lat="38.7571" lon="-119.36669"></trkpt>
    <trkpt lat="38.75753" lon="-119.36642"></trkpt>
    <trkpt lat="38.758" lon="-119.36607"></trkpt>
    <trkpt lat="38.75803" lon="-119.36604"></trkpt>
    <trkpt lat="38.75807" lon="-119.36601"></trkpt>
    <trkpt lat="38.75809" lon="-119.366"></trkpt>
    <trkpt lat="38.75811" lon="-119.36598"></trkpt>
    <trkpt lat="38.75885" lon="-119.36539"></trkpt>
    <trkpt lat="38.75921" lon="-119.36508"></trkpt>
    <trkpt lat="38.75935" lon="-119.36495"></trkpt>
    <trkpt lat="38.75936" lon="-119.36495"></trkpt>
    <trkpt lat="38.75946" lon="-119.36484"></trkpt>
    <trkpt lat="38.75947" lon="-119.36484"></trkpt>
    <trkpt lat="38.75974" lon="-119.36458"></trkpt>
    <trkpt lat="38.76048" lon="-119.3638"></trkpt>
    <trkpt lat="38.76116" lon="-119.36305"></trkpt>
    <trkpt lat="38.76142" lon="-119.3628"></trkpt>
    <trkpt lat="38.76163" lon="-119.36261"></trkpt>
    <trkpt lat="38.7619" lon="-119.36239"></trkpt>
    <trkpt lat="38.76206" lon="-119.36227"></trkpt>
    <trkpt lat="38.76239" lon="-119.36206"></trkpt>
    <trkpt lat="38.76282" lon="-119.36182"></trkpt>
    <trkpt lat="38.76308" lon="-119.36169"></trkpt>
    <trkpt lat="38.76339" lon="-119.36157"></trkpt>
    <trkpt lat="38.76343" lon="-119.36155"></trkpt>
    <trkpt lat="38.76351" lon="-119.36153"></trkpt>
    <trkpt lat="38.76352" lon="-119.36152"></trkpt>
    <trkpt lat="38.76374" lon="-119.36146"></trkpt>
    <trkpt lat="38.76392" lon="-119.3614"></trkpt>
    <trkpt lat="38.7644" lon="-119.36129"></trkpt>
    <trkpt lat="38.76441" lon="-119.36129"></trkpt>
    <trkpt lat="38.76444" lon="-119.36128"></trkpt>
    <trkpt lat="38.76457" lon="-119.36127"></trkpt>
    <trkpt lat="38.76462" lon="-119.36126"></trkpt>
    <trkpt lat="38.76472" lon="-119.36125"></trkpt>
    <trkpt lat="38.7648" lon="-119.36125"></trkpt>
    <trkpt lat="38.76512" lon="-119.36123"></trkpt>
    <trkpt lat="38.76588" lon="-119.36123"></trkpt>
    <trkpt lat="38.76637" lon="-119.36122"></trkpt>
    <trkpt lat="38.7717" lon="-119.36122"></trkpt>
    <trkpt lat="38.77181" lon="-119.36121"></trkpt>
    <trkpt lat="38.77196" lon="-119.36121"></trkpt>
    <trkpt lat="38.77212" lon="-119.36119"></trkpt>
    <trkpt lat="38.77232" lon="-119.36112"></trkpt>
    <trkpt lat="38.77247" lon="-119.36104"></trkpt>
    <trkpt lat="38.7726" lon="-119.36096"></trkpt>
    <trkpt lat="38.77277" lon="-119.36081"></trkpt>
    <trkpt lat="38.77283" lon="-119.36074"></trkpt>
    <trkpt lat="38.77298" lon="-119.36053"></trkpt>
    <trkpt lat="38.77318" lon="-119.36022"></trkpt>
    <trkpt lat="38.77363" lon="-119.35942"></trkpt>
    <trkpt lat="38.77374" lon="-119.35924"></trkpt>
    <trkpt lat="38.7749" lon="-119.35719"></trkpt>
    <trkpt lat="38.77519" lon="-119.3567"></trkpt>
    <trkpt lat="38.77646" lon="-119.35446"></trkpt>
    <trkpt lat="38.77647" lon="-119.35446"></trkpt>
    <trkpt lat="38.77838" lon="-119.35111"></trkpt>
    <trkpt lat="38.77848" lon="-119.35092"></trkpt>
    <trkpt lat="38.77902" lon="-119.34999"></trkpt>
    <trkpt lat="38.77912" lon="-119.3498"></trkpt>
    <trkpt lat="38.78103" lon="-119.34646"></trkpt>
    <trkpt lat="38.78103" lon="-119.34645"></trkpt>
    <trkpt lat="38.78114" lon="-119.34627"></trkpt>
    <trkpt lat="38.78191" lon="-119.3449"></trkpt>
    <trkpt lat="38.78232" lon="-119.34413"></trkpt>
    <trkpt lat="38.7825" lon="-119.34374"></trkpt>
    <trkpt lat="38.78255" lon="-119.34362"></trkpt>
    <trkpt lat="38.78329" lon="-119.34144"></trkpt>
    <trkpt lat="38.78337" lon="-119.34123"></trkpt>
    <trkpt lat="38.78565" lon="-119.33457"></trkpt>
    <trkpt lat="38.78569" lon="-119.33444"></trkpt>
    <trkpt lat="38.78577" lon="-119.33423"></trkpt>
    <trkpt lat="38.78591" lon="-119.33381"></trkpt>
    <trkpt lat="38.78594" lon="-119.33374"></trkpt>
    <trkpt lat="38.78598" lon="-119.3336"></trkpt>
    <trkpt lat="38.78692" lon="-119.33085"></trkpt>
    <trkpt lat="38.787" lon="-119.33064"></trkpt>
    <trkpt lat="38.78722" lon="-119.33001"></trkpt>
    <trkpt lat="38.78724" lon="-119.32994"></trkpt>
    <trkpt lat="38.78739" lon="-119.32963"></trkpt>
    <trkpt lat="38.78748" lon="-119.3295"></trkpt>
    <trkpt lat="38.7876" lon="-119.32934"></trkpt>
    <trkpt lat="38.78773" lon="-119.32921"></trkpt>
    <trkpt lat="38.78795" lon="-119.32904"></trkpt>
    <trkpt lat="38.78817" lon="-119.32894"></trkpt>
    <trkpt lat="38.7883" lon="-119.3289"></trkpt>
    <trkpt lat="38.79706" lon="-119.32889"></trkpt>
    <trkpt lat="38.7971" lon="-119.3289"></trkpt>
    <trkpt lat="38.7994" lon="-119.3289"></trkpt>
    <trkpt lat="38.79971" lon="-119.32891"></trkpt>
    <trkpt lat="38.79981" lon="-119.32888"></trkpt>
    <trkpt lat="38.79989" lon="-119.32885"></trkpt>
    <trkpt lat="38.79995" lon="-119.32882"></trkpt>
    <trkpt lat="38.80002" lon="-119.32875"></trkpt>
    <trkpt lat="38.80009" lon="-119.32869"></trkpt>
    <trkpt lat="38.80017" lon="-119.3286"></trkpt>
    <trkpt lat="38.80023" lon="-119.32851"></trkpt>
    <trkpt lat="38.80032" lon="-119.32834"></trkpt>
    <trkpt lat="38.80038" lon="-119.32817"></trkpt>
    <trkpt lat="38.80041" lon="-119.32807"></trkpt>
    <trkpt lat="38.80044" lon="-119.32794"></trkpt>
    <trkpt lat="38.80046" lon="-119.32066"></trkpt>
    <trkpt lat="38.8005" lon="-119.32012"></trkpt>
    <trkpt lat="38.80051" lon="-119.3201"></trkpt>
    <trkpt lat="38.80055" lon="-119.3199"></trkpt>
    <trkpt lat="38.80055" lon="-119.31989"></trkpt>
    <trkpt lat="38.80073" lon="-119.31928"></trkpt>
    <trkpt lat="38.80084" lon="-119.31902"></trkpt>
    <trkpt lat="38.80087" lon="-119.31897"></trkpt>
    <trkpt lat="38.80093" lon="-119.31884"></trkpt>
    <trkpt lat="38.80109" lon="-119.31857"></trkpt>
    <trkpt lat="38.80116" lon="-119.31844"></trkpt>
    <trkpt lat="38.80153" lon="-119.31783"></trkpt>
    <trkpt lat="38.80163" lon="-119.31765"></trkpt>
    <trkpt lat="38.80168" lon="-119.31757"></trkpt>
    <trkpt lat="38.80173" lon="-119.31746"></trkpt>
    <trkpt lat="38.80173" lon="-119.31745"></trkpt>
    <trkpt lat="38.80181" lon="-119.31729"></trkpt>
    <trkpt lat="38.80182" lon="-119.31725"></trkpt>
    <trkpt lat="38.80193" lon="-119.31697"></trkpt>
    <trkpt lat="38.80197" lon="-119.31684"></trkpt>
    <trkpt lat="38.80197" lon="-119.31683"></trkpt>
    <trkpt lat="38.80199" lon="-119.31678"></trkpt>
    <trkpt lat="38.80207" lon="-119.31646"></trkpt>
    <trkpt lat="38.80209" lon="-119.3164"></trkpt>
    <trkpt lat="38.80212" lon="-119.3162"></trkpt>
    <trkpt lat="38.80213" lon="-119.31617"></trkpt>
    <trkpt lat="38.80215" lon="-119.31599"></trkpt>
    <trkpt lat="38.80215" lon="-119.31594"></trkpt>
    <trkpt lat="38.80217" lon="-119.31584"></trkpt>
    <trkpt lat="38.80217" lon="-119.31569"></trkpt>
    <trkpt lat="38.80218" lon="-119.3156"></trkpt>
    <trkpt lat="38.80218" lon="-119.3141"></trkpt>
    <trkpt lat="38.80217" lon="-119.31387"></trkpt>
    <trkpt lat="38.80214" lon="-119.30744"></trkpt>
    <trkpt lat="38.80215" lon="-119.30741"></trkpt>
    <trkpt lat="38.80214" lon="-119.30717"></trkpt>
    <trkpt lat="38.80201" lon="-119.27798"></trkpt>
    <trkpt lat="38.80202" lon="-119.27755"></trkpt>
    <trkpt lat="38.80204" lon="-119.27717"></trkpt>
    <trkpt lat="38.8021" lon="-119.27647"></trkpt>
    <trkpt lat="38.80219" lon="-119.27572"></trkpt>
    <trkpt lat="38.80236" lon="-119.27476"></trkpt>
    <trkpt lat="38.80259" lon="-119.27376"></trkpt>
    <trkpt lat="38.80291" lon="-119.27271"></trkpt>
    <trkpt lat="38.8031" lon="-119.27217"></trkpt>
    <trkpt lat="38.80311" lon="-119.27215"></trkpt>
    <trkpt lat="38.80329" lon="-119.2717"></trkpt>
    <trkpt lat="38.80352" lon="-119.27117"></trkpt>
    <trkpt lat="38.80394" lon="-119.27032"></trkpt>
    <trkpt lat="38.80429" lon="-119.26971"></trkpt>
    <trkpt lat="38.80487" lon="-119.26876"></trkpt>
    <trkpt lat="38.8049" lon="-119.2687"></trkpt>
    <trkpt lat="38.80501" lon="-119.26852"></trkpt>
    <trkpt lat="38.80501" lon="-119.26851"></trkpt>
    <trkpt lat="38.80518" lon="-119.26824"></trkpt>
    <trkpt lat="38.80801" lon="-119.26352"></trkpt>
    <trkpt lat="38.80809" lon="-119.2634"></trkpt>
    <trkpt lat="38.80866" lon="-119.26243"></trkpt>
    <trkpt lat="38.80883" lon="-119.26212"></trkpt>
    <trkpt lat="38.80904" lon="-119.2617"></trkpt>
    <trkpt lat="38.80929" lon="-119.26113"></trkpt>
    <trkpt lat="38.80953" lon="-119.2605"></trkpt>
    <trkpt lat="38.80971" lon="-119.25991"></trkpt>
    <trkpt lat="38.80987" lon="-119.25931"></trkpt>
    <trkpt lat="38.81" lon="-119.2587"></trkpt>
    <trkpt lat="38.81015" lon="-119.25765"></trkpt>
    <trkpt lat="38.81015" lon="-119.2576"></trkpt>
    <trkpt lat="38.81017" lon="-119.25744"></trkpt>
    <trkpt lat="38.81019" lon="-119.25714"></trkpt>
    <trkpt lat="38.8102" lon="-119.25709"></trkpt>
    <trkpt lat="38.81021" lon="-119.25692"></trkpt>
    <trkpt lat="38.81021" lon="-119.25668"></trkpt>
    <trkpt lat="38.81022" lon="-119.25636"></trkpt>
    <trkpt lat="38.81021" lon="-119.25576"></trkpt>
    <trkpt lat="38.8102" lon="-119.25562"></trkpt>
    <trkpt lat="38.8102" lon="-119.25553"></trkpt>
    <trkpt lat="38.81003" lon="-119.25354"></trkpt>
    <trkpt lat="38.80997" lon="-119.25301"></trkpt>
    <trkpt lat="38.80989" lon="-119.25209"></trkpt>
    <trkpt lat="38.80989" lon="-119.25205"></trkpt>
    <trkpt lat="38.80976" lon="-119.25076"></trkpt>
    <trkpt lat="38.80976" lon="-119.25072"></trkpt>
    <trkpt lat="38.80945" lon="-119.24744"></trkpt>
    <trkpt lat="38.80944" lon="-119.24739"></trkpt>
    <trkpt lat="38.80915" lon="-119.24423"></trkpt>
    <trkpt lat="38.80912" lon="-119.244"></trkpt>
    <trkpt lat="38.80861" lon="-119.2385"></trkpt>
    <trkpt lat="38.80858" lon="-119.23827"></trkpt>
    <trkpt lat="38.80833" lon="-119.23554"></trkpt>
    <trkpt lat="38.8083" lon="-119.23531"></trkpt>
    <trkpt lat="38.8083" lon="-119.23524"></trkpt>
    <trkpt lat="38.8082" lon="-119.23416"></trkpt>
    <trkpt lat="38.80819" lon="-119.23409"></trkpt>
    <trkpt lat="38.8081" lon="-119.23318"></trkpt>
    <trkpt lat="38.80807" lon="-119.23279"></trkpt>
    <trkpt lat="38.80804" lon="-119.23256"></trkpt>
    <trkpt lat="38.80804" lon="-119.23249"></trkpt>
    <trkpt lat="38.80787" lon="-119.23073"></trkpt>
    <trkpt lat="38.80786" lon="-119.23066"></trkpt>
    <trkpt lat="38.80785" lon="-119.2305"></trkpt>
    <trkpt lat="38.80785" lon="-119.23046"></trkpt>
    <trkpt lat="38.80778" lon="-119.22977"></trkpt>
    <trkpt lat="38.80778" lon="-119.22975"></trkpt>
    <trkpt lat="38.80775" lon="-119.22947"></trkpt>
    <trkpt lat="38.80774" lon="-119.22931"></trkpt>
    <trkpt lat="38.80772" lon="-119.22912"></trkpt>
    <trkpt lat="38.80772" lon="-119.22906"></trkpt>
    <trkpt lat="38.80764" lon="-119.22831"></trkpt>
    <trkpt lat="38.80759" lon="-119.22768"></trkpt>
    <trkpt lat="38.80756" lon="-119.22745"></trkpt>
    <trkpt lat="38.80748" lon="-119.2266"></trkpt>
    <trkpt lat="38.80747" lon="-119.22654"></trkpt>
    <trkpt lat="38.80747" lon="-119.22648"></trkpt>
    <trkpt lat="38.80746" lon="-119.22642"></trkpt>
    <trkpt lat="38.80745" lon="-119.22622"></trkpt>
    <trkpt lat="38.80738" lon="-119.22545"></trkpt>
    <trkpt lat="38.80737" lon="-119.22539"></trkpt>
    <trkpt lat="38.80737" lon="-119.22534"></trkpt>
    <trkpt lat="38.80736" lon="-119.22528"></trkpt>
    <trkpt lat="38.80736" lon="-119.22523"></trkpt>
    <trkpt lat="38.80734" lon="-119.225"></trkpt>
    <trkpt lat="38.80733" lon="-119.22479"></trkpt>
    <trkpt lat="38.80734" lon="-119.22461"></trkpt>
    <trkpt lat="38.80734" lon="-119.22454"></trkpt>
    <trkpt lat="38.80736" lon="-119.22435"></trkpt>
    <trkpt lat="38.80736" lon="-119.2243"></trkpt>
    <trkpt lat="38.80737" lon="-119.22424"></trkpt>
    <trkpt lat="38.80737" lon="-119.22419"></trkpt>
    <trkpt lat="38.80738" lon="-119.22412"></trkpt>
    <trkpt lat="38.80739" lon="-119.22408"></trkpt>
    <trkpt lat="38.8074" lon="-119.224"></trkpt>
    <trkpt lat="38.80746" lon="-119.22371"></trkpt>
    <trkpt lat="38.80751" lon="-119.22352"></trkpt>
    <trkpt lat="38.80753" lon="-119.22346"></trkpt>
    <trkpt lat="38.80754" lon="-119.22342"></trkpt>
    <trkpt lat="38.80756" lon="-119.22336"></trkpt>
    <trkpt lat="38.80756" lon="-119.22334"></trkpt>
    <trkpt lat="38.8076" lon="-119.22321"></trkpt>
    <trkpt lat="38.8076" lon="-119.2232"></trkpt>
    <trkpt lat="38.80766" lon="-119.22305"></trkpt>
    <trkpt lat="38.80781" lon="-119.22271"></trkpt>
    <trkpt lat="38.80795" lon="-119.22246"></trkpt>
    <trkpt lat="38.80813" lon="-119.22218"></trkpt>
    <trkpt lat="38.80825" lon="-119.22203"></trkpt>
    <trkpt lat="38.80826" lon="-119.22201"></trkpt>
    <trkpt lat="38.80839" lon="-119.22188"></trkpt>
    <trkpt lat="38.80846" lon="-119.22179"></trkpt>
    <trkpt lat="38.80887" lon="-119.2214"></trkpt>
    <trkpt lat="38.80892" lon="-119.22136"></trkpt>
    <trkpt lat="38.80934" lon="-119.22096"></trkpt>
    <trkpt lat="38.81044" lon="-119.21995"></trkpt>
    <trkpt lat="38.8106" lon="-119.21977"></trkpt>
    <trkpt lat="38.81063" lon="-119.21972"></trkpt>
    <trkpt lat="38.81073" lon="-119.21958"></trkpt>
    <trkpt lat="38.8109" lon="-119.21924"></trkpt>
    <trkpt lat="38.81121" lon="-119.2185"></trkpt>
    <trkpt lat="38.81126" lon="-119.2184"></trkpt>
    <trkpt lat="38.81137" lon="-119.21813"></trkpt>
    <trkpt lat="38.81148" lon="-119.21789"></trkpt>
    <trkpt lat="38.81166" lon="-119.21758"></trkpt>
    <trkpt lat="38.81176" lon="-119.21744"></trkpt>
    <trkpt lat="38.81219" lon="-119.21694"></trkpt>
    <trkpt lat="38.81221" lon="-119.21692"></trkpt>
    <trkpt lat="38.81239" lon="-119.21667"></trkpt>
    <trkpt lat="38.81258" lon="-119.21638"></trkpt>
    <trkpt lat="38.81264" lon="-119.21627"></trkpt>
    <trkpt lat="38.81273" lon="-119.21608"></trkpt>
    <trkpt lat="38.81283" lon="-119.21583"></trkpt>
    <trkpt lat="38.81285" lon="-119.2158"></trkpt>
    <trkpt lat="38.81289" lon="-119.21567"></trkpt>
    <trkpt lat="38.81291" lon="-119.21562"></trkpt>
    <trkpt lat="38.81291" lon="-119.21561"></trkpt>
    <trkpt lat="38.81298" lon="-119.21542"></trkpt>
    <trkpt lat="38.81298" lon="-119.21541"></trkpt>
    <trkpt lat="38.81325" lon="-119.21461"></trkpt>
    <trkpt lat="38.81339" lon="-119.21416"></trkpt>
    <trkpt lat="38.81386" lon="-119.21278"></trkpt>
    <trkpt lat="38.81393" lon="-119.21254"></trkpt>
    <trkpt lat="38.81419" lon="-119.21175"></trkpt>
    <trkpt lat="38.81428" lon="-119.21145"></trkpt>
    <trkpt lat="38.81438" lon="-119.21116"></trkpt>
    <trkpt lat="38.81438" lon="-119.21115"></trkpt>
    <trkpt lat="38.81446" lon="-119.21097"></trkpt>
    <trkpt lat="38.81455" lon="-119.21079"></trkpt>
    <trkpt lat="38.81459" lon="-119.21072"></trkpt>
    <trkpt lat="38.81463" lon="-119.21066"></trkpt>
    <trkpt lat="38.81467" lon="-119.21061"></trkpt>
    <trkpt lat="38.81469" lon="-119.21059"></trkpt>
    <trkpt lat="38.81492" lon="-119.2103"></trkpt>
    <trkpt lat="38.81567" lon="-119.20945"></trkpt>
    <trkpt lat="38.81603" lon="-119.20902"></trkpt>
    <trkpt lat="38.81621" lon="-119.20886"></trkpt>
    <trkpt lat="38.81631" lon="-119.20879"></trkpt>
    <trkpt lat="38.81648" lon="-119.20871"></trkpt>
    <trkpt lat="38.81649" lon="-119.20871"></trkpt>
    <trkpt lat="38.81655" lon="-119.20868"></trkpt>
    <trkpt lat="38.81663" lon="-119.20866"></trkpt>
    <trkpt lat="38.81666" lon="-119.20865"></trkpt>
    <trkpt lat="38.81691" lon="-119.20862"></trkpt>
    <trkpt lat="38.81729" lon="-119.20855"></trkpt>
    <trkpt lat="38.8174" lon="-119.20851"></trkpt>
    <trkpt lat="38.81747" lon="-119.20847"></trkpt>
    <trkpt lat="38.81754" lon="-119.20844"></trkpt>
    <trkpt lat="38.81759" lon="-119.20841"></trkpt>
    <trkpt lat="38.81777" lon="-119.20827"></trkpt>
    <trkpt lat="38.81794" lon="-119.20809"></trkpt>
    <trkpt lat="38.81806" lon="-119.20793"></trkpt>
    <trkpt lat="38.81823" lon="-119.20764"></trkpt>
    <trkpt lat="38.81832" lon="-119.20747"></trkpt>
    <trkpt lat="38.81846" lon="-119.20709"></trkpt>
    <trkpt lat="38.81848" lon="-119.20699"></trkpt>
    <trkpt lat="38.81855" lon="-119.20674"></trkpt>
    <trkpt lat="38.81857" lon="-119.20663"></trkpt>
    <trkpt lat="38.81858" lon="-119.20661"></trkpt>
    <trkpt lat="38.81861" lon="-119.20649"></trkpt>
    <trkpt lat="38.81864" lon="-119.20642"></trkpt>
    <trkpt lat="38.81864" lon="-119.20641"></trkpt>
    <trkpt lat="38.81865" lon="-119.20639"></trkpt>
    <trkpt lat="38.81871" lon="-119.20621"></trkpt>
    <trkpt lat="38.8188" lon="-119.20602"></trkpt>
    <trkpt lat="38.81891" lon="-119.20585"></trkpt>
    <trkpt lat="38.81896" lon="-119.20579"></trkpt>
    <trkpt lat="38.81898" lon="-119.20576"></trkpt>
    <trkpt lat="38.81904" lon="-119.20569"></trkpt>
    <trkpt lat="38.81919" lon="-119.20554"></trkpt>
    <trkpt lat="38.81934" lon="-119.20541"></trkpt>
    <trkpt lat="38.81935" lon="-119.20541"></trkpt>
    <trkpt lat="38.81935" lon="-119.2054"></trkpt>
    <trkpt lat="38.81943" lon="-119.20534"></trkpt>
    <trkpt lat="38.81949" lon="-119.20528"></trkpt>
    <trkpt lat="38.81949" lon="-119.20527"></trkpt>
    <trkpt lat="38.81956" lon="-119.2052"></trkpt>
    <trkpt lat="38.81961" lon="-119.20513"></trkpt>
    <trkpt lat="38.81966" lon="-119.20504"></trkpt>
    <trkpt lat="38.81971" lon="-119.20496"></trkpt>
    <trkpt lat="38.81978" lon="-119.20482"></trkpt>
    <trkpt lat="38.81986" lon="-119.20458"></trkpt>
    <trkpt lat="38.82" lon="-119.20404"></trkpt>
    <trkpt lat="38.82003" lon="-119.20395"></trkpt>
    <trkpt lat="38.8201" lon="-119.20379"></trkpt>
    <trkpt lat="38.82014" lon="-119.20372"></trkpt>
    <trkpt lat="38.82023" lon="-119.2036"></trkpt>
    <trkpt lat="38.82027" lon="-119.20356"></trkpt>
    <trkpt lat="38.82029" lon="-119.20353"></trkpt>
    <trkpt lat="38.82039" lon="-119.20343"></trkpt>
    <trkpt lat="38.82047" lon="-119.20338"></trkpt>
    <trkpt lat="38.82054" lon="-119.20333"></trkpt>
    <trkpt lat="38.82061" lon="-119.20329"></trkpt>
    <trkpt lat="38.82062" lon="-119.20329"></trkpt>
    <trkpt lat="38.82074" lon="-119.20325"></trkpt>
    <trkpt lat="38.82079" lon="-119.20325"></trkpt>
    <trkpt lat="38.82083" lon="-119.20324"></trkpt>
    <trkpt lat="38.82096" lon="-119.20324"></trkpt>
    <trkpt lat="38.82105" lon="-119.20325"></trkpt>
    <trkpt lat="38.82121" lon="-119.20332"></trkpt>
    <trkpt lat="38.82138" lon="-119.20342"></trkpt>
    <trkpt lat="38.82145" lon="-119.20347"></trkpt>
    <trkpt lat="38.82162" lon="-119.20358"></trkpt>
    <trkpt lat="38.82172" lon="-119.20363"></trkpt>
    <trkpt lat="38.82182" lon="-119.20366"></trkpt>
    <trkpt lat="38.82194" lon="-119.20369"></trkpt>
    <trkpt lat="38.82204" lon="-119.20369"></trkpt>
    <trkpt lat="38.82208" lon="-119.20368"></trkpt>
    <trkpt lat="38.82216" lon="-119.20367"></trkpt>
    <trkpt lat="38.82217" lon="-119.20367"></trkpt>
    <trkpt lat="38.82227" lon="-119.20364"></trkpt>
    <trkpt lat="38.82233" lon="-119.20361"></trkpt>
    <trkpt lat="38.82234" lon="-119.2036"></trkpt>
    <trkpt lat="38.82242" lon="-119.20356"></trkpt>
    <trkpt lat="38.82249" lon="-119.20352"></trkpt>
    <trkpt lat="38.82265" lon="-119.20341"></trkpt>
    <trkpt lat="38.82265" lon="-119.2034"></trkpt>
    <trkpt lat="38.82268" lon="-119.20338"></trkpt>
    <trkpt lat="38.8228" lon="-119.20328"></trkpt>
    <trkpt lat="38.82287" lon="-119.2032"></trkpt>
    <trkpt lat="38.82293" lon="-119.20314"></trkpt>
    <trkpt lat="38.82305" lon="-119.20299"></trkpt>
    <trkpt lat="38.82317" lon="-119.20279"></trkpt>
    <trkpt lat="38.82324" lon="-119.20264"></trkpt>
    <trkpt lat="38.82328" lon="-119.20257"></trkpt>
    <trkpt lat="38.82344" lon="-119.20221"></trkpt>
    <trkpt lat="38.82352" lon="-119.202"></trkpt>
    <trkpt lat="38.82353" lon="-119.20198"></trkpt>
    <trkpt lat="38.82353" lon="-119.20197"></trkpt>
    <trkpt lat="38.82359" lon="-119.2018"></trkpt>
    <trkpt lat="38.8236" lon="-119.20176"></trkpt>
    <trkpt lat="38.8236" lon="-119.20175"></trkpt>
    <trkpt lat="38.82362" lon="-119.2017"></trkpt>
    <trkpt lat="38.82364" lon="-119.20162"></trkpt>
    <trkpt lat="38.82366" lon="-119.20156"></trkpt>
    <trkpt lat="38.82366" lon="-119.20154"></trkpt>
    <trkpt lat="38.82372" lon="-119.20132"></trkpt>
    <trkpt lat="38.82373" lon="-119.20125"></trkpt>
    <trkpt lat="38.82377" lon="-119.20106"></trkpt>
    <trkpt lat="38.8238" lon="-119.20087"></trkpt>
    <trkpt lat="38.82381" lon="-119.20083"></trkpt>
    <trkpt lat="38.82388" lon="-119.20043"></trkpt>
    <trkpt lat="38.82388" lon="-119.20042"></trkpt>
    <trkpt lat="38.82402" lon="-119.19952"></trkpt>
    <trkpt lat="38.82402" lon="-119.19951"></trkpt>
    <trkpt lat="38.82406" lon="-119.1993"></trkpt>
    <trkpt lat="38.82406" lon="-119.19928"></trkpt>
    <trkpt lat="38.8241" lon="-119.19907"></trkpt>
    <trkpt lat="38.8241" lon="-119.19906"></trkpt>
    <trkpt lat="38.82449" lon="-119.19671"></trkpt>
    <trkpt lat="38.8245" lon="-119.19667"></trkpt>
    <trkpt lat="38.8245" lon="-119.19666"></trkpt>
    <trkpt lat="38.82451" lon="-119.19662"></trkpt>
    <trkpt lat="38.82451" lon="-119.1966"></trkpt>
    <trkpt lat="38.8246" lon="-119.19625"></trkpt>
    <trkpt lat="38.82471" lon="-119.19592"></trkpt>
    <trkpt lat="38.82481" lon="-119.19567"></trkpt>
    <trkpt lat="38.82499" lon="-119.1953"></trkpt>
    <trkpt lat="38.82522" lon="-119.19491"></trkpt>
    <trkpt lat="38.82536" lon="-119.19472"></trkpt>
    <trkpt lat="38.82537" lon="-119.1947"></trkpt>
    <trkpt lat="38.82538" lon="-119.19469"></trkpt>
    <trkpt lat="38.82545" lon="-119.1946"></trkpt>
    <trkpt lat="38.82548" lon="-119.19455"></trkpt>
    <trkpt lat="38.8255" lon="-119.19454"></trkpt>
    <trkpt lat="38.82566" lon="-119.19435"></trkpt>
    <trkpt lat="38.82579" lon="-119.19421"></trkpt>
    <trkpt lat="38.82599" lon="-119.19401"></trkpt>
    <trkpt lat="38.82614" lon="-119.19388"></trkpt>
    <trkpt lat="38.82631" lon="-119.19375"></trkpt>
    <trkpt lat="38.82659" lon="-119.19355"></trkpt>
    <trkpt lat="38.82664" lon="-119.19352"></trkpt>
    <trkpt lat="38.82667" lon="-119.19349"></trkpt>
    <trkpt lat="38.82668" lon="-119.19349"></trkpt>
    <trkpt lat="38.82749" lon="-119.19295"></trkpt>
    <trkpt lat="38.82786" lon="-119.19273"></trkpt>
    <trkpt lat="38.82803" lon="-119.19262"></trkpt>
    <trkpt lat="38.82813" lon="-119.19257"></trkpt>
    <trkpt lat="38.82876" lon="-119.19218"></trkpt>
    <trkpt lat="38.82877" lon="-119.19216"></trkpt>
    <trkpt lat="38.82888" lon="-119.1921"></trkpt>
    <trkpt lat="38.82956" lon="-119.19167"></trkpt>
    <trkpt lat="38.82958" lon="-119.19166"></trkpt>
    <trkpt lat="38.82969" lon="-119.19159"></trkpt>
    <trkpt lat="38.82973" lon="-119.19157"></trkpt>
    <trkpt lat="38.82974" lon="-119.19156"></trkpt>
    <trkpt lat="38.82998" lon="-119.1914"></trkpt>
    <trkpt lat="38.83027" lon="-119.19124"></trkpt>
    <trkpt lat="38.83053" lon="-119.19111"></trkpt>
    <trkpt lat="38.83089" lon="-119.19095"></trkpt>
    <trkpt lat="38.83107" lon="-119.19088"></trkpt>
    <trkpt lat="38.83167" lon="-119.19069"></trkpt>
    <trkpt lat="38.83222" lon="-119.19058"></trkpt>
    <trkpt lat="38.83273" lon="-119.1905"></trkpt>
    <trkpt lat="38.83332" lon="-119.19046"></trkpt>
    <trkpt lat="38.83366" lon="-119.19046"></trkpt>
    <trkpt lat="38.83389" lon="-119.19048"></trkpt>
    <trkpt lat="38.83411" lon="-119.19049"></trkpt>
    <trkpt lat="38.83463" lon="-119.19057"></trkpt>
    <trkpt lat="38.83487" lon="-119.19062"></trkpt>
    <trkpt lat="38.83498" lon="-119.19065"></trkpt>
    <trkpt lat="38.83499" lon="-119.19065"></trkpt>
    <trkpt lat="38.83516" lon="-119.1907"></trkpt>
    <trkpt lat="38.83525" lon="-119.19072"></trkpt>
    <trkpt lat="38.83591" lon="-119.19091"></trkpt>
    <trkpt lat="38.83604" lon="-119.19094"></trkpt>
    <trkpt lat="38.83734" lon="-119.19131"></trkpt>
    <trkpt lat="38.838" lon="-119.19146"></trkpt>
    <trkpt lat="38.83844" lon="-119.19153"></trkpt>
    <trkpt lat="38.83869" lon="-119.19156"></trkpt>
    <trkpt lat="38.83872" lon="-119.19157"></trkpt>
    <trkpt lat="38.83919" lon="-119.19161"></trkpt>
    <trkpt lat="38.83925" lon="-119.19162"></trkpt>
    <trkpt lat="38.83975" lon="-119.19164"></trkpt>
    <trkpt lat="38.83997" lon="-119.19164"></trkpt>
    <trkpt lat="38.84015" lon="-119.19163"></trkpt>
    <trkpt lat="38.84031" lon="-119.19163"></trkpt>
    <trkpt lat="38.84181" lon="-119.19154"></trkpt>
    <trkpt lat="38.84204" lon="-119.19152"></trkpt>
    <trkpt lat="38.8426" lon="-119.19149"></trkpt>
    <trkpt lat="38.84394" lon="-119.19139"></trkpt>
    <trkpt lat="38.84451" lon="-119.19136"></trkpt>
    <trkpt lat="38.84487" lon="-119.19133"></trkpt>
    <trkpt lat="38.8473" lon="-119.1912"></trkpt>
    <trkpt lat="38.84755" lon="-119.19118"></trkpt>
    <trkpt lat="38.84803" lon="-119.19116"></trkpt>
    <trkpt lat="38.8493" lon="-119.19105"></trkpt>
    <trkpt lat="38.84964" lon="-119.19103"></trkpt>
    <trkpt lat="38.85008" lon="-119.19099"></trkpt>
    <trkpt lat="38.85014" lon="-119.19099"></trkpt>
    <trkpt lat="38.85044" lon="-119.19097"></trkpt>
    <trkpt lat="38.85051" lon="-119.19096"></trkpt>
    <trkpt lat="38.85074" lon="-119.19095"></trkpt>
    <trkpt lat="38.85128" lon="-119.1909"></trkpt>
    <trkpt lat="38.85138" lon="-119.1909"></trkpt>
    <trkpt lat="38.85171" lon="-119.19087"></trkpt>
    <trkpt lat="38.85182" lon="-119.19087"></trkpt>
    <trkpt lat="38.85204" lon="-119.19085"></trkpt>
    <trkpt lat="38.85435" lon="-119.1907"></trkpt>
    <trkpt lat="38.85445" lon="-119.1907"></trkpt>
    <trkpt lat="38.85463" lon="-119.19069"></trkpt>
    <trkpt lat="38.85499" lon="-119.19069"></trkpt>
    <trkpt lat="38.85511" lon="-119.1907"></trkpt>
    <trkpt lat="38.85533" lon="-119.1907"></trkpt>
    <trkpt lat="38.85545" lon="-119.19071"></trkpt>
    <trkpt lat="38.85551" lon="-119.19072"></trkpt>
    <trkpt lat="38.85565" lon="-119.19073"></trkpt>
    <trkpt lat="38.85576" lon="-119.19073"></trkpt>
    <trkpt lat="38.85587" lon="-119.19074"></trkpt>
    <trkpt lat="38.85589" lon="-119.19075"></trkpt>
    <trkpt lat="38.85621" lon="-119.19078"></trkpt>
    <trkpt lat="38.85625" lon="-119.19079"></trkpt>
    <trkpt lat="38.85643" lon="-119.19082"></trkpt>
    <trkpt lat="38.85653" lon="-119.19083"></trkpt>
    <trkpt lat="38.8566" lon="-119.19085"></trkpt>
    <trkpt lat="38.85677" lon="-119.19088"></trkpt>
    <trkpt lat="38.85685" lon="-119.19089"></trkpt>
    <trkpt lat="38.8573" lon="-119.19099"></trkpt>
    <trkpt lat="38.8574" lon="-119.19102"></trkpt>
    <trkpt lat="38.85777" lon="-119.19111"></trkpt>
    <trkpt lat="38.85954" lon="-119.1916"></trkpt>
    <trkpt lat="38.85959" lon="-119.19161"></trkpt>
    <trkpt lat="38.8597" lon="-119.19164"></trkpt>
    <trkpt lat="38.85976" lon="-119.19166"></trkpt>
    <trkpt lat="38.85998" lon="-119.19171"></trkpt>
    <trkpt lat="38.86051" lon="-119.19186"></trkpt>
    <trkpt lat="38.86066" lon="-119.19189"></trkpt>
    <trkpt lat="38.86105" lon="-119.19199"></trkpt>
    <trkpt lat="38.86172" lon="-119.19211"></trkpt>
    <trkpt lat="38.86271" lon="-119.1922"></trkpt>
    <trkpt lat="38.86303" lon="-119.19222"></trkpt>
    <trkpt lat="38.86337" lon="-119.19222"></trkpt>
    <trkpt lat="38.86486" lon="-119.19215"></trkpt>
    <trkpt lat="38.86504" lon="-119.19215"></trkpt>
    <trkpt lat="38.86828" lon="-119.19198"></trkpt>
    <trkpt lat="38.86864" lon="-119.19197"></trkpt>
    <trkpt lat="38.87438" lon="-119.19168"></trkpt>
    <trkpt lat="38.87447" lon="-119.19168"></trkpt>
    <trkpt lat="38.87527" lon="-119.19163"></trkpt>
    <trkpt lat="38.87545" lon="-119.19163"></trkpt>
    <trkpt lat="38.87703" lon="-119.19155"></trkpt>
    <trkpt lat="38.87759" lon="-119.1915"></trkpt>
    <trkpt lat="38.87807" lon="-119.19143"></trkpt>
    <trkpt lat="38.8785" lon="-119.19135"></trkpt>
    <trkpt lat="38.87886" lon="-119.19127"></trkpt>
    <trkpt lat="38.87948" lon="-119.1911"></trkpt>
    <trkpt lat="38.8806" lon="-119.1907"></trkpt>
    <trkpt lat="38.88179" lon="-119.19016"></trkpt>
    <trkpt lat="38.88529" lon="-119.18845"></trkpt>
    <trkpt lat="38.88614" lon="-119.18805"></trkpt>
    <trkpt lat="38.88692" lon="-119.18766"></trkpt>
    <trkpt lat="38.8885" lon="-119.18692"></trkpt>
    <trkpt lat="38.88869" lon="-119.18685"></trkpt>
    <trkpt lat="38.88904" lon="-119.18674"></trkpt>
    <trkpt lat="38.88943" lon="-119.18665"></trkpt>
    <trkpt lat="38.88973" lon="-119.1866"></trkpt>
    <trkpt lat="38.88992" lon="-119.18658"></trkpt>
    <trkpt lat="38.89013" lon="-119.18657"></trkpt>
    <trkpt lat="38.89067" lon="-119.18658"></trkpt>
    <trkpt lat="38.89074" lon="-119.18659"></trkpt>
    <trkpt lat="38.89254" lon="-119.18673"></trkpt>
    <trkpt lat="38.89438" lon="-119.1869"></trkpt>
    <trkpt lat="38.89471" lon="-119.18695"></trkpt>
    <trkpt lat="38.89558" lon="-119.18714"></trkpt>
    <trkpt lat="38.89593" lon="-119.18724"></trkpt>
    <trkpt lat="38.89666" lon="-119.18749"></trkpt>
    <trkpt lat="38.89742" lon="-119.18782"></trkpt>
    <trkpt lat="38.89761" lon="-119.18792"></trkpt>
    <trkpt lat="38.89764" lon="-119.18794"></trkpt>
    <trkpt lat="38.89781" lon="-119.18803"></trkpt>
    <trkpt lat="38.89856" lon="-119.18846"></trkpt>
    <trkpt lat="38.90028" lon="-119.18958"></trkpt>
    <trkpt lat="38.9004" lon="-119.18964"></trkpt>
    <trkpt lat="38.9008" lon="-119.18986"></trkpt>
    <trkpt lat="38.90173" lon="-119.19028"></trkpt>
    <trkpt lat="38.91014" lon="-119.19344"></trkpt>
    <trkpt lat="38.91118" lon="-119.19377"></trkpt>
    <trkpt lat="38.91162" lon="-119.19387"></trkpt>
    <trkpt lat="38.91201" lon="-119.19393"></trkpt>
    <trkpt lat="38.91286" lon="-119.19404"></trkpt>
    <trkpt lat="38.91305" lon="-119.19407"></trkpt>
    <trkpt lat="38.91332" lon="-119.19409"></trkpt>
    <trkpt lat="38.91383" lon="-119.1941"></trkpt>
    <trkpt lat="38.91452" lon="-119.19407"></trkpt>
    <trkpt lat="38.92651" lon="-119.193"></trkpt>
    <trkpt lat="38.92693" lon="-119.19297"></trkpt>
    <trkpt lat="38.9349" lon="-119.19225"></trkpt>
    <trkpt lat="38.93616" lon="-119.19215"></trkpt>
    <trkpt lat="38.93633" lon="-119.19213"></trkpt>
    <trkpt lat="38.94347" lon="-119.19149"></trkpt>
    <trkpt lat="38.94427" lon="-119.19144"></trkpt>
    <trkpt lat="38.94538" lon="-119.19139"></trkpt>
    <trkpt lat="38.94555" lon="-119.19139"></trkpt>
    <trkpt lat="38.94573" lon="-119.19138"></trkpt>
    <trkpt lat="38.94685" lon="-119.19137"></trkpt>
    <trkpt lat="38.94753" lon="-119.19138"></trkpt>
    <trkpt lat="38.9535" lon="-119.19137"></trkpt>
    <trkpt lat="38.9543" lon="-119.19135"></trkpt>
    <trkpt lat="38.9551" lon="-119.19127"></trkpt>
    <trkpt lat="38.95547" lon="-119.1912"></trkpt>
    <trkpt lat="38.95608" lon="-119.19107"></trkpt>
    <trkpt lat="38.95852" lon="-119.1905"></trkpt>
    <trkpt lat="38.95902" lon="-119.19037"></trkpt>
    <trkpt lat="38.96237" lon="-119.18957"></trkpt>
    <trkpt lat="38.96244" lon="-119.18955"></trkpt>
    <trkpt lat="38.96245" lon="-119.18955"></trkpt>
    <trkpt lat="38.96255" lon="-119.18952"></trkpt>
    <trkpt lat="38.96262" lon="-119.18951"></trkpt>
    <trkpt lat="38.96263" lon="-119.18951"></trkpt>
    <trkpt lat="38.96265" lon="-119.1895"></trkpt>
    <trkpt lat="38.96514" lon="-119.18889"></trkpt>
    <trkpt lat="38.9652" lon="-119.18888"></trkpt>
    <trkpt lat="38.9653" lon="-119.18884"></trkpt>
    <trkpt lat="38.96667" lon="-119.18841"></trkpt>
    <trkpt lat="38.96808" lon="-119.18789"></trkpt>
    <trkpt lat="38.96818" lon="-119.18786"></trkpt>
    <trkpt lat="38.96932" lon="-119.18738"></trkpt>
    <trkpt lat="38.96936" lon="-119.18736"></trkpt>
    <trkpt lat="38.96973" lon="-119.18721"></trkpt>
    <trkpt lat="38.9699" lon="-119.18713"></trkpt>
    <trkpt lat="38.97041" lon="-119.18692"></trkpt>
    <trkpt lat="38.97047" lon="-119.18689"></trkpt>
    <trkpt lat="38.97153" lon="-119.18644"></trkpt>
    <trkpt lat="38.97161" lon="-119.1864"></trkpt>
    <trkpt lat="38.97162" lon="-119.1864"></trkpt>
    <trkpt lat="38.97178" lon="-119.18633"></trkpt>
    <trkpt lat="38.97247" lon="-119.18606"></trkpt>
    <trkpt lat="38.97287" lon="-119.18592"></trkpt>
    <trkpt lat="38.97304" lon="-119.18587"></trkpt>
    <trkpt lat="38.97377" lon="-119.18568"></trkpt>
    <trkpt lat="38.97475" lon="-119.1855"></trkpt>
    <trkpt lat="38.97476" lon="-119.1855"></trkpt>
    <trkpt lat="38.97487" lon="-119.18548"></trkpt>
    <trkpt lat="38.97539" lon="-119.18543"></trkpt>
    <trkpt lat="38.97599" lon="-119.1854"></trkpt>
    <trkpt lat="38.97638" lon="-119.1854"></trkpt>
    <trkpt lat="38.97671" lon="-119.18536"></trkpt>
    <trkpt lat="38.9769" lon="-119.18535"></trkpt>
    <trkpt lat="38.97757" lon="-119.18518"></trkpt>
    <trkpt lat="38.97761" lon="-119.18516"></trkpt>
    <trkpt lat="38.97805" lon="-119.18498"></trkpt>
    <trkpt lat="38.97813" lon="-119.18494"></trkpt>
    <trkpt lat="38.9782" lon="-119.18491"></trkpt>
    <trkpt lat="38.97924" lon="-119.18432"></trkpt>
    <trkpt lat="38.97976" lon="-119.18401"></trkpt>
    <trkpt lat="38.97987" lon="-119.18396"></trkpt>
    <trkpt lat="38.97991" lon="-119.18393"></trkpt>
    <trkpt lat="38.98011" lon="-119.18384"></trkpt>
    <trkpt lat="38.98049" lon="-119.18371"></trkpt>
    <trkpt lat="38.9808" lon="-119.18363"></trkpt>
    <trkpt lat="38.98122" lon="-119.18357"></trkpt>
    <trkpt lat="38.9817" lon="-119.18347"></trkpt>
    <trkpt lat="38.98454" lon="-119.1831"></trkpt>
    <trkpt lat="38.98521" lon="-119.18305"></trkpt>
    <trkpt lat="38.9853" lon="-119.18305"></trkpt>
    <trkpt lat="38.98762" lon="-119.18272"></trkpt>
    <trkpt lat="38.99208" lon="-119.18217"></trkpt>
    <trkpt lat="38.99257" lon="-119.18209"></trkpt>
    <trkpt lat="38.99357" lon="-119.18196"></trkpt>
    <trkpt lat="38.99397" lon="-119.18192"></trkpt>
    <trkpt lat="38.99398" lon="-119.18132"></trkpt>
    <trkpt lat="38.99398" lon="-119.17941"></trkpt>
    <trkpt lat="38.99397" lon="-119.17932"></trkpt>
    <trkpt lat="38.99393" lon="-119.17251"></trkpt>
    <trkpt lat="38.99392" lon="-119.17225"></trkpt>
    <trkpt lat="38.99389" lon="-119.16556"></trkpt>
    <trkpt lat="38.99388" lon="-119.16509"></trkpt>
    <trkpt lat="38.99388" lon="-119.16357"></trkpt>
    <trkpt lat="38.99387" lon="-119.16317"></trkpt>
    <trkpt lat="38.99417" lon="-119.16317"></trkpt>
    <trkpt lat="38.99425" lon="-119.16315"></trkpt>
    <trkpt lat="38.99447" lon="-119.16312"></trkpt>
    <trkpt lat="38.99449" lon="-119.16312"></trkpt>
    <trkpt lat="38.99486" lon="-119.16302"></trkpt>
    <trkpt lat="38.99497" lon="-119.16298"></trkpt>
    <trkpt lat="38.99515" lon="-119.16288"></trkpt>
    <trkpt lat="38.99539" lon="-119.16276"></trkpt>
    <trkpt lat="38.99562" lon="-119.16261"></trkpt>
    <trkpt lat="38.99577" lon="-119.1625"></trkpt>
    <trkpt lat="38.99587" lon="-119.16242"></trkpt>
    <trkpt lat="38.99609" lon="-119.16221"></trkpt>
    <trkpt lat="38.99629" lon="-119.162"></trkpt>
    <trkpt lat="38.99646" lon="-119.16178"></trkpt>
    <trkpt lat="38.99673" lon="-119.16138"></trkpt>
    <trkpt lat="38.99686" lon="-119.16115"></trkpt>
    <trkpt lat="38.99707" lon="-119.16069"></trkpt>
    <trkpt lat="38.99716" lon="-119.16046"></trkpt>
    <trkpt lat="38.99723" lon="-119.16026"></trkpt>
    <trkpt lat="38.99729" lon="-119.16006"></trkpt>
    <trkpt lat="38.99737" lon="-119.15973"></trkpt>
    <trkpt lat="38.99744" lon="-119.1593"></trkpt>
    <trkpt lat="38.99746" lon="-119.1591"></trkpt>
    <trkpt lat="38.99747" lon="-119.15886"></trkpt>
    <trkpt lat="38.99759" lon="-119.13708"></trkpt>
    <trkpt lat="38.9976" lon="-119.13669"></trkpt>
    <trkpt lat="38.99759" lon="-119.13621"></trkpt>
    <trkpt lat="38.99767" lon="-119.12403"></trkpt>
    <trkpt lat="38.99763" lon="-119.12287"></trkpt>
    <trkpt lat="38.99762" lon="-119.12225"></trkpt>
    <trkpt lat="38.99745" lon="-119.11709"></trkpt>
    <trkpt lat="38.99745" lon="-119.11693"></trkpt>
    <trkpt lat="38.99744" lon="-119.11685"></trkpt>
    <trkpt lat="38.99744" lon="-119.11668"></trkpt>
    <trkpt lat="38.99743" lon="-119.11647"></trkpt>
    <trkpt lat="38.99741" lon="-119.11547"></trkpt>
    <trkpt lat="38.99742" lon="-119.11369"></trkpt>
    <trkpt lat="38.99743" lon="-119.11346"></trkpt>
    <trkpt lat="38.99743" lon="-119.11323"></trkpt>
    <trkpt lat="38.99759" lon="-119.10707"></trkpt>
    <trkpt lat="38.99761" lon="-119.10664"></trkpt>
    <trkpt lat="38.99768" lon="-119.10578"></trkpt>
    <trkpt lat="38.99774" lon="-119.1052"></trkpt>
    <trkpt lat="38.99779" lon="-119.10482"></trkpt>
    <trkpt lat="38.99789" lon="-119.10419"></trkpt>
    <trkpt lat="38.99794" lon="-119.10392"></trkpt>
    <trkpt lat="38.99814" lon="-119.10297"></trkpt>
    <trkpt lat="38.99834" lon="-119.10223"></trkpt>
    <trkpt lat="38.99857" lon="-119.10147"></trkpt>
    <trkpt lat="38.99877" lon="-119.1009"></trkpt>
    <trkpt lat="38.99905" lon="-119.1002"></trkpt>
    <trkpt lat="38.99935" lon="-119.09951"></trkpt>
    <trkpt lat="39.02569" lon="-119.04755"></trkpt>
    <trkpt lat="39.02578" lon="-119.04736"></trkpt>
    <trkpt lat="39.02581" lon="-119.04731"></trkpt>
    <trkpt lat="39.02644" lon="-119.04607"></trkpt>
    <trkpt lat="39.02647" lon="-119.046"></trkpt>
    <trkpt lat="39.02782" lon="-119.04333"></trkpt>
    <trkpt lat="39.02839" lon="-119.04214"></trkpt>
    <trkpt lat="39.02893" lon="-119.04089"></trkpt>
    <trkpt lat="39.02893" lon="-119.04088"></trkpt>
    <trkpt lat="39.02918" lon="-119.04027"></trkpt>
    <trkpt lat="39.02951" lon="-119.03939"></trkpt>
    <trkpt lat="39.02983" lon="-119.03849"></trkpt>
    <trkpt lat="39.03041" lon="-119.03663"></trkpt>
    <trkpt lat="39.03066" lon="-119.0357"></trkpt>
    <trkpt lat="39.031" lon="-119.03433"></trkpt>
    <trkpt lat="39.03101" lon="-119.03427"></trkpt>
    <trkpt lat="39.03124" lon="-119.03322"></trkpt>
    <trkpt lat="39.0314" lon="-119.03239"></trkpt>
    <trkpt lat="39.03161" lon="-119.0311"></trkpt>
    <trkpt lat="39.03201" lon="-119.02833"></trkpt>
    <trkpt lat="39.03203" lon="-119.02823"></trkpt>
    <trkpt lat="39.03285" lon="-119.02264"></trkpt>
    <trkpt lat="39.03289" lon="-119.02242"></trkpt>
    <trkpt lat="39.03315" lon="-119.0206"></trkpt>
    <trkpt lat="39.03319" lon="-119.02037"></trkpt>
    <trkpt lat="39.03324" lon="-119.01996"></trkpt>
    <trkpt lat="39.03328" lon="-119.01945"></trkpt>
    <trkpt lat="39.03329" lon="-119.01941"></trkpt>
    <trkpt lat="39.03329" lon="-119.01922"></trkpt>
    <trkpt lat="39.03331" lon="-119.01862"></trkpt>
    <trkpt lat="39.0333" lon="-119.01789"></trkpt>
    <trkpt lat="39.03327" lon="-119.01743"></trkpt>
    <trkpt lat="39.03323" lon="-119.01704"></trkpt>
    <trkpt lat="39.03314" lon="-119.01634"></trkpt>
    <trkpt lat="39.033" lon="-119.01563"></trkpt>
    <trkpt lat="39.0328" lon="-119.01486"></trkpt>
    <trkpt lat="39.03179" lon="-119.01143"></trkpt>
    <trkpt lat="39.03171" lon="-119.0111"></trkpt>
    <trkpt lat="39.03159" lon="-119.01038"></trkpt>
    <trkpt lat="39.03155" lon="-119.01003"></trkpt>
    <trkpt lat="39.03153" lon="-119.00975"></trkpt>
    <trkpt lat="39.03152" lon="-119.00941"></trkpt>
    <trkpt lat="39.03152" lon="-119.00892"></trkpt>
    <trkpt lat="39.03153" lon="-119.00877"></trkpt>
    <trkpt lat="39.03153" lon="-119.00869"></trkpt>
    <trkpt lat="39.03155" lon="-119.00841"></trkpt>
    <trkpt lat="39.03159" lon="-119.0081"></trkpt>
    <trkpt lat="39.03164" lon="-119.00779"></trkpt>
    <trkpt lat="39.03164" lon="-119.00778"></trkpt>
    <trkpt lat="39.03168" lon="-119.00755"></trkpt>
    <trkpt lat="39.03169" lon="-119.00753"></trkpt>
    <trkpt lat="39.03175" lon="-119.00723"></trkpt>
    <trkpt lat="39.03188" lon="-119.00666"></trkpt>
    <trkpt lat="39.03211" lon="-119.00575"></trkpt>
    <trkpt lat="39.03226" lon="-119.00504"></trkpt>
    <trkpt lat="39.03234" lon="-119.0044"></trkpt>
    <trkpt lat="39.03236" lon="-119.00418"></trkpt>
    <trkpt lat="39.03238" lon="-119.0036"></trkpt>
    <trkpt lat="39.03238" lon="-119.00331"></trkpt>
    <trkpt lat="39.03223" lon="-119.00078"></trkpt>
    <trkpt lat="39.03223" lon="-119.00039"></trkpt>
    <trkpt lat="39.03225" lon="-118.99982"></trkpt>
    <trkpt lat="39.03232" lon="-118.99918"></trkpt>
    <trkpt lat="39.03239" lon="-118.99873"></trkpt>
    <trkpt lat="39.03247" lon="-118.99837"></trkpt>
    <trkpt lat="39.03265" lon="-118.99764"></trkpt>
    <trkpt lat="39.0327" lon="-118.99748"></trkpt>
    <trkpt lat="39.03286" lon="-118.99704"></trkpt>
    <trkpt lat="39.03316" lon="-118.99636"></trkpt>
    <trkpt lat="39.03346" lon="-118.99581"></trkpt>
    <trkpt lat="39.03387" lon="-118.99519"></trkpt>
    <trkpt lat="39.03767" lon="-118.98981"></trkpt>
    <trkpt lat="39.03769" lon="-118.98979"></trkpt>
    <trkpt lat="39.04203" lon="-118.98365"></trkpt>
    <trkpt lat="39.04216" lon="-118.98348"></trkpt>
    <trkpt lat="39.04307" lon="-118.98217"></trkpt>
    <trkpt lat="39.04365" lon="-118.98123"></trkpt>
    <trkpt lat="39.044" lon="-118.98059"></trkpt>
    <trkpt lat="39.04426" lon="-118.98007"></trkpt>
    <trkpt lat="39.04451" lon="-118.97953"></trkpt>
    <trkpt lat="39.04463" lon="-118.97923"></trkpt>
    <trkpt lat="39.04472" lon="-118.97903"></trkpt>
    <trkpt lat="39.04504" lon="-118.9782"></trkpt>
    <trkpt lat="39.04505" lon="-118.97816"></trkpt>
    <trkpt lat="39.04531" lon="-118.97738"></trkpt>
    <trkpt lat="39.04545" lon="-118.97692"></trkpt>
    <trkpt lat="39.04561" lon="-118.97635"></trkpt>
    <trkpt lat="39.04575" lon="-118.97576"></trkpt>
    <trkpt lat="39.04594" lon="-118.97483"></trkpt>
    <trkpt lat="39.04609" lon="-118.97387"></trkpt>
    <trkpt lat="39.0462" lon="-118.97292"></trkpt>
    <trkpt lat="39.04621" lon="-118.97287"></trkpt>
    <trkpt lat="39.04623" lon="-118.97264"></trkpt>
    <trkpt lat="39.04623" lon="-118.97258"></trkpt>
    <trkpt lat="39.04627" lon="-118.97208"></trkpt>
    <trkpt lat="39.04628" lon="-118.97162"></trkpt>
    <trkpt lat="39.0463" lon="-118.97126"></trkpt>
    <trkpt lat="39.0463" lon="-118.9706"></trkpt>
    <trkpt lat="39.04628" lon="-118.96978"></trkpt>
    <trkpt lat="39.04624" lon="-118.96917"></trkpt>
    <trkpt lat="39.04618" lon="-118.96848"></trkpt>
    <trkpt lat="39.04615" lon="-118.96825"></trkpt>
    <trkpt lat="39.04613" lon="-118.96803"></trkpt>
    <trkpt lat="39.04559" lon="-118.96368"></trkpt>
    <trkpt lat="39.04558" lon="-118.96363"></trkpt>
    <trkpt lat="39.04492" lon="-118.95819"></trkpt>
    <trkpt lat="39.04491" lon="-118.95807"></trkpt>
    <trkpt lat="39.04457" lon="-118.95545"></trkpt>
    <trkpt lat="39.04446" lon="-118.95477"></trkpt>
    <trkpt lat="39.04443" lon="-118.95454"></trkpt>
    <trkpt lat="39.04409" lon="-118.95274"></trkpt>
    <trkpt lat="39.04364" lon="-118.95074"></trkpt>
    <trkpt lat="39.04362" lon="-118.95067"></trkpt>
    <trkpt lat="39.04324" lon="-118.94896"></trkpt>
    <trkpt lat="39.04318" lon="-118.94874"></trkpt>
    <trkpt lat="39.04235" lon="-118.94507"></trkpt>
    <trkpt lat="39.04232" lon="-118.94496"></trkpt>
    <trkpt lat="39.04227" lon="-118.94474"></trkpt>
    <trkpt lat="39.04221" lon="-118.94452"></trkpt>
    <trkpt lat="39.04212" lon="-118.94413"></trkpt>
    <trkpt lat="39.04194" lon="-118.94347"></trkpt>
    <trkpt lat="39.04193" lon="-118.94342"></trkpt>
    <trkpt lat="39.0418" lon="-118.94294"></trkpt>
    <trkpt lat="39.0416" lon="-118.94228"></trkpt>
    <trkpt lat="39.04123" lon="-118.94114"></trkpt>
    <trkpt lat="39.04098" lon="-118.94042"></trkpt>
    <trkpt lat="39.04042" lon="-118.93895"></trkpt>
    <trkpt lat="39.03952" lon="-118.9367"></trkpt>
    <trkpt lat="39.03942" lon="-118.93647"></trkpt>
    <trkpt lat="39.03846" lon="-118.93401"></trkpt>
    <trkpt lat="39.03829" lon="-118.9336"></trkpt>
    <trkpt lat="39.03699" lon="-118.9303"></trkpt>
    <trkpt lat="39.0364" lon="-118.92887"></trkpt>
    <trkpt lat="39.03599" lon="-118.92795"></trkpt>
    <trkpt lat="39.03576" lon="-118.92747"></trkpt>
    <trkpt lat="39.03063" lon="-118.9174"></trkpt>
    <trkpt lat="39.03057" lon="-118.91726"></trkpt>
    <trkpt lat="39.03047" lon="-118.91708"></trkpt>
    <trkpt lat="39.03047" lon="-118.91707"></trkpt>
    <trkpt lat="39.03044" lon="-118.91702"></trkpt>
    <trkpt lat="39.02889" lon="-118.91397"></trkpt>
    <trkpt lat="39.02887" lon="-118.91392"></trkpt>
    <trkpt lat="39.02722" lon="-118.91069"></trkpt>
    <trkpt lat="39.02722" lon="-118.91067"></trkpt>
    <trkpt lat="39.02719" lon="-118.91062"></trkpt>
    <trkpt lat="39.02696" lon="-118.91017"></trkpt>
    <trkpt lat="39.02691" lon="-118.91006"></trkpt>
    <trkpt lat="39.02663" lon="-118.90953"></trkpt>
    <trkpt lat="39.02347" lon="-118.90332"></trkpt>
    <trkpt lat="39.02344" lon="-118.90327"></trkpt>
    <trkpt lat="39.02334" lon="-118.90308"></trkpt>
    <trkpt lat="39.02325" lon="-118.90288"></trkpt>
    <trkpt lat="39.02256" lon="-118.90154"></trkpt>
    <trkpt lat="39.02248" lon="-118.9014"></trkpt>
    <trkpt lat="39.02236" lon="-118.90114"></trkpt>
    <trkpt lat="39.02219" lon="-118.90082"></trkpt>
    <trkpt lat="39.02216" lon="-118.90075"></trkpt>
    <trkpt lat="39.02196" lon="-118.90037"></trkpt>
    <trkpt lat="39.02157" lon="-118.89959"></trkpt>
    <trkpt lat="39.02142" lon="-118.89931"></trkpt>
    <trkpt lat="39.01979" lon="-118.89611"></trkpt>
    <trkpt lat="39.0196" lon="-118.89572"></trkpt>
    <trkpt lat="39.01823" lon="-118.89306"></trkpt>
    <trkpt lat="39.01821" lon="-118.89301"></trkpt>
    <trkpt lat="39.01805" lon="-118.89268"></trkpt>
    <trkpt lat="39.01782" lon="-118.89225"></trkpt>
    <trkpt lat="39.01747" lon="-118.89155"></trkpt>
    <trkpt lat="39.01732" lon="-118.89129"></trkpt>
    <trkpt lat="39.0173" lon="-118.89125"></trkpt>
    <trkpt lat="39.01685" lon="-118.89051"></trkpt>
    <trkpt lat="39.0163" lon="-118.88968"></trkpt>
    <trkpt lat="39.01595" lon="-118.88919"></trkpt>
    <trkpt lat="39.01567" lon="-118.88887"></trkpt>
    <trkpt lat="39.01538" lon="-118.88851"></trkpt>
    <trkpt lat="39.01486" lon="-118.88795"></trkpt>
    <trkpt lat="39.01472" lon="-118.88781"></trkpt>
    <trkpt lat="39.01467" lon="-118.88775"></trkpt>
    <trkpt lat="39.01345" lon="-118.88655"></trkpt>
    <trkpt lat="39.01188" lon="-118.88497"></trkpt>
    <trkpt lat="39.01173" lon="-118.88483"></trkpt>
    <trkpt lat="39.01119" lon="-118.88428"></trkpt>
    <trkpt lat="39.01076" lon="-118.88387"></trkpt>
    <trkpt lat="39.00647" lon="-118.87959"></trkpt>
    <trkpt lat="39.00632" lon="-118.87945"></trkpt>
    <trkpt lat="39.00278" lon="-118.87593"></trkpt>
    <trkpt lat="39.00268" lon="-118.87582"></trkpt>
    <trkpt lat="39.00236" lon="-118.8755"></trkpt>
    <trkpt lat="39.00221" lon="-118.87536"></trkpt>
    <trkpt lat="39.00165" lon="-118.87479"></trkpt>
    <trkpt lat="39.00122" lon="-118.87437"></trkpt>
    <trkpt lat="39.00108" lon="-118.87422"></trkpt>
    <trkpt lat="38.99998" lon="-118.87314"></trkpt>
    <trkpt lat="38.99987" lon="-118.87302"></trkpt>
    <trkpt lat="38.99935" lon="-118.87251"></trkpt>
    <trkpt lat="38.99838" lon="-118.87165"></trkpt>
    <trkpt lat="38.99826" lon="-118.87155"></trkpt>
    <trkpt lat="38.99758" lon="-118.87102"></trkpt>
    <trkpt lat="38.9969" lon="-118.87054"></trkpt>
    <trkpt lat="38.99682" lon="-118.87049"></trkpt>
    <trkpt lat="38.99667" lon="-118.87038"></trkpt>
    <trkpt lat="38.99628" lon="-118.87012"></trkpt>
    <trkpt lat="38.99588" lon="-118.86987"></trkpt>
    <trkpt lat="38.99502" lon="-118.8694"></trkpt>
    <trkpt lat="38.99447" lon="-118.86913"></trkpt>
    <trkpt lat="38.99403" lon="-118.8689"></trkpt>
    <trkpt lat="38.99356" lon="-118.86867"></trkpt>
    <trkpt lat="38.99353" lon="-118.86865"></trkpt>
    <trkpt lat="38.99319" lon="-118.86849"></trkpt>
    <trkpt lat="38.99131" lon="-118.86752"></trkpt>
    <trkpt lat="38.99115" lon="-118.86745"></trkpt>
    <trkpt lat="38.99068" lon="-118.86721"></trkpt>
    <trkpt lat="38.99051" lon="-118.86713"></trkpt>
    <trkpt lat="38.99035" lon="-118.86704"></trkpt>
    <trkpt lat="38.98868" lon="-118.86618"></trkpt>
    <trkpt lat="38.98851" lon="-118.8661"></trkpt>
    <trkpt lat="38.9882" lon="-118.86594"></trkpt>
    <trkpt lat="38.98817" lon="-118.86593"></trkpt>
    <trkpt lat="38.98801" lon="-118.86584"></trkpt>
    <trkpt lat="38.98794" lon="-118.86581"></trkpt>
    <trkpt lat="38.98573" lon="-118.86469"></trkpt>
    <trkpt lat="38.98519" lon="-118.86443"></trkpt>
    <trkpt lat="38.98295" lon="-118.86327"></trkpt>
    <trkpt lat="38.97981" lon="-118.86169"></trkpt>
    <trkpt lat="38.97945" lon="-118.8615"></trkpt>
    <trkpt lat="38.97906" lon="-118.86127"></trkpt>
    <trkpt lat="38.97867" lon="-118.86102"></trkpt>
    <trkpt lat="38.97847" lon="-118.86088"></trkpt>
    <trkpt lat="38.97803" lon="-118.86055"></trkpt>
    <trkpt lat="38.97786" lon="-118.86043"></trkpt>
    <trkpt lat="38.97754" lon="-118.86017"></trkpt>
    <trkpt lat="38.97721" lon="-118.85988"></trkpt>
    <trkpt lat="38.97641" lon="-118.85913"></trkpt>
    <trkpt lat="38.976" lon="-118.8587"></trkpt>
    <trkpt lat="38.97519" lon="-118.85774"></trkpt>
    <trkpt lat="38.97312" lon="-118.85535"></trkpt>
    <trkpt lat="38.97306" lon="-118.85527"></trkpt>
    <trkpt lat="38.97239" lon="-118.8545"></trkpt>
    <trkpt lat="38.97226" lon="-118.85434"></trkpt>
    <trkpt lat="38.97132" lon="-118.85326"></trkpt>
    <trkpt lat="38.97119" lon="-118.8531"></trkpt>
    <trkpt lat="38.97002" lon="-118.85175"></trkpt>
    <trkpt lat="38.96955" lon="-118.85119"></trkpt>
    <trkpt lat="38.96865" lon="-118.85016"></trkpt>
    <trkpt lat="38.96852" lon="-118.85"></trkpt>
    <trkpt lat="38.96833" lon="-118.84979"></trkpt>
    <trkpt lat="38.96699" lon="-118.84823"></trkpt>
    <trkpt lat="38.96699" lon="-118.84822"></trkpt>
    <trkpt lat="38.96697" lon="-118.84821"></trkpt>
    <trkpt lat="38.96688" lon="-118.8481"></trkpt>
    <trkpt lat="38.96604" lon="-118.84716"></trkpt>
    <trkpt lat="38.96584" lon="-118.84692"></trkpt>
    <trkpt lat="38.9656" lon="-118.84665"></trkpt>
    <trkpt lat="38.96532" lon="-118.84631"></trkpt>
    <trkpt lat="38.9653" lon="-118.8463"></trkpt>
    <trkpt lat="38.96344" lon="-118.84415"></trkpt>
    <trkpt lat="38.96339" lon="-118.8441"></trkpt>
    <trkpt lat="38.96331" lon="-118.844"></trkpt>
    <trkpt lat="38.96288" lon="-118.84353"></trkpt>
    <trkpt lat="38.9626" lon="-118.8432"></trkpt>
    <trkpt lat="38.96257" lon="-118.84317"></trkpt>
    <trkpt lat="38.96146" lon="-118.84186"></trkpt>
    <trkpt lat="38.96097" lon="-118.8413"></trkpt>
    <trkpt lat="38.96092" lon="-118.84123"></trkpt>
    <trkpt lat="38.95826" lon="-118.83817"></trkpt>
    <trkpt lat="38.95762" lon="-118.83741"></trkpt>
    <trkpt lat="38.9574" lon="-118.83713"></trkpt>
    <trkpt lat="38.95709" lon="-118.8367"></trkpt>
    <trkpt lat="38.95656" lon="-118.83585"></trkpt>
    <trkpt lat="38.95636" lon="-118.8355"></trkpt>
    <trkpt lat="38.95601" lon="-118.83494"></trkpt>
    <trkpt lat="38.95355" lon="-118.83077"></trkpt>
    <trkpt lat="38.95345" lon="-118.83059"></trkpt>
    <trkpt lat="38.95344" lon="-118.83058"></trkpt>
    <trkpt lat="38.9517" lon="-118.82763"></trkpt>
    <trkpt lat="38.9516" lon="-118.82745"></trkpt>
    <trkpt lat="38.95159" lon="-118.82745"></trkpt>
    <trkpt lat="38.95071" lon="-118.82594"></trkpt>
    <trkpt lat="38.95052" lon="-118.82563"></trkpt>
    <trkpt lat="38.95049" lon="-118.82557"></trkpt>
    <trkpt lat="38.94897" lon="-118.82301"></trkpt>
    <trkpt lat="38.94895" lon="-118.82296"></trkpt>
    <trkpt lat="38.94837" lon="-118.82198"></trkpt>
    <trkpt lat="38.94836" lon="-118.82197"></trkpt>
    <trkpt lat="38.94831" lon="-118.82189"></trkpt>
    <trkpt lat="38.94822" lon="-118.82172"></trkpt>
    <trkpt lat="38.94783" lon="-118.82108"></trkpt>
    <trkpt lat="38.94758" lon="-118.8207"></trkpt>
    <trkpt lat="38.94747" lon="-118.82055"></trkpt>
    <trkpt lat="38.94715" lon="-118.82014"></trkpt>
    <trkpt lat="38.94683" lon="-118.81976"></trkpt>
    <trkpt lat="38.94674" lon="-118.81968"></trkpt>
    <trkpt lat="38.94666" lon="-118.81959"></trkpt>
    <trkpt lat="38.9464" lon="-118.81933"></trkpt>
    <trkpt lat="38.94631" lon="-118.81926"></trkpt>
    <trkpt lat="38.94589" lon="-118.81888"></trkpt>
    <trkpt lat="38.94323" lon="-118.81658"></trkpt>
    <trkpt lat="38.94285" lon="-118.81622"></trkpt>
    <trkpt lat="38.94241" lon="-118.81572"></trkpt>
    <trkpt lat="38.94227" lon="-118.81555"></trkpt>
    <trkpt lat="38.94181" lon="-118.81488"></trkpt>
    <trkpt lat="38.94157" lon="-118.81446"></trkpt>
    <trkpt lat="38.94147" lon="-118.81427"></trkpt>
    <trkpt lat="38.94135" lon="-118.81402"></trkpt>
    <trkpt lat="38.94115" lon="-118.81357"></trkpt>
    <trkpt lat="38.94099" lon="-118.81315"></trkpt>
    <trkpt lat="38.94082" lon="-118.81261"></trkpt>
    <trkpt lat="38.94069" lon="-118.81216"></trkpt>
    <trkpt lat="38.94063" lon="-118.81186"></trkpt>
    <trkpt lat="38.94063" lon="-118.81185"></trkpt>
    <trkpt lat="38.94057" lon="-118.81157"></trkpt>
    <trkpt lat="38.94054" lon="-118.81137"></trkpt>
    <trkpt lat="38.94045" lon="-118.81096"></trkpt>
    <trkpt lat="38.94045" lon="-118.81095"></trkpt>
    <trkpt lat="38.94036" lon="-118.81069"></trkpt>
    <trkpt lat="38.94028" lon="-118.81055"></trkpt>
    <trkpt lat="38.94021" lon="-118.81048"></trkpt>
    <trkpt lat="38.9401" lon="-118.81041"></trkpt>
    <trkpt lat="38.93991" lon="-118.81034"></trkpt>
    <trkpt lat="38.93956" lon="-118.81025"></trkpt>
    <trkpt lat="38.93941" lon="-118.81022"></trkpt>
    <trkpt lat="38.93813" lon="-118.80989"></trkpt>
    <trkpt lat="38.93763" lon="-118.80978"></trkpt>
    <trkpt lat="38.9364" lon="-118.80947"></trkpt>
    <trkpt lat="38.9362" lon="-118.80943"></trkpt>
    <trkpt lat="38.93614" lon="-118.80941"></trkpt>
    <trkpt lat="38.93609" lon="-118.80941"></trkpt>
    <trkpt lat="38.93607" lon="-118.80939"></trkpt>
    <trkpt lat="38.93604" lon="-118.80937"></trkpt>
    <trkpt lat="38.9304" lon="-118.80801"></trkpt>
    <trkpt lat="38.93002" lon="-118.80791"></trkpt>
    <trkpt lat="38.92977" lon="-118.80786"></trkpt>
    <trkpt lat="38.92962" lon="-118.80784"></trkpt>
    <trkpt lat="38.92754" lon="-118.80736"></trkpt>
    <trkpt lat="38.92697" lon="-118.80721"></trkpt>
    <trkpt lat="38.92671" lon="-118.80715"></trkpt>
    <trkpt lat="38.92664" lon="-118.80713"></trkpt>
    <trkpt lat="38.92662" lon="-118.80713"></trkpt>
    <trkpt lat="38.92646" lon="-118.80709"></trkpt>
    <trkpt lat="38.92644" lon="-118.80709"></trkpt>
    <trkpt lat="38.92579" lon="-118.80693"></trkpt>
    <trkpt lat="38.9255" lon="-118.80687"></trkpt>
    <trkpt lat="38.9254" lon="-118.8068"></trkpt>
    <trkpt lat="38.92447" lon="-118.80656"></trkpt>
    <trkpt lat="38.92328" lon="-118.80628"></trkpt>
    <trkpt lat="38.92322" lon="-118.80626"></trkpt>
    <trkpt lat="38.92239" lon="-118.80607"></trkpt>
    <trkpt lat="38.92234" lon="-118.80605"></trkpt>
    <trkpt lat="38.92145" lon="-118.80585"></trkpt>
    <trkpt lat="38.9214" lon="-118.80583"></trkpt>
    <trkpt lat="38.91905" lon="-118.80529"></trkpt>
    <trkpt lat="38.91188" lon="-118.80355"></trkpt>
    <trkpt lat="38.91087" lon="-118.80332"></trkpt>
    <trkpt lat="38.90981" lon="-118.80306"></trkpt>
    <trkpt lat="38.90963" lon="-118.80301"></trkpt>
    <trkpt lat="38.90669" lon="-118.80228"></trkpt>
    <trkpt lat="38.90663" lon="-118.80227"></trkpt>
    <trkpt lat="38.90628" lon="-118.80219"></trkpt>
    <trkpt lat="38.9061" lon="-118.80214"></trkpt>
    <trkpt lat="38.90381" lon="-118.80162"></trkpt>
    <trkpt lat="38.9024" lon="-118.80127"></trkpt>
    <trkpt lat="38.90134" lon="-118.80103"></trkpt>
    <trkpt lat="38.89957" lon="-118.8006"></trkpt>
    <trkpt lat="38.89939" lon="-118.80055"></trkpt>
    <trkpt lat="38.89816" lon="-118.80025"></trkpt>
    <trkpt lat="38.89798" lon="-118.8002"></trkpt>
    <trkpt lat="38.89797" lon="-118.8002"></trkpt>
    <trkpt lat="38.89179" lon="-118.79873"></trkpt>
    <trkpt lat="38.89161" lon="-118.79868"></trkpt>
    <trkpt lat="38.89055" lon="-118.79843"></trkpt>
    <trkpt lat="38.89033" lon="-118.79837"></trkpt>
    <trkpt lat="38.88525" lon="-118.79714"></trkpt>
    <trkpt lat="38.88508" lon="-118.79709"></trkpt>
    <trkpt lat="38.88388" lon="-118.79679"></trkpt>
    <trkpt lat="38.88001" lon="-118.79589"></trkpt>
    <trkpt lat="38.87844" lon="-118.7954"></trkpt>
    <trkpt lat="38.8783" lon="-118.79534"></trkpt>
    <trkpt lat="38.87767" lon="-118.79512"></trkpt>
    <trkpt lat="38.87692" lon="-118.79483"></trkpt>
    <trkpt lat="38.8763" lon="-118.79455"></trkpt>
    <trkpt lat="38.8759" lon="-118.79438"></trkpt>
    <trkpt lat="38.87443" lon="-118.79361"></trkpt>
    <trkpt lat="38.87424" lon="-118.79349"></trkpt>
    <trkpt lat="38.87407" lon="-118.7934"></trkpt>
    <trkpt lat="38.87145" lon="-118.79187"></trkpt>
    <trkpt lat="38.87048" lon="-118.79128"></trkpt>
    <trkpt lat="38.87046" lon="-118.79127"></trkpt>
    <trkpt lat="38.86852" lon="-118.79011"></trkpt>
    <trkpt lat="38.86851" lon="-118.7901"></trkpt>
    <trkpt lat="38.86804" lon="-118.78984"></trkpt>
    <trkpt lat="38.86803" lon="-118.78983"></trkpt>
    <trkpt lat="38.86754" lon="-118.78954"></trkpt>
    <trkpt lat="38.86704" lon="-118.78926"></trkpt>
    <trkpt lat="38.86688" lon="-118.78916"></trkpt>
    <trkpt lat="38.86228" lon="-118.78645"></trkpt>
    <trkpt lat="38.86211" lon="-118.78636"></trkpt>
    <trkpt lat="38.86179" lon="-118.78616"></trkpt>
    <trkpt lat="38.8613" lon="-118.78587"></trkpt>
    <trkpt lat="38.86113" lon="-118.78578"></trkpt>
    <trkpt lat="38.85285" lon="-118.78087"></trkpt>
    <trkpt lat="38.85281" lon="-118.78084"></trkpt>
    <trkpt lat="38.85248" lon="-118.78065"></trkpt>
    <trkpt lat="38.85231" lon="-118.78056"></trkpt>
    <trkpt lat="38.85041" lon="-118.77943"></trkpt>
    <trkpt lat="38.84938" lon="-118.77885"></trkpt>
    <trkpt lat="38.84894" lon="-118.77862"></trkpt>
    <trkpt lat="38.8477" lon="-118.77801"></trkpt>
    <trkpt lat="38.8475" lon="-118.77793"></trkpt>
    <trkpt lat="38.84733" lon="-118.77785"></trkpt>
    <trkpt lat="38.84677" lon="-118.77765"></trkpt>
    <trkpt lat="38.84647" lon="-118.77753"></trkpt>
    <trkpt lat="38.84631" lon="-118.77748"></trkpt>
    <trkpt lat="38.84587" lon="-118.77731"></trkpt>
    <trkpt lat="38.84578" lon="-118.77728"></trkpt>
    <trkpt lat="38.84525" lon="-118.77713"></trkpt>
    <trkpt lat="38.84508" lon="-118.77707"></trkpt>
    <trkpt lat="38.84385" lon="-118.77671"></trkpt>
    <trkpt lat="38.84051" lon="-118.7758"></trkpt>
    <trkpt lat="38.83524" lon="-118.77441"></trkpt>
    <trkpt lat="38.82937" lon="-118.7728"></trkpt>
    <trkpt lat="38.8289" lon="-118.77268"></trkpt>
    <trkpt lat="38.82764" lon="-118.77232"></trkpt>
    <trkpt lat="38.82715" lon="-118.77217"></trkpt>
    <trkpt lat="38.82703" lon="-118.77214"></trkpt>
    <trkpt lat="38.82645" lon="-118.77194"></trkpt>
    <trkpt lat="38.82641" lon="-118.77193"></trkpt>
    <trkpt lat="38.82589" lon="-118.77174"></trkpt>
    <trkpt lat="38.82525" lon="-118.77146"></trkpt>
    <trkpt lat="38.82185" lon="-118.76989"></trkpt>
    <trkpt lat="38.81917" lon="-118.76861"></trkpt>
    <trkpt lat="38.81901" lon="-118.76854"></trkpt>
    <trkpt lat="38.819" lon="-118.76853"></trkpt>
    <trkpt lat="38.81774" lon="-118.76792"></trkpt>
    <trkpt lat="38.81766" lon="-118.76789"></trkpt>
    <trkpt lat="38.81503" lon="-118.76665"></trkpt>
    <trkpt lat="38.81495" lon="-118.76662"></trkpt>
    <trkpt lat="38.81453" lon="-118.76642"></trkpt>
    <trkpt lat="38.81346" lon="-118.76594"></trkpt>
    <trkpt lat="38.81314" lon="-118.76578"></trkpt>
    <trkpt lat="38.81144" lon="-118.765"></trkpt>
    <trkpt lat="38.81087" lon="-118.76472"></trkpt>
    <trkpt lat="38.81013" lon="-118.76439"></trkpt>
    <trkpt lat="38.80963" lon="-118.76415"></trkpt>
    <trkpt lat="38.80958" lon="-118.76412"></trkpt>
    <trkpt lat="38.80525" lon="-118.76204"></trkpt>
    <trkpt lat="38.80522" lon="-118.76203"></trkpt>
    <trkpt lat="38.80432" lon="-118.76159"></trkpt>
    <trkpt lat="38.80255" lon="-118.76076"></trkpt>
    <trkpt lat="38.80252" lon="-118.76075"></trkpt>
    <trkpt lat="38.80236" lon="-118.76067"></trkpt>
    <trkpt lat="38.80221" lon="-118.76061"></trkpt>
    <trkpt lat="38.80062" lon="-118.75989"></trkpt>
    <trkpt lat="38.80001" lon="-118.75959"></trkpt>
    <trkpt lat="38.79997" lon="-118.75958"></trkpt>
    <trkpt lat="38.79916" lon="-118.7592"></trkpt>
    <trkpt lat="38.79848" lon="-118.7589"></trkpt>
    <trkpt lat="38.79777" lon="-118.75855"></trkpt>
    <trkpt lat="38.79754" lon="-118.75845"></trkpt>
    <trkpt lat="38.79714" lon="-118.75826"></trkpt>
    <trkpt lat="38.79687" lon="-118.75812"></trkpt>
    <trkpt lat="38.79666" lon="-118.75803"></trkpt>
    <trkpt lat="38.79634" lon="-118.75787"></trkpt>
    <trkpt lat="38.79591" lon="-118.75767"></trkpt>
    <trkpt lat="38.7956" lon="-118.75751"></trkpt>
    <trkpt lat="38.79545" lon="-118.75744"></trkpt>
    <trkpt lat="38.79498" lon="-118.7572"></trkpt>
    <trkpt lat="38.79431" lon="-118.75688"></trkpt>
    <trkpt lat="38.79414" lon="-118.75681"></trkpt>
    <trkpt lat="38.79377" lon="-118.75663"></trkpt>
    <trkpt lat="38.79363" lon="-118.75657"></trkpt>
    <trkpt lat="38.7929" lon="-118.75621"></trkpt>
    <trkpt lat="38.78441" lon="-118.7522"></trkpt>
    <trkpt lat="38.7844" lon="-118.75219"></trkpt>
    <trkpt lat="38.7838" lon="-118.75189"></trkpt>
    <trkpt lat="38.78345" lon="-118.75173"></trkpt>
    <trkpt lat="38.78275" lon="-118.75143"></trkpt>
    <trkpt lat="38.78271" lon="-118.75141"></trkpt>
    <trkpt lat="38.7827" lon="-118.75141"></trkpt>
    <trkpt lat="38.78258" lon="-118.75137"></trkpt>
    <trkpt lat="38.78254" lon="-118.75136"></trkpt>
    <trkpt lat="38.78181" lon="-118.75113"></trkpt>
    <trkpt lat="38.78153" lon="-118.75105"></trkpt>
    <trkpt lat="38.78046" lon="-118.75086"></trkpt>
    <trkpt lat="38.77732" lon="-118.75045"></trkpt>
    <trkpt lat="38.77713" lon="-118.75042"></trkpt>
    <trkpt lat="38.77642" lon="-118.75033"></trkpt>
    <trkpt lat="38.77626" lon="-118.7503"></trkpt>
    <trkpt lat="38.77567" lon="-118.75022"></trkpt>
    <trkpt lat="38.77504" lon="-118.75016"></trkpt>
    <trkpt lat="38.77465" lon="-118.75017"></trkpt>
    <trkpt lat="38.77418" lon="-118.7502"></trkpt>
    <trkpt lat="38.77365" lon="-118.75027"></trkpt>
    <trkpt lat="38.77314" lon="-118.75039"></trkpt>
    <trkpt lat="38.77267" lon="-118.75052"></trkpt>
    <trkpt lat="38.77265" lon="-118.75052"></trkpt>
    <trkpt lat="38.77248" lon="-118.75058"></trkpt>
    <trkpt lat="38.77247" lon="-118.75059"></trkpt>
    <trkpt lat="38.7723" lon="-118.75066"></trkpt>
    <trkpt lat="38.77224" lon="-118.75068"></trkpt>
    <trkpt lat="38.77213" lon="-118.75073"></trkpt>
    <trkpt lat="38.77148" lon="-118.75106"></trkpt>
    <trkpt lat="38.77122" lon="-118.75121"></trkpt>
    <trkpt lat="38.77106" lon="-118.75131"></trkpt>
    <trkpt lat="38.77" lon="-118.75193"></trkpt>
    <trkpt lat="38.76999" lon="-118.75194"></trkpt>
    <trkpt lat="38.76923" lon="-118.75237"></trkpt>
    <trkpt lat="38.76917" lon="-118.7524"></trkpt>
    <trkpt lat="38.76464" lon="-118.75494"></trkpt>
    <trkpt lat="38.76453" lon="-118.75501"></trkpt>
    <trkpt lat="38.76391" lon="-118.75537"></trkpt>
    <trkpt lat="38.76325" lon="-118.7558"></trkpt>
    <trkpt lat="38.76272" lon="-118.75617"></trkpt>
    <trkpt lat="38.76166" lon="-118.75696"></trkpt>
    <trkpt lat="38.76093" lon="-118.75759"></trkpt>
    <trkpt lat="38.76019" lon="-118.75827"></trkpt>
    <trkpt lat="38.75991" lon="-118.75855"></trkpt>
    <trkpt lat="38.75977" lon="-118.7587"></trkpt>
    <trkpt lat="38.75956" lon="-118.7589"></trkpt>
    <trkpt lat="38.75911" lon="-118.75937"></trkpt>
    <trkpt lat="38.75907" lon="-118.75942"></trkpt>
    <trkpt lat="38.75875" lon="-118.75977"></trkpt>
    <trkpt lat="38.75718" lon="-118.76163"></trkpt>
    <trkpt lat="38.75688" lon="-118.76202"></trkpt>
    <trkpt lat="38.75644" lon="-118.76255"></trkpt>
    <trkpt lat="38.75634" lon="-118.76266"></trkpt>
    <trkpt lat="38.75609" lon="-118.7629"></trkpt>
    <trkpt lat="38.75593" lon="-118.76308"></trkpt>
    <trkpt lat="38.75573" lon="-118.76328"></trkpt>
    <trkpt lat="38.75566" lon="-118.76334"></trkpt>
    <trkpt lat="38.75536" lon="-118.76362"></trkpt>
    <trkpt lat="38.75495" lon="-118.76397"></trkpt>
    <trkpt lat="38.75454" lon="-118.76429"></trkpt>
    <trkpt lat="38.75432" lon="-118.76443"></trkpt>
    <trkpt lat="38.75425" lon="-118.76449"></trkpt>
    <trkpt lat="38.75375" lon="-118.76482"></trkpt>
    <trkpt lat="38.75327" lon="-118.76511"></trkpt>
    <trkpt lat="38.75263" lon="-118.76544"></trkpt>
    <trkpt lat="38.75209" lon="-118.76569"></trkpt>
    <trkpt lat="38.75156" lon="-118.76589"></trkpt>
    <trkpt lat="38.7506" lon="-118.76616"></trkpt>
    <trkpt lat="38.75029" lon="-118.76623"></trkpt>
    <trkpt lat="38.74985" lon="-118.76631"></trkpt>
    <trkpt lat="38.74967" lon="-118.76635"></trkpt>
    <trkpt lat="38.7453" lon="-118.76706"></trkpt>
    <trkpt lat="38.74512" lon="-118.76708"></trkpt>
    <trkpt lat="38.74191" lon="-118.76759"></trkpt>
    <trkpt lat="38.74119" lon="-118.76768"></trkpt>
    <trkpt lat="38.74066" lon="-118.76776"></trkpt>
    <trkpt lat="38.74026" lon="-118.76783"></trkpt>
    <trkpt lat="38.74011" lon="-118.76785"></trkpt>
    <trkpt lat="38.73904" lon="-118.76803"></trkpt>
    <trkpt lat="38.72958" lon="-118.76951"></trkpt>
    <trkpt lat="38.72886" lon="-118.7696"></trkpt>
    <trkpt lat="38.72822" lon="-118.76964"></trkpt>
    <trkpt lat="38.72719" lon="-118.76964"></trkpt>
    <trkpt lat="38.72681" lon="-118.76962"></trkpt>
    <trkpt lat="38.72653" lon="-118.76958"></trkpt>
    <trkpt lat="38.72631" lon="-118.76956"></trkpt>
    <trkpt lat="38.7254" lon="-118.76939"></trkpt>
    <trkpt lat="38.72528" lon="-118.76936"></trkpt>
    <trkpt lat="38.72522" lon="-118.76935"></trkpt>
    <trkpt lat="38.72486" lon="-118.76925"></trkpt>
    <trkpt lat="38.72448" lon="-118.76913"></trkpt>
    <trkpt lat="38.72437" lon="-118.7691"></trkpt>
    <trkpt lat="38.72407" lon="-118.769"></trkpt>
    <trkpt lat="38.72384" lon="-118.76891"></trkpt>
    <trkpt lat="38.72371" lon="-118.76885"></trkpt>
    <trkpt lat="38.72357" lon="-118.7688"></trkpt>
    <trkpt lat="38.72267" lon="-118.76837"></trkpt>
    <trkpt lat="38.72253" lon="-118.76829"></trkpt>
    <trkpt lat="38.7225" lon="-118.76828"></trkpt>
    <trkpt lat="38.72103" lon="-118.76755"></trkpt>
    <trkpt lat="38.71935" lon="-118.76676"></trkpt>
    <trkpt lat="38.71821" lon="-118.7662"></trkpt>
    <trkpt lat="38.71795" lon="-118.76608"></trkpt>
    <trkpt lat="38.71744" lon="-118.76582"></trkpt>
    <trkpt lat="38.71726" lon="-118.76574"></trkpt>
    <trkpt lat="38.71509" lon="-118.76466"></trkpt>
    <trkpt lat="38.71495" lon="-118.76458"></trkpt>
    <trkpt lat="38.71492" lon="-118.76457"></trkpt>
    <trkpt lat="38.71445" lon="-118.76437"></trkpt>
    <trkpt lat="38.7138" lon="-118.76416"></trkpt>
    <trkpt lat="38.71352" lon="-118.7641"></trkpt>
    <trkpt lat="38.71338" lon="-118.76406"></trkpt>
    <trkpt lat="38.71317" lon="-118.76401"></trkpt>
    <trkpt lat="38.713" lon="-118.76398"></trkpt>
    <trkpt lat="38.71283" lon="-118.76394"></trkpt>
    <trkpt lat="38.71282" lon="-118.76394"></trkpt>
    <trkpt lat="38.71211" lon="-118.76385"></trkpt>
    <trkpt lat="38.71209" lon="-118.76384"></trkpt>
    <trkpt lat="38.71202" lon="-118.76384"></trkpt>
    <trkpt lat="38.71193" lon="-118.76383"></trkpt>
    <trkpt lat="38.71172" lon="-118.76382"></trkpt>
    <trkpt lat="38.71058" lon="-118.76382"></trkpt>
    <trkpt lat="38.70961" lon="-118.76389"></trkpt>
    <trkpt lat="38.70875" lon="-118.76404"></trkpt>
    <trkpt lat="38.70835" lon="-118.76415"></trkpt>
    <trkpt lat="38.70829" lon="-118.76417"></trkpt>
    <trkpt lat="38.70809" lon="-118.76422"></trkpt>
    <trkpt lat="38.70743" lon="-118.76446"></trkpt>
    <trkpt lat="38.70689" lon="-118.76469"></trkpt>
    <trkpt lat="38.70638" lon="-118.76495"></trkpt>
    <trkpt lat="38.70517" lon="-118.76567"></trkpt>
    <trkpt lat="38.70498" lon="-118.76579"></trkpt>
    <trkpt lat="38.7047" lon="-118.76598"></trkpt>
    <trkpt lat="38.70468" lon="-118.76599"></trkpt>
    <trkpt lat="38.7046" lon="-118.76605"></trkpt>
    <trkpt lat="38.70386" lon="-118.76653"></trkpt>
    <trkpt lat="38.70372" lon="-118.76663"></trkpt>
    <trkpt lat="38.7036" lon="-118.7667"></trkpt>
    <trkpt lat="38.70244" lon="-118.76748"></trkpt>
    <trkpt lat="38.70054" lon="-118.76872"></trkpt>
    <trkpt lat="38.70052" lon="-118.76874"></trkpt>
    <trkpt lat="38.69933" lon="-118.76953"></trkpt>
    <trkpt lat="38.69926" lon="-118.76957"></trkpt>
    <trkpt lat="38.69843" lon="-118.77009"></trkpt>
    <trkpt lat="38.69808" lon="-118.77028"></trkpt>
    <trkpt lat="38.69758" lon="-118.77052"></trkpt>
    <trkpt lat="38.69741" lon="-118.77059"></trkpt>
    <trkpt lat="38.69733" lon="-118.77063"></trkpt>
    <trkpt lat="38.69699" lon="-118.77078"></trkpt>
    <trkpt lat="38.69652" lon="-118.77097"></trkpt>
    <trkpt lat="38.69586" lon="-118.77119"></trkpt>
    <trkpt lat="38.69581" lon="-118.7712"></trkpt>
    <trkpt lat="38.69568" lon="-118.77124"></trkpt>
    <trkpt lat="38.69513" lon="-118.77138"></trkpt>
    <trkpt lat="38.6948" lon="-118.77145"></trkpt>
    <trkpt lat="38.69462" lon="-118.77148"></trkpt>
    <trkpt lat="38.6945" lon="-118.77151"></trkpt>
    <trkpt lat="38.69141" lon="-118.77195"></trkpt>
    <trkpt lat="38.69089" lon="-118.77201"></trkpt>
    <trkpt lat="38.68996" lon="-118.77214"></trkpt>
    <trkpt lat="38.68918" lon="-118.77223"></trkpt>
    <trkpt lat="38.68894" lon="-118.77227"></trkpt>
    <trkpt lat="38.68876" lon="-118.77229"></trkpt>
    <trkpt lat="38.68785" lon="-118.77243"></trkpt>
    <trkpt lat="38.68746" lon="-118.77251"></trkpt>
    <trkpt lat="38.68707" lon="-118.77262"></trkpt>
    <trkpt lat="38.68702" lon="-118.77263"></trkpt>
    <trkpt lat="38.68689" lon="-118.77267"></trkpt>
    <trkpt lat="38.68679" lon="-118.77269"></trkpt>
    <trkpt lat="38.68644" lon="-118.77279"></trkpt>
    <trkpt lat="38.68602" lon="-118.77293"></trkpt>
    <trkpt lat="38.6859" lon="-118.77296"></trkpt>
    <trkpt lat="38.68523" lon="-118.77317"></trkpt>
    <trkpt lat="38.68497" lon="-118.77326"></trkpt>
    <trkpt lat="38.68479" lon="-118.77331"></trkpt>
    <trkpt lat="38.68462" lon="-118.77337"></trkpt>
    <trkpt lat="38.68456" lon="-118.77338"></trkpt>
    <trkpt lat="38.68341" lon="-118.77375"></trkpt>
    <trkpt lat="38.68311" lon="-118.77386"></trkpt>
    <trkpt lat="38.68252" lon="-118.77405"></trkpt>
    <trkpt lat="38.68225" lon="-118.77412"></trkpt>
    <trkpt lat="38.68207" lon="-118.77416"></trkpt>
    <trkpt lat="38.6816" lon="-118.77422"></trkpt>
    <trkpt lat="38.68138" lon="-118.77423"></trkpt>
    <trkpt lat="38.68118" lon="-118.77423"></trkpt>
    <trkpt lat="38.68073" lon="-118.77419"></trkpt>
    <trkpt lat="38.67937" lon="-118.77404"></trkpt>
    <trkpt lat="38.67866" lon="-118.77395"></trkpt>
    <trkpt lat="38.67864" lon="-118.77395"></trkpt>
    <trkpt lat="38.67836" lon="-118.77389"></trkpt>
    <trkpt lat="38.67809" lon="-118.77381"></trkpt>
    <trkpt lat="38.67777" lon="-118.77369"></trkpt>
    <trkpt lat="38.67734" lon="-118.77349"></trkpt>
    <trkpt lat="38.67718" lon="-118.7734"></trkpt>
    <trkpt lat="38.6768" lon="-118.77315"></trkpt>
    <trkpt lat="38.67676" lon="-118.77313"></trkpt>
    <trkpt lat="38.67664" lon="-118.77303"></trkpt>
    <trkpt lat="38.6765" lon="-118.7729"></trkpt>
    <trkpt lat="38.67638" lon="-118.7728"></trkpt>
    <trkpt lat="38.67635" lon="-118.77277"></trkpt>
    <trkpt lat="38.6761" lon="-118.77256"></trkpt>
    <trkpt lat="38.67605" lon="-118.77251"></trkpt>
    <trkpt lat="38.67583" lon="-118.77231"></trkpt>
    <trkpt lat="38.67576" lon="-118.77224"></trkpt>
    <trkpt lat="38.67382" lon="-118.77056"></trkpt>
    <trkpt lat="38.6738" lon="-118.77055"></trkpt>
    <trkpt lat="38.67368" lon="-118.77045"></trkpt>
    <trkpt lat="38.67354" lon="-118.77036"></trkpt>
    <trkpt lat="38.67351" lon="-118.77033"></trkpt>
    <trkpt lat="38.67327" lon="-118.77018"></trkpt>
    <trkpt lat="38.67318" lon="-118.77014"></trkpt>
    <trkpt lat="38.67315" lon="-118.77012"></trkpt>
    <trkpt lat="38.67301" lon="-118.77007"></trkpt>
    <trkpt lat="38.6725" lon="-118.76986"></trkpt>
    <trkpt lat="38.67134" lon="-118.76932"></trkpt>
    <trkpt lat="38.67103" lon="-118.76915"></trkpt>
    <trkpt lat="38.67088" lon="-118.76908"></trkpt>
    <trkpt lat="38.67068" lon="-118.76895"></trkpt>
    <trkpt lat="38.67056" lon="-118.76888"></trkpt>
    <trkpt lat="38.67018" lon="-118.7686"></trkpt>
    <trkpt lat="38.67017" lon="-118.76859"></trkpt>
    <trkpt lat="38.66983" lon="-118.76833"></trkpt>
    <trkpt lat="38.66948" lon="-118.76808"></trkpt>
    <trkpt lat="38.6694" lon="-118.76804"></trkpt>
    <trkpt lat="38.66924" lon="-118.76794"></trkpt>
    <trkpt lat="38.66912" lon="-118.76788"></trkpt>
    <trkpt lat="38.66874" lon="-118.76771"></trkpt>
    <trkpt lat="38.66873" lon="-118.76771"></trkpt>
    <trkpt lat="38.66856" lon="-118.76764"></trkpt>
    <trkpt lat="38.66853" lon="-118.76763"></trkpt>
    <trkpt lat="38.66792" lon="-118.76749"></trkpt>
    <trkpt lat="38.66785" lon="-118.76749"></trkpt>
    <trkpt lat="38.66767" lon="-118.76748"></trkpt>
    <trkpt lat="38.66749" lon="-118.76746"></trkpt>
    <trkpt lat="38.66723" lon="-118.76747"></trkpt>
    <trkpt lat="38.66706" lon="-118.76746"></trkpt>
    <trkpt lat="38.66677" lon="-118.76746"></trkpt>
    <trkpt lat="38.66669" lon="-118.76745"></trkpt>
    <trkpt lat="38.66636" lon="-118.76743"></trkpt>
    <trkpt lat="38.66607" lon="-118.76737"></trkpt>
    <trkpt lat="38.66606" lon="-118.76737"></trkpt>
    <trkpt lat="38.66588" lon="-118.76732"></trkpt>
    <trkpt lat="38.66566" lon="-118.76725"></trkpt>
    <trkpt lat="38.66501" lon="-118.76702"></trkpt>
    <trkpt lat="38.66498" lon="-118.767"></trkpt>
    <trkpt lat="38.66449" lon="-118.76682"></trkpt>
    <trkpt lat="38.66448" lon="-118.76682"></trkpt>
    <trkpt lat="38.66371" lon="-118.76655"></trkpt>
    <trkpt lat="38.6631" lon="-118.76636"></trkpt>
    <trkpt lat="38.66275" lon="-118.76626"></trkpt>
    <trkpt lat="38.66273" lon="-118.76625"></trkpt>
    <trkpt lat="38.6623" lon="-118.76612"></trkpt>
    <trkpt lat="38.66217" lon="-118.76609"></trkpt>
    <trkpt lat="38.6613" lon="-118.76595"></trkpt>
    <trkpt lat="38.66098" lon="-118.76591"></trkpt>
    <trkpt lat="38.66097" lon="-118.76591"></trkpt>
    <trkpt lat="38.6608" lon="-118.76588"></trkpt>
    <trkpt lat="38.66068" lon="-118.76587"></trkpt>
    <trkpt lat="38.65985" lon="-118.76575"></trkpt>
    <trkpt lat="38.65913" lon="-118.76569"></trkpt>
    <trkpt lat="38.65887" lon="-118.76564"></trkpt>
    <trkpt lat="38.6587" lon="-118.7656"></trkpt>
    <trkpt lat="38.65828" lon="-118.76545"></trkpt>
    <trkpt lat="38.65818" lon="-118.76542"></trkpt>
    <trkpt lat="38.65813" lon="-118.7654"></trkpt>
    <trkpt lat="38.6581" lon="-118.76538"></trkpt>
    <trkpt lat="38.65767" lon="-118.76516"></trkpt>
    <trkpt lat="38.65756" lon="-118.76509"></trkpt>
    <trkpt lat="38.65752" lon="-118.76507"></trkpt>
    <trkpt lat="38.65738" lon="-118.76497"></trkpt>
    <trkpt lat="38.65732" lon="-118.76492"></trkpt>
    <trkpt lat="38.65699" lon="-118.76468"></trkpt>
    <trkpt lat="38.65658" lon="-118.76434"></trkpt>
    <trkpt lat="38.65646" lon="-118.76423"></trkpt>
    <trkpt lat="38.65644" lon="-118.7642"></trkpt>
    <trkpt lat="38.6563" lon="-118.76413"></trkpt>
    <trkpt lat="38.65622" lon="-118.76403"></trkpt>
    <trkpt lat="38.65622" lon="-118.76402"></trkpt>
    <trkpt lat="38.656" lon="-118.76374"></trkpt>
    <trkpt lat="38.656" lon="-118.76373"></trkpt>
    <trkpt lat="38.65568" lon="-118.76331"></trkpt>
    <trkpt lat="38.65526" lon="-118.76262"></trkpt>
    <trkpt lat="38.65442" lon="-118.761"></trkpt>
    <trkpt lat="38.65441" lon="-118.76091"></trkpt>
    <trkpt lat="38.65385" lon="-118.75989"></trkpt>
    <trkpt lat="38.65379" lon="-118.75979"></trkpt>
    <trkpt lat="38.65362" lon="-118.75954"></trkpt>
    <trkpt lat="38.65354" lon="-118.75941"></trkpt>
    <trkpt lat="38.65305" lon="-118.75873"></trkpt>
    <trkpt lat="38.65268" lon="-118.7583"></trkpt>
    <trkpt lat="38.65196" lon="-118.75757"></trkpt>
    <trkpt lat="38.65128" lon="-118.75703"></trkpt>
    <trkpt lat="38.65078" lon="-118.7567"></trkpt>
    <trkpt lat="38.65042" lon="-118.75649"></trkpt>
    <trkpt lat="38.65021" lon="-118.75639"></trkpt>
    <trkpt lat="38.64973" lon="-118.75618"></trkpt>
    <trkpt lat="38.64923" lon="-118.75601"></trkpt>
    <trkpt lat="38.64884" lon="-118.7559"></trkpt>
    <trkpt lat="38.64838" lon="-118.75581"></trkpt>
    <trkpt lat="38.64807" lon="-118.7557"></trkpt>
    <trkpt lat="38.64806" lon="-118.7557"></trkpt>
    <trkpt lat="38.64776" lon="-118.75563"></trkpt>
    <trkpt lat="38.64773" lon="-118.75563"></trkpt>
    <trkpt lat="38.64723" lon="-118.75554"></trkpt>
    <trkpt lat="38.64721" lon="-118.75554"></trkpt>
    <trkpt lat="38.64687" lon="-118.75547"></trkpt>
    <trkpt lat="38.64685" lon="-118.75546"></trkpt>
    <trkpt lat="38.6465" lon="-118.75539"></trkpt>
    <trkpt lat="38.64647" lon="-118.75538"></trkpt>
    <trkpt lat="38.64598" lon="-118.75529"></trkpt>
    <trkpt lat="38.6458" lon="-118.75525"></trkpt>
    <trkpt lat="38.64579" lon="-118.75525"></trkpt>
    <trkpt lat="38.64561" lon="-118.75522"></trkpt>
    <trkpt lat="38.64549" lon="-118.75519"></trkpt>
    <trkpt lat="38.6449" lon="-118.75507"></trkpt>
    <trkpt lat="38.64455" lon="-118.75498"></trkpt>
    <trkpt lat="38.64155" lon="-118.75435"></trkpt>
    <trkpt lat="38.64129" lon="-118.75427"></trkpt>
    <trkpt lat="38.64114" lon="-118.75423"></trkpt>
    <trkpt lat="38.64087" lon="-118.75414"></trkpt>
    <trkpt lat="38.64011" lon="-118.75385"></trkpt>
    <trkpt lat="38.63983" lon="-118.75371"></trkpt>
    <trkpt lat="38.63976" lon="-118.75369"></trkpt>
    <trkpt lat="38.63966" lon="-118.75363"></trkpt>
    <trkpt lat="38.63957" lon="-118.75359"></trkpt>
    <trkpt lat="38.63949" lon="-118.75354"></trkpt>
    <trkpt lat="38.63939" lon="-118.75349"></trkpt>
    <trkpt lat="38.63867" lon="-118.75308"></trkpt>
    <trkpt lat="38.63802" lon="-118.75268"></trkpt>
    <trkpt lat="38.63794" lon="-118.75264"></trkpt>
    <trkpt lat="38.63759" lon="-118.75244"></trkpt>
    <trkpt lat="38.63697" lon="-118.75205"></trkpt>
    <trkpt lat="38.63588" lon="-118.75141"></trkpt>
    <trkpt lat="38.63584" lon="-118.75139"></trkpt>
    <trkpt lat="38.63378" lon="-118.75016"></trkpt>
    <trkpt lat="38.63355" lon="-118.75003"></trkpt>
    <trkpt lat="38.63332" lon="-118.74989"></trkpt>
    <trkpt lat="38.63259" lon="-118.74952"></trkpt>
    <trkpt lat="38.63214" lon="-118.74932"></trkpt>
    <trkpt lat="38.63194" lon="-118.74924"></trkpt>
    <trkpt lat="38.63182" lon="-118.74918"></trkpt>
    <trkpt lat="38.63168" lon="-118.74912"></trkpt>
    <trkpt lat="38.63162" lon="-118.7491"></trkpt>
    <trkpt lat="38.6316" lon="-118.74909"></trkpt>
    <trkpt lat="38.63128" lon="-118.74898"></trkpt>
    <trkpt lat="38.63049" lon="-118.74874"></trkpt>
    <trkpt lat="38.63029" lon="-118.74869"></trkpt>
    <trkpt lat="38.63026" lon="-118.74869"></trkpt>
    <trkpt lat="38.63024" lon="-118.74868"></trkpt>
    <trkpt lat="38.63023" lon="-118.74868"></trkpt>
    <trkpt lat="38.62983" lon="-118.74859"></trkpt>
    <trkpt lat="38.62975" lon="-118.74858"></trkpt>
    <trkpt lat="38.62953" lon="-118.74854"></trkpt>
    <trkpt lat="38.62951" lon="-118.74854"></trkpt>
    <trkpt lat="38.62924" lon="-118.74849"></trkpt>
    <trkpt lat="38.62917" lon="-118.74849"></trkpt>
    <trkpt lat="38.629" lon="-118.74846"></trkpt>
    <trkpt lat="38.6288" lon="-118.74844"></trkpt>
    <trkpt lat="38.62875" lon="-118.74843"></trkpt>
    <trkpt lat="38.62665" lon="-118.74815"></trkpt>
    <trkpt lat="38.62633" lon="-118.7481"></trkpt>
    <trkpt lat="38.62574" lon="-118.74795"></trkpt>
    <trkpt lat="38.62566" lon="-118.74792"></trkpt>
    <trkpt lat="38.62559" lon="-118.7479"></trkpt>
    <trkpt lat="38.62557" lon="-118.74789"></trkpt>
    <trkpt lat="38.62533" lon="-118.7478"></trkpt>
    <trkpt lat="38.62479" lon="-118.74754"></trkpt>
    <trkpt lat="38.62479" lon="-118.74753"></trkpt>
    <trkpt lat="38.62449" lon="-118.74737"></trkpt>
    <trkpt lat="38.62398" lon="-118.74703"></trkpt>
    <trkpt lat="38.62366" lon="-118.74678"></trkpt>
    <trkpt lat="38.62339" lon="-118.74654"></trkpt>
    <trkpt lat="38.62304" lon="-118.7462"></trkpt>
    <trkpt lat="38.62241" lon="-118.74544"></trkpt>
    <trkpt lat="38.62208" lon="-118.74496"></trkpt>
    <trkpt lat="38.62198" lon="-118.74478"></trkpt>
    <trkpt lat="38.62188" lon="-118.74462"></trkpt>
    <trkpt lat="38.62179" lon="-118.74445"></trkpt>
    <trkpt lat="38.62171" lon="-118.74428"></trkpt>
    <trkpt lat="38.62159" lon="-118.74405"></trkpt>
    <trkpt lat="38.62139" lon="-118.74362"></trkpt>
    <trkpt lat="38.62137" lon="-118.74355"></trkpt>
    <trkpt lat="38.62131" lon="-118.74341"></trkpt>
    <trkpt lat="38.6213" lon="-118.74337"></trkpt>
    <trkpt lat="38.62124" lon="-118.7432"></trkpt>
    <trkpt lat="38.62119" lon="-118.74309"></trkpt>
    <trkpt lat="38.62045" lon="-118.74114"></trkpt>
    <trkpt lat="38.62045" lon="-118.74113"></trkpt>
    <trkpt lat="38.62034" lon="-118.74086"></trkpt>
    <trkpt lat="38.61992" lon="-118.73969"></trkpt>
    <trkpt lat="38.61991" lon="-118.73968"></trkpt>
    <trkpt lat="38.61955" lon="-118.73871"></trkpt>
    <trkpt lat="38.61936" lon="-118.73823"></trkpt>
    <trkpt lat="38.61933" lon="-118.73814"></trkpt>
    <trkpt lat="38.61882" lon="-118.73679"></trkpt>
    <trkpt lat="38.61882" lon="-118.73677"></trkpt>
    <trkpt lat="38.61858" lon="-118.73615"></trkpt>
    <trkpt lat="38.61849" lon="-118.73588"></trkpt>
    <trkpt lat="38.6171" lon="-118.73219"></trkpt>
    <trkpt lat="38.61702" lon="-118.732"></trkpt>
    <trkpt lat="38.61656" lon="-118.73076"></trkpt>
    <trkpt lat="38.61654" lon="-118.73068"></trkpt>
    <trkpt lat="38.61638" lon="-118.73024"></trkpt>
    <trkpt lat="38.61601" lon="-118.72931"></trkpt>
    <trkpt lat="38.61596" lon="-118.72916"></trkpt>
    <trkpt lat="38.61593" lon="-118.7291"></trkpt>
    <trkpt lat="38.61586" lon="-118.72889"></trkpt>
    <trkpt lat="38.6157" lon="-118.72848"></trkpt>
    <trkpt lat="38.61569" lon="-118.72846"></trkpt>
    <trkpt lat="38.615" lon="-118.7266"></trkpt>
    <trkpt lat="38.61492" lon="-118.72641"></trkpt>
    <trkpt lat="38.61492" lon="-118.7264"></trkpt>
    <trkpt lat="38.61479" lon="-118.72608"></trkpt>
    <trkpt lat="38.61437" lon="-118.72495"></trkpt>
    <trkpt lat="38.6143" lon="-118.72474"></trkpt>
    <trkpt lat="38.61429" lon="-118.72473"></trkpt>
    <trkpt lat="38.61305" lon="-118.72142"></trkpt>
    <trkpt lat="38.61272" lon="-118.72061"></trkpt>
    <trkpt lat="38.6121" lon="-118.71929"></trkpt>
    <trkpt lat="38.61177" lon="-118.71869"></trkpt>
    <trkpt lat="38.61167" lon="-118.71853"></trkpt>
    <trkpt lat="38.61165" lon="-118.71848"></trkpt>
    <trkpt lat="38.61089" lon="-118.71726"></trkpt>
    <trkpt lat="38.61007" lon="-118.71611"></trkpt>
    <trkpt lat="38.60936" lon="-118.71524"></trkpt>
    <trkpt lat="38.6091" lon="-118.71495"></trkpt>
    <trkpt lat="38.60891" lon="-118.71475"></trkpt>
    <trkpt lat="38.60884" lon="-118.71467"></trkpt>
    <trkpt lat="38.60882" lon="-118.71464"></trkpt>
    <trkpt lat="38.60868" lon="-118.71449"></trkpt>
    <trkpt lat="38.60864" lon="-118.71446"></trkpt>
    <trkpt lat="38.60826" lon="-118.71409"></trkpt>
    <trkpt lat="38.60825" lon="-118.71407"></trkpt>
    <trkpt lat="38.60768" lon="-118.71354"></trkpt>
    <trkpt lat="38.60704" lon="-118.71301"></trkpt>
    <trkpt lat="38.60671" lon="-118.71275"></trkpt>
    <trkpt lat="38.60625" lon="-118.71242"></trkpt>
    <trkpt lat="38.60569" lon="-118.71205"></trkpt>
    <trkpt lat="38.60565" lon="-118.71202"></trkpt>
    <trkpt lat="38.60503" lon="-118.71164"></trkpt>
    <trkpt lat="38.60287" lon="-118.71039"></trkpt>
    <trkpt lat="38.6027" lon="-118.7103"></trkpt>
    <trkpt lat="38.60125" lon="-118.70943"></trkpt>
    <trkpt lat="38.60091" lon="-118.70924"></trkpt>
    <trkpt lat="38.60058" lon="-118.70904"></trkpt>
    <trkpt lat="38.60052" lon="-118.70901"></trkpt>
    <trkpt lat="38.5994" lon="-118.70836"></trkpt>
    <trkpt lat="38.599" lon="-118.70814"></trkpt>
    <trkpt lat="38.59884" lon="-118.70806"></trkpt>
    <trkpt lat="38.59835" lon="-118.70785"></trkpt>
    <trkpt lat="38.59808" lon="-118.70775"></trkpt>
    <trkpt lat="38.59791" lon="-118.7077"></trkpt>
    <trkpt lat="38.59787" lon="-118.70768"></trkpt>
    <trkpt lat="38.59735" lon="-118.70756"></trkpt>
    <trkpt lat="38.5972" lon="-118.70752"></trkpt>
    <trkpt lat="38.59685" lon="-118.70745"></trkpt>
    <trkpt lat="38.59657" lon="-118.70743"></trkpt>
    <trkpt lat="38.59638" lon="-118.70741"></trkpt>
    <trkpt lat="38.59571" lon="-118.70741"></trkpt>
    <trkpt lat="38.59547" lon="-118.70742"></trkpt>
    <trkpt lat="38.59497" lon="-118.70748"></trkpt>
    <trkpt lat="38.59414" lon="-118.70766"></trkpt>
    <trkpt lat="38.59364" lon="-118.70779"></trkpt>
    <trkpt lat="38.59207" lon="-118.70816"></trkpt>
    <trkpt lat="38.59178" lon="-118.70824"></trkpt>
    <trkpt lat="38.59138" lon="-118.70833"></trkpt>
    <trkpt lat="38.59045" lon="-118.70856"></trkpt>
    <trkpt lat="38.59039" lon="-118.70857"></trkpt>
    <trkpt lat="38.58898" lon="-118.70891"></trkpt>
    <trkpt lat="38.5888" lon="-118.70896"></trkpt>
    <trkpt lat="38.58845" lon="-118.70904"></trkpt>
    <trkpt lat="38.58829" lon="-118.70907"></trkpt>
    <trkpt lat="38.58792" lon="-118.70912"></trkpt>
    <trkpt lat="38.58784" lon="-118.70912"></trkpt>
    <trkpt lat="38.58777" lon="-118.70913"></trkpt>
    <trkpt lat="38.5869" lon="-118.70912"></trkpt>
    <trkpt lat="38.58638" lon="-118.70903"></trkpt>
    <trkpt lat="38.58605" lon="-118.70895"></trkpt>
    <trkpt lat="38.58574" lon="-118.70886"></trkpt>
    <trkpt lat="38.5852" lon="-118.70865"></trkpt>
    <trkpt lat="38.5847" lon="-118.70841"></trkpt>
    <trkpt lat="38.58451" lon="-118.7083"></trkpt>
    <trkpt lat="38.58421" lon="-118.70811"></trkpt>
    <trkpt lat="38.58374" lon="-118.70775"></trkpt>
    <trkpt lat="38.58348" lon="-118.70754"></trkpt>
    <trkpt lat="38.58341" lon="-118.70747"></trkpt>
    <trkpt lat="38.58333" lon="-118.7074"></trkpt>
    <trkpt lat="38.58317" lon="-118.70724"></trkpt>
    <trkpt lat="38.58293" lon="-118.70698"></trkpt>
    <trkpt lat="38.58245" lon="-118.70642"></trkpt>
    <trkpt lat="38.58095" lon="-118.7045"></trkpt>
    <trkpt lat="38.58094" lon="-118.70448"></trkpt>
    <trkpt lat="38.58019" lon="-118.70352"></trkpt>
    <trkpt lat="38.58017" lon="-118.7035"></trkpt>
    <trkpt lat="38.58007" lon="-118.70336"></trkpt>
    <trkpt lat="38.57968" lon="-118.70287"></trkpt>
    <trkpt lat="38.57956" lon="-118.7027"></trkpt>
    <trkpt lat="38.5793" lon="-118.70238"></trkpt>
    <trkpt lat="38.57803" lon="-118.70075"></trkpt>
    <trkpt lat="38.57791" lon="-118.70058"></trkpt>
    <trkpt lat="38.57708" lon="-118.69953"></trkpt>
    <trkpt lat="38.57603" lon="-118.69815"></trkpt>
    <trkpt lat="38.5744" lon="-118.6961"></trkpt>
    <trkpt lat="38.57436" lon="-118.69604"></trkpt>
    <trkpt lat="38.57375" lon="-118.6953"></trkpt>
    <trkpt lat="38.57264" lon="-118.69383"></trkpt>
    <trkpt lat="38.56938" lon="-118.68969"></trkpt>
    <trkpt lat="38.56897" lon="-118.68914"></trkpt>
    <trkpt lat="38.56828" lon="-118.68812"></trkpt>
    <trkpt lat="38.56818" lon="-118.68796"></trkpt>
    <trkpt lat="38.56787" lon="-118.68751"></trkpt>
    <trkpt lat="38.56783" lon="-118.68744"></trkpt>
    <trkpt lat="38.56771" lon="-118.68726"></trkpt>
    <trkpt lat="38.56761" lon="-118.68708"></trkpt>
    <trkpt lat="38.56696" lon="-118.68599"></trkpt>
    <trkpt lat="38.56696" lon="-118.68597"></trkpt>
    <trkpt lat="38.56685" lon="-118.68578"></trkpt>
    <trkpt lat="38.56607" lon="-118.68434"></trkpt>
    <trkpt lat="38.56595" lon="-118.68414"></trkpt>
    <trkpt lat="38.56449" lon="-118.68151"></trkpt>
    <trkpt lat="38.56446" lon="-118.68147"></trkpt>
    <trkpt lat="38.56014" lon="-118.67371"></trkpt>
    <trkpt lat="38.55976" lon="-118.67298"></trkpt>
    <trkpt lat="38.55611" lon="-118.66641"></trkpt>
    <trkpt lat="38.55611" lon="-118.6664"></trkpt>
    <trkpt lat="38.55217" lon="-118.65931"></trkpt>
    <trkpt lat="38.55212" lon="-118.65921"></trkpt>
    <trkpt lat="38.55103" lon="-118.65724"></trkpt>
    <trkpt lat="38.55009" lon="-118.65549"></trkpt>
    <trkpt lat="38.55007" lon="-118.65544"></trkpt>
    <trkpt lat="38.54991" lon="-118.65515"></trkpt>
    <trkpt lat="38.54989" lon="-118.6551"></trkpt>
    <trkpt lat="38.54896" lon="-118.65341"></trkpt>
    <trkpt lat="38.54886" lon="-118.65325"></trkpt>
    <trkpt lat="38.54798" lon="-118.65162"></trkpt>
    <trkpt lat="38.54758" lon="-118.65093"></trkpt>
    <trkpt lat="38.54728" lon="-118.65037"></trkpt>
    <trkpt lat="38.54715" lon="-118.65015"></trkpt>
    <trkpt lat="38.54575" lon="-118.64765"></trkpt>
    <trkpt lat="38.54535" lon="-118.64691"></trkpt>
    <trkpt lat="38.54366" lon="-118.64389"></trkpt>
    <trkpt lat="38.54356" lon="-118.64369"></trkpt>
    <trkpt lat="38.54353" lon="-118.64365"></trkpt>
    <trkpt lat="38.53349" lon="-118.62554"></trkpt>
    <trkpt lat="38.53324" lon="-118.62513"></trkpt>
    <trkpt lat="38.53318" lon="-118.62505"></trkpt>
    <trkpt lat="38.53334" lon="-118.6248"></trkpt>
    <trkpt lat="38.53338" lon="-118.62475"></trkpt>
    <trkpt lat="38.53342" lon="-118.62469"></trkpt>
    <trkpt lat="38.53347" lon="-118.62453"></trkpt>
    <trkpt lat="38.53349" lon="-118.61925"></trkpt>
    <trkpt lat="38.5335" lon="-118.61897"></trkpt>
    <trkpt lat="38.53352" lon="-118.61486"></trkpt>
    <trkpt lat="38.5335" lon="-118.61444"></trkpt>
    <trkpt lat="38.53346" lon="-118.6141"></trkpt>
    <trkpt lat="38.53333" lon="-118.61355"></trkpt>
    <trkpt lat="38.5333" lon="-118.61348"></trkpt>
    <trkpt lat="38.53327" lon="-118.61336"></trkpt>
    <trkpt lat="38.53326" lon="-118.61334"></trkpt>
    <trkpt lat="38.53315" lon="-118.61303"></trkpt>
    <trkpt lat="38.53312" lon="-118.61299"></trkpt>
    <trkpt lat="38.533" lon="-118.61274"></trkpt>
    <trkpt lat="38.53259" lon="-118.61214"></trkpt>
    <trkpt lat="38.53236" lon="-118.61189"></trkpt>
    <trkpt lat="38.5322" lon="-118.61173"></trkpt>
    <trkpt lat="38.53203" lon="-118.61159"></trkpt>
    <trkpt lat="38.53166" lon="-118.61136"></trkpt>
    <trkpt lat="38.53165" lon="-118.61136"></trkpt>
    <trkpt lat="38.53148" lon="-118.61127"></trkpt>
    <trkpt lat="38.53126" lon="-118.61118"></trkpt>
    <trkpt lat="38.53103" lon="-118.61112"></trkpt>
    <trkpt lat="38.531" lon="-118.61111"></trkpt>
    <trkpt lat="38.53083" lon="-118.61107"></trkpt>
    <trkpt lat="38.53073" lon="-118.61106"></trkpt>
    <trkpt lat="38.5307" lon="-118.61106"></trkpt>
    <trkpt lat="38.5306" lon="-118.61105"></trkpt>
    <trkpt lat="38.53042" lon="-118.61104"></trkpt>
    <trkpt lat="38.52719" lon="-118.61102"></trkpt>
    <trkpt lat="38.52701" lon="-118.61101"></trkpt>
    <trkpt lat="38.52647" lon="-118.61101"></trkpt>
    <trkpt lat="38.52611" lon="-118.611"></trkpt>
    <trkpt lat="38.52447" lon="-118.61102"></trkpt>
    <trkpt lat="38.5245" lon="-118.6061"></trkpt>
    <trkpt lat="38.52452" lon="-118.60598"></trkpt>
    <trkpt lat="38.52455" lon="-118.59851"></trkpt>
    <trkpt lat="38.52457" lon="-118.59806"></trkpt>
    <trkpt lat="38.52456" lon="-118.59773"></trkpt>
    <trkpt lat="38.52458" lon="-118.59245"></trkpt>
    <trkpt lat="38.52459" lon="-118.59239"></trkpt>
    <trkpt lat="38.52458" lon="-118.59039"></trkpt>
    <trkpt lat="38.52464" lon="-118.5803"></trkpt>
    <trkpt lat="38.52471" lon="-118.57867"></trkpt>
    <trkpt lat="38.52475" lon="-118.57814"></trkpt>
    <trkpt lat="38.52493" lon="-118.5762"></trkpt>
    <trkpt lat="38.52495" lon="-118.57608"></trkpt>
    <trkpt lat="38.52495" lon="-118.57607"></trkpt>
    <trkpt lat="38.52504" lon="-118.57545"></trkpt>
    <trkpt lat="38.52504" lon="-118.57541"></trkpt>
    <trkpt lat="38.52518" lon="-118.5745"></trkpt>
    <trkpt lat="38.52518" lon="-118.57448"></trkpt>
    <trkpt lat="38.52631" lon="-118.56814"></trkpt>
    <trkpt lat="38.52631" lon="-118.56811"></trkpt>
    <trkpt lat="38.52649" lon="-118.5671"></trkpt>
    <trkpt lat="38.5265" lon="-118.56707"></trkpt>
    <trkpt lat="38.52718" lon="-118.5633"></trkpt>
    <trkpt lat="38.52725" lon="-118.56283"></trkpt>
    <trkpt lat="38.52799" lon="-118.55871"></trkpt>
    <trkpt lat="38.52801" lon="-118.55857"></trkpt>
    <trkpt lat="38.52809" lon="-118.55812"></trkpt>
    <trkpt lat="38.52813" lon="-118.55793"></trkpt>
    <trkpt lat="38.52813" lon="-118.5579"></trkpt>
    <trkpt lat="38.52911" lon="-118.55246"></trkpt>
    <trkpt lat="38.52935" lon="-118.55137"></trkpt>
    <trkpt lat="38.52962" lon="-118.55034"></trkpt>
    <trkpt lat="38.52963" lon="-118.55032"></trkpt>
    <trkpt lat="38.52969" lon="-118.55011"></trkpt>
    <trkpt lat="38.53078" lon="-118.54671"></trkpt>
    <trkpt lat="38.53079" lon="-118.54671"></trkpt>
    <trkpt lat="38.53085" lon="-118.54649"></trkpt>
    <trkpt lat="38.53098" lon="-118.54609"></trkpt>
    <trkpt lat="38.53099" lon="-118.54607"></trkpt>
    <trkpt lat="38.53118" lon="-118.54545"></trkpt>
    <trkpt lat="38.5314" lon="-118.54479"></trkpt>
    <trkpt lat="38.53142" lon="-118.54474"></trkpt>
    <trkpt lat="38.53339" lon="-118.53863"></trkpt>
    <trkpt lat="38.5334" lon="-118.53858"></trkpt>
    <trkpt lat="38.53345" lon="-118.53841"></trkpt>
    <trkpt lat="38.53414" lon="-118.53629"></trkpt>
    <trkpt lat="38.53423" lon="-118.53599"></trkpt>
    <trkpt lat="38.53537" lon="-118.53246"></trkpt>
    <trkpt lat="38.53543" lon="-118.53224"></trkpt>
    <trkpt lat="38.53549" lon="-118.53208"></trkpt>
    <trkpt lat="38.53918" lon="-118.52061"></trkpt>
    <trkpt lat="38.53924" lon="-118.5204"></trkpt>
    <trkpt lat="38.54061" lon="-118.51614"></trkpt>
    <trkpt lat="38.54064" lon="-118.51607"></trkpt>
    <trkpt lat="38.54068" lon="-118.51593"></trkpt>
    <trkpt lat="38.54149" lon="-118.51344"></trkpt>
    <trkpt lat="38.5415" lon="-118.51338"></trkpt>
    <trkpt lat="38.54177" lon="-118.51255"></trkpt>
    <trkpt lat="38.54178" lon="-118.51253"></trkpt>
    <trkpt lat="38.54355" lon="-118.507"></trkpt>
    <trkpt lat="38.54364" lon="-118.50669"></trkpt>
    <trkpt lat="38.54382" lon="-118.50614"></trkpt>
    <trkpt lat="38.54383" lon="-118.50609"></trkpt>
    <trkpt lat="38.54415" lon="-118.50514"></trkpt>
    <trkpt lat="38.54416" lon="-118.50508"></trkpt>
    <trkpt lat="38.5451" lon="-118.50219"></trkpt>
    <trkpt lat="38.54512" lon="-118.50211"></trkpt>
    <trkpt lat="38.54545" lon="-118.5011"></trkpt>
    <trkpt lat="38.54559" lon="-118.50063"></trkpt>
    <trkpt lat="38.54738" lon="-118.49509"></trkpt>
    <trkpt lat="38.54744" lon="-118.49488"></trkpt>
    <trkpt lat="38.54817" lon="-118.49262"></trkpt>
    <trkpt lat="38.5482" lon="-118.49254"></trkpt>
    <trkpt lat="38.54938" lon="-118.4888"></trkpt>
    <trkpt lat="38.54957" lon="-118.48811"></trkpt>
    <trkpt lat="38.54967" lon="-118.48771"></trkpt>
    <trkpt lat="38.54982" lon="-118.48699"></trkpt>
    <trkpt lat="38.54985" lon="-118.48688"></trkpt>
    <trkpt lat="38.54993" lon="-118.48647"></trkpt>
    <trkpt lat="38.54994" lon="-118.48644"></trkpt>
    <trkpt lat="38.55002" lon="-118.48596"></trkpt>
    <trkpt lat="38.55019" lon="-118.48478"></trkpt>
    <trkpt lat="38.55025" lon="-118.48423"></trkpt>
    <trkpt lat="38.55028" lon="-118.48384"></trkpt>
    <trkpt lat="38.55028" lon="-118.48372"></trkpt>
    <trkpt lat="38.55036" lon="-118.48257"></trkpt>
    <trkpt lat="38.55037" lon="-118.48196"></trkpt>
    <trkpt lat="38.55036" lon="-118.48039"></trkpt>
    <trkpt lat="38.55035" lon="-118.48026"></trkpt>
    <trkpt lat="38.55035" lon="-118.47978"></trkpt>
    <trkpt lat="38.55034" lon="-118.47957"></trkpt>
    <trkpt lat="38.55032" lon="-118.47819"></trkpt>
    <trkpt lat="38.55031" lon="-118.47802"></trkpt>
    <trkpt lat="38.55029" lon="-118.47589"></trkpt>
    <trkpt lat="38.55028" lon="-118.47566"></trkpt>
    <trkpt lat="38.55027" lon="-118.47451"></trkpt>
    <trkpt lat="38.55025" lon="-118.47382"></trkpt>
    <trkpt lat="38.55025" lon="-118.47359"></trkpt>
    <trkpt lat="38.55024" lon="-118.47336"></trkpt>
    <trkpt lat="38.55009" lon="-118.46334"></trkpt>
    <trkpt lat="38.55008" lon="-118.46311"></trkpt>
    <trkpt lat="38.54994" lon="-118.45405"></trkpt>
    <trkpt lat="38.54994" lon="-118.45346"></trkpt>
    <trkpt lat="38.54988" lon="-118.45003"></trkpt>
    <trkpt lat="38.54987" lon="-118.4498"></trkpt>
    <trkpt lat="38.54986" lon="-118.44865"></trkpt>
    <trkpt lat="38.54985" lon="-118.44834"></trkpt>
    <trkpt lat="38.54984" lon="-118.44727"></trkpt>
    <trkpt lat="38.54983" lon="-118.44704"></trkpt>
    <trkpt lat="38.54982" lon="-118.44612"></trkpt>
    <trkpt lat="38.54981" lon="-118.44589"></trkpt>
    <trkpt lat="38.54971" lon="-118.43924"></trkpt>
    <trkpt lat="38.54964" lon="-118.43657"></trkpt>
    <trkpt lat="38.54957" lon="-118.4352"></trkpt>
    <trkpt lat="38.54955" lon="-118.43497"></trkpt>
    <trkpt lat="38.54954" lon="-118.43475"></trkpt>
    <trkpt lat="38.5495" lon="-118.43425"></trkpt>
    <trkpt lat="38.54942" lon="-118.43348"></trkpt>
    <trkpt lat="38.54931" lon="-118.43259"></trkpt>
    <trkpt lat="38.54905" lon="-118.4309"></trkpt>
    <trkpt lat="38.54878" lon="-118.42931"></trkpt>
    <trkpt lat="38.5487" lon="-118.42889"></trkpt>
    <trkpt lat="38.54828" lon="-118.42641"></trkpt>
    <trkpt lat="38.54828" lon="-118.42639"></trkpt>
    <trkpt lat="38.54804" lon="-118.42507"></trkpt>
    <trkpt lat="38.5475" lon="-118.42189"></trkpt>
    <trkpt lat="38.54733" lon="-118.42097"></trkpt>
    <trkpt lat="38.54732" lon="-118.42087"></trkpt>
    <trkpt lat="38.54726" lon="-118.42052"></trkpt>
    <trkpt lat="38.54725" lon="-118.4205"></trkpt>
    <trkpt lat="38.54686" lon="-118.41828"></trkpt>
    <trkpt lat="38.54685" lon="-118.41824"></trkpt>
    <trkpt lat="38.5454" lon="-118.40993"></trkpt>
    <trkpt lat="38.5454" lon="-118.40988"></trkpt>
    <trkpt lat="38.54512" lon="-118.40836"></trkpt>
    <trkpt lat="38.54438" lon="-118.40406"></trkpt>
    <trkpt lat="38.54429" lon="-118.40362"></trkpt>
    <trkpt lat="38.54403" lon="-118.40207"></trkpt>
    <trkpt lat="38.54401" lon="-118.40198"></trkpt>
    <trkpt lat="38.54395" lon="-118.40162"></trkpt>
    <trkpt lat="38.54394" lon="-118.40152"></trkpt>
    <trkpt lat="38.5426" lon="-118.39386"></trkpt>
    <trkpt lat="38.54243" lon="-118.39261"></trkpt>
    <trkpt lat="38.54221" lon="-118.39018"></trkpt>
    <trkpt lat="38.54219" lon="-118.39004"></trkpt>
    <trkpt lat="38.54193" lon="-118.38721"></trkpt>
    <trkpt lat="38.54187" lon="-118.38666"></trkpt>
    <trkpt lat="38.54181" lon="-118.38591"></trkpt>
    <trkpt lat="38.5411" lon="-118.37839"></trkpt>
    <trkpt lat="38.54109" lon="-118.37835"></trkpt>
    <trkpt lat="38.54074" lon="-118.37439"></trkpt>
    <trkpt lat="38.53944" lon="-118.36088"></trkpt>
    <trkpt lat="38.53921" lon="-118.35822"></trkpt>
    <trkpt lat="38.53917" lon="-118.35792"></trkpt>
    <trkpt lat="38.53864" lon="-118.35231"></trkpt>
    <trkpt lat="38.53863" lon="-118.35225"></trkpt>
    <trkpt lat="38.53686" lon="-118.33328"></trkpt>
    <trkpt lat="38.5368" lon="-118.33273"></trkpt>
    <trkpt lat="38.5368" lon="-118.3327"></trkpt>
    <trkpt lat="38.53671" lon="-118.33163"></trkpt>
    <trkpt lat="38.53666" lon="-118.33115"></trkpt>
    <trkpt lat="38.53662" lon="-118.33093"></trkpt>
    <trkpt lat="38.53662" lon="-118.3309"></trkpt>
    <trkpt lat="38.53657" lon="-118.33045"></trkpt>
    <trkpt lat="38.53555" lon="-118.31935"></trkpt>
    <trkpt lat="38.53533" lon="-118.31731"></trkpt>
    <trkpt lat="38.5352" lon="-118.31594"></trkpt>
    <trkpt lat="38.53519" lon="-118.31571"></trkpt>
    <trkpt lat="38.53518" lon="-118.31559"></trkpt>
    <trkpt lat="38.53516" lon="-118.31547"></trkpt>
    <trkpt lat="38.53509" lon="-118.31474"></trkpt>
    <trkpt lat="38.53502" lon="-118.31382"></trkpt>
    <trkpt lat="38.53498" lon="-118.31352"></trkpt>
    <trkpt lat="38.53424" lon="-118.30569"></trkpt>
    <trkpt lat="38.53423" lon="-118.30553"></trkpt>
    <trkpt lat="38.53415" lon="-118.30491"></trkpt>
    <trkpt lat="38.53388" lon="-118.30187"></trkpt>
    <trkpt lat="38.53378" lon="-118.301"></trkpt>
    <trkpt lat="38.53368" lon="-118.29977"></trkpt>
    <trkpt lat="38.5333" lon="-118.29576"></trkpt>
    <trkpt lat="38.53322" lon="-118.29506"></trkpt>
    <trkpt lat="38.53258" lon="-118.28816"></trkpt>
    <trkpt lat="38.53256" lon="-118.28803"></trkpt>
    <trkpt lat="38.53246" lon="-118.28701"></trkpt>
    <trkpt lat="38.53241" lon="-118.28638"></trkpt>
    <trkpt lat="38.53147" lon="-118.27638"></trkpt>
    <trkpt lat="38.53146" lon="-118.27635"></trkpt>
    <trkpt lat="38.53134" lon="-118.27501"></trkpt>
    <trkpt lat="38.53128" lon="-118.27446"></trkpt>
    <trkpt lat="38.53115" lon="-118.27293"></trkpt>
    <trkpt lat="38.52996" lon="-118.26058"></trkpt>
    <trkpt lat="38.52993" lon="-118.26035"></trkpt>
    <trkpt lat="38.52962" lon="-118.25693"></trkpt>
    <trkpt lat="38.52944" lon="-118.25521"></trkpt>
    <trkpt lat="38.52888" lon="-118.24917"></trkpt>
    <trkpt lat="38.52887" lon="-118.24914"></trkpt>
    <trkpt lat="38.52801" lon="-118.23998"></trkpt>
    <trkpt lat="38.52784" lon="-118.2384"></trkpt>
    <trkpt lat="38.52703" lon="-118.22981"></trkpt>
    <trkpt lat="38.52701" lon="-118.2295"></trkpt>
    <trkpt lat="38.52676" lon="-118.22685"></trkpt>
    <trkpt lat="38.52673" lon="-118.22662"></trkpt>
    <trkpt lat="38.52661" lon="-118.2253"></trkpt>
    <trkpt lat="38.52661" lon="-118.22525"></trkpt>
    <trkpt lat="38.52636" lon="-118.22274"></trkpt>
    <trkpt lat="38.5262" lon="-118.22147"></trkpt>
    <trkpt lat="38.52614" lon="-118.22115"></trkpt>
    <trkpt lat="38.52594" lon="-118.22032"></trkpt>
    <trkpt lat="38.52586" lon="-118.22007"></trkpt>
    <trkpt lat="38.52586" lon="-118.22006"></trkpt>
    <trkpt lat="38.5258" lon="-118.21985"></trkpt>
    <trkpt lat="38.52558" lon="-118.21922"></trkpt>
    <trkpt lat="38.52547" lon="-118.21894"></trkpt>
    <trkpt lat="38.52535" lon="-118.21866"></trkpt>
    <trkpt lat="38.52494" lon="-118.21781"></trkpt>
    <trkpt lat="38.52474" lon="-118.21737"></trkpt>
    <trkpt lat="38.52434" lon="-118.21655"></trkpt>
    <trkpt lat="38.52425" lon="-118.21635"></trkpt>
    <trkpt lat="38.52" lon="-118.20755"></trkpt>
    <trkpt lat="38.51997" lon="-118.20748"></trkpt>
    <trkpt lat="38.51465" lon="-118.1964"></trkpt>
    <trkpt lat="38.51304" lon="-118.19311"></trkpt>
    <trkpt lat="38.51266" lon="-118.19228"></trkpt>
    <trkpt lat="38.51255" lon="-118.19207"></trkpt>
    <trkpt lat="38.51253" lon="-118.192"></trkpt>
    <trkpt lat="38.51126" lon="-118.1894"></trkpt>
    <trkpt lat="38.51054" lon="-118.18788"></trkpt>
    <trkpt lat="38.51038" lon="-118.18756"></trkpt>
    <trkpt lat="38.51034" lon="-118.18747"></trkpt>
    <trkpt lat="38.50998" lon="-118.18674"></trkpt>
    <trkpt lat="38.50996" lon="-118.18669"></trkpt>
    <trkpt lat="38.50808" lon="-118.18281"></trkpt>
    <trkpt lat="38.50762" lon="-118.18193"></trkpt>
    <trkpt lat="38.50751" lon="-118.18174"></trkpt>
    <trkpt lat="38.5069" lon="-118.18078"></trkpt>
    <trkpt lat="38.5066" lon="-118.18035"></trkpt>
    <trkpt lat="38.50602" lon="-118.17945"></trkpt>
    <trkpt lat="38.50541" lon="-118.17858"></trkpt>
    <trkpt lat="38.50496" lon="-118.17785"></trkpt>
    <trkpt lat="38.50454" lon="-118.17722"></trkpt>
    <trkpt lat="38.50431" lon="-118.1769"></trkpt>
    <trkpt lat="38.50408" lon="-118.1766"></trkpt>
    <trkpt lat="38.50375" lon="-118.17623"></trkpt>
    <trkpt lat="38.50346" lon="-118.17595"></trkpt>
    <trkpt lat="38.50316" lon="-118.1757"></trkpt>
    <trkpt lat="38.50299" lon="-118.17558"></trkpt>
    <trkpt lat="38.50236" lon="-118.17519"></trkpt>
    <trkpt lat="38.50191" lon="-118.17495"></trkpt>
    <trkpt lat="38.50105" lon="-118.17444"></trkpt>
    <trkpt lat="38.50104" lon="-118.17444"></trkpt>
    <trkpt lat="38.501" lon="-118.17441"></trkpt>
    <trkpt lat="38.50092" lon="-118.17437"></trkpt>
    <trkpt lat="38.5002" lon="-118.17396"></trkpt>
    <trkpt lat="38.49994" lon="-118.1738"></trkpt>
    <trkpt lat="38.49993" lon="-118.1738"></trkpt>
    <trkpt lat="38.49977" lon="-118.1737"></trkpt>
    <trkpt lat="38.49654" lon="-118.17183"></trkpt>
    <trkpt lat="38.4965" lon="-118.17181"></trkpt>
    <trkpt lat="38.49646" lon="-118.17178"></trkpt>
    <trkpt lat="38.49498" lon="-118.17093"></trkpt>
    <trkpt lat="38.49497" lon="-118.17093"></trkpt>
    <trkpt lat="38.49493" lon="-118.17091"></trkpt>
    <trkpt lat="38.49482" lon="-118.17084"></trkpt>
    <trkpt lat="38.49481" lon="-118.17083"></trkpt>
    <trkpt lat="38.49477" lon="-118.17081"></trkpt>
    <trkpt lat="38.4917" lon="-118.16905"></trkpt>
    <trkpt lat="38.49166" lon="-118.16902"></trkpt>
    <trkpt lat="38.49154" lon="-118.16895"></trkpt>
    <trkpt lat="38.49153" lon="-118.16894"></trkpt>
    <trkpt lat="38.49133" lon="-118.16883"></trkpt>
    <trkpt lat="38.48892" lon="-118.16742"></trkpt>
    <trkpt lat="38.48887" lon="-118.1674"></trkpt>
    <trkpt lat="38.48871" lon="-118.1673"></trkpt>
    <trkpt lat="38.48858" lon="-118.16723"></trkpt>
    <trkpt lat="38.48798" lon="-118.16688"></trkpt>
    <trkpt lat="38.48789" lon="-118.16682"></trkpt>
    <trkpt lat="38.48445" lon="-118.16485"></trkpt>
    <trkpt lat="38.48429" lon="-118.16475"></trkpt>
    <trkpt lat="38.48347" lon="-118.16428"></trkpt>
    <trkpt lat="38.4833" lon="-118.16419"></trkpt>
    <trkpt lat="38.48314" lon="-118.16409"></trkpt>
    <trkpt lat="38.47789" lon="-118.16105"></trkpt>
    <trkpt lat="38.47772" lon="-118.16096"></trkpt>
    <trkpt lat="38.47756" lon="-118.16086"></trkpt>
    <trkpt lat="38.47576" lon="-118.15982"></trkpt>
    <trkpt lat="38.47559" lon="-118.15973"></trkpt>
    <trkpt lat="38.46845" lon="-118.1556"></trkpt>
    <trkpt lat="38.46829" lon="-118.1555"></trkpt>
    <trkpt lat="38.46707" lon="-118.15479"></trkpt>
    <trkpt lat="38.46681" lon="-118.15465"></trkpt>
    <trkpt lat="38.46649" lon="-118.15445"></trkpt>
    <trkpt lat="38.46586" lon="-118.15408"></trkpt>
    <trkpt lat="38.46583" lon="-118.15407"></trkpt>
    <trkpt lat="38.46469" lon="-118.15341"></trkpt>
    <trkpt lat="38.46452" lon="-118.15332"></trkpt>
    <trkpt lat="38.45708" lon="-118.14903"></trkpt>
    <trkpt lat="38.45691" lon="-118.14894"></trkpt>
    <trkpt lat="38.45445" lon="-118.14752"></trkpt>
    <trkpt lat="38.45319" lon="-118.14677"></trkpt>
    <trkpt lat="38.45007" lon="-118.14499"></trkpt>
    <trkpt lat="38.44991" lon="-118.14489"></trkpt>
    <trkpt lat="38.44974" lon="-118.1448"></trkpt>
    <trkpt lat="38.44958" lon="-118.1447"></trkpt>
    <trkpt lat="38.44695" lon="-118.1432"></trkpt>
    <trkpt lat="38.44679" lon="-118.1431"></trkpt>
    <trkpt lat="38.44635" lon="-118.14285"></trkpt>
    <trkpt lat="38.44614" lon="-118.14272"></trkpt>
    <trkpt lat="38.44597" lon="-118.14263"></trkpt>
    <trkpt lat="38.44581" lon="-118.14253"></trkpt>
    <trkpt lat="38.44368" lon="-118.1413"></trkpt>
    <trkpt lat="38.44351" lon="-118.14121"></trkpt>
    <trkpt lat="38.44054" lon="-118.13949"></trkpt>
    <trkpt lat="38.43977" lon="-118.13906"></trkpt>
    <trkpt lat="38.43825" lon="-118.13816"></trkpt>
    <trkpt lat="38.43808" lon="-118.13807"></trkpt>
    <trkpt lat="38.43793" lon="-118.13798"></trkpt>
    <trkpt lat="38.43792" lon="-118.13797"></trkpt>
    <trkpt lat="38.43398" lon="-118.13571"></trkpt>
    <trkpt lat="38.43382" lon="-118.13561"></trkpt>
    <trkpt lat="38.42977" lon="-118.13328"></trkpt>
    <trkpt lat="38.42973" lon="-118.13326"></trkpt>
    <trkpt lat="38.42766" lon="-118.13206"></trkpt>
    <trkpt lat="38.42749" lon="-118.13197"></trkpt>
    <trkpt lat="38.42733" lon="-118.13187"></trkpt>
    <trkpt lat="38.42471" lon="-118.13036"></trkpt>
    <trkpt lat="38.42454" lon="-118.13027"></trkpt>
    <trkpt lat="38.42438" lon="-118.13017"></trkpt>
    <trkpt lat="38.42012" lon="-118.12772"></trkpt>
    <trkpt lat="38.4188" lon="-118.12693"></trkpt>
    <trkpt lat="38.41324" lon="-118.12334"></trkpt>
    <trkpt lat="38.41308" lon="-118.12323"></trkpt>
    <trkpt lat="38.41119" lon="-118.12201"></trkpt>
    <trkpt lat="38.41026" lon="-118.12143"></trkpt>
    <trkpt lat="38.40962" lon="-118.121"></trkpt>
    <trkpt lat="38.40622" lon="-118.11879"></trkpt>
    <trkpt lat="38.40594" lon="-118.1186"></trkpt>
    <trkpt lat="38.40545" lon="-118.1183"></trkpt>
    <trkpt lat="38.40497" lon="-118.11799"></trkpt>
    <trkpt lat="38.40495" lon="-118.11797"></trkpt>
    <trkpt lat="38.40288" lon="-118.11664"></trkpt>
    <trkpt lat="38.40266" lon="-118.11649"></trkpt>
    <trkpt lat="38.39759" lon="-118.11324"></trkpt>
    <trkpt lat="38.39714" lon="-118.11292"></trkpt>
    <trkpt lat="38.39657" lon="-118.11257"></trkpt>
    <trkpt lat="38.39539" lon="-118.11181"></trkpt>
    <trkpt lat="38.39526" lon="-118.11172"></trkpt>
    <trkpt lat="38.39155" lon="-118.10933"></trkpt>
    <trkpt lat="38.3906" lon="-118.10869"></trkpt>
    <trkpt lat="38.38928" lon="-118.10786"></trkpt>
    <trkpt lat="38.38893" lon="-118.10767"></trkpt>
    <trkpt lat="38.38873" lon="-118.10757"></trkpt>
    <trkpt lat="38.38842" lon="-118.10744"></trkpt>
    <trkpt lat="38.38805" lon="-118.10732"></trkpt>
    <trkpt lat="38.38781" lon="-118.10725"></trkpt>
    <trkpt lat="38.38737" lon="-118.10714"></trkpt>
    <trkpt lat="38.38654" lon="-118.10705"></trkpt>
    <trkpt lat="38.3812" lon="-118.1066"></trkpt>
    <trkpt lat="38.38084" lon="-118.10656"></trkpt>
    <trkpt lat="38.37751" lon="-118.10628"></trkpt>
    <trkpt lat="38.37746" lon="-118.10627"></trkpt>
    <trkpt lat="38.37742" lon="-118.10627"></trkpt>
    <trkpt lat="38.37466" lon="-118.10603"></trkpt>
    <trkpt lat="38.37448" lon="-118.10602"></trkpt>
    <trkpt lat="38.37053" lon="-118.10567"></trkpt>
    <trkpt lat="38.37035" lon="-118.10566"></trkpt>
    <trkpt lat="38.36974" lon="-118.1056"></trkpt>
    <trkpt lat="38.3691" lon="-118.10555"></trkpt>
    <trkpt lat="38.36892" lon="-118.10553"></trkpt>
    <trkpt lat="38.36874" lon="-118.10552"></trkpt>
    <trkpt lat="38.36829" lon="-118.10547"></trkpt>
    <trkpt lat="38.3664" lon="-118.10532"></trkpt>
    <trkpt lat="38.36569" lon="-118.10525"></trkpt>
    <trkpt lat="38.36551" lon="-118.10524"></trkpt>
    <trkpt lat="38.36263" lon="-118.10499"></trkpt>
    <trkpt lat="38.36246" lon="-118.10498"></trkpt>
    <trkpt lat="38.36228" lon="-118.10496"></trkpt>
    <trkpt lat="38.3621" lon="-118.10495"></trkpt>
    <trkpt lat="38.35454" lon="-118.1043"></trkpt>
    <trkpt lat="38.35416" lon="-118.10426"></trkpt>
    <trkpt lat="38.34713" lon="-118.10366"></trkpt>
    <trkpt lat="38.34695" lon="-118.10365"></trkpt>
    <trkpt lat="38.3417" lon="-118.1032"></trkpt>
    <trkpt lat="38.33952" lon="-118.10314"></trkpt>
    <trkpt lat="38.33909" lon="-118.10314"></trkpt>
    <trkpt lat="38.33891" lon="-118.10313"></trkpt>
    <trkpt lat="38.32944" lon="-118.10298"></trkpt>
    <trkpt lat="38.32897" lon="-118.10296"></trkpt>
    <trkpt lat="38.32731" lon="-118.10285"></trkpt>
    <trkpt lat="38.32647" lon="-118.10281"></trkpt>
    <trkpt lat="38.32625" lon="-118.10281"></trkpt>
    <trkpt lat="38.32614" lon="-118.1028"></trkpt>
    <trkpt lat="38.3205" lon="-118.10271"></trkpt>
    <trkpt lat="38.32039" lon="-118.1027"></trkpt>
    <trkpt lat="38.31589" lon="-118.10263"></trkpt>
    <trkpt lat="38.31571" lon="-118.10262"></trkpt>
    <trkpt lat="38.30906" lon="-118.10251"></trkpt>
    <trkpt lat="38.30888" lon="-118.1025"></trkpt>
    <trkpt lat="38.30672" lon="-118.10247"></trkpt>
    <trkpt lat="38.30654" lon="-118.10246"></trkpt>
    <trkpt lat="38.30438" lon="-118.10243"></trkpt>
    <trkpt lat="38.3042" lon="-118.10242"></trkpt>
    <trkpt lat="38.29846" lon="-118.10233"></trkpt>
    <trkpt lat="38.29828" lon="-118.10232"></trkpt>
    <trkpt lat="38.29774" lon="-118.10232"></trkpt>
    <trkpt lat="38.29756" lon="-118.10231"></trkpt>
    <trkpt lat="38.2972" lon="-118.10231"></trkpt>
    <trkpt lat="38.29702" lon="-118.1023"></trkpt>
    <trkpt lat="38.29252" lon="-118.10223"></trkpt>
    <trkpt lat="38.29234" lon="-118.10222"></trkpt>
    <trkpt lat="38.2918" lon="-118.10222"></trkpt>
    <trkpt lat="38.29162" lon="-118.10221"></trkpt>
    <trkpt lat="38.28842" lon="-118.10217"></trkpt>
    <trkpt lat="38.2873" lon="-118.10213"></trkpt>
    <trkpt lat="38.28695" lon="-118.10213"></trkpt>
    <trkpt lat="38.28677" lon="-118.10212"></trkpt>
    <trkpt lat="38.28643" lon="-118.10212"></trkpt>
    <trkpt lat="38.28569" lon="-118.10209"></trkpt>
    <trkpt lat="38.28529" lon="-118.10206"></trkpt>
    <trkpt lat="38.28511" lon="-118.10204"></trkpt>
    <trkpt lat="38.28496" lon="-118.10203"></trkpt>
    <trkpt lat="38.28483" lon="-118.102"></trkpt>
    <trkpt lat="38.28391" lon="-118.10182"></trkpt>
    <trkpt lat="38.2839" lon="-118.10182"></trkpt>
    <trkpt lat="38.28355" lon="-118.10174"></trkpt>
    <trkpt lat="38.28332" lon="-118.10168"></trkpt>
    <trkpt lat="38.28263" lon="-118.10146"></trkpt>
    <trkpt lat="38.282" lon="-118.10122"></trkpt>
    <trkpt lat="38.27908" lon="-118.09999"></trkpt>
    <trkpt lat="38.27882" lon="-118.09989"></trkpt>
    <trkpt lat="38.27434" lon="-118.09803"></trkpt>
    <trkpt lat="38.27421" lon="-118.09797"></trkpt>
    <trkpt lat="38.27417" lon="-118.09796"></trkpt>
    <trkpt lat="38.27224" lon="-118.09715"></trkpt>
    <trkpt lat="38.27144" lon="-118.09683"></trkpt>
    <trkpt lat="38.27088" lon="-118.09659"></trkpt>
    <trkpt lat="38.27079" lon="-118.09656"></trkpt>
    <trkpt lat="38.27075" lon="-118.09654"></trkpt>
    <trkpt lat="38.27067" lon="-118.09651"></trkpt>
    <trkpt lat="38.2704" lon="-118.09639"></trkpt>
    <trkpt lat="38.26599" lon="-118.09456"></trkpt>
    <trkpt lat="38.26596" lon="-118.09455"></trkpt>
    <trkpt lat="38.26413" lon="-118.0938"></trkpt>
    <trkpt lat="38.2627" lon="-118.09319"></trkpt>
    <trkpt lat="38.26251" lon="-118.0931"></trkpt>
    <trkpt lat="38.26208" lon="-118.09288"></trkpt>
    <trkpt lat="38.26124" lon="-118.09237"></trkpt>
    <trkpt lat="38.26103" lon="-118.09222"></trkpt>
    <trkpt lat="38.26082" lon="-118.09208"></trkpt>
    <trkpt lat="38.26022" lon="-118.09163"></trkpt>
    <trkpt lat="38.26019" lon="-118.0916"></trkpt>
    <trkpt lat="38.26004" lon="-118.09149"></trkpt>
    <trkpt lat="38.25974" lon="-118.09123"></trkpt>
    <trkpt lat="38.25973" lon="-118.09123"></trkpt>
    <trkpt lat="38.2593" lon="-118.09084"></trkpt>
    <trkpt lat="38.25886" lon="-118.09041"></trkpt>
    <trkpt lat="38.25873" lon="-118.09026"></trkpt>
    <trkpt lat="38.2586" lon="-118.09013"></trkpt>
    <trkpt lat="38.25803" lon="-118.08948"></trkpt>
    <trkpt lat="38.25769" lon="-118.08906"></trkpt>
    <trkpt lat="38.25715" lon="-118.08832"></trkpt>
    <trkpt lat="38.25674" lon="-118.08769"></trkpt>
    <trkpt lat="38.25672" lon="-118.08765"></trkpt>
    <trkpt lat="38.25663" lon="-118.08752"></trkpt>
    <trkpt lat="38.25615" lon="-118.08668"></trkpt>
    <trkpt lat="38.25608" lon="-118.08654"></trkpt>
    <trkpt lat="38.25598" lon="-118.08636"></trkpt>
    <trkpt lat="38.2557" lon="-118.08581"></trkpt>
    <trkpt lat="38.25521" lon="-118.08467"></trkpt>
    <trkpt lat="38.25506" lon="-118.08426"></trkpt>
    <trkpt lat="38.25242" lon="-118.07635"></trkpt>
    <trkpt lat="38.25234" lon="-118.07614"></trkpt>
    <trkpt lat="38.23809" lon="-118.03344"></trkpt>
    <trkpt lat="38.23794" lon="-118.03302"></trkpt>
    <trkpt lat="38.23786" lon="-118.03275"></trkpt>
    <trkpt lat="38.2378" lon="-118.0326"></trkpt>
    <trkpt lat="38.23744" lon="-118.03155"></trkpt>
    <trkpt lat="38.2374" lon="-118.03141"></trkpt>
    <trkpt lat="38.23737" lon="-118.03134"></trkpt>
    <trkpt lat="38.23663" lon="-118.0291"></trkpt>
    <trkpt lat="38.23637" lon="-118.02836"></trkpt>
    <trkpt lat="38.23604" lon="-118.02752"></trkpt>
    <trkpt lat="38.23585" lon="-118.02711"></trkpt>
    <trkpt lat="38.23574" lon="-118.02685"></trkpt>
    <trkpt lat="38.2357" lon="-118.02678"></trkpt>
    <trkpt lat="38.23544" lon="-118.02625"></trkpt>
    <trkpt lat="38.23501" lon="-118.02548"></trkpt>
    <trkpt lat="38.235" lon="-118.02545"></trkpt>
    <trkpt lat="38.23473" lon="-118.025"></trkpt>
    <trkpt lat="38.23444" lon="-118.02455"></trkpt>
    <trkpt lat="38.23439" lon="-118.02449"></trkpt>
    <trkpt lat="38.23414" lon="-118.02412"></trkpt>
    <trkpt lat="38.23389" lon="-118.02377"></trkpt>
    <trkpt lat="38.23333" lon="-118.02305"></trkpt>
    <trkpt lat="38.23327" lon="-118.02298"></trkpt>
    <trkpt lat="38.23252" lon="-118.02202"></trkpt>
    <trkpt lat="38.23205" lon="-118.02144"></trkpt>
    <trkpt lat="38.23204" lon="-118.02142"></trkpt>
    <trkpt lat="38.23174" lon="-118.02102"></trkpt>
    <trkpt lat="38.23117" lon="-118.02029"></trkpt>
    <trkpt lat="38.23023" lon="-118.01915"></trkpt>
    <trkpt lat="38.22999" lon="-118.01889"></trkpt>
    <trkpt lat="38.22999" lon="-118.01888"></trkpt>
    <trkpt lat="38.22977" lon="-118.01863"></trkpt>
    <trkpt lat="38.22946" lon="-118.01831"></trkpt>
    <trkpt lat="38.2293" lon="-118.01816"></trkpt>
    <trkpt lat="38.22845" lon="-118.01731"></trkpt>
    <trkpt lat="38.2283" lon="-118.01717"></trkpt>
    <trkpt lat="38.22602" lon="-118.01492"></trkpt>
    <trkpt lat="38.2256" lon="-118.01452"></trkpt>
    <trkpt lat="38.22518" lon="-118.01409"></trkpt>
    <trkpt lat="38.22517" lon="-118.01409"></trkpt>
    <trkpt lat="38.22322" lon="-118.01217"></trkpt>
    <trkpt lat="38.22221" lon="-118.01111"></trkpt>
    <trkpt lat="38.22212" lon="-118.011"></trkpt>
    <trkpt lat="38.22194" lon="-118.01081"></trkpt>
    <trkpt lat="38.22193" lon="-118.01079"></trkpt>
    <trkpt lat="38.22161" lon="-118.01042"></trkpt>
    <trkpt lat="38.22155" lon="-118.01034"></trkpt>
    <trkpt lat="38.22141" lon="-118.01018"></trkpt>
    <trkpt lat="38.22077" lon="-118.0094"></trkpt>
    <trkpt lat="38.22076" lon="-118.00939"></trkpt>
    <trkpt lat="38.22027" lon="-118.00877"></trkpt>
    <trkpt lat="38.21947" lon="-118.0078"></trkpt>
    <trkpt lat="38.21939" lon="-118.00769"></trkpt>
    <trkpt lat="38.21934" lon="-118.00764"></trkpt>
    <trkpt lat="38.21925" lon="-118.00752"></trkpt>
    <trkpt lat="38.21883" lon="-118.00705"></trkpt>
    <trkpt lat="38.2187" lon="-118.00692"></trkpt>
    <trkpt lat="38.21867" lon="-118.00688"></trkpt>
    <trkpt lat="38.21825" lon="-118.00646"></trkpt>
    <trkpt lat="38.21816" lon="-118.00638"></trkpt>
    <trkpt lat="38.2181" lon="-118.00632"></trkpt>
    <trkpt lat="38.21751" lon="-118.00579"></trkpt>
    <trkpt lat="38.21717" lon="-118.00552"></trkpt>
    <trkpt lat="38.2167" lon="-118.00517"></trkpt>
    <trkpt lat="38.21624" lon="-118.00485"></trkpt>
    <trkpt lat="38.21599" lon="-118.00469"></trkpt>
    <trkpt lat="38.21595" lon="-118.00466"></trkpt>
    <trkpt lat="38.2084" lon="-118.0"></trkpt>
    <trkpt lat="38.20749" lon="-117.99942"></trkpt>
    <trkpt lat="38.20711" lon="-117.9992"></trkpt>
    <trkpt lat="38.20322" lon="-117.99678"></trkpt>
    <trkpt lat="38.20289" lon="-117.99655"></trkpt>
    <trkpt lat="38.20278" lon="-117.99648"></trkpt>
    <trkpt lat="38.20261" lon="-117.99635"></trkpt>
    <trkpt lat="38.20258" lon="-117.99633"></trkpt>
    <trkpt lat="38.20192" lon="-117.9958"></trkpt>
    <trkpt lat="38.20153" lon="-117.99545"></trkpt>
    <trkpt lat="38.20143" lon="-117.99537"></trkpt>
    <trkpt lat="38.19684" lon="-117.99081"></trkpt>
    <trkpt lat="38.19657" lon="-117.99053"></trkpt>
    <trkpt lat="38.19381" lon="-117.98778"></trkpt>
    <trkpt lat="38.19372" lon="-117.9877"></trkpt>
    <trkpt lat="38.19313" lon="-117.98711"></trkpt>
    <trkpt lat="38.19299" lon="-117.98698"></trkpt>
    <trkpt lat="38.19285" lon="-117.98683"></trkpt>
    <trkpt lat="38.19158" lon="-117.98555"></trkpt>
    <trkpt lat="38.19145" lon="-117.98541"></trkpt>
    <trkpt lat="38.19123" lon="-117.98519"></trkpt>
    <trkpt lat="38.19056" lon="-117.98441"></trkpt>
    <trkpt lat="38.19051" lon="-117.98434"></trkpt>
    <trkpt lat="38.19037" lon="-117.98419"></trkpt>
    <trkpt lat="38.19024" lon="-117.98403"></trkpt>
    <trkpt lat="38.19022" lon="-117.98401"></trkpt>
    <trkpt lat="38.18957" lon="-117.98316"></trkpt>
    <trkpt lat="38.18903" lon="-117.98234"></trkpt>
    <trkpt lat="38.1887" lon="-117.9818"></trkpt>
    <trkpt lat="38.18828" lon="-117.98106"></trkpt>
    <trkpt lat="38.18818" lon="-117.98087"></trkpt>
    <trkpt lat="38.18815" lon="-117.98083"></trkpt>
    <trkpt lat="38.18793" lon="-117.98041"></trkpt>
    <trkpt lat="38.18766" lon="-117.97993"></trkpt>
    <trkpt lat="38.18755" lon="-117.97975"></trkpt>
    <trkpt lat="38.18749" lon="-117.97963"></trkpt>
    <trkpt lat="38.1859" lon="-117.97675"></trkpt>
    <trkpt lat="38.18579" lon="-117.97657"></trkpt>
    <trkpt lat="38.18548" lon="-117.97601"></trkpt>
    <trkpt lat="38.18546" lon="-117.97596"></trkpt>
    <trkpt lat="38.18527" lon="-117.97563"></trkpt>
    <trkpt lat="38.18464" lon="-117.9746"></trkpt>
    <trkpt lat="38.18457" lon="-117.97451"></trkpt>
    <trkpt lat="38.18445" lon="-117.97434"></trkpt>
    <trkpt lat="38.1786" lon="-117.96651"></trkpt>
    <trkpt lat="38.17859" lon="-117.96649"></trkpt>
    <trkpt lat="38.17846" lon="-117.96632"></trkpt>
    <trkpt lat="38.17789" lon="-117.96551"></trkpt>
    <trkpt lat="38.17724" lon="-117.96464"></trkpt>
    <trkpt lat="38.17721" lon="-117.96461"></trkpt>
    <trkpt lat="38.17709" lon="-117.96444"></trkpt>
    <trkpt lat="38.17365" lon="-117.95983"></trkpt>
    <trkpt lat="38.17362" lon="-117.9598"></trkpt>
    <trkpt lat="38.17342" lon="-117.95953"></trkpt>
    <trkpt lat="38.17284" lon="-117.95882"></trkpt>
    <trkpt lat="38.17275" lon="-117.95872"></trkpt>
    <trkpt lat="38.17272" lon="-117.95868"></trkpt>
    <trkpt lat="38.17261" lon="-117.95857"></trkpt>
    <trkpt lat="38.17259" lon="-117.95854"></trkpt>
    <trkpt lat="38.17237" lon="-117.95831"></trkpt>
    <trkpt lat="38.17171" lon="-117.95766"></trkpt>
    <trkpt lat="38.17102" lon="-117.95708"></trkpt>
    <trkpt lat="38.17044" lon="-117.95664"></trkpt>
    <trkpt lat="38.16985" lon="-117.95623"></trkpt>
    <trkpt lat="38.16966" lon="-117.95612"></trkpt>
    <trkpt lat="38.16946" lon="-117.95599"></trkpt>
    <trkpt lat="38.16915" lon="-117.95581"></trkpt>
    <trkpt lat="38.169" lon="-117.95574"></trkpt>
    <trkpt lat="38.16863" lon="-117.95555"></trkpt>
    <trkpt lat="38.16392" lon="-117.95332"></trkpt>
    <trkpt lat="38.16371" lon="-117.95321"></trkpt>
    <trkpt lat="38.1619" lon="-117.95236"></trkpt>
    <trkpt lat="38.16156" lon="-117.95221"></trkpt>
    <trkpt lat="38.15267" lon="-117.94803"></trkpt>
    <trkpt lat="38.15175" lon="-117.94763"></trkpt>
    <trkpt lat="38.15079" lon="-117.94726"></trkpt>
    <trkpt lat="38.14983" lon="-117.94687"></trkpt>
    <trkpt lat="38.14154" lon="-117.94299"></trkpt>
    <trkpt lat="38.14128" lon="-117.94286"></trkpt>
    <trkpt lat="38.1292" lon="-117.93717"></trkpt>
    <trkpt lat="38.12903" lon="-117.9371"></trkpt>
    <trkpt lat="38.12785" lon="-117.93654"></trkpt>
    <trkpt lat="38.12783" lon="-117.93652"></trkpt>
    <trkpt lat="38.12507" lon="-117.93525"></trkpt>
    <trkpt lat="38.12196" lon="-117.93378"></trkpt>
    <trkpt lat="38.12195" lon="-117.93378"></trkpt>
    <trkpt lat="38.11857" lon="-117.93219"></trkpt>
    <trkpt lat="38.11841" lon="-117.93212"></trkpt>
    <trkpt lat="38.10946" lon="-117.9279"></trkpt>
    <trkpt lat="38.10929" lon="-117.92783"></trkpt>
    <trkpt lat="38.0939" lon="-117.92059"></trkpt>
    <trkpt lat="38.09373" lon="-117.92052"></trkpt>
    <trkpt lat="38.06738" lon="-117.90816"></trkpt>
    <trkpt lat="38.06681" lon="-117.90791"></trkpt>
    <trkpt lat="38.06488" lon="-117.90699"></trkpt>
    <trkpt lat="38.06487" lon="-117.90698"></trkpt>
    <trkpt lat="38.06049" lon="-117.90493"></trkpt>
    <trkpt lat="38.06048" lon="-117.90492"></trkpt>
    <trkpt lat="38.06046" lon="-117.90492"></trkpt>
    <trkpt lat="38.06037" lon="-117.90488"></trkpt>
    <trkpt lat="38.06032" lon="-117.90485"></trkpt>
    <trkpt lat="38.06031" lon="-117.90485"></trkpt>
    <trkpt lat="38.05729" lon="-117.90342"></trkpt>
    <trkpt lat="38.05726" lon="-117.9034"></trkpt>
    <trkpt lat="38.05712" lon="-117.90333"></trkpt>
    <trkpt lat="38.05711" lon="-117.90333"></trkpt>
    <trkpt lat="38.057" lon="-117.90328"></trkpt>
    <trkpt lat="38.05695" lon="-117.90325"></trkpt>
    <trkpt lat="38.05694" lon="-117.90325"></trkpt>
    <trkpt lat="38.05642" lon="-117.90298"></trkpt>
    <trkpt lat="38.05617" lon="-117.90284"></trkpt>
    <trkpt lat="38.05548" lon="-117.90241"></trkpt>
    <trkpt lat="38.05544" lon="-117.90238"></trkpt>
    <trkpt lat="38.05425" lon="-117.90159"></trkpt>
    <trkpt lat="38.04875" lon="-117.89802"></trkpt>
    <trkpt lat="38.04859" lon="-117.89791"></trkpt>
    <trkpt lat="38.04849" lon="-117.89785"></trkpt>
    <trkpt lat="38.04833" lon="-117.89774"></trkpt>
    <trkpt lat="38.04737" lon="-117.89712"></trkpt>
    <trkpt lat="38.04721" lon="-117.89701"></trkpt>
    <trkpt lat="38.04588" lon="-117.89615"></trkpt>
    <trkpt lat="38.04586" lon="-117.89614"></trkpt>
    <trkpt lat="38.04508" lon="-117.89564"></trkpt>
    <trkpt lat="38.04423" lon="-117.89507"></trkpt>
    <trkpt lat="38.044" lon="-117.89493"></trkpt>
    <trkpt lat="38.04246" lon="-117.89392"></trkpt>
    <trkpt lat="38.0424" lon="-117.89389"></trkpt>
    <trkpt lat="38.03979" lon="-117.89217"></trkpt>
    <trkpt lat="38.03947" lon="-117.89197"></trkpt>
    <trkpt lat="38.03547" lon="-117.88935"></trkpt>
    <trkpt lat="38.03521" lon="-117.88919"></trkpt>
    <trkpt lat="38.03275" lon="-117.88757"></trkpt>
    <trkpt lat="38.03261" lon="-117.88754"></trkpt>
    <trkpt lat="38.03257" lon="-117.88752"></trkpt>
    <trkpt lat="38.03198" lon="-117.88715"></trkpt>
    <trkpt lat="38.03128" lon="-117.88669"></trkpt>
    <trkpt lat="38.03023" lon="-117.8858"></trkpt>
    <trkpt lat="38.02995" lon="-117.88551"></trkpt>
    <trkpt lat="38.02975" lon="-117.88528"></trkpt>
    <trkpt lat="38.02964" lon="-117.88514"></trkpt>
    <trkpt lat="38.02953" lon="-117.88496"></trkpt>
    <trkpt lat="38.02938" lon="-117.88478"></trkpt>
    <trkpt lat="38.02882" lon="-117.88407"></trkpt>
    <trkpt lat="38.02818" lon="-117.88311"></trkpt>
    <trkpt lat="38.02777" lon="-117.8824"></trkpt>
    <trkpt lat="38.02756" lon="-117.88199"></trkpt>
    <trkpt lat="38.02723" lon="-117.88128"></trkpt>
    <trkpt lat="38.02713" lon="-117.88104"></trkpt>
    <trkpt lat="38.02676" lon="-117.88004"></trkpt>
    <trkpt lat="38.02634" lon="-117.87863"></trkpt>
    <trkpt lat="38.02546" lon="-117.87549"></trkpt>
    <trkpt lat="38.02533" lon="-117.87507"></trkpt>
    <trkpt lat="38.02527" lon="-117.87485"></trkpt>
    <trkpt lat="38.02526" lon="-117.87483"></trkpt>
    <trkpt lat="38.02377" lon="-117.86957"></trkpt>
    <trkpt lat="38.02375" lon="-117.86948"></trkpt>
    <trkpt lat="38.02075" lon="-117.85893"></trkpt>
    <trkpt lat="38.02051" lon="-117.85795"></trkpt>
    <trkpt lat="38.02023" lon="-117.85666"></trkpt>
    <trkpt lat="38.02" lon="-117.85546"></trkpt>
    <trkpt lat="38.01983" lon="-117.85436"></trkpt>
    <trkpt lat="38.01969" lon="-117.85333"></trkpt>
    <trkpt lat="38.01967" lon="-117.8531"></trkpt>
    <trkpt lat="38.0196" lon="-117.85255"></trkpt>
    <trkpt lat="38.01949" lon="-117.85126"></trkpt>
    <trkpt lat="38.01934" lon="-117.84878"></trkpt>
    <trkpt lat="38.01934" lon="-117.84871"></trkpt>
    <trkpt lat="38.01913" lon="-117.84537"></trkpt>
    <trkpt lat="38.01911" lon="-117.8449"></trkpt>
    <trkpt lat="38.01888" lon="-117.84108"></trkpt>
    <trkpt lat="38.01883" lon="-117.84059"></trkpt>
    <trkpt lat="38.01879" lon="-117.84037"></trkpt>
    <trkpt lat="38.01879" lon="-117.84036"></trkpt>
    <trkpt lat="38.01873" lon="-117.83994"></trkpt>
    <trkpt lat="38.01868" lon="-117.83968"></trkpt>
    <trkpt lat="38.01864" lon="-117.83942"></trkpt>
    <trkpt lat="38.01617" lon="-117.82567"></trkpt>
    <trkpt lat="38.01614" lon="-117.82545"></trkpt>
    <trkpt lat="38.01608" lon="-117.82513"></trkpt>
    <trkpt lat="38.01598" lon="-117.82451"></trkpt>
    <trkpt lat="38.01593" lon="-117.82406"></trkpt>
    <trkpt lat="38.01592" lon="-117.82384"></trkpt>
    <trkpt lat="38.0159" lon="-117.82363"></trkpt>
    <trkpt lat="38.01589" lon="-117.82342"></trkpt>
    <trkpt lat="38.01589" lon="-117.82334"></trkpt>
    <trkpt lat="38.01588" lon="-117.82319"></trkpt>
    <trkpt lat="38.01588" lon="-117.82274"></trkpt>
    <trkpt lat="38.01589" lon="-117.82265"></trkpt>
    <trkpt lat="38.01592" lon="-117.82187"></trkpt>
    <trkpt lat="38.016" lon="-117.82046"></trkpt>
    <trkpt lat="38.01602" lon="-117.82023"></trkpt>
    <trkpt lat="38.01651" lon="-117.81203"></trkpt>
    <trkpt lat="38.01651" lon="-117.81193"></trkpt>
    <trkpt lat="38.01678" lon="-117.80771"></trkpt>
    <trkpt lat="38.01681" lon="-117.80703"></trkpt>
    <trkpt lat="38.01687" lon="-117.80606"></trkpt>
    <trkpt lat="38.01687" lon="-117.80597"></trkpt>
    <trkpt lat="38.01688" lon="-117.80595"></trkpt>
    <trkpt lat="38.01713" lon="-117.80179"></trkpt>
    <trkpt lat="38.01715" lon="-117.80156"></trkpt>
    <trkpt lat="38.01775" lon="-117.79132"></trkpt>
    <trkpt lat="38.01777" lon="-117.79109"></trkpt>
    <trkpt lat="38.01791" lon="-117.78859"></trkpt>
    <trkpt lat="38.01793" lon="-117.78837"></trkpt>
    <trkpt lat="38.01846" lon="-117.77925"></trkpt>
    <trkpt lat="38.01847" lon="-117.7792"></trkpt>
    <trkpt lat="38.01861" lon="-117.77665"></trkpt>
    <trkpt lat="38.01863" lon="-117.77644"></trkpt>
    <trkpt lat="38.01881" lon="-117.77342"></trkpt>
    <trkpt lat="38.01882" lon="-117.77336"></trkpt>
    <trkpt lat="38.01896" lon="-117.77081"></trkpt>
    <trkpt lat="38.01907" lon="-117.76962"></trkpt>
    <trkpt lat="38.0192" lon="-117.76871"></trkpt>
    <trkpt lat="38.01926" lon="-117.76836"></trkpt>
    <trkpt lat="38.02151" lon="-117.75727"></trkpt>
    <trkpt lat="38.02165" lon="-117.75663"></trkpt>
    <trkpt lat="38.02168" lon="-117.75645"></trkpt>
    <trkpt lat="38.02183" lon="-117.75575"></trkpt>
    <trkpt lat="38.02238" lon="-117.75297"></trkpt>
    <trkpt lat="38.0225" lon="-117.75243"></trkpt>
    <trkpt lat="38.02254" lon="-117.75221"></trkpt>
    <trkpt lat="38.02259" lon="-117.75199"></trkpt>
    <trkpt lat="38.02312" lon="-117.74933"></trkpt>
    <trkpt lat="38.02317" lon="-117.74911"></trkpt>
    <trkpt lat="38.02477" lon="-117.74115"></trkpt>
    <trkpt lat="38.02483" lon="-117.74092"></trkpt>
    <trkpt lat="38.02628" lon="-117.73374"></trkpt>
    <trkpt lat="38.02644" lon="-117.73302"></trkpt>
    <trkpt lat="38.02646" lon="-117.73287"></trkpt>
    <trkpt lat="38.02687" lon="-117.73088"></trkpt>
    <trkpt lat="38.02688" lon="-117.73081"></trkpt>
    <trkpt lat="38.02821" lon="-117.72432"></trkpt>
    <trkpt lat="38.02826" lon="-117.72403"></trkpt>
    <trkpt lat="38.02827" lon="-117.72401"></trkpt>
    <trkpt lat="38.0307" lon="-117.71194"></trkpt>
    <trkpt lat="38.03072" lon="-117.71187"></trkpt>
    <trkpt lat="38.03076" lon="-117.71164"></trkpt>
    <trkpt lat="38.03122" lon="-117.70941"></trkpt>
    <trkpt lat="38.03126" lon="-117.70917"></trkpt>
    <trkpt lat="38.03264" lon="-117.70235"></trkpt>
    <trkpt lat="38.03268" lon="-117.70218"></trkpt>
    <trkpt lat="38.03302" lon="-117.70051"></trkpt>
    <trkpt lat="38.03307" lon="-117.70022"></trkpt>
    <trkpt lat="38.03359" lon="-117.69771"></trkpt>
    <trkpt lat="38.0336" lon="-117.69764"></trkpt>
    <trkpt lat="38.0336" lon="-117.69763"></trkpt>
    <trkpt lat="38.0343" lon="-117.69417"></trkpt>
    <trkpt lat="38.03432" lon="-117.6941"></trkpt>
    <trkpt lat="38.0344" lon="-117.69367"></trkpt>
    <trkpt lat="38.03495" lon="-117.691"></trkpt>
    <trkpt lat="38.0351" lon="-117.69019"></trkpt>
    <trkpt lat="38.03511" lon="-117.69017"></trkpt>
    <trkpt lat="38.03587" lon="-117.68635"></trkpt>
    <trkpt lat="38.03591" lon="-117.68621"></trkpt>
    <trkpt lat="38.03592" lon="-117.68614"></trkpt>
    <trkpt lat="38.03671" lon="-117.68223"></trkpt>
    <trkpt lat="38.03676" lon="-117.68201"></trkpt>
    <trkpt lat="38.03679" lon="-117.68183"></trkpt>
    <trkpt lat="38.03712" lon="-117.68024"></trkpt>
    <trkpt lat="38.03719" lon="-117.67994"></trkpt>
    <trkpt lat="38.03719" lon="-117.67993"></trkpt>
    <trkpt lat="38.03733" lon="-117.67932"></trkpt>
    <trkpt lat="38.03747" lon="-117.67881"></trkpt>
    <trkpt lat="38.03767" lon="-117.67802"></trkpt>
    <trkpt lat="38.03805" lon="-117.67676"></trkpt>
    <trkpt lat="38.03844" lon="-117.67559"></trkpt>
    <trkpt lat="38.03873" lon="-117.67481"></trkpt>
    <trkpt lat="38.03884" lon="-117.67448"></trkpt>
    <trkpt lat="38.03894" lon="-117.67425"></trkpt>
    <trkpt lat="38.03937" lon="-117.67318"></trkpt>
    <trkpt lat="38.03939" lon="-117.67314"></trkpt>
    <trkpt lat="38.03969" lon="-117.67244"></trkpt>
    <trkpt lat="38.04009" lon="-117.67158"></trkpt>
    <trkpt lat="38.04087" lon="-117.67002"></trkpt>
    <trkpt lat="38.04161" lon="-117.66872"></trkpt>
    <trkpt lat="38.04197" lon="-117.66812"></trkpt>
    <trkpt lat="38.04279" lon="-117.66687"></trkpt>
    <trkpt lat="38.04315" lon="-117.66635"></trkpt>
    <trkpt lat="38.04364" lon="-117.66569"></trkpt>
    <trkpt lat="38.04423" lon="-117.66493"></trkpt>
    <trkpt lat="38.04493" lon="-117.66407"></trkpt>
    <trkpt lat="38.04529" lon="-117.66367"></trkpt>
    <trkpt lat="38.04539" lon="-117.66355"></trkpt>
    <trkpt lat="38.0461" lon="-117.66279"></trkpt>
    <trkpt lat="38.04648" lon="-117.6624"></trkpt>
    <trkpt lat="38.04653" lon="-117.66236"></trkpt>
    <trkpt lat="38.047" lon="-117.66189"></trkpt>
    <trkpt lat="38.0475" lon="-117.66142"></trkpt>
    <trkpt lat="38.04862" lon="-117.66032"></trkpt>
    <trkpt lat="38.04864" lon="-117.66031"></trkpt>
    <trkpt lat="38.05203" lon="-117.65703"></trkpt>
    <trkpt lat="38.05217" lon="-117.65691"></trkpt>
    <trkpt lat="38.05236" lon="-117.65671"></trkpt>
    <trkpt lat="38.06155" lon="-117.6478"></trkpt>
    <trkpt lat="38.06203" lon="-117.64732"></trkpt>
    <trkpt lat="38.06212" lon="-117.64724"></trkpt>
    <trkpt lat="38.0624" lon="-117.64696"></trkpt>
    <trkpt lat="38.06268" lon="-117.6467"></trkpt>
    <trkpt lat="38.06284" lon="-117.64654"></trkpt>
    <trkpt lat="38.06287" lon="-117.64652"></trkpt>
    <trkpt lat="38.0634" lon="-117.64599"></trkpt>
    <trkpt lat="38.06345" lon="-117.64595"></trkpt>
    <trkpt lat="38.06484" lon="-117.64459"></trkpt>
    <trkpt lat="38.06513" lon="-117.64432"></trkpt>
    <trkpt lat="38.06554" lon="-117.64391"></trkpt>
    <trkpt lat="38.06656" lon="-117.64293"></trkpt>
    <trkpt lat="38.06698" lon="-117.64251"></trkpt>
    <trkpt lat="38.06856" lon="-117.64099"></trkpt>
    <trkpt lat="38.06966" lon="-117.6399"></trkpt>
    <trkpt lat="38.07267" lon="-117.63698"></trkpt>
    <trkpt lat="38.0727" lon="-117.63696"></trkpt>
    <trkpt lat="38.0741" lon="-117.63558"></trkpt>
    <trkpt lat="38.07497" lon="-117.63475"></trkpt>
    <trkpt lat="38.07554" lon="-117.63418"></trkpt>
    <trkpt lat="38.07583" lon="-117.63391"></trkpt>
    <trkpt lat="38.07769" lon="-117.63209"></trkpt>
    <trkpt lat="38.07783" lon="-117.63197"></trkpt>
    <trkpt lat="38.0779" lon="-117.63189"></trkpt>
    <trkpt lat="38.07797" lon="-117.63183"></trkpt>
    <trkpt lat="38.07912" lon="-117.6307"></trkpt>
    <trkpt lat="38.07973" lon="-117.63012"></trkpt>
    <trkpt lat="38.0803" lon="-117.62955"></trkpt>
    <trkpt lat="38.08067" lon="-117.6292"></trkpt>
    <trkpt lat="38.08139" lon="-117.62849"></trkpt>
    <trkpt lat="38.08141" lon="-117.62848"></trkpt>
    <trkpt lat="38.08387" lon="-117.6261"></trkpt>
    <trkpt lat="38.08402" lon="-117.62594"></trkpt>
    <trkpt lat="38.08438" lon="-117.6256"></trkpt>
    <trkpt lat="38.08512" lon="-117.62487"></trkpt>
    <trkpt lat="38.08519" lon="-117.62481"></trkpt>
    <trkpt lat="38.08575" lon="-117.62429"></trkpt>
    <trkpt lat="38.0884" lon="-117.6217"></trkpt>
    <trkpt lat="38.08869" lon="-117.62143"></trkpt>
    <trkpt lat="38.09554" lon="-117.61476"></trkpt>
    <trkpt lat="38.09582" lon="-117.6145"></trkpt>
    <trkpt lat="38.09615" lon="-117.61417"></trkpt>
    <trkpt lat="38.09651" lon="-117.61383"></trkpt>
    <trkpt lat="38.0974" lon="-117.61295"></trkpt>
    <trkpt lat="38.0977" lon="-117.61267"></trkpt>
    <trkpt lat="38.0993" lon="-117.6111"></trkpt>
    <trkpt lat="38.09959" lon="-117.61083"></trkpt>
    <trkpt lat="38.10158" lon="-117.60888"></trkpt>
    <trkpt lat="38.10169" lon="-117.60878"></trkpt>
    <trkpt lat="38.1023" lon="-117.60818"></trkpt>
    <trkpt lat="38.10238" lon="-117.60809"></trkpt>
    <trkpt lat="38.10266" lon="-117.60783"></trkpt>
    <trkpt lat="38.1054" lon="-117.60516"></trkpt>
    <trkpt lat="38.10544" lon="-117.60513"></trkpt>
    <trkpt lat="38.11353" lon="-117.59725"></trkpt>
    <trkpt lat="38.11385" lon="-117.59695"></trkpt>
    <trkpt lat="38.11502" lon="-117.59581"></trkpt>
    <trkpt lat="38.11531" lon="-117.59554"></trkpt>
    <trkpt lat="38.11617" lon="-117.5947"></trkpt>
    <trkpt lat="38.11625" lon="-117.59463"></trkpt>
    <trkpt lat="38.11802" lon="-117.59288"></trkpt>
    <trkpt lat="38.1182" lon="-117.59272"></trkpt>
    <trkpt lat="38.11912" lon="-117.59182"></trkpt>
    <trkpt lat="38.11916" lon="-117.59177"></trkpt>
    <trkpt lat="38.11944" lon="-117.5915"></trkpt>
    <trkpt lat="38.11979" lon="-117.59111"></trkpt>
    <trkpt lat="38.12015" lon="-117.59065"></trkpt>
    <trkpt lat="38.12016" lon="-117.59064"></trkpt>
    <trkpt lat="38.12025" lon="-117.59052"></trkpt>
    <trkpt lat="38.12027" lon="-117.59048"></trkpt>
    <trkpt lat="38.12031" lon="-117.59043"></trkpt>
    <trkpt lat="38.12059" lon="-117.58999"></trkpt>
    <trkpt lat="38.12088" lon="-117.58947"></trkpt>
    <trkpt lat="38.12179" lon="-117.58765"></trkpt>
    <trkpt lat="38.12188" lon="-117.58745"></trkpt>
    <trkpt lat="38.12208" lon="-117.58707"></trkpt>
    <trkpt lat="38.12285" lon="-117.5855"></trkpt>
    <trkpt lat="38.12488" lon="-117.58148"></trkpt>
    <trkpt lat="38.12502" lon="-117.58122"></trkpt>
    <trkpt lat="38.12514" lon="-117.58095"></trkpt>
    <trkpt lat="38.12615" lon="-117.57891"></trkpt>
    <trkpt lat="38.12638" lon="-117.57842"></trkpt>
    <trkpt lat="38.12671" lon="-117.57764"></trkpt>
    <trkpt lat="38.12691" lon="-117.57712"></trkpt>
    <trkpt lat="38.12729" lon="-117.576"></trkpt>
    <trkpt lat="38.12735" lon="-117.57579"></trkpt>
    <trkpt lat="38.12735" lon="-117.57576"></trkpt>
    <trkpt lat="38.12754" lon="-117.57509"></trkpt>
    <trkpt lat="38.12778" lon="-117.57401"></trkpt>
    <trkpt lat="38.12778" lon="-117.57399"></trkpt>
    <trkpt lat="38.12794" lon="-117.57311"></trkpt>
    <trkpt lat="38.12806" lon="-117.5722"></trkpt>
    <trkpt lat="38.12823" lon="-117.57108"></trkpt>
    <trkpt lat="38.12831" lon="-117.5704"></trkpt>
    <trkpt lat="38.12832" lon="-117.5704"></trkpt>
    <trkpt lat="38.12843" lon="-117.56949"></trkpt>
    <trkpt lat="38.1289" lon="-117.56614"></trkpt>
    <trkpt lat="38.12891" lon="-117.56612"></trkpt>
    <trkpt lat="38.12912" lon="-117.56465"></trkpt>
    <trkpt lat="38.12913" lon="-117.56455"></trkpt>
    <trkpt lat="38.13043" lon="-117.55544"></trkpt>
    <trkpt lat="38.13045" lon="-117.55534"></trkpt>
    <trkpt lat="38.13047" lon="-117.55512"></trkpt>
    <trkpt lat="38.13054" lon="-117.55473"></trkpt>
    <trkpt lat="38.13099" lon="-117.5515"></trkpt>
    <trkpt lat="38.13103" lon="-117.55127"></trkpt>
    <trkpt lat="38.13111" lon="-117.55066"></trkpt>
    <trkpt lat="38.13116" lon="-117.55037"></trkpt>
    <trkpt lat="38.13119" lon="-117.55012"></trkpt>
    <trkpt lat="38.13169" lon="-117.54664"></trkpt>
    <trkpt lat="38.13174" lon="-117.54621"></trkpt>
    <trkpt lat="38.13184" lon="-117.54565"></trkpt>
    <trkpt lat="38.13222" lon="-117.54312"></trkpt>
    <trkpt lat="38.13236" lon="-117.54205"></trkpt>
    <trkpt lat="38.13388" lon="-117.53138"></trkpt>
    <trkpt lat="38.13392" lon="-117.53115"></trkpt>
    <trkpt lat="38.14131" lon="-117.47906"></trkpt>
    <trkpt lat="38.14131" lon="-117.47899"></trkpt>
    <trkpt lat="38.14166" lon="-117.47659"></trkpt>
    <trkpt lat="38.1417" lon="-117.47636"></trkpt>
    <trkpt lat="38.14262" lon="-117.46983"></trkpt>
    <trkpt lat="38.14279" lon="-117.46841"></trkpt>
    <trkpt lat="38.14281" lon="-117.46817"></trkpt>
    <trkpt lat="38.14284" lon="-117.46755"></trkpt>
    <trkpt lat="38.14287" lon="-117.466"></trkpt>
    <trkpt lat="38.14284" lon="-117.46525"></trkpt>
    <trkpt lat="38.14279" lon="-117.46461"></trkpt>
    <trkpt lat="38.14269" lon="-117.4637"></trkpt>
    <trkpt lat="38.14253" lon="-117.4627"></trkpt>
    <trkpt lat="38.1424" lon="-117.46204"></trkpt>
    <trkpt lat="38.14225" lon="-117.46138"></trkpt>
    <trkpt lat="38.1418" lon="-117.4598"></trkpt>
    <trkpt lat="38.14087" lon="-117.45683"></trkpt>
    <trkpt lat="38.14062" lon="-117.45607"></trkpt>
    <trkpt lat="38.14044" lon="-117.45562"></trkpt>
    <trkpt lat="38.13985" lon="-117.45375"></trkpt>
    <trkpt lat="38.13954" lon="-117.45283"></trkpt>
    <trkpt lat="38.13904" lon="-117.45123"></trkpt>
    <trkpt lat="38.13901" lon="-117.45103"></trkpt>
    <trkpt lat="38.13542" lon="-117.43973"></trkpt>
    <trkpt lat="38.13536" lon="-117.43951"></trkpt>
    <trkpt lat="38.13515" lon="-117.43888"></trkpt>
    <trkpt lat="38.13509" lon="-117.43867"></trkpt>
    <trkpt lat="38.12517" lon="-117.4074"></trkpt>
    <trkpt lat="38.12511" lon="-117.40719"></trkpt>
    <trkpt lat="38.11792" lon="-117.38457"></trkpt>
    <trkpt lat="38.11786" lon="-117.38436"></trkpt>
    <trkpt lat="38.11536" lon="-117.37652"></trkpt>
    <trkpt lat="38.11536" lon="-117.37651"></trkpt>
    <trkpt lat="38.11439" lon="-117.37356"></trkpt>
    <trkpt lat="38.11372" lon="-117.37144"></trkpt>
    <trkpt lat="38.11366" lon="-117.37123"></trkpt>
    <trkpt lat="38.10457" lon="-117.34258"></trkpt>
    <trkpt lat="38.1045" lon="-117.34239"></trkpt>
    <trkpt lat="38.09776" lon="-117.3212"></trkpt>
    <trkpt lat="38.0977" lon="-117.32099"></trkpt>
    <trkpt lat="38.09367" lon="-117.30836"></trkpt>
    <trkpt lat="38.09346" lon="-117.30765"></trkpt>
    <trkpt lat="38.09328" lon="-117.30709"></trkpt>
    <trkpt lat="38.09314" lon="-117.3067"></trkpt>
    <trkpt lat="38.09084" lon="-117.29947"></trkpt>
    <trkpt lat="38.09078" lon="-117.29926"></trkpt>
    <trkpt lat="38.08414" lon="-117.27852"></trkpt>
    <trkpt lat="38.08357" lon="-117.27668"></trkpt>
    <trkpt lat="38.08329" lon="-117.27568"></trkpt>
    <trkpt lat="38.083" lon="-117.27453"></trkpt>
    <trkpt lat="38.0828" lon="-117.27367"></trkpt>
    <trkpt lat="38.08133" lon="-117.26685"></trkpt>
    <trkpt lat="38.08133" lon="-117.26682"></trkpt>
    <trkpt lat="38.08118" lon="-117.26616"></trkpt>
    <trkpt lat="38.08114" lon="-117.26594"></trkpt>
    <trkpt lat="38.08105" lon="-117.26553"></trkpt>
    <trkpt lat="38.08104" lon="-117.2655"></trkpt>
    <trkpt lat="38.08063" lon="-117.26357"></trkpt>
    <trkpt lat="38.08061" lon="-117.26351"></trkpt>
    <trkpt lat="38.08058" lon="-117.26335"></trkpt>
    <trkpt lat="38.08057" lon="-117.26332"></trkpt>
    <trkpt lat="38.08057" lon="-117.26329"></trkpt>
    <trkpt lat="38.08053" lon="-117.26313"></trkpt>
    <trkpt lat="38.08053" lon="-117.2631"></trkpt>
    <trkpt lat="38.07989" lon="-117.26016"></trkpt>
    <trkpt lat="38.07987" lon="-117.26005"></trkpt>
    <trkpt lat="38.07985" lon="-117.25999"></trkpt>
    <trkpt lat="38.07849" lon="-117.25375"></trkpt>
    <trkpt lat="38.07824" lon="-117.25251"></trkpt>
    <trkpt lat="38.07742" lon="-117.24876"></trkpt>
    <trkpt lat="38.07723" lon="-117.24806"></trkpt>
    <trkpt lat="38.07717" lon="-117.24781"></trkpt>
    <trkpt lat="38.07675" lon="-117.24645"></trkpt>
    <trkpt lat="38.07636" lon="-117.2454"></trkpt>
    <trkpt lat="38.07581" lon="-117.24408"></trkpt>
    <trkpt lat="38.07556" lon="-117.24354"></trkpt>
    <trkpt lat="38.07529" lon="-117.243"></trkpt>
    <trkpt lat="38.07525" lon="-117.24291"></trkpt>
    <trkpt lat="38.07367" lon="-117.23992"></trkpt>
    <trkpt lat="38.07354" lon="-117.23965"></trkpt>
    <trkpt lat="38.07326" lon="-117.23912"></trkpt>
    <trkpt lat="38.07305" lon="-117.23869"></trkpt>
    <trkpt lat="38.0728" lon="-117.23814"></trkpt>
    <trkpt lat="38.07246" lon="-117.23725"></trkpt>
    <trkpt lat="38.07219" lon="-117.23643"></trkpt>
    <trkpt lat="38.07216" lon="-117.23627"></trkpt>
    <trkpt lat="38.07212" lon="-117.23613"></trkpt>
    <trkpt lat="38.07187" lon="-117.23513"></trkpt>
    <trkpt lat="38.07182" lon="-117.2349"></trkpt>
    <trkpt lat="38.07176" lon="-117.23469"></trkpt>
    <trkpt lat="38.07174" lon="-117.23459"></trkpt>
    <trkpt lat="38.07165" lon="-117.23427"></trkpt>
    <trkpt lat="38.07152" lon="-117.23394"></trkpt>
    <trkpt lat="38.07141" lon="-117.23371"></trkpt>
    <trkpt lat="38.07134" lon="-117.23359"></trkpt>
    <trkpt lat="38.07127" lon="-117.23345"></trkpt>
    <trkpt lat="38.07119" lon="-117.23333"></trkpt>
    <trkpt lat="38.07102" lon="-117.23313"></trkpt>
    <trkpt lat="38.07086" lon="-117.23289"></trkpt>
    <trkpt lat="38.07077" lon="-117.23277"></trkpt>
    <trkpt lat="38.0707" lon="-117.23266"></trkpt>
    <trkpt lat="38.07059" lon="-117.23251"></trkpt>
    <trkpt lat="38.07044" lon="-117.23228"></trkpt>
    <trkpt lat="38.07028" lon="-117.23208"></trkpt>
    <trkpt lat="38.06999" lon="-117.23177"></trkpt>
    <trkpt lat="38.06967" lon="-117.23162"></trkpt>
    <trkpt lat="38.06914" lon="-117.2314"></trkpt>
    <trkpt lat="38.06815" lon="-117.23095"></trkpt>
    <trkpt lat="38.06828" lon="-117.23036"></trkpt>
    <trkpt lat="38.06832" lon="-117.23037"></trkpt>
    <trkpt lat="38.06918" lon="-117.23072"></trkpt>
    </trkseg>
  </trk>
</gpx>