<?xml version="1.0" encoding="UTF-8"?>
<gpx version="1.1" creator="HermesMotoTrip"
  xmlns="http://www.topografix.com/GPX/1/1"
  xmlns:xsi="http://www.w3.org/2001/XMLSchema-instance"
  xsi:schemaLocation="http://www.topografix.com/GPX/1/1 http://www.topografix.com/GPX/1/1/gpx.xsd">
  <metadata>
    <name>Day 3 - Alamo NV to Capitol Reef NP</name>
    <desc>Full track conversion of Ben Long Google My Maps KML. US-93 N through Caliente and Panaca NV, NV-319 to Utah, UT-56 to Cedar City, UT-14 E through Dixie National Forest, US-89 N, UT-12 E scenic byway, UT-24 W to Capitol Reef NP. 369 miles.</desc>
    <time>2026-05-31T15:55:23Z</time>
  </metadata>
  <trk>
    <name>Day 3 - Alamo NV to Capitol Reef NP</name>
    <trkseg>
      <trkpt lat="37.36495" lon="-115.16376"><ele>0.0</ele></trkpt>
      <trkpt lat="37.36418" lon="-115.16376"><ele>0.0</ele></trkpt>
      <trkpt lat="37.3642" lon="-115.16137"><ele>0.0</ele></trkpt>
      <trkpt lat="37.36417" lon="-115.1607"><ele>0.0</ele></trkpt>
      <trkpt lat="37.36417" lon="-115.16045"><ele>0.0</ele></trkpt>
      <trkpt lat="37.36415" lon="-115.15998"><ele>0.0</ele></trkpt>
      <trkpt lat="37.36417" lon="-115.15957"><ele>0.0</ele></trkpt>
      <trkpt lat="37.36463" lon="-115.15967"><ele>0.0</ele></trkpt>
      <trkpt lat="37.36474" lon="-115.1597"><ele>0.0</ele></trkpt>
      <trkpt lat="37.36501" lon="-115.15976"><ele>0.0</ele></trkpt>
      <trkpt lat="37.36568" lon="-115.15987"><ele>0.0</ele></trkpt>
      <trkpt lat="37.36647" lon="-115.15995"><ele>0.0</ele></trkpt>
      <trkpt lat="37.36709" lon="-115.15996"><ele>0.0</ele></trkpt>
      <trkpt lat="37.36863" lon="-115.15995"><ele>0.0</ele></trkpt>
      <trkpt lat="37.36905" lon="-115.15993"><ele>0.0</ele></trkpt>
      <trkpt lat="37.37869" lon="-115.15968"><ele>0.0</ele></trkpt>
      <trkpt lat="37.37976" lon="-115.15972"><ele>0.0</ele></trkpt>
      <trkpt lat="37.38021" lon="-115.15977"><ele>0.0</ele></trkpt>
      <trkpt lat="37.38118" lon="-115.15981"><ele>0.0</ele></trkpt>
      <trkpt lat="37.38161" lon="-115.15985"><ele>0.0</ele></trkpt>
      <trkpt lat="37.38209" lon="-115.15993"><ele>0.0</ele></trkpt>
      <trkpt lat="37.38214" lon="-115.15993"><ele>0.0</ele></trkpt>
      <trkpt lat="37.38305" lon="-115.1601"><ele>0.0</ele></trkpt>
      <trkpt lat="37.38426" lon="-115.16037"><ele>0.0</ele></trkpt>
      <trkpt lat="37.38497" lon="-115.16056"><ele>0.0</ele></trkpt>
      <trkpt lat="37.38623" lon="-115.16098"><ele>0.0</ele></trkpt>
      <trkpt lat="37.38692" lon="-115.16125"><ele>0.0</ele></trkpt>
      <trkpt lat="37.3871" lon="-115.16131"><ele>0.0</ele></trkpt>
      <trkpt lat="37.38821" lon="-115.16175"><ele>0.0</ele></trkpt>
      <trkpt lat="37.3883" lon="-115.16178"><ele>0.0</ele></trkpt>
      <trkpt lat="37.39137" lon="-115.16302"><ele>0.0</ele></trkpt>
      <trkpt lat="37.39154" lon="-115.16308"><ele>0.0</ele></trkpt>
      <trkpt lat="37.39206" lon="-115.16329"><ele>0.0</ele></trkpt>
      <trkpt lat="37.39223" lon="-115.16335"><ele>0.0</ele></trkpt>
      <trkpt lat="37.39356" lon="-115.1639"><ele>0.0</ele></trkpt>
      <trkpt lat="37.40236" lon="-115.1674"><ele>0.0</ele></trkpt>
      <trkpt lat="37.4024" lon="-115.16742"><ele>0.0</ele></trkpt>
      <trkpt lat="37.40257" lon="-115.16749"><ele>0.0</ele></trkpt>
      <trkpt lat="37.40274" lon="-115.16755"><ele>0.0</ele></trkpt>
      <trkpt lat="37.40373" lon="-115.16794"><ele>0.0</ele></trkpt>
      <trkpt lat="37.40377" lon="-115.16796"><ele>0.0</ele></trkpt>
      <trkpt lat="37.40394" lon="-115.16802"><ele>0.0</ele></trkpt>
      <trkpt lat="37.41217" lon="-115.17132"><ele>0.0</ele></trkpt>
      <trkpt lat="37.41234" lon="-115.17138"><ele>0.0</ele></trkpt>
      <trkpt lat="37.41357" lon="-115.17188"><ele>0.0</ele></trkpt>
      <trkpt lat="37.41435" lon="-115.17218"><ele>0.0</ele></trkpt>
      <trkpt lat="37.41563" lon="-115.1727"><ele>0.0</ele></trkpt>
      <trkpt lat="37.4158" lon="-115.17276"><ele>0.0</ele></trkpt>
      <trkpt lat="37.41785" lon="-115.17359"><ele>0.0</ele></trkpt>
      <trkpt lat="37.41786" lon="-115.17359"><ele>0.0</ele></trkpt>
      <trkpt lat="37.41837" lon="-115.1738"><ele>0.0</ele></trkpt>
      <trkpt lat="37.41854" lon="-115.17386"><ele>0.0</ele></trkpt>
      <trkpt lat="37.4194" lon="-115.17421"><ele>0.0</ele></trkpt>
      <trkpt lat="37.41957" lon="-115.17427"><ele>0.0</ele></trkpt>
      <trkpt lat="37.42749" lon="-115.17743"><ele>0.0</ele></trkpt>
      <trkpt lat="37.42761" lon="-115.17747"><ele>0.0</ele></trkpt>
      <trkpt lat="37.433" lon="-115.17964"><ele>0.0</ele></trkpt>
      <trkpt lat="37.43521" lon="-115.1805"><ele>0.0</ele></trkpt>
      <trkpt lat="37.43522" lon="-115.1805"><ele>0.0</ele></trkpt>
      <trkpt lat="37.43574" lon="-115.18071"><ele>0.0</ele></trkpt>
      <trkpt lat="37.43577" lon="-115.18073"><ele>0.0</ele></trkpt>
      <trkpt lat="37.43617" lon="-115.1809"><ele>0.0</ele></trkpt>
      <trkpt lat="37.43636" lon="-115.18097"><ele>0.0</ele></trkpt>
      <trkpt lat="37.43825" lon="-115.18186"><ele>0.0</ele></trkpt>
      <trkpt lat="37.43894" lon="-115.18222"><ele>0.0</ele></trkpt>
      <trkpt lat="37.43929" lon="-115.18239"><ele>0.0</ele></trkpt>
      <trkpt lat="37.44019" lon="-115.18287"><ele>0.0</ele></trkpt>
      <trkpt lat="37.44088" lon="-115.18326"><ele>0.0</ele></trkpt>
      <trkpt lat="37.44092" lon="-115.18329"><ele>0.0</ele></trkpt>
      <trkpt lat="37.44103" lon="-115.18335"><ele>0.0</ele></trkpt>
      <trkpt lat="37.44108" lon="-115.18339"><ele>0.0</ele></trkpt>
      <trkpt lat="37.44109" lon="-115.18339"><ele>0.0</ele></trkpt>
      <trkpt lat="37.44125" lon="-115.18347"><ele>0.0</ele></trkpt>
      <trkpt lat="37.44264" lon="-115.1843"><ele>0.0</ele></trkpt>
      <trkpt lat="37.4438" lon="-115.18503"><ele>0.0</ele></trkpt>
      <trkpt lat="37.44484" lon="-115.18575"><ele>0.0</ele></trkpt>
      <trkpt lat="37.44494" lon="-115.18581"><ele>0.0</ele></trkpt>
      <trkpt lat="37.44521" lon="-115.18601"><ele>0.0</ele></trkpt>
      <trkpt lat="37.44561" lon="-115.18628"><ele>0.0</ele></trkpt>
      <trkpt lat="37.44591" lon="-115.18651"><ele>0.0</ele></trkpt>
      <trkpt lat="37.44635" lon="-115.18682"><ele>0.0</ele></trkpt>
      <trkpt lat="37.44638" lon="-115.18685"><ele>0.0</ele></trkpt>
      <trkpt lat="37.45065" lon="-115.18996"><ele>0.0</ele></trkpt>
      <trkpt lat="37.4509" lon="-115.19013"><ele>0.0</ele></trkpt>
      <trkpt lat="37.45091" lon="-115.19014"><ele>0.0</ele></trkpt>
      <trkpt lat="37.45113" lon="-115.19029"><ele>0.0</ele></trkpt>
      <trkpt lat="37.45123" lon="-115.19035"><ele>0.0</ele></trkpt>
      <trkpt lat="37.45127" lon="-115.19037"><ele>0.0</ele></trkpt>
      <trkpt lat="37.45152" lon="-115.19053"><ele>0.0</ele></trkpt>
      <trkpt lat="37.45154" lon="-115.19054"><ele>0.0</ele></trkpt>
      <trkpt lat="37.45155" lon="-115.19055"><ele>0.0</ele></trkpt>
      <trkpt lat="37.45168" lon="-115.19062"><ele>0.0</ele></trkpt>
      <trkpt lat="37.4517" lon="-115.19064"><ele>0.0</ele></trkpt>
      <trkpt lat="37.45171" lon="-115.19064"><ele>0.0</ele></trkpt>
      <trkpt lat="37.45194" lon="-115.19078"><ele>0.0</ele></trkpt>
      <trkpt lat="37.452" lon="-115.19081"><ele>0.0</ele></trkpt>
      <trkpt lat="37.45204" lon="-115.19084"><ele>0.0</ele></trkpt>
      <trkpt lat="37.45209" lon="-115.19086"><ele>0.0</ele></trkpt>
      <trkpt lat="37.4522" lon="-115.19093"><ele>0.0</ele></trkpt>
      <trkpt lat="37.45284" lon="-115.19123"><ele>0.0</ele></trkpt>
      <trkpt lat="37.45355" lon="-115.19152"><ele>0.0</ele></trkpt>
      <trkpt lat="37.45364" lon="-115.19155"><ele>0.0</ele></trkpt>
      <trkpt lat="37.45509" lon="-115.19214"><ele>0.0</ele></trkpt>
      <trkpt lat="37.4551" lon="-115.19214"><ele>0.0</ele></trkpt>
      <trkpt lat="37.45921" lon="-115.19371"><ele>0.0</ele></trkpt>
      <trkpt lat="37.45945" lon="-115.19378"><ele>0.0</ele></trkpt>
      <trkpt lat="37.45951" lon="-115.19379"><ele>0.0</ele></trkpt>
      <trkpt lat="37.45986" lon="-115.19388"><ele>0.0</ele></trkpt>
      <trkpt lat="37.46033" lon="-115.19396"><ele>0.0</ele></trkpt>
      <trkpt lat="37.46043" lon="-115.19396"><ele>0.0</ele></trkpt>
      <trkpt lat="37.46083" lon="-115.19399"><ele>0.0</ele></trkpt>
      <trkpt lat="37.46147" lon="-115.19399"><ele>0.0</ele></trkpt>
      <trkpt lat="37.46214" lon="-115.19394"><ele>0.0</ele></trkpt>
      <trkpt lat="37.4624" lon="-115.19391"><ele>0.0</ele></trkpt>
      <trkpt lat="37.46506" lon="-115.1937"><ele>0.0</ele></trkpt>
      <trkpt lat="37.46518" lon="-115.19368"><ele>0.0</ele></trkpt>
      <trkpt lat="37.46572" lon="-115.19363"><ele>0.0</ele></trkpt>
      <trkpt lat="37.46576" lon="-115.19362"><ele>0.0</ele></trkpt>
      <trkpt lat="37.46717" lon="-115.19355"><ele>0.0</ele></trkpt>
      <trkpt lat="37.46791" lon="-115.19358"><ele>0.0</ele></trkpt>
      <trkpt lat="37.46813" lon="-115.19361"><ele>0.0</ele></trkpt>
      <trkpt lat="37.46821" lon="-115.19361"><ele>0.0</ele></trkpt>
      <trkpt lat="37.46842" lon="-115.19364"><ele>0.0</ele></trkpt>
      <trkpt lat="37.46865" lon="-115.19366"><ele>0.0</ele></trkpt>
      <trkpt lat="37.46954" lon="-115.19382"><ele>0.0</ele></trkpt>
      <trkpt lat="37.47012" lon="-115.19397"><ele>0.0</ele></trkpt>
      <trkpt lat="37.47039" lon="-115.19405"><ele>0.0</ele></trkpt>
      <trkpt lat="37.47085" lon="-115.19421"><ele>0.0</ele></trkpt>
      <trkpt lat="37.47128" lon="-115.19439"><ele>0.0</ele></trkpt>
      <trkpt lat="37.47135" lon="-115.19441"><ele>0.0</ele></trkpt>
      <trkpt lat="37.4714" lon="-115.19443"><ele>0.0</ele></trkpt>
      <trkpt lat="37.47146" lon="-115.19446"><ele>0.0</ele></trkpt>
      <trkpt lat="37.47163" lon="-115.19453"><ele>0.0</ele></trkpt>
      <trkpt lat="37.47193" lon="-115.19468"><ele>0.0</ele></trkpt>
      <trkpt lat="37.47365" lon="-115.19548"><ele>0.0</ele></trkpt>
      <trkpt lat="37.47382" lon="-115.19555"><ele>0.0</ele></trkpt>
      <trkpt lat="37.47449" lon="-115.19587"><ele>0.0</ele></trkpt>
      <trkpt lat="37.4745" lon="-115.19588"><ele>0.0</ele></trkpt>
      <trkpt lat="37.47517" lon="-115.19618"><ele>0.0</ele></trkpt>
      <trkpt lat="37.47529" lon="-115.19624"><ele>0.0</ele></trkpt>
      <trkpt lat="37.47534" lon="-115.19626"><ele>0.0</ele></trkpt>
      <trkpt lat="37.47545" lon="-115.19632"><ele>0.0</ele></trkpt>
      <trkpt lat="37.47551" lon="-115.19634"><ele>0.0</ele></trkpt>
      <trkpt lat="37.4922" lon="-115.20413"><ele>0.0</ele></trkpt>
      <trkpt lat="37.49237" lon="-115.2042"><ele>0.0</ele></trkpt>
      <trkpt lat="37.50764" lon="-115.21137"><ele>0.0</ele></trkpt>
      <trkpt lat="37.50835" lon="-115.21173"><ele>0.0</ele></trkpt>
      <trkpt lat="37.50925" lon="-115.21221"><ele>0.0</ele></trkpt>
      <trkpt lat="37.50936" lon="-115.21226"><ele>0.0</ele></trkpt>
      <trkpt lat="37.50942" lon="-115.2123"><ele>0.0</ele></trkpt>
      <trkpt lat="37.51041" lon="-115.21284"><ele>0.0</ele></trkpt>
      <trkpt lat="37.51047" lon="-115.21288"><ele>0.0</ele></trkpt>
      <trkpt lat="37.51694" lon="-115.21643"><ele>0.0</ele></trkpt>
      <trkpt lat="37.51838" lon="-115.21727"><ele>0.0</ele></trkpt>
      <trkpt lat="37.51871" lon="-115.21749"><ele>0.0</ele></trkpt>
      <trkpt lat="37.51889" lon="-115.2176"><ele>0.0</ele></trkpt>
      <trkpt lat="37.5196" lon="-115.21813"><ele>0.0</ele></trkpt>
      <trkpt lat="37.52007" lon="-115.21852"><ele>0.0</ele></trkpt>
      <trkpt lat="37.52126" lon="-115.21959"><ele>0.0</ele></trkpt>
      <trkpt lat="37.52137" lon="-115.2197"><ele>0.0</ele></trkpt>
      <trkpt lat="37.52287" lon="-115.22104"><ele>0.0</ele></trkpt>
      <trkpt lat="37.52319" lon="-115.22126"><ele>0.0</ele></trkpt>
      <trkpt lat="37.52335" lon="-115.22136"><ele>0.0</ele></trkpt>
      <trkpt lat="37.52353" lon="-115.22146"><ele>0.0</ele></trkpt>
      <trkpt lat="37.52362" lon="-115.2215"><ele>0.0</ele></trkpt>
      <trkpt lat="37.52363" lon="-115.2215"><ele>0.0</ele></trkpt>
      <trkpt lat="37.52384" lon="-115.2216"><ele>0.0</ele></trkpt>
      <trkpt lat="37.52414" lon="-115.22171"><ele>0.0</ele></trkpt>
      <trkpt lat="37.52433" lon="-115.22177"><ele>0.0</ele></trkpt>
      <trkpt lat="37.5245" lon="-115.22181"><ele>0.0</ele></trkpt>
      <trkpt lat="37.52467" lon="-115.22184"><ele>0.0</ele></trkpt>
      <trkpt lat="37.52469" lon="-115.22184"><ele>0.0</ele></trkpt>
      <trkpt lat="37.52489" lon="-115.22187"><ele>0.0</ele></trkpt>
      <trkpt lat="37.5251" lon="-115.22189"><ele>0.0</ele></trkpt>
      <trkpt lat="37.52535" lon="-115.22189"><ele>0.0</ele></trkpt>
      <trkpt lat="37.52575" lon="-115.22187"><ele>0.0</ele></trkpt>
      <trkpt lat="37.52587" lon="-115.22182"><ele>0.0</ele></trkpt>
      <trkpt lat="37.52645" lon="-115.22169"><ele>0.0</ele></trkpt>
      <trkpt lat="37.52679" lon="-115.22155"><ele>0.0</ele></trkpt>
      <trkpt lat="37.52713" lon="-115.22139"><ele>0.0</ele></trkpt>
      <trkpt lat="37.52736" lon="-115.22126"><ele>0.0</ele></trkpt>
      <trkpt lat="37.52775" lon="-115.22101"><ele>0.0</ele></trkpt>
      <trkpt lat="37.528" lon="-115.22081"><ele>0.0</ele></trkpt>
      <trkpt lat="37.52812" lon="-115.2207"><ele>0.0</ele></trkpt>
      <trkpt lat="37.52845" lon="-115.22036"><ele>0.0</ele></trkpt>
      <trkpt lat="37.52874" lon="-115.22001"><ele>0.0</ele></trkpt>
      <trkpt lat="37.52943" lon="-115.21904"><ele>0.0</ele></trkpt>
      <trkpt lat="37.52952" lon="-115.2189"><ele>0.0</ele></trkpt>
      <trkpt lat="37.52955" lon="-115.21887"><ele>0.0</ele></trkpt>
      <trkpt lat="37.52967" lon="-115.2187"><ele>0.0</ele></trkpt>
      <trkpt lat="37.52968" lon="-115.21868"><ele>0.0</ele></trkpt>
      <trkpt lat="37.52999" lon="-115.21825"><ele>0.0</ele></trkpt>
      <trkpt lat="37.53015" lon="-115.21801"><ele>0.0</ele></trkpt>
      <trkpt lat="37.53025" lon="-115.21791"><ele>0.0</ele></trkpt>
      <trkpt lat="37.53055" lon="-115.21749"><ele>0.0</ele></trkpt>
      <trkpt lat="37.53079" lon="-115.21712"><ele>0.0</ele></trkpt>
      <trkpt lat="37.53437" lon="-115.21193"><ele>0.0</ele></trkpt>
      <trkpt lat="37.53443" lon="-115.21183"><ele>0.0</ele></trkpt>
      <trkpt lat="37.53472" lon="-115.21142"><ele>0.0</ele></trkpt>
      <trkpt lat="37.53502" lon="-115.21097"><ele>0.0</ele></trkpt>
      <trkpt lat="37.53538" lon="-115.21047"><ele>0.0</ele></trkpt>
      <trkpt lat="37.53582" lon="-115.20982"><ele>0.0</ele></trkpt>
      <trkpt lat="37.53761" lon="-115.20691"><ele>0.0</ele></trkpt>
      <trkpt lat="37.53761" lon="-115.2069"><ele>0.0</ele></trkpt>
      <trkpt lat="37.53908" lon="-115.20453"><ele>0.0</ele></trkpt>
      <trkpt lat="37.53937" lon="-115.20404"><ele>0.0</ele></trkpt>
      <trkpt lat="37.53948" lon="-115.20387"><ele>0.0</ele></trkpt>
      <trkpt lat="37.53948" lon="-115.20386"><ele>0.0</ele></trkpt>
      <trkpt lat="37.54119" lon="-115.20108"><ele>0.0</ele></trkpt>
      <trkpt lat="37.54123" lon="-115.201"><ele>0.0</ele></trkpt>
      <trkpt lat="37.54178" lon="-115.20011"><ele>0.0</ele></trkpt>
      <trkpt lat="37.54178" lon="-115.2001"><ele>0.0</ele></trkpt>
      <trkpt lat="37.5419" lon="-115.19992"><ele>0.0</ele></trkpt>
      <trkpt lat="37.5419" lon="-115.19991"><ele>0.0</ele></trkpt>
      <trkpt lat="37.54201" lon="-115.19975"><ele>0.0</ele></trkpt>
      <trkpt lat="37.54205" lon="-115.19968"><ele>0.0</ele></trkpt>
      <trkpt lat="37.54228" lon="-115.19937"><ele>0.0</ele></trkpt>
      <trkpt lat="37.54256" lon="-115.19904"><ele>0.0</ele></trkpt>
      <trkpt lat="37.54282" lon="-115.19876"><ele>0.0</ele></trkpt>
      <trkpt lat="37.54318" lon="-115.19841"><ele>0.0</ele></trkpt>
      <trkpt lat="37.5443" lon="-115.19727"><ele>0.0</ele></trkpt>
      <trkpt lat="37.54445" lon="-115.19713"><ele>0.0</ele></trkpt>
      <trkpt lat="37.54452" lon="-115.19705"><ele>0.0</ele></trkpt>
      <trkpt lat="37.54459" lon="-115.19699"><ele>0.0</ele></trkpt>
      <trkpt lat="37.54543" lon="-115.19614"><ele>0.0</ele></trkpt>
      <trkpt lat="37.54545" lon="-115.19611"><ele>0.0</ele></trkpt>
      <trkpt lat="37.54581" lon="-115.19566"><ele>0.0</ele></trkpt>
      <trkpt lat="37.54593" lon="-115.19549"><ele>0.0</ele></trkpt>
      <trkpt lat="37.54594" lon="-115.19548"><ele>0.0</ele></trkpt>
      <trkpt lat="37.54616" lon="-115.19514"><ele>0.0</ele></trkpt>
      <trkpt lat="37.54617" lon="-115.19511"><ele>0.0</ele></trkpt>
      <trkpt lat="37.54627" lon="-115.19496"><ele>0.0</ele></trkpt>
      <trkpt lat="37.54707" lon="-115.19346"><ele>0.0</ele></trkpt>
      <trkpt lat="37.54743" lon="-115.19284"><ele>0.0</ele></trkpt>
      <trkpt lat="37.54781" lon="-115.19231"><ele>0.0</ele></trkpt>
      <trkpt lat="37.54795" lon="-115.19213"><ele>0.0</ele></trkpt>
      <trkpt lat="37.54798" lon="-115.1921"><ele>0.0</ele></trkpt>
      <trkpt lat="37.54808" lon="-115.19198"><ele>0.0</ele></trkpt>
      <trkpt lat="37.54833" lon="-115.19172"><ele>0.0</ele></trkpt>
      <trkpt lat="37.54928" lon="-115.19089"><ele>0.0</ele></trkpt>
      <trkpt lat="37.54943" lon="-115.19077"><ele>0.0</ele></trkpt>
      <trkpt lat="37.54997" lon="-115.1903"><ele>0.0</ele></trkpt>
      <trkpt lat="37.55029" lon="-115.18995"><ele>0.0</ele></trkpt>
      <trkpt lat="37.55045" lon="-115.18972"><ele>0.0</ele></trkpt>
      <trkpt lat="37.55052" lon="-115.1896"><ele>0.0</ele></trkpt>
      <trkpt lat="37.55055" lon="-115.18956"><ele>0.0</ele></trkpt>
      <trkpt lat="37.55073" lon="-115.18924"><ele>0.0</ele></trkpt>
      <trkpt lat="37.55073" lon="-115.18923"><ele>0.0</ele></trkpt>
      <trkpt lat="37.55078" lon="-115.18912"><ele>0.0</ele></trkpt>
      <trkpt lat="37.55083" lon="-115.18903"><ele>0.0</ele></trkpt>
      <trkpt lat="37.55097" lon="-115.18863"><ele>0.0</ele></trkpt>
      <trkpt lat="37.55103" lon="-115.18839"><ele>0.0</ele></trkpt>
      <trkpt lat="37.5511" lon="-115.18796"><ele>0.0</ele></trkpt>
      <trkpt lat="37.5511" lon="-115.18786"><ele>0.0</ele></trkpt>
      <trkpt lat="37.55111" lon="-115.1877"><ele>0.0</ele></trkpt>
      <trkpt lat="37.55111" lon="-115.18739"><ele>0.0</ele></trkpt>
      <trkpt lat="37.5511" lon="-115.18728"><ele>0.0</ele></trkpt>
      <trkpt lat="37.55109" lon="-115.18703"><ele>0.0</ele></trkpt>
      <trkpt lat="37.5508" lon="-115.18482"><ele>0.0</ele></trkpt>
      <trkpt lat="37.55078" lon="-115.18459"><ele>0.0</ele></trkpt>
      <trkpt lat="37.5506" lon="-115.18327"><ele>0.0</ele></trkpt>
      <trkpt lat="37.55053" lon="-115.18263"><ele>0.0</ele></trkpt>
      <trkpt lat="37.55053" lon="-115.18258"><ele>0.0</ele></trkpt>
      <trkpt lat="37.55049" lon="-115.18209"><ele>0.0</ele></trkpt>
      <trkpt lat="37.55048" lon="-115.18169"><ele>0.0</ele></trkpt>
      <trkpt lat="37.55048" lon="-115.17908"><ele>0.0</ele></trkpt>
      <trkpt lat="37.55046" lon="-115.17867"><ele>0.0</ele></trkpt>
      <trkpt lat="37.55038" lon="-115.17805"><ele>0.0</ele></trkpt>
      <trkpt lat="37.55032" lon="-115.17771"><ele>0.0</ele></trkpt>
      <trkpt lat="37.54811" lon="-115.16721"><ele>0.0</ele></trkpt>
      <trkpt lat="37.5481" lon="-115.16719"><ele>0.0</ele></trkpt>
      <trkpt lat="37.54806" lon="-115.16697"><ele>0.0</ele></trkpt>
      <trkpt lat="37.54727" lon="-115.16327"><ele>0.0</ele></trkpt>
      <trkpt lat="37.54727" lon="-115.16324"><ele>0.0</ele></trkpt>
      <trkpt lat="37.54722" lon="-115.16301"><ele>0.0</ele></trkpt>
      <trkpt lat="37.54717" lon="-115.1627"><ele>0.0</ele></trkpt>
      <trkpt lat="37.54716" lon="-115.1626"><ele>0.0</ele></trkpt>
      <trkpt lat="37.54715" lon="-115.16258"><ele>0.0</ele></trkpt>
      <trkpt lat="37.54711" lon="-115.16216"><ele>0.0</ele></trkpt>
      <trkpt lat="37.54711" lon="-115.162"><ele>0.0</ele></trkpt>
      <trkpt lat="37.5471" lon="-115.16186"><ele>0.0</ele></trkpt>
      <trkpt lat="37.54711" lon="-115.16136"><ele>0.0</ele></trkpt>
      <trkpt lat="37.54718" lon="-115.16078"><ele>0.0</ele></trkpt>
      <trkpt lat="37.54725" lon="-115.16039"><ele>0.0</ele></trkpt>
      <trkpt lat="37.54729" lon="-115.16023"><ele>0.0</ele></trkpt>
      <trkpt lat="37.5475" lon="-115.15955"><ele>0.0</ele></trkpt>
      <trkpt lat="37.54765" lon="-115.15919"><ele>0.0</ele></trkpt>
      <trkpt lat="37.54947" lon="-115.15538"><ele>0.0</ele></trkpt>
      <trkpt lat="37.54954" lon="-115.15521"><ele>0.0</ele></trkpt>
      <trkpt lat="37.55754" lon="-115.13849"><ele>0.0</ele></trkpt>
      <trkpt lat="37.55764" lon="-115.1383"><ele>0.0</ele></trkpt>
      <trkpt lat="37.56832" lon="-115.11597"><ele>0.0</ele></trkpt>
      <trkpt lat="37.56842" lon="-115.11578"><ele>0.0</ele></trkpt>
      <trkpt lat="37.57372" lon="-115.10471"><ele>0.0</ele></trkpt>
      <trkpt lat="37.57382" lon="-115.10452"><ele>0.0</ele></trkpt>
      <trkpt lat="37.57835" lon="-115.09508"><ele>0.0</ele></trkpt>
      <trkpt lat="37.57839" lon="-115.09501"><ele>0.0</ele></trkpt>
      <trkpt lat="37.57928" lon="-115.09314"><ele>0.0</ele></trkpt>
      <trkpt lat="37.57932" lon="-115.09307"><ele>0.0</ele></trkpt>
      <trkpt lat="37.58039" lon="-115.0908"><ele>0.0</ele></trkpt>
      <trkpt lat="37.58049" lon="-115.09061"><ele>0.0</ele></trkpt>
      <trkpt lat="37.58051" lon="-115.09056"><ele>0.0</ele></trkpt>
      <trkpt lat="37.58088" lon="-115.08978"><ele>0.0</ele></trkpt>
      <trkpt lat="37.58099" lon="-115.08957"><ele>0.0</ele></trkpt>
      <trkpt lat="37.58132" lon="-115.08886"><ele>0.0</ele></trkpt>
      <trkpt lat="37.58142" lon="-115.08867"><ele>0.0</ele></trkpt>
      <trkpt lat="37.58144" lon="-115.08862"><ele>0.0</ele></trkpt>
      <trkpt lat="37.58244" lon="-115.08653"><ele>0.0</ele></trkpt>
      <trkpt lat="37.58246" lon="-115.0865"><ele>0.0</ele></trkpt>
      <trkpt lat="37.58356" lon="-115.0842"><ele>0.0</ele></trkpt>
      <trkpt lat="37.58358" lon="-115.08415"><ele>0.0</ele></trkpt>
      <trkpt lat="37.58402" lon="-115.08323"><ele>0.0</ele></trkpt>
      <trkpt lat="37.58405" lon="-115.08318"><ele>0.0</ele></trkpt>
      <trkpt lat="37.58504" lon="-115.08109"><ele>0.0</ele></trkpt>
      <trkpt lat="37.58507" lon="-115.08104"><ele>0.0</ele></trkpt>
      <trkpt lat="37.58723" lon="-115.07652"><ele>0.0</ele></trkpt>
      <trkpt lat="37.58726" lon="-115.07647"><ele>0.0</ele></trkpt>
      <trkpt lat="37.58851" lon="-115.07384"><ele>0.0</ele></trkpt>
      <trkpt lat="37.58864" lon="-115.07359"><ele>0.0</ele></trkpt>
      <trkpt lat="37.59106" lon="-115.06852"><ele>0.0</ele></trkpt>
      <trkpt lat="37.59113" lon="-115.06836"><ele>0.0</ele></trkpt>
      <trkpt lat="37.59123" lon="-115.06817"><ele>0.0</ele></trkpt>
      <trkpt lat="37.59178" lon="-115.067"><ele>0.0</ele></trkpt>
      <trkpt lat="37.59183" lon="-115.06691"><ele>0.0</ele></trkpt>
      <trkpt lat="37.5968" lon="-115.05651"><ele>0.0</ele></trkpt>
      <trkpt lat="37.5969" lon="-115.05632"><ele>0.0</ele></trkpt>
      <trkpt lat="37.59894" lon="-115.05204"><ele>0.0</ele></trkpt>
      <trkpt lat="37.59904" lon="-115.05185"><ele>0.0</ele></trkpt>
      <trkpt lat="37.6008" lon="-115.04815"><ele>0.0</ele></trkpt>
      <trkpt lat="37.6009" lon="-115.04796"><ele>0.0</ele></trkpt>
      <trkpt lat="37.60303" lon="-115.04349"><ele>0.0</ele></trkpt>
      <trkpt lat="37.60313" lon="-115.0433"><ele>0.0</ele></trkpt>
      <trkpt lat="37.60458" lon="-115.04026"><ele>0.0</ele></trkpt>
      <trkpt lat="37.60461" lon="-115.04018"><ele>0.0</ele></trkpt>
      <trkpt lat="37.60471" lon="-115.03999"><ele>0.0</ele></trkpt>
      <trkpt lat="37.60489" lon="-115.0396"><ele>0.0</ele></trkpt>
      <trkpt lat="37.60499" lon="-115.03941"><ele>0.0</ele></trkpt>
      <trkpt lat="37.61635" lon="-115.0156"><ele>0.0</ele></trkpt>
      <trkpt lat="37.61651" lon="-115.01522"><ele>0.0</ele></trkpt>
      <trkpt lat="37.61686" lon="-115.01428"><ele>0.0</ele></trkpt>
      <trkpt lat="37.61726" lon="-115.01301"><ele>0.0</ele></trkpt>
      <trkpt lat="37.61746" lon="-115.01222"><ele>0.0</ele></trkpt>
      <trkpt lat="37.6177" lon="-115.01102"><ele>0.0</ele></trkpt>
      <trkpt lat="37.61779" lon="-115.01045"><ele>0.0</ele></trkpt>
      <trkpt lat="37.61779" lon="-115.01044"><ele>0.0</ele></trkpt>
      <trkpt lat="37.61786" lon="-115.00994"><ele>0.0</ele></trkpt>
      <trkpt lat="37.61795" lon="-115.00902"><ele>0.0</ele></trkpt>
      <trkpt lat="37.61796" lon="-115.00879"><ele>0.0</ele></trkpt>
      <trkpt lat="37.61798" lon="-115.00855"><ele>0.0</ele></trkpt>
      <trkpt lat="37.61798" lon="-115.00842"><ele>0.0</ele></trkpt>
      <trkpt lat="37.61799" lon="-115.00834"><ele>0.0</ele></trkpt>
      <trkpt lat="37.61801" lon="-115.00775"><ele>0.0</ele></trkpt>
      <trkpt lat="37.61801" lon="-115.00698"><ele>0.0</ele></trkpt>
      <trkpt lat="37.618" lon="-115.00688"><ele>0.0</ele></trkpt>
      <trkpt lat="37.61798" lon="-115.00638"><ele>0.0</ele></trkpt>
      <trkpt lat="37.61797" lon="-115.0063"><ele>0.0</ele></trkpt>
      <trkpt lat="37.61783" lon="-115.00412"><ele>0.0</ele></trkpt>
      <trkpt lat="37.61782" lon="-115.00404"><ele>0.0</ele></trkpt>
      <trkpt lat="37.6178" lon="-115.00366"><ele>0.0</ele></trkpt>
      <trkpt lat="37.61778" lon="-115.00344"><ele>0.0</ele></trkpt>
      <trkpt lat="37.61778" lon="-115.00336"><ele>0.0</ele></trkpt>
      <trkpt lat="37.61762" lon="-115.00118"><ele>0.0</ele></trkpt>
      <trkpt lat="37.61762" lon="-115.00105"><ele>0.0</ele></trkpt>
      <trkpt lat="37.61696" lon="-114.99168"><ele>0.0</ele></trkpt>
      <trkpt lat="37.61695" lon="-114.99163"><ele>0.0</ele></trkpt>
      <trkpt lat="37.61452" lon="-114.95678"><ele>0.0</ele></trkpt>
      <trkpt lat="37.61451" lon="-114.95675"><ele>0.0</ele></trkpt>
      <trkpt lat="37.61288" lon="-114.93321"><ele>0.0</ele></trkpt>
      <trkpt lat="37.61286" lon="-114.93303"><ele>0.0</ele></trkpt>
      <trkpt lat="37.61038" lon="-114.8974"><ele>0.0</ele></trkpt>
      <trkpt lat="37.61034" lon="-114.89649"><ele>0.0</ele></trkpt>
      <trkpt lat="37.61035" lon="-114.89504"><ele>0.0</ele></trkpt>
      <trkpt lat="37.61046" lon="-114.89359"><ele>0.0</ele></trkpt>
      <trkpt lat="37.61071" lon="-114.89107"><ele>0.0</ele></trkpt>
      <trkpt lat="37.61073" lon="-114.89078"><ele>0.0</ele></trkpt>
      <trkpt lat="37.61089" lon="-114.88913"><ele>0.0</ele></trkpt>
      <trkpt lat="37.61089" lon="-114.88907"><ele>0.0</ele></trkpt>
      <trkpt lat="37.61117" lon="-114.88612"><ele>0.0</ele></trkpt>
      <trkpt lat="37.61119" lon="-114.88597"><ele>0.0</ele></trkpt>
      <trkpt lat="37.61249" lon="-114.87222"><ele>0.0</ele></trkpt>
      <trkpt lat="37.61252" lon="-114.872"><ele>0.0</ele></trkpt>
      <trkpt lat="37.61277" lon="-114.86929"><ele>0.0</ele></trkpt>
      <trkpt lat="37.6128" lon="-114.86906"><ele>0.0</ele></trkpt>
      <trkpt lat="37.61363" lon="-114.86024"><ele>0.0</ele></trkpt>
      <trkpt lat="37.61366" lon="-114.86001"><ele>0.0</ele></trkpt>
      <trkpt lat="37.61366" lon="-114.85994"><ele>0.0</ele></trkpt>
      <trkpt lat="37.61386" lon="-114.85787"><ele>0.0</ele></trkpt>
      <trkpt lat="37.61386" lon="-114.85781"><ele>0.0</ele></trkpt>
      <trkpt lat="37.61387" lon="-114.85775"><ele>0.0</ele></trkpt>
      <trkpt lat="37.61446" lon="-114.85148"><ele>0.0</ele></trkpt>
      <trkpt lat="37.61448" lon="-114.85135"><ele>0.0</ele></trkpt>
      <trkpt lat="37.61458" lon="-114.85021"><ele>0.0</ele></trkpt>
      <trkpt lat="37.61461" lon="-114.84998"><ele>0.0</ele></trkpt>
      <trkpt lat="37.61646" lon="-114.83047"><ele>0.0</ele></trkpt>
      <trkpt lat="37.61646" lon="-114.83039"><ele>0.0</ele></trkpt>
      <trkpt lat="37.61649" lon="-114.83017"><ele>0.0</ele></trkpt>
      <trkpt lat="37.61676" lon="-114.82724"><ele>0.0</ele></trkpt>
      <trkpt lat="37.61681" lon="-114.82682"><ele>0.0</ele></trkpt>
      <trkpt lat="37.61724" lon="-114.82223"><ele>0.0</ele></trkpt>
      <trkpt lat="37.61725" lon="-114.82205"><ele>0.0</ele></trkpt>
      <trkpt lat="37.6177" lon="-114.81732"><ele>0.0</ele></trkpt>
      <trkpt lat="37.61773" lon="-114.81709"><ele>0.0</ele></trkpt>
      <trkpt lat="37.61961" lon="-114.79715"><ele>0.0</ele></trkpt>
      <trkpt lat="37.61964" lon="-114.79692"><ele>0.0</ele></trkpt>
      <trkpt lat="37.62002" lon="-114.7929"><ele>0.0</ele></trkpt>
      <trkpt lat="37.62002" lon="-114.79287"><ele>0.0</ele></trkpt>
      <trkpt lat="37.62004" lon="-114.79264"><ele>0.0</ele></trkpt>
      <trkpt lat="37.62007" lon="-114.79242"><ele>0.0</ele></trkpt>
      <trkpt lat="37.62008" lon="-114.79222"><ele>0.0</ele></trkpt>
      <trkpt lat="37.62032" lon="-114.78976"><ele>0.0</ele></trkpt>
      <trkpt lat="37.62032" lon="-114.78971"><ele>0.0</ele></trkpt>
      <trkpt lat="37.62036" lon="-114.78926"><ele>0.0</ele></trkpt>
      <trkpt lat="37.62037" lon="-114.78922"><ele>0.0</ele></trkpt>
      <trkpt lat="37.62051" lon="-114.78772"><ele>0.0</ele></trkpt>
      <trkpt lat="37.62051" lon="-114.78768"><ele>0.0</ele></trkpt>
      <trkpt lat="37.62156" lon="-114.77656"><ele>0.0</ele></trkpt>
      <trkpt lat="37.62156" lon="-114.77652"><ele>0.0</ele></trkpt>
      <trkpt lat="37.62175" lon="-114.77451"><ele>0.0</ele></trkpt>
      <trkpt lat="37.62178" lon="-114.77427"><ele>0.0</ele></trkpt>
      <trkpt lat="37.62184" lon="-114.77359"><ele>0.0</ele></trkpt>
      <trkpt lat="37.62187" lon="-114.77336"><ele>0.0</ele></trkpt>
      <trkpt lat="37.6225" lon="-114.7666"><ele>0.0</ele></trkpt>
      <trkpt lat="37.62252" lon="-114.76648"><ele>0.0</ele></trkpt>
      <trkpt lat="37.6228" lon="-114.76344"><ele>0.0</ele></trkpt>
      <trkpt lat="37.62282" lon="-114.76332"><ele>0.0</ele></trkpt>
      <trkpt lat="37.62282" lon="-114.76322"><ele>0.0</ele></trkpt>
      <trkpt lat="37.62288" lon="-114.76259"><ele>0.0</ele></trkpt>
      <trkpt lat="37.62289" lon="-114.76239"><ele>0.0</ele></trkpt>
      <trkpt lat="37.62291" lon="-114.76218"><ele>0.0</ele></trkpt>
      <trkpt lat="37.62293" lon="-114.76106"><ele>0.0</ele></trkpt>
      <trkpt lat="37.62292" lon="-114.76082"><ele>0.0</ele></trkpt>
      <trkpt lat="37.62292" lon="-114.76063"><ele>0.0</ele></trkpt>
      <trkpt lat="37.62286" lon="-114.75975"><ele>0.0</ele></trkpt>
      <trkpt lat="37.6228" lon="-114.75918"><ele>0.0</ele></trkpt>
      <trkpt lat="37.62262" lon="-114.75802"><ele>0.0</ele></trkpt>
      <trkpt lat="37.62248" lon="-114.7574"><ele>0.0</ele></trkpt>
      <trkpt lat="37.62247" lon="-114.75737"><ele>0.0</ele></trkpt>
      <trkpt lat="37.62241" lon="-114.75711"><ele>0.0</ele></trkpt>
      <trkpt lat="37.62224" lon="-114.75647"><ele>0.0</ele></trkpt>
      <trkpt lat="37.62218" lon="-114.7563"><ele>0.0</ele></trkpt>
      <trkpt lat="37.62217" lon="-114.75625"><ele>0.0</ele></trkpt>
      <trkpt lat="37.62197" lon="-114.75565"><ele>0.0</ele></trkpt>
      <trkpt lat="37.62187" lon="-114.75541"><ele>0.0</ele></trkpt>
      <trkpt lat="37.62178" lon="-114.75515"><ele>0.0</ele></trkpt>
      <trkpt lat="37.62145" lon="-114.75439"><ele>0.0</ele></trkpt>
      <trkpt lat="37.62134" lon="-114.75419"><ele>0.0</ele></trkpt>
      <trkpt lat="37.62111" lon="-114.75372"><ele>0.0</ele></trkpt>
      <trkpt lat="37.61648" lon="-114.7453"><ele>0.0</ele></trkpt>
      <trkpt lat="37.6163" lon="-114.74491"><ele>0.0</ele></trkpt>
      <trkpt lat="37.61614" lon="-114.7445"><ele>0.0</ele></trkpt>
      <trkpt lat="37.61611" lon="-114.74439"><ele>0.0</ele></trkpt>
      <trkpt lat="37.61605" lon="-114.74423"><ele>0.0</ele></trkpt>
      <trkpt lat="37.61594" lon="-114.74387"><ele>0.0</ele></trkpt>
      <trkpt lat="37.61581" lon="-114.74328"><ele>0.0</ele></trkpt>
      <trkpt lat="37.61571" lon="-114.74267"><ele>0.0</ele></trkpt>
      <trkpt lat="37.61539" lon="-114.74042"><ele>0.0</ele></trkpt>
      <trkpt lat="37.61538" lon="-114.74031"><ele>0.0</ele></trkpt>
      <trkpt lat="37.61534" lon="-114.74008"><ele>0.0</ele></trkpt>
      <trkpt lat="37.6148" lon="-114.73626"><ele>0.0</ele></trkpt>
      <trkpt lat="37.61476" lon="-114.73603"><ele>0.0</ele></trkpt>
      <trkpt lat="37.61435" lon="-114.73313"><ele>0.0</ele></trkpt>
      <trkpt lat="37.61431" lon="-114.73291"><ele>0.0</ele></trkpt>
      <trkpt lat="37.61274" lon="-114.72191"><ele>0.0</ele></trkpt>
      <trkpt lat="37.6127" lon="-114.72169"><ele>0.0</ele></trkpt>
      <trkpt lat="37.61219" lon="-114.71811"><ele>0.0</ele></trkpt>
      <trkpt lat="37.61215" lon="-114.71789"><ele>0.0</ele></trkpt>
      <trkpt lat="37.612" lon="-114.71683"><ele>0.0</ele></trkpt>
      <trkpt lat="37.61183" lon="-114.71589"><ele>0.0</ele></trkpt>
      <trkpt lat="37.61179" lon="-114.71573"><ele>0.0</ele></trkpt>
      <trkpt lat="37.61173" lon="-114.71543"><ele>0.0</ele></trkpt>
      <trkpt lat="37.61164" lon="-114.7151"><ele>0.0</ele></trkpt>
      <trkpt lat="37.61157" lon="-114.7148"><ele>0.0</ele></trkpt>
      <trkpt lat="37.61147" lon="-114.71444"><ele>0.0</ele></trkpt>
      <trkpt lat="37.60934" lon="-114.70813"><ele>0.0</ele></trkpt>
      <trkpt lat="37.60919" lon="-114.70776"><ele>0.0</ele></trkpt>
      <trkpt lat="37.60902" lon="-114.70741"><ele>0.0</ele></trkpt>
      <trkpt lat="37.60877" lon="-114.70697"><ele>0.0</ele></trkpt>
      <trkpt lat="37.60868" lon="-114.70683"><ele>0.0</ele></trkpt>
      <trkpt lat="37.60727" lon="-114.70492"><ele>0.0</ele></trkpt>
      <trkpt lat="37.60714" lon="-114.70476"><ele>0.0</ele></trkpt>
      <trkpt lat="37.60665" lon="-114.7041"><ele>0.0</ele></trkpt>
      <trkpt lat="37.60652" lon="-114.70394"><ele>0.0</ele></trkpt>
      <trkpt lat="37.6064" lon="-114.70377"><ele>0.0</ele></trkpt>
      <trkpt lat="37.60627" lon="-114.70361"><ele>0.0</ele></trkpt>
      <trkpt lat="37.60615" lon="-114.70344"><ele>0.0</ele></trkpt>
      <trkpt lat="37.6059" lon="-114.70312"><ele>0.0</ele></trkpt>
      <trkpt lat="37.6048" lon="-114.70162"><ele>0.0</ele></trkpt>
      <trkpt lat="37.60423" lon="-114.70077"><ele>0.0</ele></trkpt>
      <trkpt lat="37.6026" lon="-114.69807"><ele>0.0</ele></trkpt>
      <trkpt lat="37.60258" lon="-114.69805"><ele>0.0</ele></trkpt>
      <trkpt lat="37.60204" lon="-114.69726"><ele>0.0</ele></trkpt>
      <trkpt lat="37.60166" lon="-114.69678"><ele>0.0</ele></trkpt>
      <trkpt lat="37.60147" lon="-114.69656"><ele>0.0</ele></trkpt>
      <trkpt lat="37.60144" lon="-114.69652"><ele>0.0</ele></trkpt>
      <trkpt lat="37.59945" lon="-114.69422"><ele>0.0</ele></trkpt>
      <trkpt lat="37.59884" lon="-114.69355"><ele>0.0</ele></trkpt>
      <trkpt lat="37.59824" lon="-114.69296"><ele>0.0</ele></trkpt>
      <trkpt lat="37.59824" lon="-114.69295"><ele>0.0</ele></trkpt>
      <trkpt lat="37.5977" lon="-114.69246"><ele>0.0</ele></trkpt>
      <trkpt lat="37.59691" lon="-114.69178"><ele>0.0</ele></trkpt>
      <trkpt lat="37.59676" lon="-114.69166"><ele>0.0</ele></trkpt>
      <trkpt lat="37.59556" lon="-114.69063"><ele>0.0</ele></trkpt>
      <trkpt lat="37.59547" lon="-114.69056"><ele>0.0</ele></trkpt>
      <trkpt lat="37.59518" lon="-114.69029"><ele>0.0</ele></trkpt>
      <trkpt lat="37.59495" lon="-114.69005"><ele>0.0</ele></trkpt>
      <trkpt lat="37.59462" lon="-114.68966"><ele>0.0</ele></trkpt>
      <trkpt lat="37.5946" lon="-114.68963"><ele>0.0</ele></trkpt>
      <trkpt lat="37.59448" lon="-114.68948"><ele>0.0</ele></trkpt>
      <trkpt lat="37.59448" lon="-114.68947"><ele>0.0</ele></trkpt>
      <trkpt lat="37.59435" lon="-114.6893"><ele>0.0</ele></trkpt>
      <trkpt lat="37.59434" lon="-114.68928"><ele>0.0</ele></trkpt>
      <trkpt lat="37.59425" lon="-114.68915"><ele>0.0</ele></trkpt>
      <trkpt lat="37.59424" lon="-114.68913"><ele>0.0</ele></trkpt>
      <trkpt lat="37.59418" lon="-114.68906"><ele>0.0</ele></trkpt>
      <trkpt lat="37.59401" lon="-114.68879"><ele>0.0</ele></trkpt>
      <trkpt lat="37.59363" lon="-114.6881"><ele>0.0</ele></trkpt>
      <trkpt lat="37.59344" lon="-114.68769"><ele>0.0</ele></trkpt>
      <trkpt lat="37.59335" lon="-114.68747"><ele>0.0</ele></trkpt>
      <trkpt lat="37.59333" lon="-114.68744"><ele>0.0</ele></trkpt>
      <trkpt lat="37.59304" lon="-114.68662"><ele>0.0</ele></trkpt>
      <trkpt lat="37.59285" lon="-114.68591"><ele>0.0</ele></trkpt>
      <trkpt lat="37.59276" lon="-114.68546"><ele>0.0</ele></trkpt>
      <trkpt lat="37.59264" lon="-114.6846"><ele>0.0</ele></trkpt>
      <trkpt lat="37.59261" lon="-114.68425"><ele>0.0</ele></trkpt>
      <trkpt lat="37.59259" lon="-114.68387"><ele>0.0</ele></trkpt>
      <trkpt lat="37.59259" lon="-114.68318"><ele>0.0</ele></trkpt>
      <trkpt lat="37.5926" lon="-114.68289"><ele>0.0</ele></trkpt>
      <trkpt lat="37.59267" lon="-114.68224"><ele>0.0</ele></trkpt>
      <trkpt lat="37.59267" lon="-114.68222"><ele>0.0</ele></trkpt>
      <trkpt lat="37.59284" lon="-114.68124"><ele>0.0</ele></trkpt>
      <trkpt lat="37.59298" lon="-114.68067"><ele>0.0</ele></trkpt>
      <trkpt lat="37.59304" lon="-114.68049"><ele>0.0</ele></trkpt>
      <trkpt lat="37.5931" lon="-114.68028"><ele>0.0</ele></trkpt>
      <trkpt lat="37.59313" lon="-114.6802"><ele>0.0</ele></trkpt>
      <trkpt lat="37.59317" lon="-114.68007"><ele>0.0</ele></trkpt>
      <trkpt lat="37.59325" lon="-114.67986"><ele>0.0</ele></trkpt>
      <trkpt lat="37.59326" lon="-114.67982"><ele>0.0</ele></trkpt>
      <trkpt lat="37.5935" lon="-114.67925"><ele>0.0</ele></trkpt>
      <trkpt lat="37.59367" lon="-114.6789"><ele>0.0</ele></trkpt>
      <trkpt lat="37.59368" lon="-114.67887"><ele>0.0</ele></trkpt>
      <trkpt lat="37.5941" lon="-114.67814"><ele>0.0</ele></trkpt>
      <trkpt lat="37.59434" lon="-114.67779"><ele>0.0</ele></trkpt>
      <trkpt lat="37.59442" lon="-114.67766"><ele>0.0</ele></trkpt>
      <trkpt lat="37.59456" lon="-114.67746"><ele>0.0</ele></trkpt>
      <trkpt lat="37.59474" lon="-114.67724"><ele>0.0</ele></trkpt>
      <trkpt lat="37.59492" lon="-114.67704"><ele>0.0</ele></trkpt>
      <trkpt lat="37.59512" lon="-114.67685"><ele>0.0</ele></trkpt>
      <trkpt lat="37.59514" lon="-114.67682"><ele>0.0</ele></trkpt>
      <trkpt lat="37.59525" lon="-114.6767"><ele>0.0</ele></trkpt>
      <trkpt lat="37.59535" lon="-114.67661"><ele>0.0</ele></trkpt>
      <trkpt lat="37.59602" lon="-114.67589"><ele>0.0</ele></trkpt>
      <trkpt lat="37.5972" lon="-114.67469"><ele>0.0</ele></trkpt>
      <trkpt lat="37.59771" lon="-114.67412"><ele>0.0</ele></trkpt>
      <trkpt lat="37.59809" lon="-114.67372"><ele>0.0</ele></trkpt>
      <trkpt lat="37.5981" lon="-114.6737"><ele>0.0</ele></trkpt>
      <trkpt lat="37.59821" lon="-114.67356"><ele>0.0</ele></trkpt>
      <trkpt lat="37.59851" lon="-114.6731"><ele>0.0</ele></trkpt>
      <trkpt lat="37.59855" lon="-114.67302"><ele>0.0</ele></trkpt>
      <trkpt lat="37.5986" lon="-114.67294"><ele>0.0</ele></trkpt>
      <trkpt lat="37.59883" lon="-114.67244"><ele>0.0</ele></trkpt>
      <trkpt lat="37.59885" lon="-114.67238"><ele>0.0</ele></trkpt>
      <trkpt lat="37.59892" lon="-114.67221"><ele>0.0</ele></trkpt>
      <trkpt lat="37.59898" lon="-114.67204"><ele>0.0</ele></trkpt>
      <trkpt lat="37.59898" lon="-114.67203"><ele>0.0</ele></trkpt>
      <trkpt lat="37.59903" lon="-114.67187"><ele>0.0</ele></trkpt>
      <trkpt lat="37.59907" lon="-114.6717"><ele>0.0</ele></trkpt>
      <trkpt lat="37.5991" lon="-114.6716"><ele>0.0</ele></trkpt>
      <trkpt lat="37.59913" lon="-114.67146"><ele>0.0</ele></trkpt>
      <trkpt lat="37.59915" lon="-114.67139"><ele>0.0</ele></trkpt>
      <trkpt lat="37.59926" lon="-114.67077"><ele>0.0</ele></trkpt>
      <trkpt lat="37.59929" lon="-114.67034"><ele>0.0</ele></trkpt>
      <trkpt lat="37.59929" lon="-114.67027"><ele>0.0</ele></trkpt>
      <trkpt lat="37.5993" lon="-114.67016"><ele>0.0</ele></trkpt>
      <trkpt lat="37.5993" lon="-114.67001"><ele>0.0</ele></trkpt>
      <trkpt lat="37.59927" lon="-114.6695"><ele>0.0</ele></trkpt>
      <trkpt lat="37.59921" lon="-114.66903"><ele>0.0</ele></trkpt>
      <trkpt lat="37.59911" lon="-114.66851"><ele>0.0</ele></trkpt>
      <trkpt lat="37.59873" lon="-114.66682"><ele>0.0</ele></trkpt>
      <trkpt lat="37.59872" lon="-114.66673"><ele>0.0</ele></trkpt>
      <trkpt lat="37.59859" lon="-114.66608"><ele>0.0</ele></trkpt>
      <trkpt lat="37.59859" lon="-114.66607"><ele>0.0</ele></trkpt>
      <trkpt lat="37.59852" lon="-114.66567"><ele>0.0</ele></trkpt>
      <trkpt lat="37.59852" lon="-114.66562"><ele>0.0</ele></trkpt>
      <trkpt lat="37.59844" lon="-114.66492"><ele>0.0</ele></trkpt>
      <trkpt lat="37.59842" lon="-114.66449"><ele>0.0</ele></trkpt>
      <trkpt lat="37.59841" lon="-114.66441"><ele>0.0</ele></trkpt>
      <trkpt lat="37.59841" lon="-114.66367"><ele>0.0</ele></trkpt>
      <trkpt lat="37.59844" lon="-114.6629"><ele>0.0</ele></trkpt>
      <trkpt lat="37.5985" lon="-114.66233"><ele>0.0</ele></trkpt>
      <trkpt lat="37.59852" lon="-114.66223"><ele>0.0</ele></trkpt>
      <trkpt lat="37.59854" lon="-114.66206"><ele>0.0</ele></trkpt>
      <trkpt lat="37.59858" lon="-114.66182"><ele>0.0</ele></trkpt>
      <trkpt lat="37.59876" lon="-114.66094"><ele>0.0</ele></trkpt>
      <trkpt lat="37.5989" lon="-114.66037"><ele>0.0</ele></trkpt>
      <trkpt lat="37.59901" lon="-114.66001"><ele>0.0</ele></trkpt>
      <trkpt lat="37.59905" lon="-114.65992"><ele>0.0</ele></trkpt>
      <trkpt lat="37.59914" lon="-114.65965"><ele>0.0</ele></trkpt>
      <trkpt lat="37.5995" lon="-114.6587"><ele>0.0</ele></trkpt>
      <trkpt lat="37.6" lon="-114.65759"><ele>0.0</ele></trkpt>
      <trkpt lat="37.60029" lon="-114.657"><ele>0.0</ele></trkpt>
      <trkpt lat="37.6014" lon="-114.65452"><ele>0.0</ele></trkpt>
      <trkpt lat="37.60161" lon="-114.6541"><ele>0.0</ele></trkpt>
      <trkpt lat="37.6024" lon="-114.6523"><ele>0.0</ele></trkpt>
      <trkpt lat="37.60253" lon="-114.65203"><ele>0.0</ele></trkpt>
      <trkpt lat="37.60271" lon="-114.65169"><ele>0.0</ele></trkpt>
      <trkpt lat="37.60281" lon="-114.65152"><ele>0.0</ele></trkpt>
      <trkpt lat="37.60305" lon="-114.65115"><ele>0.0</ele></trkpt>
      <trkpt lat="37.60347" lon="-114.65058"><ele>0.0</ele></trkpt>
      <trkpt lat="37.6036" lon="-114.65042"><ele>0.0</ele></trkpt>
      <trkpt lat="37.60421" lon="-114.64959"><ele>0.0</ele></trkpt>
      <trkpt lat="37.60438" lon="-114.64933"><ele>0.0</ele></trkpt>
      <trkpt lat="37.60445" lon="-114.64919"><ele>0.0</ele></trkpt>
      <trkpt lat="37.60454" lon="-114.64905"><ele>0.0</ele></trkpt>
      <trkpt lat="37.60467" lon="-114.64878"><ele>0.0</ele></trkpt>
      <trkpt lat="37.60479" lon="-114.6485"><ele>0.0</ele></trkpt>
      <trkpt lat="37.60487" lon="-114.64828"><ele>0.0</ele></trkpt>
      <trkpt lat="37.60496" lon="-114.64799"><ele>0.0</ele></trkpt>
      <trkpt lat="37.60501" lon="-114.64778"><ele>0.0</ele></trkpt>
      <trkpt lat="37.60506" lon="-114.64751"><ele>0.0</ele></trkpt>
      <trkpt lat="37.60512" lon="-114.64711"><ele>0.0</ele></trkpt>
      <trkpt lat="37.60516" lon="-114.64669"><ele>0.0</ele></trkpt>
      <trkpt lat="37.60516" lon="-114.64655"><ele>0.0</ele></trkpt>
      <trkpt lat="37.60517" lon="-114.64641"><ele>0.0</ele></trkpt>
      <trkpt lat="37.60516" lon="-114.64625"><ele>0.0</ele></trkpt>
      <trkpt lat="37.60516" lon="-114.64615"><ele>0.0</ele></trkpt>
      <trkpt lat="37.60514" lon="-114.6458"><ele>0.0</ele></trkpt>
      <trkpt lat="37.60511" lon="-114.64557"><ele>0.0</ele></trkpt>
      <trkpt lat="37.60502" lon="-114.64508"><ele>0.0</ele></trkpt>
      <trkpt lat="37.60498" lon="-114.6449"><ele>0.0</ele></trkpt>
      <trkpt lat="37.60492" lon="-114.6447"><ele>0.0</ele></trkpt>
      <trkpt lat="37.60407" lon="-114.64228"><ele>0.0</ele></trkpt>
      <trkpt lat="37.6039" lon="-114.64158"><ele>0.0</ele></trkpt>
      <trkpt lat="37.60382" lon="-114.64114"><ele>0.0</ele></trkpt>
      <trkpt lat="37.60373" lon="-114.64038"><ele>0.0</ele></trkpt>
      <trkpt lat="37.60371" lon="-114.64006"><ele>0.0</ele></trkpt>
      <trkpt lat="37.60357" lon="-114.63863"><ele>0.0</ele></trkpt>
      <trkpt lat="37.60356" lon="-114.63845"><ele>0.0</ele></trkpt>
      <trkpt lat="37.60322" lon="-114.63467"><ele>0.0</ele></trkpt>
      <trkpt lat="37.60314" lon="-114.63417"><ele>0.0</ele></trkpt>
      <trkpt lat="37.60296" lon="-114.63332"><ele>0.0</ele></trkpt>
      <trkpt lat="37.60241" lon="-114.63102"><ele>0.0</ele></trkpt>
      <trkpt lat="37.6024" lon="-114.63095"><ele>0.0</ele></trkpt>
      <trkpt lat="37.60232" lon="-114.63055"><ele>0.0</ele></trkpt>
      <trkpt lat="37.60225" lon="-114.62995"><ele>0.0</ele></trkpt>
      <trkpt lat="37.60223" lon="-114.62945"><ele>0.0</ele></trkpt>
      <trkpt lat="37.60224" lon="-114.62886"><ele>0.0</ele></trkpt>
      <trkpt lat="37.60226" lon="-114.6286"><ele>0.0</ele></trkpt>
      <trkpt lat="37.60228" lon="-114.62846"><ele>0.0</ele></trkpt>
      <trkpt lat="37.60229" lon="-114.62832"><ele>0.0</ele></trkpt>
      <trkpt lat="37.60237" lon="-114.62773"><ele>0.0</ele></trkpt>
      <trkpt lat="37.60248" lon="-114.62723"><ele>0.0</ele></trkpt>
      <trkpt lat="37.60254" lon="-114.62707"><ele>0.0</ele></trkpt>
      <trkpt lat="37.60257" lon="-114.62694"><ele>0.0</ele></trkpt>
      <trkpt lat="37.60267" lon="-114.62662"><ele>0.0</ele></trkpt>
      <trkpt lat="37.6027" lon="-114.6265"><ele>0.0</ele></trkpt>
      <trkpt lat="37.60279" lon="-114.62625"><ele>0.0</ele></trkpt>
      <trkpt lat="37.60296" lon="-114.62586"><ele>0.0</ele></trkpt>
      <trkpt lat="37.60313" lon="-114.6255"><ele>0.0</ele></trkpt>
      <trkpt lat="37.60324" lon="-114.6253"><ele>0.0</ele></trkpt>
      <trkpt lat="37.60331" lon="-114.62519"><ele>0.0</ele></trkpt>
      <trkpt lat="37.60337" lon="-114.62508"><ele>0.0</ele></trkpt>
      <trkpt lat="37.60342" lon="-114.62501"><ele>0.0</ele></trkpt>
      <trkpt lat="37.60352" lon="-114.62485"><ele>0.0</ele></trkpt>
      <trkpt lat="37.6043" lon="-114.62349"><ele>0.0</ele></trkpt>
      <trkpt lat="37.60448" lon="-114.62322"><ele>0.0</ele></trkpt>
      <trkpt lat="37.60672" lon="-114.61942"><ele>0.0</ele></trkpt>
      <trkpt lat="37.60694" lon="-114.6191"><ele>0.0</ele></trkpt>
      <trkpt lat="37.60732" lon="-114.6186"><ele>0.0</ele></trkpt>
      <trkpt lat="37.60783" lon="-114.61801"><ele>0.0</ele></trkpt>
      <trkpt lat="37.60837" lon="-114.61748"><ele>0.0</ele></trkpt>
      <trkpt lat="37.6087" lon="-114.6172"><ele>0.0</ele></trkpt>
      <trkpt lat="37.60917" lon="-114.61686"><ele>0.0</ele></trkpt>
      <trkpt lat="37.60937" lon="-114.61673"><ele>0.0</ele></trkpt>
      <trkpt lat="37.61084" lon="-114.6159"><ele>0.0</ele></trkpt>
      <trkpt lat="37.6132" lon="-114.61461"><ele>0.0</ele></trkpt>
      <trkpt lat="37.61424" lon="-114.61402"><ele>0.0</ele></trkpt>
      <trkpt lat="37.61456" lon="-114.61381"><ele>0.0</ele></trkpt>
      <trkpt lat="37.61485" lon="-114.61359"><ele>0.0</ele></trkpt>
      <trkpt lat="37.61498" lon="-114.61347"><ele>0.0</ele></trkpt>
      <trkpt lat="37.61815" lon="-114.61019"><ele>0.0</ele></trkpt>
      <trkpt lat="37.61859" lon="-114.60971"><ele>0.0</ele></trkpt>
      <trkpt lat="37.61884" lon="-114.60942"><ele>0.0</ele></trkpt>
      <trkpt lat="37.61904" lon="-114.60914"><ele>0.0</ele></trkpt>
      <trkpt lat="37.61929" lon="-114.60875"><ele>0.0</ele></trkpt>
      <trkpt lat="37.61929" lon="-114.60874"><ele>0.0</ele></trkpt>
      <trkpt lat="37.61953" lon="-114.60831"><ele>0.0</ele></trkpt>
      <trkpt lat="37.61972" lon="-114.60789"><ele>0.0</ele></trkpt>
      <trkpt lat="37.61996" lon="-114.60724"><ele>0.0</ele></trkpt>
      <trkpt lat="37.62014" lon="-114.60662"><ele>0.0</ele></trkpt>
      <trkpt lat="37.6206" lon="-114.60431"><ele>0.0</ele></trkpt>
      <trkpt lat="37.62061" lon="-114.6043"><ele>0.0</ele></trkpt>
      <trkpt lat="37.62117" lon="-114.60146"><ele>0.0</ele></trkpt>
      <trkpt lat="37.62124" lon="-114.60116"><ele>0.0</ele></trkpt>
      <trkpt lat="37.62139" lon="-114.60067"><ele>0.0</ele></trkpt>
      <trkpt lat="37.62145" lon="-114.6005"><ele>0.0</ele></trkpt>
      <trkpt lat="37.62157" lon="-114.6002"><ele>0.0</ele></trkpt>
      <trkpt lat="37.62179" lon="-114.59976"><ele>0.0</ele></trkpt>
      <trkpt lat="37.62208" lon="-114.59926"><ele>0.0</ele></trkpt>
      <trkpt lat="37.62269" lon="-114.59828"><ele>0.0</ele></trkpt>
      <trkpt lat="37.62269" lon="-114.59827"><ele>0.0</ele></trkpt>
      <trkpt lat="37.62293" lon="-114.59786"><ele>0.0</ele></trkpt>
      <trkpt lat="37.62321" lon="-114.59727"><ele>0.0</ele></trkpt>
      <trkpt lat="37.62338" lon="-114.59678"><ele>0.0</ele></trkpt>
      <trkpt lat="37.62355" lon="-114.59621"><ele>0.0</ele></trkpt>
      <trkpt lat="37.62365" lon="-114.59571"><ele>0.0</ele></trkpt>
      <trkpt lat="37.62372" lon="-114.59513"><ele>0.0</ele></trkpt>
      <trkpt lat="37.62384" lon="-114.59221"><ele>0.0</ele></trkpt>
      <trkpt lat="37.62384" lon="-114.59198"><ele>0.0</ele></trkpt>
      <trkpt lat="37.62385" lon="-114.5918"><ele>0.0</ele></trkpt>
      <trkpt lat="37.62385" lon="-114.5913"><ele>0.0</ele></trkpt>
      <trkpt lat="37.62384" lon="-114.59108"><ele>0.0</ele></trkpt>
      <trkpt lat="37.62379" lon="-114.59058"><ele>0.0</ele></trkpt>
      <trkpt lat="37.62375" lon="-114.59029"><ele>0.0</ele></trkpt>
      <trkpt lat="37.62367" lon="-114.58984"><ele>0.0</ele></trkpt>
      <trkpt lat="37.62344" lon="-114.58893"><ele>0.0</ele></trkpt>
      <trkpt lat="37.62342" lon="-114.58887"><ele>0.0</ele></trkpt>
      <trkpt lat="37.62248" lon="-114.5852"><ele>0.0</ele></trkpt>
      <trkpt lat="37.62225" lon="-114.58424"><ele>0.0</ele></trkpt>
      <trkpt lat="37.62219" lon="-114.58378"><ele>0.0</ele></trkpt>
      <trkpt lat="37.62219" lon="-114.58331"><ele>0.0</ele></trkpt>
      <trkpt lat="37.62223" lon="-114.58283"><ele>0.0</ele></trkpt>
      <trkpt lat="37.62243" lon="-114.58163"><ele>0.0</ele></trkpt>
      <trkpt lat="37.62247" lon="-114.58129"><ele>0.0</ele></trkpt>
      <trkpt lat="37.62248" lon="-114.58114"><ele>0.0</ele></trkpt>
      <trkpt lat="37.62248" lon="-114.58085"><ele>0.0</ele></trkpt>
      <trkpt lat="37.62245" lon="-114.58053"><ele>0.0</ele></trkpt>
      <trkpt lat="37.62236" lon="-114.58002"><ele>0.0</ele></trkpt>
      <trkpt lat="37.62234" lon="-114.57998"><ele>0.0</ele></trkpt>
      <trkpt lat="37.62231" lon="-114.57983"><ele>0.0</ele></trkpt>
      <trkpt lat="37.62204" lon="-114.57881"><ele>0.0</ele></trkpt>
      <trkpt lat="37.62199" lon="-114.57853"><ele>0.0</ele></trkpt>
      <trkpt lat="37.62196" lon="-114.57829"><ele>0.0</ele></trkpt>
      <trkpt lat="37.62194" lon="-114.57801"><ele>0.0</ele></trkpt>
      <trkpt lat="37.62194" lon="-114.57769"><ele>0.0</ele></trkpt>
      <trkpt lat="37.62198" lon="-114.57727"><ele>0.0</ele></trkpt>
      <trkpt lat="37.62203" lon="-114.57699"><ele>0.0</ele></trkpt>
      <trkpt lat="37.62212" lon="-114.57663"><ele>0.0</ele></trkpt>
      <trkpt lat="37.6224" lon="-114.57581"><ele>0.0</ele></trkpt>
      <trkpt lat="37.62245" lon="-114.57562"><ele>0.0</ele></trkpt>
      <trkpt lat="37.62248" lon="-114.57547"><ele>0.0</ele></trkpt>
      <trkpt lat="37.6225" lon="-114.5754"><ele>0.0</ele></trkpt>
      <trkpt lat="37.62256" lon="-114.57497"><ele>0.0</ele></trkpt>
      <trkpt lat="37.62257" lon="-114.57477"><ele>0.0</ele></trkpt>
      <trkpt lat="37.62257" lon="-114.57446"><ele>0.0</ele></trkpt>
      <trkpt lat="37.62254" lon="-114.57406"><ele>0.0</ele></trkpt>
      <trkpt lat="37.62249" lon="-114.57372"><ele>0.0</ele></trkpt>
      <trkpt lat="37.62238" lon="-114.57325"><ele>0.0</ele></trkpt>
      <trkpt lat="37.62232" lon="-114.57293"><ele>0.0</ele></trkpt>
      <trkpt lat="37.6215" lon="-114.56937"><ele>0.0</ele></trkpt>
      <trkpt lat="37.62138" lon="-114.56879"><ele>0.0</ele></trkpt>
      <trkpt lat="37.62136" lon="-114.56866"><ele>0.0</ele></trkpt>
      <trkpt lat="37.62134" lon="-114.56857"><ele>0.0</ele></trkpt>
      <trkpt lat="37.62127" lon="-114.56808"><ele>0.0</ele></trkpt>
      <trkpt lat="37.62124" lon="-114.56756"><ele>0.0</ele></trkpt>
      <trkpt lat="37.62123" lon="-114.56703"><ele>0.0</ele></trkpt>
      <trkpt lat="37.62125" lon="-114.56657"><ele>0.0</ele></trkpt>
      <trkpt lat="37.6213" lon="-114.56609"><ele>0.0</ele></trkpt>
      <trkpt lat="37.62135" lon="-114.56574"><ele>0.0</ele></trkpt>
      <trkpt lat="37.62141" lon="-114.56544"><ele>0.0</ele></trkpt>
      <trkpt lat="37.62141" lon="-114.56542"><ele>0.0</ele></trkpt>
      <trkpt lat="37.62151" lon="-114.56499"><ele>0.0</ele></trkpt>
      <trkpt lat="37.62156" lon="-114.56481"><ele>0.0</ele></trkpt>
      <trkpt lat="37.62158" lon="-114.56477"><ele>0.0</ele></trkpt>
      <trkpt lat="37.6216" lon="-114.56468"><ele>0.0</ele></trkpt>
      <trkpt lat="37.62164" lon="-114.56457"><ele>0.0</ele></trkpt>
      <trkpt lat="37.62164" lon="-114.56456"><ele>0.0</ele></trkpt>
      <trkpt lat="37.62172" lon="-114.56432"><ele>0.0</ele></trkpt>
      <trkpt lat="37.62191" lon="-114.56383"><ele>0.0</ele></trkpt>
      <trkpt lat="37.62223" lon="-114.56316"><ele>0.0</ele></trkpt>
      <trkpt lat="37.6223" lon="-114.56306"><ele>0.0</ele></trkpt>
      <trkpt lat="37.62234" lon="-114.56298"><ele>0.0</ele></trkpt>
      <trkpt lat="37.62277" lon="-114.56224"><ele>0.0</ele></trkpt>
      <trkpt lat="37.62283" lon="-114.56211"><ele>0.0</ele></trkpt>
      <trkpt lat="37.62288" lon="-114.56202"><ele>0.0</ele></trkpt>
      <trkpt lat="37.62304" lon="-114.56162"><ele>0.0</ele></trkpt>
      <trkpt lat="37.62315" lon="-114.56124"><ele>0.0</ele></trkpt>
      <trkpt lat="37.62322" lon="-114.56094"><ele>0.0</ele></trkpt>
      <trkpt lat="37.62327" lon="-114.56056"><ele>0.0</ele></trkpt>
      <trkpt lat="37.62328" lon="-114.56044"><ele>0.0</ele></trkpt>
      <trkpt lat="37.62328" lon="-114.56034"><ele>0.0</ele></trkpt>
      <trkpt lat="37.62329" lon="-114.56021"><ele>0.0</ele></trkpt>
      <trkpt lat="37.62328" lon="-114.55988"><ele>0.0</ele></trkpt>
      <trkpt lat="37.62321" lon="-114.55938"><ele>0.0</ele></trkpt>
      <trkpt lat="37.62318" lon="-114.55928"><ele>0.0</ele></trkpt>
      <trkpt lat="37.62316" lon="-114.55916"><ele>0.0</ele></trkpt>
      <trkpt lat="37.62305" lon="-114.5588"><ele>0.0</ele></trkpt>
      <trkpt lat="37.62299" lon="-114.55864"><ele>0.0</ele></trkpt>
      <trkpt lat="37.62279" lon="-114.5582"><ele>0.0</ele></trkpt>
      <trkpt lat="37.62271" lon="-114.55799"><ele>0.0</ele></trkpt>
      <trkpt lat="37.62248" lon="-114.55747"><ele>0.0</ele></trkpt>
      <trkpt lat="37.62222" lon="-114.55681"><ele>0.0</ele></trkpt>
      <trkpt lat="37.62215" lon="-114.5566"><ele>0.0</ele></trkpt>
      <trkpt lat="37.62206" lon="-114.55626"><ele>0.0</ele></trkpt>
      <trkpt lat="37.622" lon="-114.55599"><ele>0.0</ele></trkpt>
      <trkpt lat="37.62198" lon="-114.55592"><ele>0.0</ele></trkpt>
      <trkpt lat="37.62188" lon="-114.55539"><ele>0.0</ele></trkpt>
      <trkpt lat="37.62182" lon="-114.55486"><ele>0.0</ele></trkpt>
      <trkpt lat="37.62179" lon="-114.55434"><ele>0.0</ele></trkpt>
      <trkpt lat="37.6218" lon="-114.55365"><ele>0.0</ele></trkpt>
      <trkpt lat="37.62182" lon="-114.55334"><ele>0.0</ele></trkpt>
      <trkpt lat="37.62195" lon="-114.552"><ele>0.0</ele></trkpt>
      <trkpt lat="37.62198" lon="-114.55177"><ele>0.0</ele></trkpt>
      <trkpt lat="37.62199" lon="-114.55157"><ele>0.0</ele></trkpt>
      <trkpt lat="37.62206" lon="-114.55092"><ele>0.0</ele></trkpt>
      <trkpt lat="37.62206" lon="-114.55087"><ele>0.0</ele></trkpt>
      <trkpt lat="37.62223" lon="-114.54881"><ele>0.0</ele></trkpt>
      <trkpt lat="37.62225" lon="-114.54821"><ele>0.0</ele></trkpt>
      <trkpt lat="37.62224" lon="-114.54754"><ele>0.0</ele></trkpt>
      <trkpt lat="37.6222" lon="-114.54687"><ele>0.0</ele></trkpt>
      <trkpt lat="37.62217" lon="-114.54663"><ele>0.0</ele></trkpt>
      <trkpt lat="37.62217" lon="-114.54657"><ele>0.0</ele></trkpt>
      <trkpt lat="37.62214" lon="-114.54635"><ele>0.0</ele></trkpt>
      <trkpt lat="37.6221" lon="-114.54613"><ele>0.0</ele></trkpt>
      <trkpt lat="37.62207" lon="-114.5459"><ele>0.0</ele></trkpt>
      <trkpt lat="37.62199" lon="-114.54546"><ele>0.0</ele></trkpt>
      <trkpt lat="37.62174" lon="-114.54447"><ele>0.0</ele></trkpt>
      <trkpt lat="37.62162" lon="-114.5441"><ele>0.0</ele></trkpt>
      <trkpt lat="37.62018" lon="-114.54"><ele>0.0</ele></trkpt>
      <trkpt lat="37.62003" lon="-114.53961"><ele>0.0</ele></trkpt>
      <trkpt lat="37.62" lon="-114.5395"><ele>0.0</ele></trkpt>
      <trkpt lat="37.61967" lon="-114.53863"><ele>0.0</ele></trkpt>
      <trkpt lat="37.61956" lon="-114.53841"><ele>0.0</ele></trkpt>
      <trkpt lat="37.61947" lon="-114.53825"><ele>0.0</ele></trkpt>
      <trkpt lat="37.61946" lon="-114.53822"><ele>0.0</ele></trkpt>
      <trkpt lat="37.61933" lon="-114.53798"><ele>0.0</ele></trkpt>
      <trkpt lat="37.61909" lon="-114.53764"><ele>0.0</ele></trkpt>
      <trkpt lat="37.61884" lon="-114.53733"><ele>0.0</ele></trkpt>
      <trkpt lat="37.61883" lon="-114.53733"><ele>0.0</ele></trkpt>
      <trkpt lat="37.6186" lon="-114.53708"><ele>0.0</ele></trkpt>
      <trkpt lat="37.61855" lon="-114.53704"><ele>0.0</ele></trkpt>
      <trkpt lat="37.6184" lon="-114.5369"><ele>0.0</ele></trkpt>
      <trkpt lat="37.61826" lon="-114.53679"><ele>0.0</ele></trkpt>
      <trkpt lat="37.61784" lon="-114.53649"><ele>0.0</ele></trkpt>
      <trkpt lat="37.61614" lon="-114.53533"><ele>0.0</ele></trkpt>
      <trkpt lat="37.61607" lon="-114.53529"><ele>0.0</ele></trkpt>
      <trkpt lat="37.61595" lon="-114.5352"><ele>0.0</ele></trkpt>
      <trkpt lat="37.61527" lon="-114.53475"><ele>0.0</ele></trkpt>
      <trkpt lat="37.61512" lon="-114.53464"><ele>0.0</ele></trkpt>
      <trkpt lat="37.61424" lon="-114.53404"><ele>0.0</ele></trkpt>
      <trkpt lat="37.61381" lon="-114.53368"><ele>0.0</ele></trkpt>
      <trkpt lat="37.61358" lon="-114.53344"><ele>0.0</ele></trkpt>
      <trkpt lat="37.61334" lon="-114.53313"><ele>0.0</ele></trkpt>
      <trkpt lat="37.61326" lon="-114.53301"><ele>0.0</ele></trkpt>
      <trkpt lat="37.61305" lon="-114.53265"><ele>0.0</ele></trkpt>
      <trkpt lat="37.61305" lon="-114.53264"><ele>0.0</ele></trkpt>
      <trkpt lat="37.613" lon="-114.53256"><ele>0.0</ele></trkpt>
      <trkpt lat="37.61225" lon="-114.53108"><ele>0.0</ele></trkpt>
      <trkpt lat="37.61219" lon="-114.53094"><ele>0.0</ele></trkpt>
      <trkpt lat="37.6121" lon="-114.53079"><ele>0.0</ele></trkpt>
      <trkpt lat="37.6108" lon="-114.52824"><ele>0.0</ele></trkpt>
      <trkpt lat="37.61078" lon="-114.52821"><ele>0.0</ele></trkpt>
      <trkpt lat="37.61047" lon="-114.52761"><ele>0.0</ele></trkpt>
      <trkpt lat="37.61032" lon="-114.52734"><ele>0.0</ele></trkpt>
      <trkpt lat="37.61027" lon="-114.52726"><ele>0.0</ele></trkpt>
      <trkpt lat="37.60973" lon="-114.5262"><ele>0.0</ele></trkpt>
      <trkpt lat="37.6097" lon="-114.52611"><ele>0.0</ele></trkpt>
      <trkpt lat="37.60963" lon="-114.52594"><ele>0.0</ele></trkpt>
      <trkpt lat="37.60951" lon="-114.52558"><ele>0.0</ele></trkpt>
      <trkpt lat="37.60948" lon="-114.52546"><ele>0.0</ele></trkpt>
      <trkpt lat="37.60942" lon="-114.52513"><ele>0.0</ele></trkpt>
      <trkpt lat="37.60938" lon="-114.52471"><ele>0.0</ele></trkpt>
      <trkpt lat="37.60937" lon="-114.52452"><ele>0.0</ele></trkpt>
      <trkpt lat="37.60937" lon="-114.52423"><ele>0.0</ele></trkpt>
      <trkpt lat="37.60938" lon="-114.52412"><ele>0.0</ele></trkpt>
      <trkpt lat="37.60938" lon="-114.52405"><ele>0.0</ele></trkpt>
      <trkpt lat="37.6094" lon="-114.52389"><ele>0.0</ele></trkpt>
      <trkpt lat="37.6094" lon="-114.52383"><ele>0.0</ele></trkpt>
      <trkpt lat="37.60947" lon="-114.52345"><ele>0.0</ele></trkpt>
      <trkpt lat="37.60948" lon="-114.52336"><ele>0.0</ele></trkpt>
      <trkpt lat="37.60958" lon="-114.52303"><ele>0.0</ele></trkpt>
      <trkpt lat="37.6097" lon="-114.52273"><ele>0.0</ele></trkpt>
      <trkpt lat="37.60975" lon="-114.52264"><ele>0.0</ele></trkpt>
      <trkpt lat="37.60975" lon="-114.52262"><ele>0.0</ele></trkpt>
      <trkpt lat="37.61033" lon="-114.52141"><ele>0.0</ele></trkpt>
      <trkpt lat="37.61056" lon="-114.52088"><ele>0.0</ele></trkpt>
      <trkpt lat="37.61105" lon="-114.51984"><ele>0.0</ele></trkpt>
      <trkpt lat="37.61107" lon="-114.51981"><ele>0.0</ele></trkpt>
      <trkpt lat="37.61286" lon="-114.51593"><ele>0.0</ele></trkpt>
      <trkpt lat="37.61337" lon="-114.51487"><ele>0.0</ele></trkpt>
      <trkpt lat="37.6146" lon="-114.51217"><ele>0.0</ele></trkpt>
      <trkpt lat="37.61464" lon="-114.51207"><ele>0.0</ele></trkpt>
      <trkpt lat="37.61488" lon="-114.51113"><ele>0.0</ele></trkpt>
      <trkpt lat="37.61491" lon="-114.51105"><ele>0.0</ele></trkpt>
      <trkpt lat="37.61492" lon="-114.511"><ele>0.0</ele></trkpt>
      <trkpt lat="37.61493" lon="-114.51097"><ele>0.0</ele></trkpt>
      <trkpt lat="37.61496" lon="-114.51091"><ele>0.0</ele></trkpt>
      <trkpt lat="37.61496" lon="-114.5109"><ele>0.0</ele></trkpt>
      <trkpt lat="37.61498" lon="-114.51087"><ele>0.0</ele></trkpt>
      <trkpt lat="37.61499" lon="-114.51084"><ele>0.0</ele></trkpt>
      <trkpt lat="37.61506" lon="-114.51074"><ele>0.0</ele></trkpt>
      <trkpt lat="37.61515" lon="-114.51065"><ele>0.0</ele></trkpt>
      <trkpt lat="37.61521" lon="-114.51062"><ele>0.0</ele></trkpt>
      <trkpt lat="37.61527" lon="-114.5106"><ele>0.0</ele></trkpt>
      <trkpt lat="37.61532" lon="-114.5106"><ele>0.0</ele></trkpt>
      <trkpt lat="37.61535" lon="-114.51059"><ele>0.0</ele></trkpt>
      <trkpt lat="37.61548" lon="-114.51059"><ele>0.0</ele></trkpt>
      <trkpt lat="37.61582" lon="-114.51061"><ele>0.0</ele></trkpt>
      <trkpt lat="37.61634" lon="-114.51059"><ele>0.0</ele></trkpt>
      <trkpt lat="37.61688" lon="-114.5106"><ele>0.0</ele></trkpt>
      <trkpt lat="37.61869" lon="-114.51058"><ele>0.0</ele></trkpt>
      <trkpt lat="37.61879" lon="-114.51059"><ele>0.0</ele></trkpt>
      <trkpt lat="37.619" lon="-114.51063"><ele>0.0</ele></trkpt>
      <trkpt lat="37.61915" lon="-114.51067"><ele>0.0</ele></trkpt>
      <trkpt lat="37.61948" lon="-114.51082"><ele>0.0</ele></trkpt>
      <trkpt lat="37.6195" lon="-114.51082"><ele>0.0</ele></trkpt>
      <trkpt lat="37.61966" lon="-114.51089"><ele>0.0</ele></trkpt>
      <trkpt lat="37.61971" lon="-114.51092"><ele>0.0</ele></trkpt>
      <trkpt lat="37.61976" lon="-114.51094"><ele>0.0</ele></trkpt>
      <trkpt lat="37.61982" lon="-114.51097"><ele>0.0</ele></trkpt>
      <trkpt lat="37.62083" lon="-114.5114"><ele>0.0</ele></trkpt>
      <trkpt lat="37.62105" lon="-114.51151"><ele>0.0</ele></trkpt>
      <trkpt lat="37.62146" lon="-114.51167"><ele>0.0</ele></trkpt>
      <trkpt lat="37.62158" lon="-114.51171"><ele>0.0</ele></trkpt>
      <trkpt lat="37.62182" lon="-114.51177"><ele>0.0</ele></trkpt>
      <trkpt lat="37.62232" lon="-114.51185"><ele>0.0</ele></trkpt>
      <trkpt lat="37.62251" lon="-114.51186"><ele>0.0</ele></trkpt>
      <trkpt lat="37.623" lon="-114.51183"><ele>0.0</ele></trkpt>
      <trkpt lat="37.62325" lon="-114.5118"><ele>0.0</ele></trkpt>
      <trkpt lat="37.62359" lon="-114.51171"><ele>0.0</ele></trkpt>
      <trkpt lat="37.62368" lon="-114.51168"><ele>0.0</ele></trkpt>
      <trkpt lat="37.62376" lon="-114.51166"><ele>0.0</ele></trkpt>
      <trkpt lat="37.62384" lon="-114.51162"><ele>0.0</ele></trkpt>
      <trkpt lat="37.62406" lon="-114.51153"><ele>0.0</ele></trkpt>
      <trkpt lat="37.62435" lon="-114.51139"><ele>0.0</ele></trkpt>
      <trkpt lat="37.62838" lon="-114.50914"><ele>0.0</ele></trkpt>
      <trkpt lat="37.62851" lon="-114.50908"><ele>0.0</ele></trkpt>
      <trkpt lat="37.62854" lon="-114.50906"><ele>0.0</ele></trkpt>
      <trkpt lat="37.62867" lon="-114.509"><ele>0.0</ele></trkpt>
      <trkpt lat="37.62895" lon="-114.50889"><ele>0.0</ele></trkpt>
      <trkpt lat="37.62907" lon="-114.50885"><ele>0.0</ele></trkpt>
      <trkpt lat="37.62909" lon="-114.50884"><ele>0.0</ele></trkpt>
      <trkpt lat="37.62932" lon="-114.50877"><ele>0.0</ele></trkpt>
      <trkpt lat="37.62982" lon="-114.50865"><ele>0.0</ele></trkpt>
      <trkpt lat="37.63042" lon="-114.50854"><ele>0.0</ele></trkpt>
      <trkpt lat="37.63069" lon="-114.50848"><ele>0.0</ele></trkpt>
      <trkpt lat="37.63151" lon="-114.50833"><ele>0.0</ele></trkpt>
      <trkpt lat="37.63152" lon="-114.50833"><ele>0.0</ele></trkpt>
      <trkpt lat="37.63169" lon="-114.50829"><ele>0.0</ele></trkpt>
      <trkpt lat="37.63271" lon="-114.5081"><ele>0.0</ele></trkpt>
      <trkpt lat="37.63292" lon="-114.50807"><ele>0.0</ele></trkpt>
      <trkpt lat="37.63294" lon="-114.50806"><ele>0.0</ele></trkpt>
      <trkpt lat="37.63311" lon="-114.50803"><ele>0.0</ele></trkpt>
      <trkpt lat="37.63324" lon="-114.508"><ele>0.0</ele></trkpt>
      <trkpt lat="37.63365" lon="-114.50793"><ele>0.0</ele></trkpt>
      <trkpt lat="37.63368" lon="-114.50792"><ele>0.0</ele></trkpt>
      <trkpt lat="37.6356" lon="-114.50755"><ele>0.0</ele></trkpt>
      <trkpt lat="37.63564" lon="-114.50755"><ele>0.0</ele></trkpt>
      <trkpt lat="37.63703" lon="-114.50729"><ele>0.0</ele></trkpt>
      <trkpt lat="37.63705" lon="-114.50729"><ele>0.0</ele></trkpt>
      <trkpt lat="37.63836" lon="-114.50703"><ele>0.0</ele></trkpt>
      <trkpt lat="37.63912" lon="-114.5069"><ele>0.0</ele></trkpt>
      <trkpt lat="37.64681" lon="-114.50544"><ele>0.0</ele></trkpt>
      <trkpt lat="37.64683" lon="-114.50544"><ele>0.0</ele></trkpt>
      <trkpt lat="37.64869" lon="-114.50509"><ele>0.0</ele></trkpt>
      <trkpt lat="37.64877" lon="-114.50507"><ele>0.0</ele></trkpt>
      <trkpt lat="37.64893" lon="-114.50504"><ele>0.0</ele></trkpt>
      <trkpt lat="37.64894" lon="-114.50504"><ele>0.0</ele></trkpt>
      <trkpt lat="37.64896" lon="-114.50503"><ele>0.0</ele></trkpt>
      <trkpt lat="37.64912" lon="-114.505"><ele>0.0</ele></trkpt>
      <trkpt lat="37.64914" lon="-114.505"><ele>0.0</ele></trkpt>
      <trkpt lat="37.64927" lon="-114.50496"><ele>0.0</ele></trkpt>
      <trkpt lat="37.6493" lon="-114.50496"><ele>0.0</ele></trkpt>
      <trkpt lat="37.64949" lon="-114.5049"><ele>0.0</ele></trkpt>
      <trkpt lat="37.64992" lon="-114.50473"><ele>0.0</ele></trkpt>
      <trkpt lat="37.65" lon="-114.50468"><ele>0.0</ele></trkpt>
      <trkpt lat="37.65009" lon="-114.50464"><ele>0.0</ele></trkpt>
      <trkpt lat="37.65059" lon="-114.50434"><ele>0.0</ele></trkpt>
      <trkpt lat="37.65068" lon="-114.50427"><ele>0.0</ele></trkpt>
      <trkpt lat="37.6508" lon="-114.50419"><ele>0.0</ele></trkpt>
      <trkpt lat="37.65103" lon="-114.50399"><ele>0.0</ele></trkpt>
      <trkpt lat="37.65136" lon="-114.50366"><ele>0.0</ele></trkpt>
      <trkpt lat="37.65146" lon="-114.50355"><ele>0.0</ele></trkpt>
      <trkpt lat="37.65183" lon="-114.50307"><ele>0.0</ele></trkpt>
      <trkpt lat="37.65197" lon="-114.50285"><ele>0.0</ele></trkpt>
      <trkpt lat="37.65199" lon="-114.50283"><ele>0.0</ele></trkpt>
      <trkpt lat="37.6521" lon="-114.50264"><ele>0.0</ele></trkpt>
      <trkpt lat="37.65224" lon="-114.50237"><ele>0.0</ele></trkpt>
      <trkpt lat="37.65245" lon="-114.50193"><ele>0.0</ele></trkpt>
      <trkpt lat="37.65248" lon="-114.50185"><ele>0.0</ele></trkpt>
      <trkpt lat="37.65352" lon="-114.49956"><ele>0.0</ele></trkpt>
      <trkpt lat="37.65355" lon="-114.49948"><ele>0.0</ele></trkpt>
      <trkpt lat="37.65364" lon="-114.49929"><ele>0.0</ele></trkpt>
      <trkpt lat="37.65373" lon="-114.49907"><ele>0.0</ele></trkpt>
      <trkpt lat="37.65392" lon="-114.49867"><ele>0.0</ele></trkpt>
      <trkpt lat="37.65396" lon="-114.49856"><ele>0.0</ele></trkpt>
      <trkpt lat="37.65416" lon="-114.49813"><ele>0.0</ele></trkpt>
      <trkpt lat="37.6542" lon="-114.49806"><ele>0.0</ele></trkpt>
      <trkpt lat="37.65424" lon="-114.49797"><ele>0.0</ele></trkpt>
      <trkpt lat="37.65445" lon="-114.49757"><ele>0.0</ele></trkpt>
      <trkpt lat="37.65478" lon="-114.49706"><ele>0.0</ele></trkpt>
      <trkpt lat="37.65516" lon="-114.49656"><ele>0.0</ele></trkpt>
      <trkpt lat="37.65552" lon="-114.49617"><ele>0.0</ele></trkpt>
      <trkpt lat="37.6558" lon="-114.49589"><ele>0.0</ele></trkpt>
      <trkpt lat="37.65606" lon="-114.49567"><ele>0.0</ele></trkpt>
      <trkpt lat="37.65638" lon="-114.49542"><ele>0.0</ele></trkpt>
      <trkpt lat="37.65649" lon="-114.49535"><ele>0.0</ele></trkpt>
      <trkpt lat="37.6566" lon="-114.49527"><ele>0.0</ele></trkpt>
      <trkpt lat="37.6572" lon="-114.49494"><ele>0.0</ele></trkpt>
      <trkpt lat="37.65758" lon="-114.49478"><ele>0.0</ele></trkpt>
      <trkpt lat="37.65759" lon="-114.49478"><ele>0.0</ele></trkpt>
      <trkpt lat="37.65772" lon="-114.49473"><ele>0.0</ele></trkpt>
      <trkpt lat="37.65776" lon="-114.49472"><ele>0.0</ele></trkpt>
      <trkpt lat="37.65783" lon="-114.49469"><ele>0.0</ele></trkpt>
      <trkpt lat="37.65798" lon="-114.49465"><ele>0.0</ele></trkpt>
      <trkpt lat="37.65812" lon="-114.4946"><ele>0.0</ele></trkpt>
      <trkpt lat="37.65872" lon="-114.49447"><ele>0.0</ele></trkpt>
      <trkpt lat="37.65881" lon="-114.49446"><ele>0.0</ele></trkpt>
      <trkpt lat="37.65971" lon="-114.49427"><ele>0.0</ele></trkpt>
      <trkpt lat="37.66017" lon="-114.49415"><ele>0.0</ele></trkpt>
      <trkpt lat="37.66028" lon="-114.49413"><ele>0.0</ele></trkpt>
      <trkpt lat="37.66038" lon="-114.49409"><ele>0.0</ele></trkpt>
      <trkpt lat="37.66048" lon="-114.49406"><ele>0.0</ele></trkpt>
      <trkpt lat="37.66081" lon="-114.49394"><ele>0.0</ele></trkpt>
      <trkpt lat="37.66083" lon="-114.49394"><ele>0.0</ele></trkpt>
      <trkpt lat="37.66136" lon="-114.49371"><ele>0.0</ele></trkpt>
      <trkpt lat="37.6617" lon="-114.49354"><ele>0.0</ele></trkpt>
      <trkpt lat="37.66208" lon="-114.49332"><ele>0.0</ele></trkpt>
      <trkpt lat="37.66231" lon="-114.49317"><ele>0.0</ele></trkpt>
      <trkpt lat="37.66333" lon="-114.49245"><ele>0.0</ele></trkpt>
      <trkpt lat="37.66382" lon="-114.49214"><ele>0.0</ele></trkpt>
      <trkpt lat="37.66432" lon="-114.49178"><ele>0.0</ele></trkpt>
      <trkpt lat="37.66529" lon="-114.49112"><ele>0.0</ele></trkpt>
      <trkpt lat="37.6653" lon="-114.49112"><ele>0.0</ele></trkpt>
      <trkpt lat="37.66641" lon="-114.49037"><ele>0.0</ele></trkpt>
      <trkpt lat="37.66646" lon="-114.49033"><ele>0.0</ele></trkpt>
      <trkpt lat="37.66673" lon="-114.49016"><ele>0.0</ele></trkpt>
      <trkpt lat="37.66747" lon="-114.48965"><ele>0.0</ele></trkpt>
      <trkpt lat="37.66752" lon="-114.48962"><ele>0.0</ele></trkpt>
      <trkpt lat="37.66815" lon="-114.48919"><ele>0.0</ele></trkpt>
      <trkpt lat="37.66828" lon="-114.48911"><ele>0.0</ele></trkpt>
      <trkpt lat="37.66844" lon="-114.489"><ele>0.0</ele></trkpt>
      <trkpt lat="37.66847" lon="-114.48897"><ele>0.0</ele></trkpt>
      <trkpt lat="37.66863" lon="-114.48886"><ele>0.0</ele></trkpt>
      <trkpt lat="37.66865" lon="-114.48885"><ele>0.0</ele></trkpt>
      <trkpt lat="37.66879" lon="-114.48876"><ele>0.0</ele></trkpt>
      <trkpt lat="37.66882" lon="-114.48873"><ele>0.0</ele></trkpt>
      <trkpt lat="37.66895" lon="-114.48865"><ele>0.0</ele></trkpt>
      <trkpt lat="37.66899" lon="-114.48863"><ele>0.0</ele></trkpt>
      <trkpt lat="37.66958" lon="-114.48822"><ele>0.0</ele></trkpt>
      <trkpt lat="37.66981" lon="-114.48808"><ele>0.0</ele></trkpt>
      <trkpt lat="37.67011" lon="-114.48788"><ele>0.0</ele></trkpt>
      <trkpt lat="37.67076" lon="-114.48741"><ele>0.0</ele></trkpt>
      <trkpt lat="37.67116" lon="-114.48714"><ele>0.0</ele></trkpt>
      <trkpt lat="37.6712" lon="-114.48712"><ele>0.0</ele></trkpt>
      <trkpt lat="37.67212" lon="-114.48651"><ele>0.0</ele></trkpt>
      <trkpt lat="37.67227" lon="-114.4864"><ele>0.0</ele></trkpt>
      <trkpt lat="37.67231" lon="-114.48638"><ele>0.0</ele></trkpt>
      <trkpt lat="37.67246" lon="-114.48627"><ele>0.0</ele></trkpt>
      <trkpt lat="37.67278" lon="-114.48601"><ele>0.0</ele></trkpt>
      <trkpt lat="37.67289" lon="-114.48593"><ele>0.0</ele></trkpt>
      <trkpt lat="37.67315" lon="-114.48572"><ele>0.0</ele></trkpt>
      <trkpt lat="37.67319" lon="-114.48568"><ele>0.0</ele></trkpt>
      <trkpt lat="37.67336" lon="-114.48554"><ele>0.0</ele></trkpt>
      <trkpt lat="37.67396" lon="-114.48501"><ele>0.0</ele></trkpt>
      <trkpt lat="37.67428" lon="-114.48466"><ele>0.0</ele></trkpt>
      <trkpt lat="37.67438" lon="-114.48457"><ele>0.0</ele></trkpt>
      <trkpt lat="37.67459" lon="-114.48436"><ele>0.0</ele></trkpt>
      <trkpt lat="37.67515" lon="-114.4837"><ele>0.0</ele></trkpt>
      <trkpt lat="37.67518" lon="-114.48367"><ele>0.0</ele></trkpt>
      <trkpt lat="37.67554" lon="-114.48322"><ele>0.0</ele></trkpt>
      <trkpt lat="37.67565" lon="-114.48306"><ele>0.0</ele></trkpt>
      <trkpt lat="37.67578" lon="-114.48289"><ele>0.0</ele></trkpt>
      <trkpt lat="37.67579" lon="-114.48288"><ele>0.0</ele></trkpt>
      <trkpt lat="37.67618" lon="-114.48232"><ele>0.0</ele></trkpt>
      <trkpt lat="37.67625" lon="-114.4822"><ele>0.0</ele></trkpt>
      <trkpt lat="37.67651" lon="-114.48182"><ele>0.0</ele></trkpt>
      <trkpt lat="37.67956" lon="-114.47715"><ele>0.0</ele></trkpt>
      <trkpt lat="37.67956" lon="-114.47714"><ele>0.0</ele></trkpt>
      <trkpt lat="37.6798" lon="-114.4768"><ele>0.0</ele></trkpt>
      <trkpt lat="37.6798" lon="-114.47679"><ele>0.0</ele></trkpt>
      <trkpt lat="37.68002" lon="-114.4765"><ele>0.0</ele></trkpt>
      <trkpt lat="37.68004" lon="-114.47646"><ele>0.0</ele></trkpt>
      <trkpt lat="37.68055" lon="-114.47582"><ele>0.0</ele></trkpt>
      <trkpt lat="37.6809" lon="-114.47541"><ele>0.0</ele></trkpt>
      <trkpt lat="37.68132" lon="-114.47495"><ele>0.0</ele></trkpt>
      <trkpt lat="37.68164" lon="-114.47463"><ele>0.0</ele></trkpt>
      <trkpt lat="37.68194" lon="-114.47435"><ele>0.0</ele></trkpt>
      <trkpt lat="37.68282" lon="-114.4736"><ele>0.0</ele></trkpt>
      <trkpt lat="37.68313" lon="-114.47337"><ele>0.0</ele></trkpt>
      <trkpt lat="37.68376" lon="-114.47293"><ele>0.0</ele></trkpt>
      <trkpt lat="37.68441" lon="-114.47253"><ele>0.0</ele></trkpt>
      <trkpt lat="37.69092" lon="-114.46873"><ele>0.0</ele></trkpt>
      <trkpt lat="37.69097" lon="-114.46871"><ele>0.0</ele></trkpt>
      <trkpt lat="37.69186" lon="-114.46817"><ele>0.0</ele></trkpt>
      <trkpt lat="37.70068" lon="-114.46302"><ele>0.0</ele></trkpt>
      <trkpt lat="37.70094" lon="-114.46288"><ele>0.0</ele></trkpt>
      <trkpt lat="37.70127" lon="-114.46268"><ele>0.0</ele></trkpt>
      <trkpt lat="37.70244" lon="-114.46204"><ele>0.0</ele></trkpt>
      <trkpt lat="37.70488" lon="-114.46077"><ele>0.0</ele></trkpt>
      <trkpt lat="37.70491" lon="-114.46075"><ele>0.0</ele></trkpt>
      <trkpt lat="37.70793" lon="-114.45918"><ele>0.0</ele></trkpt>
      <trkpt lat="37.70808" lon="-114.45911"><ele>0.0</ele></trkpt>
      <trkpt lat="37.71104" lon="-114.45756"><ele>0.0</ele></trkpt>
      <trkpt lat="37.71121" lon="-114.45748"><ele>0.0</ele></trkpt>
      <trkpt lat="37.71294" lon="-114.45657"><ele>0.0</ele></trkpt>
      <trkpt lat="37.71425" lon="-114.45591"><ele>0.0</ele></trkpt>
      <trkpt lat="37.71488" lon="-114.45563"><ele>0.0</ele></trkpt>
      <trkpt lat="37.7154" lon="-114.45544"><ele>0.0</ele></trkpt>
      <trkpt lat="37.71558" lon="-114.45539"><ele>0.0</ele></trkpt>
      <trkpt lat="37.7156" lon="-114.45538"><ele>0.0</ele></trkpt>
      <trkpt lat="37.71596" lon="-114.45526"><ele>0.0</ele></trkpt>
      <trkpt lat="37.7244" lon="-114.45302"><ele>0.0</ele></trkpt>
      <trkpt lat="37.72564" lon="-114.45267"><ele>0.0</ele></trkpt>
      <trkpt lat="37.72846" lon="-114.45192"><ele>0.0</ele></trkpt>
      <trkpt lat="37.72847" lon="-114.45191"><ele>0.0</ele></trkpt>
      <trkpt lat="37.72893" lon="-114.4518"><ele>0.0</ele></trkpt>
      <trkpt lat="37.72952" lon="-114.45164"><ele>0.0</ele></trkpt>
      <trkpt lat="37.7296" lon="-114.45161"><ele>0.0</ele></trkpt>
      <trkpt lat="37.73001" lon="-114.45149"><ele>0.0</ele></trkpt>
      <trkpt lat="37.7306" lon="-114.45127"><ele>0.0</ele></trkpt>
      <trkpt lat="37.73086" lon="-114.45116"><ele>0.0</ele></trkpt>
      <trkpt lat="37.73158" lon="-114.45082"><ele>0.0</ele></trkpt>
      <trkpt lat="37.73197" lon="-114.45061"><ele>0.0</ele></trkpt>
      <trkpt lat="37.73287" lon="-114.45006"><ele>0.0</ele></trkpt>
      <trkpt lat="37.73335" lon="-114.44972"><ele>0.0</ele></trkpt>
      <trkpt lat="37.73391" lon="-114.44928"><ele>0.0</ele></trkpt>
      <trkpt lat="37.73427" lon="-114.44898"><ele>0.0</ele></trkpt>
      <trkpt lat="37.75072" lon="-114.43437"><ele>0.0</ele></trkpt>
      <trkpt lat="37.75132" lon="-114.43382"><ele>0.0</ele></trkpt>
      <trkpt lat="37.75179" lon="-114.43342"><ele>0.0</ele></trkpt>
      <trkpt lat="37.75324" lon="-114.43213"><ele>0.0</ele></trkpt>
      <trkpt lat="37.7537" lon="-114.43174"><ele>0.0</ele></trkpt>
      <trkpt lat="37.75849" lon="-114.4275"><ele>0.0</ele></trkpt>
      <trkpt lat="37.76003" lon="-114.42609"><ele>0.0</ele></trkpt>
      <trkpt lat="37.76068" lon="-114.42546"><ele>0.0</ele></trkpt>
      <trkpt lat="37.76152" lon="-114.4246"><ele>0.0</ele></trkpt>
      <trkpt lat="37.7622" lon="-114.42394"><ele>0.0</ele></trkpt>
      <trkpt lat="37.76223" lon="-114.4239"><ele>0.0</ele></trkpt>
      <trkpt lat="37.76365" lon="-114.42246"><ele>0.0</ele></trkpt>
      <trkpt lat="37.76498" lon="-114.42127"><ele>0.0</ele></trkpt>
      <trkpt lat="37.76557" lon="-114.42081"><ele>0.0</ele></trkpt>
      <trkpt lat="37.76619" lon="-114.4203"><ele>0.0</ele></trkpt>
      <trkpt lat="37.76715" lon="-114.4196"><ele>0.0</ele></trkpt>
      <trkpt lat="37.76813" lon="-114.41892"><ele>0.0</ele></trkpt>
      <trkpt lat="37.77014" lon="-114.41763"><ele>0.0</ele></trkpt>
      <trkpt lat="37.77015" lon="-114.41762"><ele>0.0</ele></trkpt>
      <trkpt lat="37.77542" lon="-114.41425"><ele>0.0</ele></trkpt>
      <trkpt lat="37.77546" lon="-114.41422"><ele>0.0</ele></trkpt>
      <trkpt lat="37.77846" lon="-114.41228"><ele>0.0</ele></trkpt>
      <trkpt lat="37.78186" lon="-114.4102"><ele>0.0</ele></trkpt>
      <trkpt lat="37.78252" lon="-114.40982"><ele>0.0</ele></trkpt>
      <trkpt lat="37.78256" lon="-114.40979"><ele>0.0</ele></trkpt>
      <trkpt lat="37.7826" lon="-114.40977"><ele>0.0</ele></trkpt>
      <trkpt lat="37.78563" lon="-114.40799"><ele>0.0</ele></trkpt>
      <trkpt lat="37.78621" lon="-114.40775"><ele>0.0</ele></trkpt>
      <trkpt lat="37.78663" lon="-114.4076"><ele>0.0</ele></trkpt>
      <trkpt lat="37.78703" lon="-114.40748"><ele>0.0</ele></trkpt>
      <trkpt lat="37.78742" lon="-114.4074"><ele>0.0</ele></trkpt>
      <trkpt lat="37.78786" lon="-114.40733"><ele>0.0</ele></trkpt>
      <trkpt lat="37.78789" lon="-114.40732"><ele>0.0</ele></trkpt>
      <trkpt lat="37.7879" lon="-114.40732"><ele>0.0</ele></trkpt>
      <trkpt lat="37.78795" lon="-114.40731"><ele>0.0</ele></trkpt>
      <trkpt lat="37.79037" lon="-114.40714"><ele>0.0</ele></trkpt>
      <trkpt lat="37.79028" lon="-114.39525"><ele>0.0</ele></trkpt>
      <trkpt lat="37.79027" lon="-114.39519"><ele>0.0</ele></trkpt>
      <trkpt lat="37.79026" lon="-114.39164"><ele>0.0</ele></trkpt>
      <trkpt lat="37.79023" lon="-114.39145"><ele>0.0</ele></trkpt>
      <trkpt lat="37.79019" lon="-114.38284"><ele>0.0</ele></trkpt>
      <trkpt lat="37.79023" lon="-114.38277"><ele>0.0</ele></trkpt>
      <trkpt lat="37.79021" lon="-114.3819"><ele>0.0</ele></trkpt>
      <trkpt lat="37.7902" lon="-114.37917"><ele>0.0</ele></trkpt>
      <trkpt lat="37.79018" lon="-114.37827"><ele>0.0</ele></trkpt>
      <trkpt lat="37.79016" lon="-114.37498"><ele>0.0</ele></trkpt>
      <trkpt lat="37.79017" lon="-114.37456"><ele>0.0</ele></trkpt>
      <trkpt lat="37.79012" lon="-114.36757"><ele>0.0</ele></trkpt>
      <trkpt lat="37.79011" lon="-114.36734"><ele>0.0</ele></trkpt>
      <trkpt lat="37.79011" lon="-114.36584"><ele>0.0</ele></trkpt>
      <trkpt lat="37.79012" lon="-114.3658"><ele>0.0</ele></trkpt>
      <trkpt lat="37.7901" lon="-114.36486"><ele>0.0</ele></trkpt>
      <trkpt lat="37.79011" lon="-114.36452"><ele>0.0</ele></trkpt>
      <trkpt lat="37.79009" lon="-114.36355"><ele>0.0</ele></trkpt>
      <trkpt lat="37.79006" lon="-114.36316"><ele>0.0</ele></trkpt>
      <trkpt lat="37.78999" lon="-114.36257"><ele>0.0</ele></trkpt>
      <trkpt lat="37.78878" lon="-114.35501"><ele>0.0</ele></trkpt>
      <trkpt lat="37.78877" lon="-114.35497"><ele>0.0</ele></trkpt>
      <trkpt lat="37.78872" lon="-114.35463"><ele>0.0</ele></trkpt>
      <trkpt lat="37.78867" lon="-114.35437"><ele>0.0</ele></trkpt>
      <trkpt lat="37.78863" lon="-114.35407"><ele>0.0</ele></trkpt>
      <trkpt lat="37.78831" lon="-114.35214"><ele>0.0</ele></trkpt>
      <trkpt lat="37.78828" lon="-114.35191"><ele>0.0</ele></trkpt>
      <trkpt lat="37.7882" lon="-114.35147"><ele>0.0</ele></trkpt>
      <trkpt lat="37.7882" lon="-114.35145"><ele>0.0</ele></trkpt>
      <trkpt lat="37.78817" lon="-114.35125"><ele>0.0</ele></trkpt>
      <trkpt lat="37.78816" lon="-114.35122"><ele>0.0</ele></trkpt>
      <trkpt lat="37.78816" lon="-114.35118"><ele>0.0</ele></trkpt>
      <trkpt lat="37.78814" lon="-114.3511"><ele>0.0</ele></trkpt>
      <trkpt lat="37.78806" lon="-114.35062"><ele>0.0</ele></trkpt>
      <trkpt lat="37.78805" lon="-114.35058"><ele>0.0</ele></trkpt>
      <trkpt lat="37.78772" lon="-114.34844"><ele>0.0</ele></trkpt>
      <trkpt lat="37.78769" lon="-114.3481"><ele>0.0</ele></trkpt>
      <trkpt lat="37.78768" lon="-114.34805"><ele>0.0</ele></trkpt>
      <trkpt lat="37.78765" lon="-114.34778"><ele>0.0</ele></trkpt>
      <trkpt lat="37.78761" lon="-114.34719"><ele>0.0</ele></trkpt>
      <trkpt lat="37.78761" lon="-114.34696"><ele>0.0</ele></trkpt>
      <trkpt lat="37.7876" lon="-114.34692"><ele>0.0</ele></trkpt>
      <trkpt lat="37.78759" lon="-114.34573"><ele>0.0</ele></trkpt>
      <trkpt lat="37.78762" lon="-114.34513"><ele>0.0</ele></trkpt>
      <trkpt lat="37.78766" lon="-114.34463"><ele>0.0</ele></trkpt>
      <trkpt lat="37.78779" lon="-114.34359"><ele>0.0</ele></trkpt>
      <trkpt lat="37.7878" lon="-114.34357"><ele>0.0</ele></trkpt>
      <trkpt lat="37.7878" lon="-114.34352"><ele>0.0</ele></trkpt>
      <trkpt lat="37.78783" lon="-114.34337"><ele>0.0</ele></trkpt>
      <trkpt lat="37.78784" lon="-114.34334"><ele>0.0</ele></trkpt>
      <trkpt lat="37.78784" lon="-114.3433"><ele>0.0</ele></trkpt>
      <trkpt lat="37.78836" lon="-114.34072"><ele>0.0</ele></trkpt>
      <trkpt lat="37.78837" lon="-114.3407"><ele>0.0</ele></trkpt>
      <trkpt lat="37.78869" lon="-114.33907"><ele>0.0</ele></trkpt>
      <trkpt lat="37.78875" lon="-114.33883"><ele>0.0</ele></trkpt>
      <trkpt lat="37.78923" lon="-114.33643"><ele>0.0</ele></trkpt>
      <trkpt lat="37.78934" lon="-114.33579"><ele>0.0</ele></trkpt>
      <trkpt lat="37.78946" lon="-114.33469"><ele>0.0</ele></trkpt>
      <trkpt lat="37.78947" lon="-114.33445"><ele>0.0</ele></trkpt>
      <trkpt lat="37.78947" lon="-114.33341"><ele>0.0</ele></trkpt>
      <trkpt lat="37.78946" lon="-114.3333"><ele>0.0</ele></trkpt>
      <trkpt lat="37.78946" lon="-114.33318"><ele>0.0</ele></trkpt>
      <trkpt lat="37.78945" lon="-114.33308"><ele>0.0</ele></trkpt>
      <trkpt lat="37.78945" lon="-114.33305"><ele>0.0</ele></trkpt>
      <trkpt lat="37.78944" lon="-114.33294"><ele>0.0</ele></trkpt>
      <trkpt lat="37.78944" lon="-114.33287"><ele>0.0</ele></trkpt>
      <trkpt lat="37.78943" lon="-114.33285"><ele>0.0</ele></trkpt>
      <trkpt lat="37.78943" lon="-114.3328"><ele>0.0</ele></trkpt>
      <trkpt lat="37.78939" lon="-114.33247"><ele>0.0</ele></trkpt>
      <trkpt lat="37.78939" lon="-114.33245"><ele>0.0</ele></trkpt>
      <trkpt lat="37.78936" lon="-114.33224"><ele>0.0</ele></trkpt>
      <trkpt lat="37.78845" lon="-114.32413"><ele>0.0</ele></trkpt>
      <trkpt lat="37.78845" lon="-114.32406"><ele>0.0</ele></trkpt>
      <trkpt lat="37.78724" lon="-114.31341"><ele>0.0</ele></trkpt>
      <trkpt lat="37.78723" lon="-114.31336"><ele>0.0</ele></trkpt>
      <trkpt lat="37.78722" lon="-114.31322"><ele>0.0</ele></trkpt>
      <trkpt lat="37.78721" lon="-114.31318"><ele>0.0</ele></trkpt>
      <trkpt lat="37.78712" lon="-114.31228"><ele>0.0</ele></trkpt>
      <trkpt lat="37.78706" lon="-114.31187"><ele>0.0</ele></trkpt>
      <trkpt lat="37.78706" lon="-114.31183"><ele>0.0</ele></trkpt>
      <trkpt lat="37.78697" lon="-114.31105"><ele>0.0</ele></trkpt>
      <trkpt lat="37.78695" lon="-114.31093"><ele>0.0</ele></trkpt>
      <trkpt lat="37.78681" lon="-114.30956"><ele>0.0</ele></trkpt>
      <trkpt lat="37.78664" lon="-114.30819"><ele>0.0</ele></trkpt>
      <trkpt lat="37.78646" lon="-114.30649"><ele>0.0</ele></trkpt>
      <trkpt lat="37.78642" lon="-114.3062"><ele>0.0</ele></trkpt>
      <trkpt lat="37.78639" lon="-114.30587"><ele>0.0</ele></trkpt>
      <trkpt lat="37.78637" lon="-114.30552"><ele>0.0</ele></trkpt>
      <trkpt lat="37.78636" lon="-114.30545"><ele>0.0</ele></trkpt>
      <trkpt lat="37.78636" lon="-114.30529"><ele>0.0</ele></trkpt>
      <trkpt lat="37.78635" lon="-114.30517"><ele>0.0</ele></trkpt>
      <trkpt lat="37.78635" lon="-114.30453"><ele>0.0</ele></trkpt>
      <trkpt lat="37.7864" lon="-114.3039"><ele>0.0</ele></trkpt>
      <trkpt lat="37.78645" lon="-114.30343"><ele>0.0</ele></trkpt>
      <trkpt lat="37.78651" lon="-114.30303"><ele>0.0</ele></trkpt>
      <trkpt lat="37.78652" lon="-114.303"><ele>0.0</ele></trkpt>
      <trkpt lat="37.78655" lon="-114.30281"><ele>0.0</ele></trkpt>
      <trkpt lat="37.78658" lon="-114.30268"><ele>0.0</ele></trkpt>
      <trkpt lat="37.78659" lon="-114.30259"><ele>0.0</ele></trkpt>
      <trkpt lat="37.78669" lon="-114.30209"><ele>0.0</ele></trkpt>
      <trkpt lat="37.78678" lon="-114.30171"><ele>0.0</ele></trkpt>
      <trkpt lat="37.78681" lon="-114.30162"><ele>0.0</ele></trkpt>
      <trkpt lat="37.7869" lon="-114.30128"><ele>0.0</ele></trkpt>
      <trkpt lat="37.78692" lon="-114.30123"><ele>0.0</ele></trkpt>
      <trkpt lat="37.78708" lon="-114.30072"><ele>0.0</ele></trkpt>
      <trkpt lat="37.78711" lon="-114.30065"><ele>0.0</ele></trkpt>
      <trkpt lat="37.78744" lon="-114.29972"><ele>0.0</ele></trkpt>
      <trkpt lat="37.78747" lon="-114.29961"><ele>0.0</ele></trkpt>
      <trkpt lat="37.78768" lon="-114.29899"><ele>0.0</ele></trkpt>
      <trkpt lat="37.78783" lon="-114.29844"><ele>0.0</ele></trkpt>
      <trkpt lat="37.78799" lon="-114.29777"><ele>0.0</ele></trkpt>
      <trkpt lat="37.78806" lon="-114.29741"><ele>0.0</ele></trkpt>
      <trkpt lat="37.78815" lon="-114.29671"><ele>0.0</ele></trkpt>
      <trkpt lat="37.78819" lon="-114.29615"><ele>0.0</ele></trkpt>
      <trkpt lat="37.7882" lon="-114.29588"><ele>0.0</ele></trkpt>
      <trkpt lat="37.78818" lon="-114.29451"><ele>0.0</ele></trkpt>
      <trkpt lat="37.78815" lon="-114.2936"><ele>0.0</ele></trkpt>
      <trkpt lat="37.78815" lon="-114.29333"><ele>0.0</ele></trkpt>
      <trkpt lat="37.78808" lon="-114.29133"><ele>0.0</ele></trkpt>
      <trkpt lat="37.78808" lon="-114.2911"><ele>0.0</ele></trkpt>
      <trkpt lat="37.78807" lon="-114.29102"><ele>0.0</ele></trkpt>
      <trkpt lat="37.78807" lon="-114.29042"><ele>0.0</ele></trkpt>
      <trkpt lat="37.78809" lon="-114.29006"><ele>0.0</ele></trkpt>
      <trkpt lat="37.78815" lon="-114.28944"><ele>0.0</ele></trkpt>
      <trkpt lat="37.78819" lon="-114.28919"><ele>0.0</ele></trkpt>
      <trkpt lat="37.78828" lon="-114.28875"><ele>0.0</ele></trkpt>
      <trkpt lat="37.7884" lon="-114.28825"><ele>0.0</ele></trkpt>
      <trkpt lat="37.78956" lon="-114.28393"><ele>0.0</ele></trkpt>
      <trkpt lat="37.78962" lon="-114.28367"><ele>0.0</ele></trkpt>
      <trkpt lat="37.78967" lon="-114.2835"><ele>0.0</ele></trkpt>
      <trkpt lat="37.78979" lon="-114.28301"><ele>0.0</ele></trkpt>
      <trkpt lat="37.78988" lon="-114.28271"><ele>0.0</ele></trkpt>
      <trkpt lat="37.78996" lon="-114.28231"><ele>0.0</ele></trkpt>
      <trkpt lat="37.79002" lon="-114.28192"><ele>0.0</ele></trkpt>
      <trkpt lat="37.79008" lon="-114.28125"><ele>0.0</ele></trkpt>
      <trkpt lat="37.79009" lon="-114.28079"><ele>0.0</ele></trkpt>
      <trkpt lat="37.78998" lon="-114.27875"><ele>0.0</ele></trkpt>
      <trkpt lat="37.78999" lon="-114.27791"><ele>0.0</ele></trkpt>
      <trkpt lat="37.79003" lon="-114.27749"><ele>0.0</ele></trkpt>
      <trkpt lat="37.79017" lon="-114.27638"><ele>0.0</ele></trkpt>
      <trkpt lat="37.79018" lon="-114.27626"><ele>0.0</ele></trkpt>
      <trkpt lat="37.79028" lon="-114.27561"><ele>0.0</ele></trkpt>
      <trkpt lat="37.79029" lon="-114.27559"><ele>0.0</ele></trkpt>
      <trkpt lat="37.79042" lon="-114.27452"><ele>0.0</ele></trkpt>
      <trkpt lat="37.79056" lon="-114.27358"><ele>0.0</ele></trkpt>
      <trkpt lat="37.79064" lon="-114.27292"><ele>0.0</ele></trkpt>
      <trkpt lat="37.79065" lon="-114.27289"><ele>0.0</ele></trkpt>
      <trkpt lat="37.79066" lon="-114.27267"><ele>0.0</ele></trkpt>
      <trkpt lat="37.79069" lon="-114.27234"><ele>0.0</ele></trkpt>
      <trkpt lat="37.7907" lon="-114.27203"><ele>0.0</ele></trkpt>
      <trkpt lat="37.79067" lon="-114.27128"><ele>0.0</ele></trkpt>
      <trkpt lat="37.79065" lon="-114.27106"><ele>0.0</ele></trkpt>
      <trkpt lat="37.7906" lon="-114.27074"><ele>0.0</ele></trkpt>
      <trkpt lat="37.79056" lon="-114.27041"><ele>0.0</ele></trkpt>
      <trkpt lat="37.79056" lon="-114.27039"><ele>0.0</ele></trkpt>
      <trkpt lat="37.79052" lon="-114.27019"><ele>0.0</ele></trkpt>
      <trkpt lat="37.79027" lon="-114.26928"><ele>0.0</ele></trkpt>
      <trkpt lat="37.79011" lon="-114.26876"><ele>0.0</ele></trkpt>
      <trkpt lat="37.78955" lon="-114.26676"><ele>0.0</ele></trkpt>
      <trkpt lat="37.78953" lon="-114.26671"><ele>0.0</ele></trkpt>
      <trkpt lat="37.78695" lon="-114.25786"><ele>0.0</ele></trkpt>
      <trkpt lat="37.78695" lon="-114.25785"><ele>0.0</ele></trkpt>
      <trkpt lat="37.78692" lon="-114.25774"><ele>0.0</ele></trkpt>
      <trkpt lat="37.78673" lon="-114.25686"><ele>0.0</ele></trkpt>
      <trkpt lat="37.78611" lon="-114.25367"><ele>0.0</ele></trkpt>
      <trkpt lat="37.78611" lon="-114.25366"><ele>0.0</ele></trkpt>
      <trkpt lat="37.78609" lon="-114.25355"><ele>0.0</ele></trkpt>
      <trkpt lat="37.78606" lon="-114.25344"><ele>0.0</ele></trkpt>
      <trkpt lat="37.78587" lon="-114.25241"><ele>0.0</ele></trkpt>
      <trkpt lat="37.78585" lon="-114.25235"><ele>0.0</ele></trkpt>
      <trkpt lat="37.78585" lon="-114.25233"><ele>0.0</ele></trkpt>
      <trkpt lat="37.78581" lon="-114.25213"><ele>0.0</ele></trkpt>
      <trkpt lat="37.78581" lon="-114.25211"><ele>0.0</ele></trkpt>
      <trkpt lat="37.78578" lon="-114.252"><ele>0.0</ele></trkpt>
      <trkpt lat="37.78554" lon="-114.2508"><ele>0.0</ele></trkpt>
      <trkpt lat="37.78543" lon="-114.25016"><ele>0.0</ele></trkpt>
      <trkpt lat="37.78538" lon="-114.24992"><ele>0.0</ele></trkpt>
      <trkpt lat="37.78538" lon="-114.2499"><ele>0.0</ele></trkpt>
      <trkpt lat="37.7848" lon="-114.24705"><ele>0.0</ele></trkpt>
      <trkpt lat="37.78479" lon="-114.24704"><ele>0.0</ele></trkpt>
      <trkpt lat="37.78478" lon="-114.24695"><ele>0.0</ele></trkpt>
      <trkpt lat="37.78475" lon="-114.24683"><ele>0.0</ele></trkpt>
      <trkpt lat="37.78419" lon="-114.24391"><ele>0.0</ele></trkpt>
      <trkpt lat="37.78404" lon="-114.24324"><ele>0.0</ele></trkpt>
      <trkpt lat="37.78397" lon="-114.24286"><ele>0.0</ele></trkpt>
      <trkpt lat="37.78388" lon="-114.24245"><ele>0.0</ele></trkpt>
      <trkpt lat="37.78377" lon="-114.24185"><ele>0.0</ele></trkpt>
      <trkpt lat="37.78374" lon="-114.24174"><ele>0.0</ele></trkpt>
      <trkpt lat="37.78366" lon="-114.24131"><ele>0.0</ele></trkpt>
      <trkpt lat="37.7835" lon="-114.24031"><ele>0.0</ele></trkpt>
      <trkpt lat="37.78343" lon="-114.23966"><ele>0.0</ele></trkpt>
      <trkpt lat="37.78339" lon="-114.23901"><ele>0.0</ele></trkpt>
      <trkpt lat="37.78362" lon="-114.23612"><ele>0.0</ele></trkpt>
      <trkpt lat="37.78362" lon="-114.23606"><ele>0.0</ele></trkpt>
      <trkpt lat="37.78363" lon="-114.23601"><ele>0.0</ele></trkpt>
      <trkpt lat="37.78369" lon="-114.2352"><ele>0.0</ele></trkpt>
      <trkpt lat="37.78386" lon="-114.2337"><ele>0.0</ele></trkpt>
      <trkpt lat="37.78389" lon="-114.23332"><ele>0.0</ele></trkpt>
      <trkpt lat="37.78391" lon="-114.23285"><ele>0.0</ele></trkpt>
      <trkpt lat="37.78388" lon="-114.23206"><ele>0.0</ele></trkpt>
      <trkpt lat="37.78384" lon="-114.23166"><ele>0.0</ele></trkpt>
      <trkpt lat="37.78374" lon="-114.23113"><ele>0.0</ele></trkpt>
      <trkpt lat="37.78367" lon="-114.23084"><ele>0.0</ele></trkpt>
      <trkpt lat="37.78349" lon="-114.23024"><ele>0.0</ele></trkpt>
      <trkpt lat="37.78338" lon="-114.22997"><ele>0.0</ele></trkpt>
      <trkpt lat="37.78304" lon="-114.22902"><ele>0.0</ele></trkpt>
      <trkpt lat="37.78291" lon="-114.22858"><ele>0.0</ele></trkpt>
      <trkpt lat="37.78279" lon="-114.22807"><ele>0.0</ele></trkpt>
      <trkpt lat="37.78269" lon="-114.22743"><ele>0.0</ele></trkpt>
      <trkpt lat="37.78269" lon="-114.2274"><ele>0.0</ele></trkpt>
      <trkpt lat="37.78265" lon="-114.22694"><ele>0.0</ele></trkpt>
      <trkpt lat="37.78264" lon="-114.22603"><ele>0.0</ele></trkpt>
      <trkpt lat="37.78261" lon="-114.22535"><ele>0.0</ele></trkpt>
      <trkpt lat="37.78255" lon="-114.22479"><ele>0.0</ele></trkpt>
      <trkpt lat="37.78232" lon="-114.22343"><ele>0.0</ele></trkpt>
      <trkpt lat="37.78227" lon="-114.223"><ele>0.0</ele></trkpt>
      <trkpt lat="37.78225" lon="-114.22248"><ele>0.0</ele></trkpt>
      <trkpt lat="37.78221" lon="-114.22201"><ele>0.0</ele></trkpt>
      <trkpt lat="37.78217" lon="-114.22173"><ele>0.0</ele></trkpt>
      <trkpt lat="37.78211" lon="-114.2215"><ele>0.0</ele></trkpt>
      <trkpt lat="37.78189" lon="-114.22076"><ele>0.0</ele></trkpt>
      <trkpt lat="37.78174" lon="-114.22031"><ele>0.0</ele></trkpt>
      <trkpt lat="37.7811" lon="-114.21816"><ele>0.0</ele></trkpt>
      <trkpt lat="37.78104" lon="-114.21793"><ele>0.0</ele></trkpt>
      <trkpt lat="37.78066" lon="-114.21674"><ele>0.0</ele></trkpt>
      <trkpt lat="37.78034" lon="-114.21566"><ele>0.0</ele></trkpt>
      <trkpt lat="37.77988" lon="-114.21463"><ele>0.0</ele></trkpt>
      <trkpt lat="37.7796" lon="-114.21413"><ele>0.0</ele></trkpt>
      <trkpt lat="37.77956" lon="-114.21408"><ele>0.0</ele></trkpt>
      <trkpt lat="37.7789" lon="-114.21308"><ele>0.0</ele></trkpt>
      <trkpt lat="37.77866" lon="-114.21266"><ele>0.0</ele></trkpt>
      <trkpt lat="37.77843" lon="-114.21209"><ele>0.0</ele></trkpt>
      <trkpt lat="37.77835" lon="-114.21184"><ele>0.0</ele></trkpt>
      <trkpt lat="37.77809" lon="-114.21086"><ele>0.0</ele></trkpt>
      <trkpt lat="37.77798" lon="-114.21053"><ele>0.0</ele></trkpt>
      <trkpt lat="37.77781" lon="-114.21009"><ele>0.0</ele></trkpt>
      <trkpt lat="37.77761" lon="-114.20964"><ele>0.0</ele></trkpt>
      <trkpt lat="37.77735" lon="-114.20914"><ele>0.0</ele></trkpt>
      <trkpt lat="37.7743" lon="-114.20384"><ele>0.0</ele></trkpt>
      <trkpt lat="37.77413" lon="-114.20352"><ele>0.0</ele></trkpt>
      <trkpt lat="37.7728" lon="-114.20163"><ele>0.0</ele></trkpt>
      <trkpt lat="37.77269" lon="-114.20149"><ele>0.0</ele></trkpt>
      <trkpt lat="37.77257" lon="-114.20132"><ele>0.0</ele></trkpt>
      <trkpt lat="37.77194" lon="-114.20051"><ele>0.0</ele></trkpt>
      <trkpt lat="37.77182" lon="-114.20034"><ele>0.0</ele></trkpt>
      <trkpt lat="37.77169" lon="-114.20018"><ele>0.0</ele></trkpt>
      <trkpt lat="37.77145" lon="-114.19984"><ele>0.0</ele></trkpt>
      <trkpt lat="37.7712" lon="-114.19951"><ele>0.0</ele></trkpt>
      <trkpt lat="37.77082" lon="-114.19873"><ele>0.0</ele></trkpt>
      <trkpt lat="37.77066" lon="-114.1981"><ele>0.0</ele></trkpt>
      <trkpt lat="37.77056" lon="-114.19745"><ele>0.0</ele></trkpt>
      <trkpt lat="37.77062" lon="-114.19674"><ele>0.0</ele></trkpt>
      <trkpt lat="37.77065" lon="-114.196"><ele>0.0</ele></trkpt>
      <trkpt lat="37.77055" lon="-114.19538"><ele>0.0</ele></trkpt>
      <trkpt lat="37.77035" lon="-114.19474"><ele>0.0</ele></trkpt>
      <trkpt lat="37.77021" lon="-114.19444"><ele>0.0</ele></trkpt>
      <trkpt lat="37.77006" lon="-114.19418"><ele>0.0</ele></trkpt>
      <trkpt lat="37.7699" lon="-114.19394"><ele>0.0</ele></trkpt>
      <trkpt lat="37.76969" lon="-114.19368"><ele>0.0</ele></trkpt>
      <trkpt lat="37.76926" lon="-114.19331"><ele>0.0</ele></trkpt>
      <trkpt lat="37.76883" lon="-114.19302"><ele>0.0</ele></trkpt>
      <trkpt lat="37.76713" lon="-114.19198"><ele>0.0</ele></trkpt>
      <trkpt lat="37.76579" lon="-114.191"><ele>0.0</ele></trkpt>
      <trkpt lat="37.76573" lon="-114.19093"><ele>0.0</ele></trkpt>
      <trkpt lat="37.76559" lon="-114.19079"><ele>0.0</ele></trkpt>
      <trkpt lat="37.76519" lon="-114.19033"><ele>0.0</ele></trkpt>
      <trkpt lat="37.7649" lon="-114.18997"><ele>0.0</ele></trkpt>
      <trkpt lat="37.7642" lon="-114.18935"><ele>0.0</ele></trkpt>
      <trkpt lat="37.76416" lon="-114.18931"><ele>0.0</ele></trkpt>
      <trkpt lat="37.76342" lon="-114.18885"><ele>0.0</ele></trkpt>
      <trkpt lat="37.76276" lon="-114.18846"><ele>0.0</ele></trkpt>
      <trkpt lat="37.76181" lon="-114.18784"><ele>0.0</ele></trkpt>
      <trkpt lat="37.76137" lon="-114.18734"><ele>0.0</ele></trkpt>
      <trkpt lat="37.76087" lon="-114.18661"><ele>0.0</ele></trkpt>
      <trkpt lat="37.76051" lon="-114.18591"><ele>0.0</ele></trkpt>
      <trkpt lat="37.76009" lon="-114.18501"><ele>0.0</ele></trkpt>
      <trkpt lat="37.7598" lon="-114.18459"><ele>0.0</ele></trkpt>
      <trkpt lat="37.75969" lon="-114.18445"><ele>0.0</ele></trkpt>
      <trkpt lat="37.75938" lon="-114.18414"><ele>0.0</ele></trkpt>
      <trkpt lat="37.75913" lon="-114.18392"><ele>0.0</ele></trkpt>
      <trkpt lat="37.75856" lon="-114.18338"><ele>0.0</ele></trkpt>
      <trkpt lat="37.75824" lon="-114.18301"><ele>0.0</ele></trkpt>
      <trkpt lat="37.75796" lon="-114.18264"><ele>0.0</ele></trkpt>
      <trkpt lat="37.75724" lon="-114.1814"><ele>0.0</ele></trkpt>
      <trkpt lat="37.75614" lon="-114.17998"><ele>0.0</ele></trkpt>
      <trkpt lat="37.75613" lon="-114.17996"><ele>0.0</ele></trkpt>
      <trkpt lat="37.75461" lon="-114.17795"><ele>0.0</ele></trkpt>
      <trkpt lat="37.75445" lon="-114.17767"><ele>0.0</ele></trkpt>
      <trkpt lat="37.75428" lon="-114.17733"><ele>0.0</ele></trkpt>
      <trkpt lat="37.75391" lon="-114.17625"><ele>0.0</ele></trkpt>
      <trkpt lat="37.75371" lon="-114.17583"><ele>0.0</ele></trkpt>
      <trkpt lat="37.7535" lon="-114.17545"><ele>0.0</ele></trkpt>
      <trkpt lat="37.75287" lon="-114.17457"><ele>0.0</ele></trkpt>
      <trkpt lat="37.75187" lon="-114.17345"><ele>0.0</ele></trkpt>
      <trkpt lat="37.75171" lon="-114.17324"><ele>0.0</ele></trkpt>
      <trkpt lat="37.75165" lon="-114.17314"><ele>0.0</ele></trkpt>
      <trkpt lat="37.75164" lon="-114.17313"><ele>0.0</ele></trkpt>
      <trkpt lat="37.75147" lon="-114.17282"><ele>0.0</ele></trkpt>
      <trkpt lat="37.75145" lon="-114.17275"><ele>0.0</ele></trkpt>
      <trkpt lat="37.75136" lon="-114.17255"><ele>0.0</ele></trkpt>
      <trkpt lat="37.75135" lon="-114.17251"><ele>0.0</ele></trkpt>
      <trkpt lat="37.75129" lon="-114.17237"><ele>0.0</ele></trkpt>
      <trkpt lat="37.75129" lon="-114.17234"><ele>0.0</ele></trkpt>
      <trkpt lat="37.75123" lon="-114.17217"><ele>0.0</ele></trkpt>
      <trkpt lat="37.75122" lon="-114.17216"><ele>0.0</ele></trkpt>
      <trkpt lat="37.751" lon="-114.17149"><ele>0.0</ele></trkpt>
      <trkpt lat="37.75082" lon="-114.17081"><ele>0.0</ele></trkpt>
      <trkpt lat="37.75062" lon="-114.17032"><ele>0.0</ele></trkpt>
      <trkpt lat="37.75032" lon="-114.16966"><ele>0.0</ele></trkpt>
      <trkpt lat="37.7503" lon="-114.16963"><ele>0.0</ele></trkpt>
      <trkpt lat="37.74975" lon="-114.16853"><ele>0.0</ele></trkpt>
      <trkpt lat="37.74974" lon="-114.1685"><ele>0.0</ele></trkpt>
      <trkpt lat="37.74965" lon="-114.16831"><ele>0.0</ele></trkpt>
      <trkpt lat="37.74886" lon="-114.16679"><ele>0.0</ele></trkpt>
      <trkpt lat="37.74831" lon="-114.16581"><ele>0.0</ele></trkpt>
      <trkpt lat="37.74775" lon="-114.16475"><ele>0.0</ele></trkpt>
      <trkpt lat="37.74773" lon="-114.16473"><ele>0.0</ele></trkpt>
      <trkpt lat="37.74772" lon="-114.1647"><ele>0.0</ele></trkpt>
      <trkpt lat="37.74763" lon="-114.16454"><ele>0.0</ele></trkpt>
      <trkpt lat="37.74761" lon="-114.16449"><ele>0.0</ele></trkpt>
      <trkpt lat="37.74714" lon="-114.1637"><ele>0.0</ele></trkpt>
      <trkpt lat="37.74664" lon="-114.16296"><ele>0.0</ele></trkpt>
      <trkpt lat="37.74619" lon="-114.16225"><ele>0.0</ele></trkpt>
      <trkpt lat="37.74619" lon="-114.16224"><ele>0.0</ele></trkpt>
      <trkpt lat="37.74618" lon="-114.16223"><ele>0.0</ele></trkpt>
      <trkpt lat="37.74614" lon="-114.16216"><ele>0.0</ele></trkpt>
      <trkpt lat="37.74454" lon="-114.1597"><ele>0.0</ele></trkpt>
      <trkpt lat="37.74416" lon="-114.15903"><ele>0.0</ele></trkpt>
      <trkpt lat="37.7439" lon="-114.15845"><ele>0.0</ele></trkpt>
      <trkpt lat="37.74345" lon="-114.15728"><ele>0.0</ele></trkpt>
      <trkpt lat="37.74326" lon="-114.15673"><ele>0.0</ele></trkpt>
      <trkpt lat="37.73994" lon="-114.14798"><ele>0.0</ele></trkpt>
      <trkpt lat="37.73987" lon="-114.14777"><ele>0.0</ele></trkpt>
      <trkpt lat="37.73612" lon="-114.13783"><ele>0.0</ele></trkpt>
      <trkpt lat="37.73611" lon="-114.13781"><ele>0.0</ele></trkpt>
      <trkpt lat="37.73545" lon="-114.13607"><ele>0.0</ele></trkpt>
      <trkpt lat="37.73519" lon="-114.1353"><ele>0.0</ele></trkpt>
      <trkpt lat="37.73506" lon="-114.13488"><ele>0.0</ele></trkpt>
      <trkpt lat="37.73504" lon="-114.13477"><ele>0.0</ele></trkpt>
      <trkpt lat="37.73494" lon="-114.13436"><ele>0.0</ele></trkpt>
      <trkpt lat="37.73493" lon="-114.13433"><ele>0.0</ele></trkpt>
      <trkpt lat="37.73476" lon="-114.13337"><ele>0.0</ele></trkpt>
      <trkpt lat="37.73464" lon="-114.1324"><ele>0.0</ele></trkpt>
      <trkpt lat="37.73456" lon="-114.13197"><ele>0.0</ele></trkpt>
      <trkpt lat="37.73429" lon="-114.13103"><ele>0.0</ele></trkpt>
      <trkpt lat="37.73415" lon="-114.13066"><ele>0.0</ele></trkpt>
      <trkpt lat="37.73413" lon="-114.13062"><ele>0.0</ele></trkpt>
      <trkpt lat="37.73402" lon="-114.13035"><ele>0.0</ele></trkpt>
      <trkpt lat="37.73245" lon="-114.12723"><ele>0.0</ele></trkpt>
      <trkpt lat="37.73193" lon="-114.12614"><ele>0.0</ele></trkpt>
      <trkpt lat="37.73146" lon="-114.12496"><ele>0.0</ele></trkpt>
      <trkpt lat="37.73138" lon="-114.12471"><ele>0.0</ele></trkpt>
      <trkpt lat="37.7313" lon="-114.1245"><ele>0.0</ele></trkpt>
      <trkpt lat="37.73123" lon="-114.12429"><ele>0.0</ele></trkpt>
      <trkpt lat="37.73117" lon="-114.12408"><ele>0.0</ele></trkpt>
      <trkpt lat="37.73093" lon="-114.12334"><ele>0.0</ele></trkpt>
      <trkpt lat="37.73069" lon="-114.12244"><ele>0.0</ele></trkpt>
      <trkpt lat="37.73067" lon="-114.12238"><ele>0.0</ele></trkpt>
      <trkpt lat="37.73049" lon="-114.1216"><ele>0.0</ele></trkpt>
      <trkpt lat="37.7278" lon="-114.10517"><ele>0.0</ele></trkpt>
      <trkpt lat="37.7278" lon="-114.10513"><ele>0.0</ele></trkpt>
      <trkpt lat="37.72766" lon="-114.10428"><ele>0.0</ele></trkpt>
      <trkpt lat="37.72765" lon="-114.10424"><ele>0.0</ele></trkpt>
      <trkpt lat="37.72765" lon="-114.10423"><ele>0.0</ele></trkpt>
      <trkpt lat="37.72748" lon="-114.10317"><ele>0.0</ele></trkpt>
      <trkpt lat="37.72747" lon="-114.10313"><ele>0.0</ele></trkpt>
      <trkpt lat="37.72733" lon="-114.10228"><ele>0.0</ele></trkpt>
      <trkpt lat="37.72733" lon="-114.10224"><ele>0.0</ele></trkpt>
      <trkpt lat="37.72725" lon="-114.10178"><ele>0.0</ele></trkpt>
      <trkpt lat="37.72723" lon="-114.10161"><ele>0.0</ele></trkpt>
      <trkpt lat="37.72682" lon="-114.09911"><ele>0.0</ele></trkpt>
      <trkpt lat="37.7268" lon="-114.09894"><ele>0.0</ele></trkpt>
      <trkpt lat="37.72676" lon="-114.09871"><ele>0.0</ele></trkpt>
      <trkpt lat="37.72675" lon="-114.09867"><ele>0.0</ele></trkpt>
      <trkpt lat="37.72664" lon="-114.09799"><ele>0.0</ele></trkpt>
      <trkpt lat="37.72662" lon="-114.09782"><ele>0.0</ele></trkpt>
      <trkpt lat="37.72657" lon="-114.09756"><ele>0.0</ele></trkpt>
      <trkpt lat="37.72655" lon="-114.09738"><ele>0.0</ele></trkpt>
      <trkpt lat="37.72643" lon="-114.09666"><ele>0.0</ele></trkpt>
      <trkpt lat="37.72641" lon="-114.0965"><ele>0.0</ele></trkpt>
      <trkpt lat="37.7264" lon="-114.09648"><ele>0.0</ele></trkpt>
      <trkpt lat="37.72622" lon="-114.09511"><ele>0.0</ele></trkpt>
      <trkpt lat="37.72614" lon="-114.09435"><ele>0.0</ele></trkpt>
      <trkpt lat="37.72605" lon="-114.09316"><ele>0.0</ele></trkpt>
      <trkpt lat="37.72593" lon="-114.09071"><ele>0.0</ele></trkpt>
      <trkpt lat="37.72593" lon="-114.09061"><ele>0.0</ele></trkpt>
      <trkpt lat="37.72592" lon="-114.09056"><ele>0.0</ele></trkpt>
      <trkpt lat="37.72592" lon="-114.09038"><ele>0.0</ele></trkpt>
      <trkpt lat="37.72586" lon="-114.08925"><ele>0.0</ele></trkpt>
      <trkpt lat="37.72585" lon="-114.08919"><ele>0.0</ele></trkpt>
      <trkpt lat="37.72578" lon="-114.08766"><ele>0.0</ele></trkpt>
      <trkpt lat="37.72577" lon="-114.08761"><ele>0.0</ele></trkpt>
      <trkpt lat="37.72577" lon="-114.08743"><ele>0.0</ele></trkpt>
      <trkpt lat="37.72555" lon="-114.08289"><ele>0.0</ele></trkpt>
      <trkpt lat="37.72554" lon="-114.08284"><ele>0.0</ele></trkpt>
      <trkpt lat="37.72531" lon="-114.07813"><ele>0.0</ele></trkpt>
      <trkpt lat="37.7253" lon="-114.07808"><ele>0.0</ele></trkpt>
      <trkpt lat="37.72524" lon="-114.07676"><ele>0.0</ele></trkpt>
      <trkpt lat="37.72523" lon="-114.07672"><ele>0.0</ele></trkpt>
      <trkpt lat="37.72466" lon="-114.06496"><ele>0.0</ele></trkpt>
      <trkpt lat="37.72466" lon="-114.0648"><ele>0.0</ele></trkpt>
      <trkpt lat="37.72452" lon="-114.06201"><ele>0.0</ele></trkpt>
      <trkpt lat="37.72451" lon="-114.06196"><ele>0.0</ele></trkpt>
      <trkpt lat="37.7243" lon="-114.05747"><ele>0.0</ele></trkpt>
      <trkpt lat="37.72429" lon="-114.05743"><ele>0.0</ele></trkpt>
      <trkpt lat="37.72426" lon="-114.05695"><ele>0.0</ele></trkpt>
      <trkpt lat="37.72426" lon="-114.05679"><ele>0.0</ele></trkpt>
      <trkpt lat="37.72413" lon="-114.05418"><ele>0.0</ele></trkpt>
      <trkpt lat="37.72413" lon="-114.05407"><ele>0.0</ele></trkpt>
      <trkpt lat="37.72392" lon="-114.04977"><ele>0.0</ele></trkpt>
      <trkpt lat="37.72392" lon="-114.04966"><ele>0.0</ele></trkpt>
      <trkpt lat="37.72379" lon="-114.04726"><ele>0.0</ele></trkpt>
      <trkpt lat="37.72375" lon="-114.04603"><ele>0.0</ele></trkpt>
      <trkpt lat="37.72376" lon="-114.04461"><ele>0.0</ele></trkpt>
      <trkpt lat="37.72378" lon="-114.04417"><ele>0.0</ele></trkpt>
      <trkpt lat="37.72387" lon="-114.04313"><ele>0.0</ele></trkpt>
      <trkpt lat="37.72388" lon="-114.04308"><ele>0.0</ele></trkpt>
      <trkpt lat="37.72396" lon="-114.04231"><ele>0.0</ele></trkpt>
      <trkpt lat="37.72402" lon="-114.04196"><ele>0.0</ele></trkpt>
      <trkpt lat="37.72403" lon="-114.04184"><ele>0.0</ele></trkpt>
      <trkpt lat="37.7241" lon="-114.04141"><ele>0.0</ele></trkpt>
      <trkpt lat="37.72413" lon="-114.04129"><ele>0.0</ele></trkpt>
      <trkpt lat="37.7242" lon="-114.04089"><ele>0.0</ele></trkpt>
      <trkpt lat="37.72425" lon="-114.04068"><ele>0.0</ele></trkpt>
      <trkpt lat="37.72433" lon="-114.04026"><ele>0.0</ele></trkpt>
      <trkpt lat="37.72462" lon="-114.0391"><ele>0.0</ele></trkpt>
      <trkpt lat="37.7248" lon="-114.03853"><ele>0.0</ele></trkpt>
      <trkpt lat="37.72492" lon="-114.03811"><ele>0.0</ele></trkpt>
      <trkpt lat="37.72495" lon="-114.03804"><ele>0.0</ele></trkpt>
      <trkpt lat="37.72525" lon="-114.03716"><ele>0.0</ele></trkpt>
      <trkpt lat="37.72544" lon="-114.03665"><ele>0.0</ele></trkpt>
      <trkpt lat="37.72565" lon="-114.03614"><ele>0.0</ele></trkpt>
      <trkpt lat="37.72617" lon="-114.03504"><ele>0.0</ele></trkpt>
      <trkpt lat="37.72652" lon="-114.03437"><ele>0.0</ele></trkpt>
      <trkpt lat="37.72656" lon="-114.03431"><ele>0.0</ele></trkpt>
      <trkpt lat="37.72673" lon="-114.03399"><ele>0.0</ele></trkpt>
      <trkpt lat="37.72689" lon="-114.03373"><ele>0.0</ele></trkpt>
      <trkpt lat="37.72691" lon="-114.03369"><ele>0.0</ele></trkpt>
      <trkpt lat="37.72702" lon="-114.03352"><ele>0.0</ele></trkpt>
      <trkpt lat="37.72702" lon="-114.03351"><ele>0.0</ele></trkpt>
      <trkpt lat="37.72723" lon="-114.0332"><ele>0.0</ele></trkpt>
      <trkpt lat="37.72725" lon="-114.03316"><ele>0.0</ele></trkpt>
      <trkpt lat="37.72741" lon="-114.03292"><ele>0.0</ele></trkpt>
      <trkpt lat="37.72749" lon="-114.03282"><ele>0.0</ele></trkpt>
      <trkpt lat="37.72758" lon="-114.03268"><ele>0.0</ele></trkpt>
      <trkpt lat="37.7276" lon="-114.03264"><ele>0.0</ele></trkpt>
      <trkpt lat="37.72796" lon="-114.03213"><ele>0.0</ele></trkpt>
      <trkpt lat="37.72853" lon="-114.03125"><ele>0.0</ele></trkpt>
      <trkpt lat="37.72853" lon="-114.03123"><ele>0.0</ele></trkpt>
      <trkpt lat="37.72864" lon="-114.03107"><ele>0.0</ele></trkpt>
      <trkpt lat="37.72868" lon="-114.03102"><ele>0.0</ele></trkpt>
      <trkpt lat="37.72981" lon="-114.02936"><ele>0.0</ele></trkpt>
      <trkpt lat="37.72993" lon="-114.02917"><ele>0.0</ele></trkpt>
      <trkpt lat="37.73078" lon="-114.02792"><ele>0.0</ele></trkpt>
      <trkpt lat="37.73093" lon="-114.02773"><ele>0.0</ele></trkpt>
      <trkpt lat="37.73119" lon="-114.02732"><ele>0.0</ele></trkpt>
      <trkpt lat="37.73131" lon="-114.02715"><ele>0.0</ele></trkpt>
      <trkpt lat="37.73142" lon="-114.02697"><ele>0.0</ele></trkpt>
      <trkpt lat="37.73377" lon="-114.02352"><ele>0.0</ele></trkpt>
      <trkpt lat="37.73378" lon="-114.0235"><ele>0.0</ele></trkpt>
      <trkpt lat="37.73473" lon="-114.02217"><ele>0.0</ele></trkpt>
      <trkpt lat="37.73477" lon="-114.02213"><ele>0.0</ele></trkpt>
      <trkpt lat="37.73535" lon="-114.02135"><ele>0.0</ele></trkpt>
      <trkpt lat="37.73548" lon="-114.02119"><ele>0.0</ele></trkpt>
      <trkpt lat="37.7356" lon="-114.02102"><ele>0.0</ele></trkpt>
      <trkpt lat="37.73562" lon="-114.021"><ele>0.0</ele></trkpt>
      <trkpt lat="37.73647" lon="-114.01987"><ele>0.0</ele></trkpt>
      <trkpt lat="37.73781" lon="-114.01803"><ele>0.0</ele></trkpt>
      <trkpt lat="37.73833" lon="-114.01738"><ele>0.0</ele></trkpt>
      <trkpt lat="37.73844" lon="-114.01722"><ele>0.0</ele></trkpt>
      <trkpt lat="37.74337" lon="-114.01061"><ele>0.0</ele></trkpt>
      <trkpt lat="37.74357" lon="-114.01036"><ele>0.0</ele></trkpt>
      <trkpt lat="37.74555" lon="-114.00772"><ele>0.0</ele></trkpt>
      <trkpt lat="37.74561" lon="-114.00765"><ele>0.0</ele></trkpt>
      <trkpt lat="37.74934" lon="-114.00267"><ele>0.0</ele></trkpt>
      <trkpt lat="37.74948" lon="-114.00247"><ele>0.0</ele></trkpt>
      <trkpt lat="37.74998" lon="-114.00181"><ele>0.0</ele></trkpt>
      <trkpt lat="37.74999" lon="-114.00179"><ele>0.0</ele></trkpt>
      <trkpt lat="37.75306" lon="-113.9977"><ele>0.0</ele></trkpt>
      <trkpt lat="37.75307" lon="-113.99768"><ele>0.0</ele></trkpt>
      <trkpt lat="37.75459" lon="-113.99565"><ele>0.0</ele></trkpt>
      <trkpt lat="37.75468" lon="-113.99554"><ele>0.0</ele></trkpt>
      <trkpt lat="37.75665" lon="-113.99288"><ele>0.0</ele></trkpt>
      <trkpt lat="37.75724" lon="-113.99211"><ele>0.0</ele></trkpt>
      <trkpt lat="37.75817" lon="-113.99096"><ele>0.0</ele></trkpt>
      <trkpt lat="37.75874" lon="-113.9903"><ele>0.0</ele></trkpt>
      <trkpt lat="37.75888" lon="-113.99015"><ele>0.0</ele></trkpt>
      <trkpt lat="37.75903" lon="-113.98997"><ele>0.0</ele></trkpt>
      <trkpt lat="37.76615" lon="-113.98219"><ele>0.0</ele></trkpt>
      <trkpt lat="37.76718" lon="-113.98115"><ele>0.0</ele></trkpt>
      <trkpt lat="37.78225" lon="-113.96473"><ele>0.0</ele></trkpt>
      <trkpt lat="37.78287" lon="-113.96403"><ele>0.0</ele></trkpt>
      <trkpt lat="37.7835" lon="-113.96322"><ele>0.0</ele></trkpt>
      <trkpt lat="37.78399" lon="-113.96253"><ele>0.0</ele></trkpt>
      <trkpt lat="37.78434" lon="-113.96201"><ele>0.0</ele></trkpt>
      <trkpt lat="37.78481" lon="-113.96122"><ele>0.0</ele></trkpt>
      <trkpt lat="37.78528" lon="-113.96034"><ele>0.0</ele></trkpt>
      <trkpt lat="37.78654" lon="-113.95785"><ele>0.0</ele></trkpt>
      <trkpt lat="37.78657" lon="-113.95777"><ele>0.0</ele></trkpt>
      <trkpt lat="37.78766" lon="-113.95566"><ele>0.0</ele></trkpt>
      <trkpt lat="37.78799" lon="-113.95498"><ele>0.0</ele></trkpt>
      <trkpt lat="37.79335" lon="-113.9444"><ele>0.0</ele></trkpt>
      <trkpt lat="37.79341" lon="-113.94427"><ele>0.0</ele></trkpt>
      <trkpt lat="37.80148" lon="-113.92835"><ele>0.0</ele></trkpt>
      <trkpt lat="37.80189" lon="-113.9275"><ele>0.0</ele></trkpt>
      <trkpt lat="37.80209" lon="-113.92703"><ele>0.0</ele></trkpt>
      <trkpt lat="37.80216" lon="-113.92684"><ele>0.0</ele></trkpt>
      <trkpt lat="37.80235" lon="-113.92626"><ele>0.0</ele></trkpt>
      <trkpt lat="37.80247" lon="-113.92584"><ele>0.0</ele></trkpt>
      <trkpt lat="37.80266" lon="-113.92502"><ele>0.0</ele></trkpt>
      <trkpt lat="37.80271" lon="-113.92472"><ele>0.0</ele></trkpt>
      <trkpt lat="37.8028" lon="-113.92406"><ele>0.0</ele></trkpt>
      <trkpt lat="37.80287" lon="-113.92323"><ele>0.0</ele></trkpt>
      <trkpt lat="37.80288" lon="-113.923"><ele>0.0</ele></trkpt>
      <trkpt lat="37.80288" lon="-113.92234"><ele>0.0</ele></trkpt>
      <trkpt lat="37.80287" lon="-113.92208"><ele>0.0</ele></trkpt>
      <trkpt lat="37.80279" lon="-113.92122"><ele>0.0</ele></trkpt>
      <trkpt lat="37.80278" lon="-113.92117"><ele>0.0</ele></trkpt>
      <trkpt lat="37.80271" lon="-113.92064"><ele>0.0</ele></trkpt>
      <trkpt lat="37.8026" lon="-113.92008"><ele>0.0</ele></trkpt>
      <trkpt lat="37.8026" lon="-113.92005"><ele>0.0</ele></trkpt>
      <trkpt lat="37.80246" lon="-113.91947"><ele>0.0</ele></trkpt>
      <trkpt lat="37.80238" lon="-113.91919"><ele>0.0</ele></trkpt>
      <trkpt lat="37.80237" lon="-113.91917"><ele>0.0</ele></trkpt>
      <trkpt lat="37.80225" lon="-113.91876"><ele>0.0</ele></trkpt>
      <trkpt lat="37.80218" lon="-113.91856"><ele>0.0</ele></trkpt>
      <trkpt lat="37.80195" lon="-113.91798"><ele>0.0</ele></trkpt>
      <trkpt lat="37.8017" lon="-113.91741"><ele>0.0</ele></trkpt>
      <trkpt lat="37.8005" lon="-113.91499"><ele>0.0</ele></trkpt>
      <trkpt lat="37.80041" lon="-113.91483"><ele>0.0</ele></trkpt>
      <trkpt lat="37.79943" lon="-113.91288"><ele>0.0</ele></trkpt>
      <trkpt lat="37.79943" lon="-113.91287"><ele>0.0</ele></trkpt>
      <trkpt lat="37.79934" lon="-113.91268"><ele>0.0</ele></trkpt>
      <trkpt lat="37.79917" lon="-113.91228"><ele>0.0</ele></trkpt>
      <trkpt lat="37.79881" lon="-113.91149"><ele>0.0</ele></trkpt>
      <trkpt lat="37.7983" lon="-113.91025"><ele>0.0</ele></trkpt>
      <trkpt lat="37.79802" lon="-113.90951"><ele>0.0</ele></trkpt>
      <trkpt lat="37.79627" lon="-113.90441"><ele>0.0</ele></trkpt>
      <trkpt lat="37.79626" lon="-113.90437"><ele>0.0</ele></trkpt>
      <trkpt lat="37.78886" lon="-113.88279"><ele>0.0</ele></trkpt>
      <trkpt lat="37.78885" lon="-113.88275"><ele>0.0</ele></trkpt>
      <trkpt lat="37.78864" lon="-113.88212"><ele>0.0</ele></trkpt>
      <trkpt lat="37.78861" lon="-113.88205"><ele>0.0</ele></trkpt>
      <trkpt lat="37.78631" lon="-113.87535"><ele>0.0</ele></trkpt>
      <trkpt lat="37.78619" lon="-113.87503"><ele>0.0</ele></trkpt>
      <trkpt lat="37.78576" lon="-113.87377"><ele>0.0</ele></trkpt>
      <trkpt lat="37.78575" lon="-113.87373"><ele>0.0</ele></trkpt>
      <trkpt lat="37.78519" lon="-113.8721"><ele>0.0</ele></trkpt>
      <trkpt lat="37.78516" lon="-113.87203"><ele>0.0</ele></trkpt>
      <trkpt lat="37.78469" lon="-113.87065"><ele>0.0</ele></trkpt>
      <trkpt lat="37.78468" lon="-113.87064"><ele>0.0</ele></trkpt>
      <trkpt lat="37.76622" lon="-113.81686"><ele>0.0</ele></trkpt>
      <trkpt lat="37.76528" lon="-113.81404"><ele>0.0</ele></trkpt>
      <trkpt lat="37.74515" lon="-113.75563"><ele>0.0</ele></trkpt>
      <trkpt lat="37.73852" lon="-113.73716"><ele>0.0</ele></trkpt>
      <trkpt lat="37.73844" lon="-113.73696"><ele>0.0</ele></trkpt>
      <trkpt lat="37.73719" lon="-113.73343"><ele>0.0</ele></trkpt>
      <trkpt lat="37.73711" lon="-113.73323"><ele>0.0</ele></trkpt>
      <trkpt lat="37.73467" lon="-113.72641"><ele>0.0</ele></trkpt>
      <trkpt lat="37.73466" lon="-113.72639"><ele>0.0</ele></trkpt>
      <trkpt lat="37.73311" lon="-113.72208"><ele>0.0</ele></trkpt>
      <trkpt lat="37.7331" lon="-113.72204"><ele>0.0</ele></trkpt>
      <trkpt lat="37.72182" lon="-113.69055"><ele>0.0</ele></trkpt>
      <trkpt lat="37.72174" lon="-113.69035"><ele>0.0</ele></trkpt>
      <trkpt lat="37.71888" lon="-113.68237"><ele>0.0</ele></trkpt>
      <trkpt lat="37.71874" lon="-113.68195"><ele>0.0</ele></trkpt>
      <trkpt lat="37.71461" lon="-113.67047"><ele>0.0</ele></trkpt>
      <trkpt lat="37.71393" lon="-113.66864"><ele>0.0</ele></trkpt>
      <trkpt lat="37.71355" lon="-113.66755"><ele>0.0</ele></trkpt>
      <trkpt lat="37.71347" lon="-113.66735"><ele>0.0</ele></trkpt>
      <trkpt lat="37.71127" lon="-113.6612"><ele>0.0</ele></trkpt>
      <trkpt lat="37.70941" lon="-113.65619"><ele>0.0</ele></trkpt>
      <trkpt lat="37.70878" lon="-113.65433"><ele>0.0</ele></trkpt>
      <trkpt lat="37.70137" lon="-113.63366"><ele>0.0</ele></trkpt>
      <trkpt lat="37.7013" lon="-113.63349"><ele>0.0</ele></trkpt>
      <trkpt lat="37.69148" lon="-113.6062"><ele>0.0</ele></trkpt>
      <trkpt lat="37.69141" lon="-113.60603"><ele>0.0</ele></trkpt>
      <trkpt lat="37.67945" lon="-113.57279"><ele>0.0</ele></trkpt>
      <trkpt lat="37.67944" lon="-113.57277"><ele>0.0</ele></trkpt>
      <trkpt lat="37.6778" lon="-113.56822"><ele>0.0</ele></trkpt>
      <trkpt lat="37.67779" lon="-113.56821"><ele>0.0</ele></trkpt>
      <trkpt lat="37.67745" lon="-113.56722"><ele>0.0</ele></trkpt>
      <trkpt lat="37.67727" lon="-113.56675"><ele>0.0</ele></trkpt>
      <trkpt lat="37.67658" lon="-113.56481"><ele>0.0</ele></trkpt>
      <trkpt lat="37.67653" lon="-113.5647"><ele>0.0</ele></trkpt>
      <trkpt lat="37.67562" lon="-113.56216"><ele>0.0</ele></trkpt>
      <trkpt lat="37.67561" lon="-113.56212"><ele>0.0</ele></trkpt>
      <trkpt lat="37.67554" lon="-113.56195"><ele>0.0</ele></trkpt>
      <trkpt lat="37.67443" lon="-113.55886"><ele>0.0</ele></trkpt>
      <trkpt lat="37.67442" lon="-113.55885"><ele>0.0</ele></trkpt>
      <trkpt lat="37.6743" lon="-113.5585"><ele>0.0</ele></trkpt>
      <trkpt lat="37.6742" lon="-113.55824"><ele>0.0</ele></trkpt>
      <trkpt lat="37.6742" lon="-113.55823"><ele>0.0</ele></trkpt>
      <trkpt lat="37.67413" lon="-113.55804"><ele>0.0</ele></trkpt>
      <trkpt lat="37.67412" lon="-113.55802"><ele>0.0</ele></trkpt>
      <trkpt lat="37.67352" lon="-113.55637"><ele>0.0</ele></trkpt>
      <trkpt lat="37.67346" lon="-113.55617"><ele>0.0</ele></trkpt>
      <trkpt lat="37.67331" lon="-113.55574"><ele>0.0</ele></trkpt>
      <trkpt lat="37.67318" lon="-113.55532"><ele>0.0</ele></trkpt>
      <trkpt lat="37.67294" lon="-113.55446"><ele>0.0</ele></trkpt>
      <trkpt lat="37.67274" lon="-113.55363"><ele>0.0</ele></trkpt>
      <trkpt lat="37.6726" lon="-113.55288"><ele>0.0</ele></trkpt>
      <trkpt lat="37.67259" lon="-113.55288"><ele>0.0</ele></trkpt>
      <trkpt lat="37.6724" lon="-113.55168"><ele>0.0</ele></trkpt>
      <trkpt lat="37.67226" lon="-113.55043"><ele>0.0</ele></trkpt>
      <trkpt lat="37.67217" lon="-113.54906"><ele>0.0</ele></trkpt>
      <trkpt lat="37.67218" lon="-113.5474"><ele>0.0</ele></trkpt>
      <trkpt lat="37.67221" lon="-113.54682"><ele>0.0</ele></trkpt>
      <trkpt lat="37.67238" lon="-113.54505"><ele>0.0</ele></trkpt>
      <trkpt lat="37.67545" lon="-113.51743"><ele>0.0</ele></trkpt>
      <trkpt lat="37.67551" lon="-113.51674"><ele>0.0</ele></trkpt>
      <trkpt lat="37.67551" lon="-113.51666"><ele>0.0</ele></trkpt>
      <trkpt lat="37.67562" lon="-113.51493"><ele>0.0</ele></trkpt>
      <trkpt lat="37.67567" lon="-113.51305"><ele>0.0</ele></trkpt>
      <trkpt lat="37.67567" lon="-113.51243"><ele>0.0</ele></trkpt>
      <trkpt lat="37.67568" lon="-113.51221"><ele>0.0</ele></trkpt>
      <trkpt lat="37.67582" lon="-113.50042"><ele>0.0</ele></trkpt>
      <trkpt lat="37.67584" lon="-113.49978"><ele>0.0</ele></trkpt>
      <trkpt lat="37.67584" lon="-113.49928"><ele>0.0</ele></trkpt>
      <trkpt lat="37.67585" lon="-113.49908"><ele>0.0</ele></trkpt>
      <trkpt lat="37.67585" lon="-113.49787"><ele>0.0</ele></trkpt>
      <trkpt lat="37.67583" lon="-113.49743"><ele>0.0</ele></trkpt>
      <trkpt lat="37.67579" lon="-113.49699"><ele>0.0</ele></trkpt>
      <trkpt lat="37.67576" lon="-113.49679"><ele>0.0</ele></trkpt>
      <trkpt lat="37.67574" lon="-113.49655"><ele>0.0</ele></trkpt>
      <trkpt lat="37.67567" lon="-113.49615"><ele>0.0</ele></trkpt>
      <trkpt lat="37.67567" lon="-113.49612"><ele>0.0</ele></trkpt>
      <trkpt lat="37.67562" lon="-113.4959"><ele>0.0</ele></trkpt>
      <trkpt lat="37.67557" lon="-113.49563"><ele>0.0</ele></trkpt>
      <trkpt lat="37.67544" lon="-113.49507"><ele>0.0</ele></trkpt>
      <trkpt lat="37.67533" lon="-113.49465"><ele>0.0</ele></trkpt>
      <trkpt lat="37.67515" lon="-113.49412"><ele>0.0</ele></trkpt>
      <trkpt lat="37.67495" lon="-113.49361"><ele>0.0</ele></trkpt>
      <trkpt lat="37.67439" lon="-113.49242"><ele>0.0</ele></trkpt>
      <trkpt lat="37.6714" lon="-113.48628"><ele>0.0</ele></trkpt>
      <trkpt lat="37.67134" lon="-113.48617"><ele>0.0</ele></trkpt>
      <trkpt lat="37.66618" lon="-113.47557"><ele>0.0</ele></trkpt>
      <trkpt lat="37.66558" lon="-113.47418"><ele>0.0</ele></trkpt>
      <trkpt lat="37.66514" lon="-113.47307"><ele>0.0</ele></trkpt>
      <trkpt lat="37.66344" lon="-113.46818"><ele>0.0</ele></trkpt>
      <trkpt lat="37.66303" lon="-113.46691"><ele>0.0</ele></trkpt>
      <trkpt lat="37.66302" lon="-113.46689"><ele>0.0</ele></trkpt>
      <trkpt lat="37.66274" lon="-113.466"><ele>0.0</ele></trkpt>
      <trkpt lat="37.66269" lon="-113.46586"><ele>0.0</ele></trkpt>
      <trkpt lat="37.66269" lon="-113.46584"><ele>0.0</ele></trkpt>
      <trkpt lat="37.66235" lon="-113.46478"><ele>0.0</ele></trkpt>
      <trkpt lat="37.66231" lon="-113.46463"><ele>0.0</ele></trkpt>
      <trkpt lat="37.66205" lon="-113.46385"><ele>0.0</ele></trkpt>
      <trkpt lat="37.66185" lon="-113.46332"><ele>0.0</ele></trkpt>
      <trkpt lat="37.6616" lon="-113.46279"><ele>0.0</ele></trkpt>
      <trkpt lat="37.66142" lon="-113.46244"><ele>0.0</ele></trkpt>
      <trkpt lat="37.66096" lon="-113.46167"><ele>0.0</ele></trkpt>
      <trkpt lat="37.66063" lon="-113.46121"><ele>0.0</ele></trkpt>
      <trkpt lat="37.66004" lon="-113.46049"><ele>0.0</ele></trkpt>
      <trkpt lat="37.65635" lon="-113.45621"><ele>0.0</ele></trkpt>
      <trkpt lat="37.65621" lon="-113.45606"><ele>0.0</ele></trkpt>
      <trkpt lat="37.64724" lon="-113.44566"><ele>0.0</ele></trkpt>
      <trkpt lat="37.64718" lon="-113.44558"><ele>0.0</ele></trkpt>
      <trkpt lat="37.64537" lon="-113.44348"><ele>0.0</ele></trkpt>
      <trkpt lat="37.64536" lon="-113.44348"><ele>0.0</ele></trkpt>
      <trkpt lat="37.64393" lon="-113.44182"><ele>0.0</ele></trkpt>
      <trkpt lat="37.64391" lon="-113.44179"><ele>0.0</ele></trkpt>
      <trkpt lat="37.64325" lon="-113.44102"><ele>0.0</ele></trkpt>
      <trkpt lat="37.64311" lon="-113.44087"><ele>0.0</ele></trkpt>
      <trkpt lat="37.64301" lon="-113.44074"><ele>0.0</ele></trkpt>
      <trkpt lat="37.64249" lon="-113.44014"><ele>0.0</ele></trkpt>
      <trkpt lat="37.64245" lon="-113.4401"><ele>0.0</ele></trkpt>
      <trkpt lat="37.64221" lon="-113.43982"><ele>0.0</ele></trkpt>
      <trkpt lat="37.64219" lon="-113.43979"><ele>0.0</ele></trkpt>
      <trkpt lat="37.64205" lon="-113.43964"><ele>0.0</ele></trkpt>
      <trkpt lat="37.63173" lon="-113.42767"><ele>0.0</ele></trkpt>
      <trkpt lat="37.63165" lon="-113.42759"><ele>0.0</ele></trkpt>
      <trkpt lat="37.62795" lon="-113.42328"><ele>0.0</ele></trkpt>
      <trkpt lat="37.62781" lon="-113.42313"><ele>0.0</ele></trkpt>
      <trkpt lat="37.62556" lon="-113.42052"><ele>0.0</ele></trkpt>
      <trkpt lat="37.62552" lon="-113.42046"><ele>0.0</ele></trkpt>
      <trkpt lat="37.62516" lon="-113.42006"><ele>0.0</ele></trkpt>
      <trkpt lat="37.6249" lon="-113.41975"><ele>0.0</ele></trkpt>
      <trkpt lat="37.62476" lon="-113.4196"><ele>0.0</ele></trkpt>
      <trkpt lat="37.62019" lon="-113.4143"><ele>0.0</ele></trkpt>
      <trkpt lat="37.62018" lon="-113.4143"><ele>0.0</ele></trkpt>
      <trkpt lat="37.61938" lon="-113.41339"><ele>0.0</ele></trkpt>
      <trkpt lat="37.61937" lon="-113.41337"><ele>0.0</ele></trkpt>
      <trkpt lat="37.61897" lon="-113.41291"><ele>0.0</ele></trkpt>
      <trkpt lat="37.61871" lon="-113.41259"><ele>0.0</ele></trkpt>
      <trkpt lat="37.61774" lon="-113.41149"><ele>0.0</ele></trkpt>
      <trkpt lat="37.61734" lon="-113.41101"><ele>0.0</ele></trkpt>
      <trkpt lat="37.61674" lon="-113.41019"><ele>0.0</ele></trkpt>
      <trkpt lat="37.61661" lon="-113.41003"><ele>0.0</ele></trkpt>
      <trkpt lat="37.61642" lon="-113.40976"><ele>0.0</ele></trkpt>
      <trkpt lat="37.61601" lon="-113.40914"><ele>0.0</ele></trkpt>
      <trkpt lat="37.61423" lon="-113.40608"><ele>0.0</ele></trkpt>
      <trkpt lat="37.61422" lon="-113.40605"><ele>0.0</ele></trkpt>
      <trkpt lat="37.61385" lon="-113.40541"><ele>0.0</ele></trkpt>
      <trkpt lat="37.61368" lon="-113.40514"><ele>0.0</ele></trkpt>
      <trkpt lat="37.61358" lon="-113.40495"><ele>0.0</ele></trkpt>
      <trkpt lat="37.6134" lon="-113.40464"><ele>0.0</ele></trkpt>
      <trkpt lat="37.61318" lon="-113.4042"><ele>0.0</ele></trkpt>
      <trkpt lat="37.61314" lon="-113.40414"><ele>0.0</ele></trkpt>
      <trkpt lat="37.61255" lon="-113.40309"><ele>0.0</ele></trkpt>
      <trkpt lat="37.61228" lon="-113.40257"><ele>0.0</ele></trkpt>
      <trkpt lat="37.61212" lon="-113.40218"><ele>0.0</ele></trkpt>
      <trkpt lat="37.61209" lon="-113.40212"><ele>0.0</ele></trkpt>
      <trkpt lat="37.61197" lon="-113.4018"><ele>0.0</ele></trkpt>
      <trkpt lat="37.61173" lon="-113.40108"><ele>0.0</ele></trkpt>
      <trkpt lat="37.61161" lon="-113.40065"><ele>0.0</ele></trkpt>
      <trkpt lat="37.6116" lon="-113.40058"><ele>0.0</ele></trkpt>
      <trkpt lat="37.61144" lon="-113.39986"><ele>0.0</ele></trkpt>
      <trkpt lat="37.61134" lon="-113.39921"><ele>0.0</ele></trkpt>
      <trkpt lat="37.6113" lon="-113.39883"><ele>0.0</ele></trkpt>
      <trkpt lat="37.61126" lon="-113.39828"><ele>0.0</ele></trkpt>
      <trkpt lat="37.61125" lon="-113.3982"><ele>0.0</ele></trkpt>
      <trkpt lat="37.61124" lon="-113.39797"><ele>0.0</ele></trkpt>
      <trkpt lat="37.6112" lon="-113.38382"><ele>0.0</ele></trkpt>
      <trkpt lat="37.61105" lon="-113.37974"><ele>0.0</ele></trkpt>
      <trkpt lat="37.61105" lon="-113.37951"><ele>0.0</ele></trkpt>
      <trkpt lat="37.611" lon="-113.3784"><ele>0.0</ele></trkpt>
      <trkpt lat="37.611" lon="-113.37817"><ele>0.0</ele></trkpt>
      <trkpt lat="37.61099" lon="-113.37815"><ele>0.0</ele></trkpt>
      <trkpt lat="37.61089" lon="-113.37537"><ele>0.0</ele></trkpt>
      <trkpt lat="37.61083" lon="-113.37452"><ele>0.0</ele></trkpt>
      <trkpt lat="37.61072" lon="-113.37353"><ele>0.0</ele></trkpt>
      <trkpt lat="37.61057" lon="-113.37275"><ele>0.0</ele></trkpt>
      <trkpt lat="37.61049" lon="-113.37248"><ele>0.0</ele></trkpt>
      <trkpt lat="37.61046" lon="-113.37234"><ele>0.0</ele></trkpt>
      <trkpt lat="37.61022" lon="-113.37153"><ele>0.0</ele></trkpt>
      <trkpt lat="37.61018" lon="-113.37142"><ele>0.0</ele></trkpt>
      <trkpt lat="37.61012" lon="-113.37121"><ele>0.0</ele></trkpt>
      <trkpt lat="37.60967" lon="-113.36985"><ele>0.0</ele></trkpt>
      <trkpt lat="37.60961" lon="-113.36964"><ele>0.0</ele></trkpt>
      <trkpt lat="37.60958" lon="-113.36956"><ele>0.0</ele></trkpt>
      <trkpt lat="37.60937" lon="-113.3689"><ele>0.0</ele></trkpt>
      <trkpt lat="37.60933" lon="-113.3688"><ele>0.0</ele></trkpt>
      <trkpt lat="37.60929" lon="-113.36866"><ele>0.0</ele></trkpt>
      <trkpt lat="37.60926" lon="-113.36859"><ele>0.0</ele></trkpt>
      <trkpt lat="37.6092" lon="-113.36838"><ele>0.0</ele></trkpt>
      <trkpt lat="37.60906" lon="-113.36797"><ele>0.0</ele></trkpt>
      <trkpt lat="37.60889" lon="-113.36737"><ele>0.0</ele></trkpt>
      <trkpt lat="37.60885" lon="-113.3672"><ele>0.0</ele></trkpt>
      <trkpt lat="37.60879" lon="-113.36687"><ele>0.0</ele></trkpt>
      <trkpt lat="37.60878" lon="-113.36684"><ele>0.0</ele></trkpt>
      <trkpt lat="37.60875" lon="-113.36657"><ele>0.0</ele></trkpt>
      <trkpt lat="37.60874" lon="-113.36654"><ele>0.0</ele></trkpt>
      <trkpt lat="37.60871" lon="-113.36623"><ele>0.0</ele></trkpt>
      <trkpt lat="37.60869" lon="-113.36588"><ele>0.0</ele></trkpt>
      <trkpt lat="37.60869" lon="-113.36552"><ele>0.0</ele></trkpt>
      <trkpt lat="37.6087" lon="-113.3654"><ele>0.0</ele></trkpt>
      <trkpt lat="37.6087" lon="-113.36522"><ele>0.0</ele></trkpt>
      <trkpt lat="37.60872" lon="-113.36484"><ele>0.0</ele></trkpt>
      <trkpt lat="37.60872" lon="-113.36471"><ele>0.0</ele></trkpt>
      <trkpt lat="37.60877" lon="-113.36412"><ele>0.0</ele></trkpt>
      <trkpt lat="37.60888" lon="-113.36314"><ele>0.0</ele></trkpt>
      <trkpt lat="37.60888" lon="-113.36304"><ele>0.0</ele></trkpt>
      <trkpt lat="37.60889" lon="-113.36292"><ele>0.0</ele></trkpt>
      <trkpt lat="37.60889" lon="-113.36247"><ele>0.0</ele></trkpt>
      <trkpt lat="37.60888" lon="-113.36229"><ele>0.0</ele></trkpt>
      <trkpt lat="37.60882" lon="-113.36181"><ele>0.0</ele></trkpt>
      <trkpt lat="37.60877" lon="-113.36157"><ele>0.0</ele></trkpt>
      <trkpt lat="37.60877" lon="-113.36155"><ele>0.0</ele></trkpt>
      <trkpt lat="37.60864" lon="-113.36109"><ele>0.0</ele></trkpt>
      <trkpt lat="37.60835" lon="-113.36032"><ele>0.0</ele></trkpt>
      <trkpt lat="37.60826" lon="-113.36012"><ele>0.0</ele></trkpt>
      <trkpt lat="37.60819" lon="-113.35993"><ele>0.0</ele></trkpt>
      <trkpt lat="37.60806" lon="-113.35963"><ele>0.0</ele></trkpt>
      <trkpt lat="37.60789" lon="-113.35917"><ele>0.0</ele></trkpt>
      <trkpt lat="37.60779" lon="-113.35877"><ele>0.0</ele></trkpt>
      <trkpt lat="37.60775" lon="-113.35844"><ele>0.0</ele></trkpt>
      <trkpt lat="37.60774" lon="-113.35821"><ele>0.0</ele></trkpt>
      <trkpt lat="37.60775" lon="-113.35794"><ele>0.0</ele></trkpt>
      <trkpt lat="37.60782" lon="-113.35748"><ele>0.0</ele></trkpt>
      <trkpt lat="37.60794" lon="-113.35701"><ele>0.0</ele></trkpt>
      <trkpt lat="37.60805" lon="-113.35667"><ele>0.0</ele></trkpt>
      <trkpt lat="37.60832" lon="-113.35591"><ele>0.0</ele></trkpt>
      <trkpt lat="37.60834" lon="-113.35584"><ele>0.0</ele></trkpt>
      <trkpt lat="37.61006" lon="-113.35115"><ele>0.0</ele></trkpt>
      <trkpt lat="37.61014" lon="-113.35096"><ele>0.0</ele></trkpt>
      <trkpt lat="37.61016" lon="-113.35088"><ele>0.0</ele></trkpt>
      <trkpt lat="37.61097" lon="-113.34868"><ele>0.0</ele></trkpt>
      <trkpt lat="37.61104" lon="-113.34847"><ele>0.0</ele></trkpt>
      <trkpt lat="37.61134" lon="-113.34767"><ele>0.0</ele></trkpt>
      <trkpt lat="37.61135" lon="-113.34765"><ele>0.0</ele></trkpt>
      <trkpt lat="37.61214" lon="-113.34545"><ele>0.0</ele></trkpt>
      <trkpt lat="37.61217" lon="-113.34538"><ele>0.0</ele></trkpt>
      <trkpt lat="37.61253" lon="-113.34439"><ele>0.0</ele></trkpt>
      <trkpt lat="37.61254" lon="-113.34435"><ele>0.0</ele></trkpt>
      <trkpt lat="37.61354" lon="-113.34158"><ele>0.0</ele></trkpt>
      <trkpt lat="37.61359" lon="-113.34146"><ele>0.0</ele></trkpt>
      <trkpt lat="37.61366" lon="-113.34125"><ele>0.0</ele></trkpt>
      <trkpt lat="37.61374" lon="-113.34106"><ele>0.0</ele></trkpt>
      <trkpt lat="37.61374" lon="-113.34104"><ele>0.0</ele></trkpt>
      <trkpt lat="37.61404" lon="-113.34022"><ele>0.0</ele></trkpt>
      <trkpt lat="37.61404" lon="-113.34021"><ele>0.0</ele></trkpt>
      <trkpt lat="37.61442" lon="-113.33919"><ele>0.0</ele></trkpt>
      <trkpt lat="37.61446" lon="-113.3391"><ele>0.0</ele></trkpt>
      <trkpt lat="37.61465" lon="-113.33859"><ele>0.0</ele></trkpt>
      <trkpt lat="37.61478" lon="-113.33828"><ele>0.0</ele></trkpt>
      <trkpt lat="37.61492" lon="-113.33798"><ele>0.0</ele></trkpt>
      <trkpt lat="37.61493" lon="-113.33795"><ele>0.0</ele></trkpt>
      <trkpt lat="37.61529" lon="-113.3372"><ele>0.0</ele></trkpt>
      <trkpt lat="37.61587" lon="-113.33605"><ele>0.0</ele></trkpt>
      <trkpt lat="37.61599" lon="-113.33583"><ele>0.0</ele></trkpt>
      <trkpt lat="37.61698" lon="-113.33388"><ele>0.0</ele></trkpt>
      <trkpt lat="37.61705" lon="-113.33376"><ele>0.0</ele></trkpt>
      <trkpt lat="37.61794" lon="-113.33198"><ele>0.0</ele></trkpt>
      <trkpt lat="37.61835" lon="-113.3312"><ele>0.0</ele></trkpt>
      <trkpt lat="37.6184" lon="-113.33108"><ele>0.0</ele></trkpt>
      <trkpt lat="37.62026" lon="-113.32745"><ele>0.0</ele></trkpt>
      <trkpt lat="37.62035" lon="-113.32726"><ele>0.0</ele></trkpt>
      <trkpt lat="37.62065" lon="-113.32669"><ele>0.0</ele></trkpt>
      <trkpt lat="37.62074" lon="-113.3265"><ele>0.0</ele></trkpt>
      <trkpt lat="37.62265" lon="-113.32278"><ele>0.0</ele></trkpt>
      <trkpt lat="37.62274" lon="-113.32258"><ele>0.0</ele></trkpt>
      <trkpt lat="37.62459" lon="-113.31895"><ele>0.0</ele></trkpt>
      <trkpt lat="37.62462" lon="-113.31888"><ele>0.0</ele></trkpt>
      <trkpt lat="37.62564" lon="-113.31689"><ele>0.0</ele></trkpt>
      <trkpt lat="37.62566" lon="-113.31684"><ele>0.0</ele></trkpt>
      <trkpt lat="37.62893" lon="-113.31041"><ele>0.0</ele></trkpt>
      <trkpt lat="37.62954" lon="-113.30913"><ele>0.0</ele></trkpt>
      <trkpt lat="37.62962" lon="-113.30898"><ele>0.0</ele></trkpt>
      <trkpt lat="37.62965" lon="-113.3089"><ele>0.0</ele></trkpt>
      <trkpt lat="37.62985" lon="-113.30852"><ele>0.0</ele></trkpt>
      <trkpt lat="37.6299" lon="-113.3084"><ele>0.0</ele></trkpt>
      <trkpt lat="37.62996" lon="-113.30828"><ele>0.0</ele></trkpt>
      <trkpt lat="37.62999" lon="-113.3082"><ele>0.0</ele></trkpt>
      <trkpt lat="37.63016" lon="-113.30781"><ele>0.0</ele></trkpt>
      <trkpt lat="37.63042" lon="-113.30712"><ele>0.0</ele></trkpt>
      <trkpt lat="37.63057" lon="-113.30664"><ele>0.0</ele></trkpt>
      <trkpt lat="37.63062" lon="-113.30643"><ele>0.0</ele></trkpt>
      <trkpt lat="37.63065" lon="-113.30634"><ele>0.0</ele></trkpt>
      <trkpt lat="37.63067" lon="-113.30621"><ele>0.0</ele></trkpt>
      <trkpt lat="37.63073" lon="-113.30593"><ele>0.0</ele></trkpt>
      <trkpt lat="37.63122" lon="-113.30318"><ele>0.0</ele></trkpt>
      <trkpt lat="37.63124" lon="-113.3031"><ele>0.0</ele></trkpt>
      <trkpt lat="37.63126" lon="-113.30296"><ele>0.0</ele></trkpt>
      <trkpt lat="37.63128" lon="-113.30288"><ele>0.0</ele></trkpt>
      <trkpt lat="37.63216" lon="-113.29784"><ele>0.0</ele></trkpt>
      <trkpt lat="37.63217" lon="-113.29776"><ele>0.0</ele></trkpt>
      <trkpt lat="37.63238" lon="-113.29666"><ele>0.0</ele></trkpt>
      <trkpt lat="37.63256" lon="-113.29586"><ele>0.0</ele></trkpt>
      <trkpt lat="37.63266" lon="-113.29549"><ele>0.0</ele></trkpt>
      <trkpt lat="37.63271" lon="-113.29527"><ele>0.0</ele></trkpt>
      <trkpt lat="37.63308" lon="-113.29404"><ele>0.0</ele></trkpt>
      <trkpt lat="37.63311" lon="-113.29397"><ele>0.0</ele></trkpt>
      <trkpt lat="37.63358" lon="-113.29268"><ele>0.0</ele></trkpt>
      <trkpt lat="37.63382" lon="-113.29209"><ele>0.0</ele></trkpt>
      <trkpt lat="37.63625" lon="-113.2858"><ele>0.0</ele></trkpt>
      <trkpt lat="37.63632" lon="-113.28564"><ele>0.0</ele></trkpt>
      <trkpt lat="37.63664" lon="-113.28479"><ele>0.0</ele></trkpt>
      <trkpt lat="37.63668" lon="-113.28471"><ele>0.0</ele></trkpt>
      <trkpt lat="37.63689" lon="-113.28413"><ele>0.0</ele></trkpt>
      <trkpt lat="37.63703" lon="-113.28365"><ele>0.0</ele></trkpt>
      <trkpt lat="37.63705" lon="-113.28353"><ele>0.0</ele></trkpt>
      <trkpt lat="37.6371" lon="-113.28331"><ele>0.0</ele></trkpt>
      <trkpt lat="37.63713" lon="-113.28312"><ele>0.0</ele></trkpt>
      <trkpt lat="37.63714" lon="-113.283"><ele>0.0</ele></trkpt>
      <trkpt lat="37.63716" lon="-113.28289"><ele>0.0</ele></trkpt>
      <trkpt lat="37.63719" lon="-113.28246"><ele>0.0</ele></trkpt>
      <trkpt lat="37.63719" lon="-113.28204"><ele>0.0</ele></trkpt>
      <trkpt lat="37.63717" lon="-113.28164"><ele>0.0</ele></trkpt>
      <trkpt lat="37.63714" lon="-113.28143"><ele>0.0</ele></trkpt>
      <trkpt lat="37.63713" lon="-113.28132"><ele>0.0</ele></trkpt>
      <trkpt lat="37.63712" lon="-113.2813"><ele>0.0</ele></trkpt>
      <trkpt lat="37.63709" lon="-113.28109"><ele>0.0</ele></trkpt>
      <trkpt lat="37.63686" lon="-113.27996"><ele>0.0</ele></trkpt>
      <trkpt lat="37.63682" lon="-113.27982"><ele>0.0</ele></trkpt>
      <trkpt lat="37.63621" lon="-113.27702"><ele>0.0</ele></trkpt>
      <trkpt lat="37.63621" lon="-113.277"><ele>0.0</ele></trkpt>
      <trkpt lat="37.63581" lon="-113.27516"><ele>0.0</ele></trkpt>
      <trkpt lat="37.63577" lon="-113.27493"><ele>0.0</ele></trkpt>
      <trkpt lat="37.63561" lon="-113.27419"><ele>0.0</ele></trkpt>
      <trkpt lat="37.63539" lon="-113.27293"><ele>0.0</ele></trkpt>
      <trkpt lat="37.63535" lon="-113.27251"><ele>0.0</ele></trkpt>
      <trkpt lat="37.63534" lon="-113.2723"><ele>0.0</ele></trkpt>
      <trkpt lat="37.63533" lon="-113.27146"><ele>0.0</ele></trkpt>
      <trkpt lat="37.63536" lon="-113.27092"><ele>0.0</ele></trkpt>
      <trkpt lat="37.63539" lon="-113.27061"><ele>0.0</ele></trkpt>
      <trkpt lat="37.63541" lon="-113.27047"><ele>0.0</ele></trkpt>
      <trkpt lat="37.63542" lon="-113.27034"><ele>0.0</ele></trkpt>
      <trkpt lat="37.63544" lon="-113.27025"><ele>0.0</ele></trkpt>
      <trkpt lat="37.6355" lon="-113.26984"><ele>0.0</ele></trkpt>
      <trkpt lat="37.63558" lon="-113.26944"><ele>0.0</ele></trkpt>
      <trkpt lat="37.63568" lon="-113.26904"><ele>0.0</ele></trkpt>
      <trkpt lat="37.63586" lon="-113.26844"><ele>0.0</ele></trkpt>
      <trkpt lat="37.63601" lon="-113.26802"><ele>0.0</ele></trkpt>
      <trkpt lat="37.63607" lon="-113.26789"><ele>0.0</ele></trkpt>
      <trkpt lat="37.63982" lon="-113.25838"><ele>0.0</ele></trkpt>
      <trkpt lat="37.64012" lon="-113.25758"><ele>0.0</ele></trkpt>
      <trkpt lat="37.64015" lon="-113.25752"><ele>0.0</ele></trkpt>
      <trkpt lat="37.64107" lon="-113.25519"><ele>0.0</ele></trkpt>
      <trkpt lat="37.64109" lon="-113.25516"><ele>0.0</ele></trkpt>
      <trkpt lat="37.64149" lon="-113.25411"><ele>0.0</ele></trkpt>
      <trkpt lat="37.64168" lon="-113.25366"><ele>0.0</ele></trkpt>
      <trkpt lat="37.64191" lon="-113.25304"><ele>0.0</ele></trkpt>
      <trkpt lat="37.64277" lon="-113.25089"><ele>0.0</ele></trkpt>
      <trkpt lat="37.64278" lon="-113.25085"><ele>0.0</ele></trkpt>
      <trkpt lat="37.64335" lon="-113.24941"><ele>0.0</ele></trkpt>
      <trkpt lat="37.64338" lon="-113.24932"><ele>0.0</ele></trkpt>
      <trkpt lat="37.64375" lon="-113.24839"><ele>0.0</ele></trkpt>
      <trkpt lat="37.64375" lon="-113.24838"><ele>0.0</ele></trkpt>
      <trkpt lat="37.64479" lon="-113.24574"><ele>0.0</ele></trkpt>
      <trkpt lat="37.64479" lon="-113.24573"><ele>0.0</ele></trkpt>
      <trkpt lat="37.64481" lon="-113.2457"><ele>0.0</ele></trkpt>
      <trkpt lat="37.64482" lon="-113.24566"><ele>0.0</ele></trkpt>
      <trkpt lat="37.64507" lon="-113.24501"><ele>0.0</ele></trkpt>
      <trkpt lat="37.64588" lon="-113.24303"><ele>0.0</ele></trkpt>
      <trkpt lat="37.6459" lon="-113.24297"><ele>0.0</ele></trkpt>
      <trkpt lat="37.64652" lon="-113.24159"><ele>0.0</ele></trkpt>
      <trkpt lat="37.64662" lon="-113.24139"><ele>0.0</ele></trkpt>
      <trkpt lat="37.64668" lon="-113.24125"><ele>0.0</ele></trkpt>
      <trkpt lat="37.64749" lon="-113.23958"><ele>0.0</ele></trkpt>
      <trkpt lat="37.64753" lon="-113.23948"><ele>0.0</ele></trkpt>
      <trkpt lat="37.64755" lon="-113.23945"><ele>0.0</ele></trkpt>
      <trkpt lat="37.6494" lon="-113.23563"><ele>0.0</ele></trkpt>
      <trkpt lat="37.64943" lon="-113.23558"><ele>0.0</ele></trkpt>
      <trkpt lat="37.64958" lon="-113.23525"><ele>0.0</ele></trkpt>
      <trkpt lat="37.64987" lon="-113.23466"><ele>0.0</ele></trkpt>
      <trkpt lat="37.64989" lon="-113.23461"><ele>0.0</ele></trkpt>
      <trkpt lat="37.6512" lon="-113.23189"><ele>0.0</ele></trkpt>
      <trkpt lat="37.6513" lon="-113.2317"><ele>0.0</ele></trkpt>
      <trkpt lat="37.65136" lon="-113.23156"><ele>0.0</ele></trkpt>
      <trkpt lat="37.66074" lon="-113.21207"><ele>0.0</ele></trkpt>
      <trkpt lat="37.66084" lon="-113.21188"><ele>0.0</ele></trkpt>
      <trkpt lat="37.66382" lon="-113.20566"><ele>0.0</ele></trkpt>
      <trkpt lat="37.66481" lon="-113.20365"><ele>0.0</ele></trkpt>
      <trkpt lat="37.66487" lon="-113.20354"><ele>0.0</ele></trkpt>
      <trkpt lat="37.66589" lon="-113.2014"><ele>0.0</ele></trkpt>
      <trkpt lat="37.66599" lon="-113.20121"><ele>0.0</ele></trkpt>
      <trkpt lat="37.66617" lon="-113.20082"><ele>0.0</ele></trkpt>
      <trkpt lat="37.66627" lon="-113.20063"><ele>0.0</ele></trkpt>
      <trkpt lat="37.66785" lon="-113.19732"><ele>0.0</ele></trkpt>
      <trkpt lat="37.66795" lon="-113.19713"><ele>0.0</ele></trkpt>
      <trkpt lat="37.67167" lon="-113.18935"><ele>0.0</ele></trkpt>
      <trkpt lat="37.67182" lon="-113.18906"><ele>0.0</ele></trkpt>
      <trkpt lat="37.67364" lon="-113.18526"><ele>0.0</ele></trkpt>
      <trkpt lat="37.67384" lon="-113.18487"><ele>0.0</ele></trkpt>
      <trkpt lat="37.67586" lon="-113.1807"><ele>0.0</ele></trkpt>
      <trkpt lat="37.6761" lon="-113.18023"><ele>0.0</ele></trkpt>
      <trkpt lat="37.67634" lon="-113.1797"><ele>0.0</ele></trkpt>
      <trkpt lat="37.67662" lon="-113.17914"><ele>0.0</ele></trkpt>
      <trkpt lat="37.67689" lon="-113.17855"><ele>0.0</ele></trkpt>
      <trkpt lat="37.68114" lon="-113.16968"><ele>0.0</ele></trkpt>
      <trkpt lat="37.68185" lon="-113.16827"><ele>0.0</ele></trkpt>
      <trkpt lat="37.68229" lon="-113.16731"><ele>0.0</ele></trkpt>
      <trkpt lat="37.68444" lon="-113.16284"><ele>0.0</ele></trkpt>
      <trkpt lat="37.68466" lon="-113.16227"><ele>0.0</ele></trkpt>
      <trkpt lat="37.68476" lon="-113.16192"><ele>0.0</ele></trkpt>
      <trkpt lat="37.68482" lon="-113.16165"><ele>0.0</ele></trkpt>
      <trkpt lat="37.68489" lon="-113.16121"><ele>0.0</ele></trkpt>
      <trkpt lat="37.68493" lon="-113.16087"><ele>0.0</ele></trkpt>
      <trkpt lat="37.68495" lon="-113.16051"><ele>0.0</ele></trkpt>
      <trkpt lat="37.68502" lon="-113.11283"><ele>0.0</ele></trkpt>
      <trkpt lat="37.68503" lon="-113.11238"><ele>0.0</ele></trkpt>
      <trkpt lat="37.68505" lon="-113.10031"><ele>0.0</ele></trkpt>
      <trkpt lat="37.68501" lon="-113.09955"><ele>0.0</ele></trkpt>
      <trkpt lat="37.68494" lon="-113.09863"><ele>0.0</ele></trkpt>
      <trkpt lat="37.68488" lon="-113.09818"><ele>0.0</ele></trkpt>
      <trkpt lat="37.68484" lon="-113.09799"><ele>0.0</ele></trkpt>
      <trkpt lat="37.68483" lon="-113.09788"><ele>0.0</ele></trkpt>
      <trkpt lat="37.68473" lon="-113.09729"><ele>0.0</ele></trkpt>
      <trkpt lat="37.68455" lon="-113.09642"><ele>0.0</ele></trkpt>
      <trkpt lat="37.68433" lon="-113.09552"><ele>0.0</ele></trkpt>
      <trkpt lat="37.68385" lon="-113.09399"><ele>0.0</ele></trkpt>
      <trkpt lat="37.68378" lon="-113.09382"><ele>0.0</ele></trkpt>
      <trkpt lat="37.68098" lon="-113.0853"><ele>0.0</ele></trkpt>
      <trkpt lat="37.68093" lon="-113.0851"><ele>0.0</ele></trkpt>
      <trkpt lat="37.68084" lon="-113.08461"><ele>0.0</ele></trkpt>
      <trkpt lat="37.68083" lon="-113.08451"><ele>0.0</ele></trkpt>
      <trkpt lat="37.68083" lon="-113.08443"><ele>0.0</ele></trkpt>
      <trkpt lat="37.68082" lon="-113.08439"><ele>0.0</ele></trkpt>
      <trkpt lat="37.68082" lon="-113.08429"><ele>0.0</ele></trkpt>
      <trkpt lat="37.68081" lon="-113.08417"><ele>0.0</ele></trkpt>
      <trkpt lat="37.68081" lon="-113.08232"><ele>0.0</ele></trkpt>
      <trkpt lat="37.68082" lon="-113.08189"><ele>0.0</ele></trkpt>
      <trkpt lat="37.68082" lon="-113.08014"><ele>0.0</ele></trkpt>
      <trkpt lat="37.68083" lon="-113.07995"><ele>0.0</ele></trkpt>
      <trkpt lat="37.68083" lon="-113.07635"><ele>0.0</ele></trkpt>
      <trkpt lat="37.68084" lon="-113.07616"><ele>0.0</ele></trkpt>
      <trkpt lat="37.6809" lon="-113.06179"><ele>0.0</ele></trkpt>
      <trkpt lat="37.68093" lon="-113.06139"><ele>0.0</ele></trkpt>
      <trkpt lat="37.68092" lon="-113.05934"><ele>0.0</ele></trkpt>
      <trkpt lat="37.68094" lon="-113.05839"><ele>0.0</ele></trkpt>
      <trkpt lat="37.67845" lon="-113.05836"><ele>0.0</ele></trkpt>
      <trkpt lat="37.67827" lon="-113.05835"><ele>0.0</ele></trkpt>
      <trkpt lat="37.67791" lon="-113.05835"><ele>0.0</ele></trkpt>
      <trkpt lat="37.67773" lon="-113.05834"><ele>0.0</ele></trkpt>
      <trkpt lat="37.67755" lon="-113.05834"><ele>0.0</ele></trkpt>
      <trkpt lat="37.67738" lon="-113.05833"><ele>0.0</ele></trkpt>
      <trkpt lat="37.67739" lon="-113.05509"><ele>0.0</ele></trkpt>
      <trkpt lat="37.6774" lon="-113.05487"><ele>0.0</ele></trkpt>
      <trkpt lat="37.6774" lon="-113.05461"><ele>0.0</ele></trkpt>
      <trkpt lat="37.67741" lon="-113.05441"><ele>0.0</ele></trkpt>
      <trkpt lat="37.67741" lon="-113.05371"><ele>0.0</ele></trkpt>
      <trkpt lat="37.67736" lon="-113.05308"><ele>0.0</ele></trkpt>
      <trkpt lat="37.67729" lon="-113.05273"><ele>0.0</ele></trkpt>
      <trkpt lat="37.67725" lon="-113.05259"><ele>0.0</ele></trkpt>
      <trkpt lat="37.67725" lon="-113.05257"><ele>0.0</ele></trkpt>
      <trkpt lat="37.67717" lon="-113.05234"><ele>0.0</ele></trkpt>
      <trkpt lat="37.67689" lon="-113.05182"><ele>0.0</ele></trkpt>
      <trkpt lat="37.67659" lon="-113.05141"><ele>0.0</ele></trkpt>
      <trkpt lat="37.67639" lon="-113.05118"><ele>0.0</ele></trkpt>
      <trkpt lat="37.67607" lon="-113.05085"><ele>0.0</ele></trkpt>
      <trkpt lat="37.67604" lon="-113.05081"><ele>0.0</ele></trkpt>
      <trkpt lat="37.67599" lon="-113.05077"><ele>0.0</ele></trkpt>
      <trkpt lat="37.67594" lon="-113.05071"><ele>0.0</ele></trkpt>
      <trkpt lat="37.67567" lon="-113.05042"><ele>0.0</ele></trkpt>
      <trkpt lat="37.67536" lon="-113.04998"><ele>0.0</ele></trkpt>
      <trkpt lat="37.67532" lon="-113.04989"><ele>0.0</ele></trkpt>
      <trkpt lat="37.67511" lon="-113.04949"><ele>0.0</ele></trkpt>
      <trkpt lat="37.67499" lon="-113.0492"><ele>0.0</ele></trkpt>
      <trkpt lat="37.6749" lon="-113.04892"><ele>0.0</ele></trkpt>
      <trkpt lat="37.67475" lon="-113.04837"><ele>0.0</ele></trkpt>
      <trkpt lat="37.67452" lon="-113.04763"><ele>0.0</ele></trkpt>
      <trkpt lat="37.67443" lon="-113.0473"><ele>0.0</ele></trkpt>
      <trkpt lat="37.67427" lon="-113.04679"><ele>0.0</ele></trkpt>
      <trkpt lat="37.67417" lon="-113.04643"><ele>0.0</ele></trkpt>
      <trkpt lat="37.67401" lon="-113.04594"><ele>0.0</ele></trkpt>
      <trkpt lat="37.67392" lon="-113.04563"><ele>0.0</ele></trkpt>
      <trkpt lat="37.67378" lon="-113.04522"><ele>0.0</ele></trkpt>
      <trkpt lat="37.67375" lon="-113.0451"><ele>0.0</ele></trkpt>
      <trkpt lat="37.6737" lon="-113.04498"><ele>0.0</ele></trkpt>
      <trkpt lat="37.67362" lon="-113.04472"><ele>0.0</ele></trkpt>
      <trkpt lat="37.67351" lon="-113.04445"><ele>0.0</ele></trkpt>
      <trkpt lat="37.67348" lon="-113.04439"><ele>0.0</ele></trkpt>
      <trkpt lat="37.67342" lon="-113.0442"><ele>0.0</ele></trkpt>
      <trkpt lat="37.6733" lon="-113.04394"><ele>0.0</ele></trkpt>
      <trkpt lat="37.6732" lon="-113.0437"><ele>0.0</ele></trkpt>
      <trkpt lat="37.67296" lon="-113.04324"><ele>0.0</ele></trkpt>
      <trkpt lat="37.67236" lon="-113.04223"><ele>0.0</ele></trkpt>
      <trkpt lat="37.67236" lon="-113.04222"><ele>0.0</ele></trkpt>
      <trkpt lat="37.67195" lon="-113.04152"><ele>0.0</ele></trkpt>
      <trkpt lat="37.67194" lon="-113.04149"><ele>0.0</ele></trkpt>
      <trkpt lat="37.67183" lon="-113.04131"><ele>0.0</ele></trkpt>
      <trkpt lat="37.67172" lon="-113.0411"><ele>0.0</ele></trkpt>
      <trkpt lat="37.67161" lon="-113.04085"><ele>0.0</ele></trkpt>
      <trkpt lat="37.67151" lon="-113.04055"><ele>0.0</ele></trkpt>
      <trkpt lat="37.67149" lon="-113.04047"><ele>0.0</ele></trkpt>
      <trkpt lat="37.67147" lon="-113.04035"><ele>0.0</ele></trkpt>
      <trkpt lat="37.67144" lon="-113.04009"><ele>0.0</ele></trkpt>
      <trkpt lat="37.67144" lon="-113.03997"><ele>0.0</ele></trkpt>
      <trkpt lat="37.67143" lon="-113.03985"><ele>0.0</ele></trkpt>
      <trkpt lat="37.67145" lon="-113.03954"><ele>0.0</ele></trkpt>
      <trkpt lat="37.67147" lon="-113.03938"><ele>0.0</ele></trkpt>
      <trkpt lat="37.67155" lon="-113.03898"><ele>0.0</ele></trkpt>
      <trkpt lat="37.67163" lon="-113.03868"><ele>0.0</ele></trkpt>
      <trkpt lat="37.67184" lon="-113.03805"><ele>0.0</ele></trkpt>
      <trkpt lat="37.67204" lon="-113.03752"><ele>0.0</ele></trkpt>
      <trkpt lat="37.67206" lon="-113.03748"><ele>0.0</ele></trkpt>
      <trkpt lat="37.67332" lon="-113.03424"><ele>0.0</ele></trkpt>
      <trkpt lat="37.67347" lon="-113.0338"><ele>0.0</ele></trkpt>
      <trkpt lat="37.67347" lon="-113.03378"><ele>0.0</ele></trkpt>
      <trkpt lat="37.67354" lon="-113.03359"><ele>0.0</ele></trkpt>
      <trkpt lat="37.67354" lon="-113.03357"><ele>0.0</ele></trkpt>
      <trkpt lat="37.67366" lon="-113.03316"><ele>0.0</ele></trkpt>
      <trkpt lat="37.67385" lon="-113.03236"><ele>0.0</ele></trkpt>
      <trkpt lat="37.67395" lon="-113.03179"><ele>0.0</ele></trkpt>
      <trkpt lat="37.67407" lon="-113.03087"><ele>0.0</ele></trkpt>
      <trkpt lat="37.67408" lon="-113.03068"><ele>0.0</ele></trkpt>
      <trkpt lat="37.67409" lon="-113.0306"><ele>0.0</ele></trkpt>
      <trkpt lat="37.67413" lon="-113.02973"><ele>0.0</ele></trkpt>
      <trkpt lat="37.67413" lon="-113.02941"><ele>0.0</ele></trkpt>
      <trkpt lat="37.67412" lon="-113.0292"><ele>0.0</ele></trkpt>
      <trkpt lat="37.67412" lon="-113.02898"><ele>0.0</ele></trkpt>
      <trkpt lat="37.67409" lon="-113.02859"><ele>0.0</ele></trkpt>
      <trkpt lat="37.67408" lon="-113.02854"><ele>0.0</ele></trkpt>
      <trkpt lat="37.67403" lon="-113.02814"><ele>0.0</ele></trkpt>
      <trkpt lat="37.67399" lon="-113.02793"><ele>0.0</ele></trkpt>
      <trkpt lat="37.67399" lon="-113.02792"><ele>0.0</ele></trkpt>
      <trkpt lat="37.67395" lon="-113.02778"><ele>0.0</ele></trkpt>
      <trkpt lat="37.67394" lon="-113.0277"><ele>0.0</ele></trkpt>
      <trkpt lat="37.67381" lon="-113.02726"><ele>0.0</ele></trkpt>
      <trkpt lat="37.67368" lon="-113.02691"><ele>0.0</ele></trkpt>
      <trkpt lat="37.67357" lon="-113.02668"><ele>0.0</ele></trkpt>
      <trkpt lat="37.67357" lon="-113.02667"><ele>0.0</ele></trkpt>
      <trkpt lat="37.67348" lon="-113.02648"><ele>0.0</ele></trkpt>
      <trkpt lat="37.67348" lon="-113.02647"><ele>0.0</ele></trkpt>
      <trkpt lat="37.67331" lon="-113.02612"><ele>0.0</ele></trkpt>
      <trkpt lat="37.6733" lon="-113.02608"><ele>0.0</ele></trkpt>
      <trkpt lat="37.6731" lon="-113.02568"><ele>0.0</ele></trkpt>
      <trkpt lat="37.67302" lon="-113.02549"><ele>0.0</ele></trkpt>
      <trkpt lat="37.67297" lon="-113.02533"><ele>0.0</ele></trkpt>
      <trkpt lat="37.67291" lon="-113.02518"><ele>0.0</ele></trkpt>
      <trkpt lat="37.67283" lon="-113.02488"><ele>0.0</ele></trkpt>
      <trkpt lat="37.67278" lon="-113.02464"><ele>0.0</ele></trkpt>
      <trkpt lat="37.67278" lon="-113.02463"><ele>0.0</ele></trkpt>
      <trkpt lat="37.67274" lon="-113.02442"><ele>0.0</ele></trkpt>
      <trkpt lat="37.67274" lon="-113.02439"><ele>0.0</ele></trkpt>
      <trkpt lat="37.67266" lon="-113.02374"><ele>0.0</ele></trkpt>
      <trkpt lat="37.6726" lon="-113.02295"><ele>0.0</ele></trkpt>
      <trkpt lat="37.67258" lon="-113.02243"><ele>0.0</ele></trkpt>
      <trkpt lat="37.67258" lon="-113.02188"><ele>0.0</ele></trkpt>
      <trkpt lat="37.6726" lon="-113.02175"><ele>0.0</ele></trkpt>
      <trkpt lat="37.6726" lon="-113.0217"><ele>0.0</ele></trkpt>
      <trkpt lat="37.67263" lon="-113.02148"><ele>0.0</ele></trkpt>
      <trkpt lat="37.67263" lon="-113.02145"><ele>0.0</ele></trkpt>
      <trkpt lat="37.67266" lon="-113.02128"><ele>0.0</ele></trkpt>
      <trkpt lat="37.67266" lon="-113.02126"><ele>0.0</ele></trkpt>
      <trkpt lat="37.6727" lon="-113.02106"><ele>0.0</ele></trkpt>
      <trkpt lat="37.67275" lon="-113.02086"><ele>0.0</ele></trkpt>
      <trkpt lat="37.67306" lon="-113.01981"><ele>0.0</ele></trkpt>
      <trkpt lat="37.67307" lon="-113.01975"><ele>0.0</ele></trkpt>
      <trkpt lat="37.67313" lon="-113.01954"><ele>0.0</ele></trkpt>
      <trkpt lat="37.67317" lon="-113.01937"><ele>0.0</ele></trkpt>
      <trkpt lat="37.67322" lon="-113.0191"><ele>0.0</ele></trkpt>
      <trkpt lat="37.67329" lon="-113.01858"><ele>0.0</ele></trkpt>
      <trkpt lat="37.6733" lon="-113.01842"><ele>0.0</ele></trkpt>
      <trkpt lat="37.6733" lon="-113.0182"><ele>0.0</ele></trkpt>
      <trkpt lat="37.67331" lon="-113.01812"><ele>0.0</ele></trkpt>
      <trkpt lat="37.67329" lon="-113.01769"><ele>0.0</ele></trkpt>
      <trkpt lat="37.67327" lon="-113.01749"><ele>0.0</ele></trkpt>
      <trkpt lat="37.67321" lon="-113.01718"><ele>0.0</ele></trkpt>
      <trkpt lat="37.67312" lon="-113.01688"><ele>0.0</ele></trkpt>
      <trkpt lat="37.673" lon="-113.01659"><ele>0.0</ele></trkpt>
      <trkpt lat="37.67275" lon="-113.01618"><ele>0.0</ele></trkpt>
      <trkpt lat="37.67266" lon="-113.01606"><ele>0.0</ele></trkpt>
      <trkpt lat="37.67254" lon="-113.01592"><ele>0.0</ele></trkpt>
      <trkpt lat="37.67185" lon="-113.01528"><ele>0.0</ele></trkpt>
      <trkpt lat="37.67143" lon="-113.01487"><ele>0.0</ele></trkpt>
      <trkpt lat="37.6714" lon="-113.01485"><ele>0.0</ele></trkpt>
      <trkpt lat="37.67117" lon="-113.01462"><ele>0.0</ele></trkpt>
      <trkpt lat="37.67106" lon="-113.0145"><ele>0.0</ele></trkpt>
      <trkpt lat="37.67092" lon="-113.0143"><ele>0.0</ele></trkpt>
      <trkpt lat="37.67089" lon="-113.01427"><ele>0.0</ele></trkpt>
      <trkpt lat="37.67086" lon="-113.01421"><ele>0.0</ele></trkpt>
      <trkpt lat="37.67067" lon="-113.01391"><ele>0.0</ele></trkpt>
      <trkpt lat="37.67059" lon="-113.01374"><ele>0.0</ele></trkpt>
      <trkpt lat="37.67058" lon="-113.01371"><ele>0.0</ele></trkpt>
      <trkpt lat="37.67031" lon="-113.01312"><ele>0.0</ele></trkpt>
      <trkpt lat="37.67031" lon="-113.0131"><ele>0.0</ele></trkpt>
      <trkpt lat="37.67011" lon="-113.01272"><ele>0.0</ele></trkpt>
      <trkpt lat="37.66996" lon="-113.01247"><ele>0.0</ele></trkpt>
      <trkpt lat="37.66989" lon="-113.01239"><ele>0.0</ele></trkpt>
      <trkpt lat="37.66987" lon="-113.01236"><ele>0.0</ele></trkpt>
      <trkpt lat="37.66969" lon="-113.01216"><ele>0.0</ele></trkpt>
      <trkpt lat="37.66962" lon="-113.01209"><ele>0.0</ele></trkpt>
      <trkpt lat="37.6695" lon="-113.01199"><ele>0.0</ele></trkpt>
      <trkpt lat="37.66947" lon="-113.01196"><ele>0.0</ele></trkpt>
      <trkpt lat="37.66937" lon="-113.01188"><ele>0.0</ele></trkpt>
      <trkpt lat="37.66869" lon="-113.01139"><ele>0.0</ele></trkpt>
      <trkpt lat="37.66821" lon="-113.011"><ele>0.0</ele></trkpt>
      <trkpt lat="37.66796" lon="-113.01076"><ele>0.0</ele></trkpt>
      <trkpt lat="37.66759" lon="-113.01033"><ele>0.0</ele></trkpt>
      <trkpt lat="37.66756" lon="-113.01028"><ele>0.0</ele></trkpt>
      <trkpt lat="37.66743" lon="-113.01012"><ele>0.0</ele></trkpt>
      <trkpt lat="37.66731" lon="-113.00995"><ele>0.0</ele></trkpt>
      <trkpt lat="37.66698" lon="-113.00942"><ele>0.0</ele></trkpt>
      <trkpt lat="37.66671" lon="-113.00891"><ele>0.0</ele></trkpt>
      <trkpt lat="37.66645" lon="-113.00827"><ele>0.0</ele></trkpt>
      <trkpt lat="37.66625" lon="-113.00765"><ele>0.0</ele></trkpt>
      <trkpt lat="37.66612" lon="-113.00713"><ele>0.0</ele></trkpt>
      <trkpt lat="37.66606" lon="-113.00681"><ele>0.0</ele></trkpt>
      <trkpt lat="37.66605" lon="-113.00673"><ele>0.0</ele></trkpt>
      <trkpt lat="37.66602" lon="-113.00658"><ele>0.0</ele></trkpt>
      <trkpt lat="37.66599" lon="-113.00633"><ele>0.0</ele></trkpt>
      <trkpt lat="37.66599" lon="-113.00628"><ele>0.0</ele></trkpt>
      <trkpt lat="37.66565" lon="-113.0029"><ele>0.0</ele></trkpt>
      <trkpt lat="37.66557" lon="-113.00234"><ele>0.0</ele></trkpt>
      <trkpt lat="37.66546" lon="-113.00179"><ele>0.0</ele></trkpt>
      <trkpt lat="37.66536" lon="-113.00138"><ele>0.0</ele></trkpt>
      <trkpt lat="37.66519" lon="-113.0008"><ele>0.0</ele></trkpt>
      <trkpt lat="37.66489" lon="-113.00001"><ele>0.0</ele></trkpt>
      <trkpt lat="37.66477" lon="-112.99974"><ele>0.0</ele></trkpt>
      <trkpt lat="37.66475" lon="-112.99971"><ele>0.0</ele></trkpt>
      <trkpt lat="37.6646" lon="-112.99942"><ele>0.0</ele></trkpt>
      <trkpt lat="37.66456" lon="-112.99933"><ele>0.0</ele></trkpt>
      <trkpt lat="37.66445" lon="-112.99914"><ele>0.0</ele></trkpt>
      <trkpt lat="37.66441" lon="-112.99906"><ele>0.0</ele></trkpt>
      <trkpt lat="37.66424" lon="-112.99878"><ele>0.0</ele></trkpt>
      <trkpt lat="37.66422" lon="-112.99874"><ele>0.0</ele></trkpt>
      <trkpt lat="37.66396" lon="-112.99834"><ele>0.0</ele></trkpt>
      <trkpt lat="37.6636" lon="-112.99784"><ele>0.0</ele></trkpt>
      <trkpt lat="37.66343" lon="-112.99762"><ele>0.0</ele></trkpt>
      <trkpt lat="37.6634" lon="-112.99759"><ele>0.0</ele></trkpt>
      <trkpt lat="37.66323" lon="-112.99736"><ele>0.0</ele></trkpt>
      <trkpt lat="37.66303" lon="-112.99713"><ele>0.0</ele></trkpt>
      <trkpt lat="37.66302" lon="-112.99711"><ele>0.0</ele></trkpt>
      <trkpt lat="37.66275" lon="-112.99681"><ele>0.0</ele></trkpt>
      <trkpt lat="37.66269" lon="-112.99673"><ele>0.0</ele></trkpt>
      <trkpt lat="37.66261" lon="-112.99666"><ele>0.0</ele></trkpt>
      <trkpt lat="37.66258" lon="-112.99662"><ele>0.0</ele></trkpt>
      <trkpt lat="37.66231" lon="-112.99636"><ele>0.0</ele></trkpt>
      <trkpt lat="37.66203" lon="-112.99612"><ele>0.0</ele></trkpt>
      <trkpt lat="37.66188" lon="-112.99601"><ele>0.0</ele></trkpt>
      <trkpt lat="37.66182" lon="-112.99596"><ele>0.0</ele></trkpt>
      <trkpt lat="37.6614" lon="-112.99569"><ele>0.0</ele></trkpt>
      <trkpt lat="37.66125" lon="-112.99561"><ele>0.0</ele></trkpt>
      <trkpt lat="37.66124" lon="-112.9956"><ele>0.0</ele></trkpt>
      <trkpt lat="37.66107" lon="-112.99551"><ele>0.0</ele></trkpt>
      <trkpt lat="37.66017" lon="-112.99499"><ele>0.0</ele></trkpt>
      <trkpt lat="37.65966" lon="-112.99466"><ele>0.0</ele></trkpt>
      <trkpt lat="37.6593" lon="-112.99439"><ele>0.0</ele></trkpt>
      <trkpt lat="37.65918" lon="-112.99429"><ele>0.0</ele></trkpt>
      <trkpt lat="37.65915" lon="-112.99427"><ele>0.0</ele></trkpt>
      <trkpt lat="37.65897" lon="-112.99411"><ele>0.0</ele></trkpt>
      <trkpt lat="37.65859" lon="-112.99373"><ele>0.0</ele></trkpt>
      <trkpt lat="37.65844" lon="-112.99356"><ele>0.0</ele></trkpt>
      <trkpt lat="37.65837" lon="-112.99349"><ele>0.0</ele></trkpt>
      <trkpt lat="37.65774" lon="-112.99277"><ele>0.0</ele></trkpt>
      <trkpt lat="37.65768" lon="-112.99269"><ele>0.0</ele></trkpt>
      <trkpt lat="37.6575" lon="-112.99249"><ele>0.0</ele></trkpt>
      <trkpt lat="37.65689" lon="-112.99176"><ele>0.0</ele></trkpt>
      <trkpt lat="37.65675" lon="-112.99161"><ele>0.0</ele></trkpt>
      <trkpt lat="37.65615" lon="-112.9909"><ele>0.0</ele></trkpt>
      <trkpt lat="37.65613" lon="-112.99087"><ele>0.0</ele></trkpt>
      <trkpt lat="37.6557" lon="-112.99037"><ele>0.0</ele></trkpt>
      <trkpt lat="37.65567" lon="-112.99034"><ele>0.0</ele></trkpt>
      <trkpt lat="37.65529" lon="-112.9899"><ele>0.0</ele></trkpt>
      <trkpt lat="37.65528" lon="-112.98988"><ele>0.0</ele></trkpt>
      <trkpt lat="37.65526" lon="-112.98986"><ele>0.0</ele></trkpt>
      <trkpt lat="37.65522" lon="-112.98981"><ele>0.0</ele></trkpt>
      <trkpt lat="37.6552" lon="-112.98979"><ele>0.0</ele></trkpt>
      <trkpt lat="37.65517" lon="-112.98975"><ele>0.0</ele></trkpt>
      <trkpt lat="37.65492" lon="-112.98947"><ele>0.0</ele></trkpt>
      <trkpt lat="37.65461" lon="-112.98904"><ele>0.0</ele></trkpt>
      <trkpt lat="37.65459" lon="-112.98902"><ele>0.0</ele></trkpt>
      <trkpt lat="37.65442" lon="-112.98876"><ele>0.0</ele></trkpt>
      <trkpt lat="37.65441" lon="-112.98873"><ele>0.0</ele></trkpt>
      <trkpt lat="37.65406" lon="-112.9881"><ele>0.0</ele></trkpt>
      <trkpt lat="37.65362" lon="-112.98721"><ele>0.0</ele></trkpt>
      <trkpt lat="37.65356" lon="-112.98706"><ele>0.0</ele></trkpt>
      <trkpt lat="37.65326" lon="-112.98644"><ele>0.0</ele></trkpt>
      <trkpt lat="37.65238" lon="-112.98322"><ele>0.0</ele></trkpt>
      <trkpt lat="37.65233" lon="-112.983"><ele>0.0</ele></trkpt>
      <trkpt lat="37.65217" lon="-112.98243"><ele>0.0</ele></trkpt>
      <trkpt lat="37.6521" lon="-112.98214"><ele>0.0</ele></trkpt>
      <trkpt lat="37.65208" lon="-112.9821"><ele>0.0</ele></trkpt>
      <trkpt lat="37.65112" lon="-112.97849"><ele>0.0</ele></trkpt>
      <trkpt lat="37.65112" lon="-112.97848"><ele>0.0</ele></trkpt>
      <trkpt lat="37.6511" lon="-112.97844"><ele>0.0</ele></trkpt>
      <trkpt lat="37.65106" lon="-112.97827"><ele>0.0</ele></trkpt>
      <trkpt lat="37.65082" lon="-112.97741"><ele>0.0</ele></trkpt>
      <trkpt lat="37.65082" lon="-112.9774"><ele>0.0</ele></trkpt>
      <trkpt lat="37.65061" lon="-112.97664"><ele>0.0</ele></trkpt>
      <trkpt lat="37.65058" lon="-112.9765"><ele>0.0</ele></trkpt>
      <trkpt lat="37.65046" lon="-112.97608"><ele>0.0</ele></trkpt>
      <trkpt lat="37.65045" lon="-112.97603"><ele>0.0</ele></trkpt>
      <trkpt lat="37.65038" lon="-112.97578"><ele>0.0</ele></trkpt>
      <trkpt lat="37.65038" lon="-112.97576"><ele>0.0</ele></trkpt>
      <trkpt lat="37.65011" lon="-112.97494"><ele>0.0</ele></trkpt>
      <trkpt lat="37.65005" lon="-112.97482"><ele>0.0</ele></trkpt>
      <trkpt lat="37.65004" lon="-112.97478"><ele>0.0</ele></trkpt>
      <trkpt lat="37.64972" lon="-112.97404"><ele>0.0</ele></trkpt>
      <trkpt lat="37.64956" lon="-112.97373"><ele>0.0</ele></trkpt>
      <trkpt lat="37.64941" lon="-112.97349"><ele>0.0</ele></trkpt>
      <trkpt lat="37.64931" lon="-112.97331"><ele>0.0</ele></trkpt>
      <trkpt lat="37.64902" lon="-112.97288"><ele>0.0</ele></trkpt>
      <trkpt lat="37.64876" lon="-112.97256"><ele>0.0</ele></trkpt>
      <trkpt lat="37.64869" lon="-112.97246"><ele>0.0</ele></trkpt>
      <trkpt lat="37.6483" lon="-112.97204"><ele>0.0</ele></trkpt>
      <trkpt lat="37.64751" lon="-112.97128"><ele>0.0</ele></trkpt>
      <trkpt lat="37.64735" lon="-112.97109"><ele>0.0</ele></trkpt>
      <trkpt lat="37.64712" lon="-112.97079"><ele>0.0</ele></trkpt>
      <trkpt lat="37.64703" lon="-112.97065"><ele>0.0</ele></trkpt>
      <trkpt lat="37.64699" lon="-112.97057"><ele>0.0</ele></trkpt>
      <trkpt lat="37.64693" lon="-112.97047"><ele>0.0</ele></trkpt>
      <trkpt lat="37.64688" lon="-112.97036"><ele>0.0</ele></trkpt>
      <trkpt lat="37.64685" lon="-112.97031"><ele>0.0</ele></trkpt>
      <trkpt lat="37.64668" lon="-112.96986"><ele>0.0</ele></trkpt>
      <trkpt lat="37.64653" lon="-112.96934"><ele>0.0</ele></trkpt>
      <trkpt lat="37.64643" lon="-112.96905"><ele>0.0</ele></trkpt>
      <trkpt lat="37.64641" lon="-112.96897"><ele>0.0</ele></trkpt>
      <trkpt lat="37.64638" lon="-112.96889"><ele>0.0</ele></trkpt>
      <trkpt lat="37.64636" lon="-112.96885"><ele>0.0</ele></trkpt>
      <trkpt lat="37.6463" lon="-112.96869"><ele>0.0</ele></trkpt>
      <trkpt lat="37.64629" lon="-112.96868"><ele>0.0</ele></trkpt>
      <trkpt lat="37.64626" lon="-112.96859"><ele>0.0</ele></trkpt>
      <trkpt lat="37.64621" lon="-112.96849"><ele>0.0</ele></trkpt>
      <trkpt lat="37.6461" lon="-112.9683"><ele>0.0</ele></trkpt>
      <trkpt lat="37.64607" lon="-112.96824"><ele>0.0</ele></trkpt>
      <trkpt lat="37.64588" lon="-112.96794"><ele>0.0</ele></trkpt>
      <trkpt lat="37.64563" lon="-112.96763"><ele>0.0</ele></trkpt>
      <trkpt lat="37.64523" lon="-112.96719"><ele>0.0</ele></trkpt>
      <trkpt lat="37.64497" lon="-112.96686"><ele>0.0</ele></trkpt>
      <trkpt lat="37.64485" lon="-112.96669"><ele>0.0</ele></trkpt>
      <trkpt lat="37.64465" lon="-112.96638"><ele>0.0</ele></trkpt>
      <trkpt lat="37.6445" lon="-112.96612"><ele>0.0</ele></trkpt>
      <trkpt lat="37.64422" lon="-112.96553"><ele>0.0</ele></trkpt>
      <trkpt lat="37.6442" lon="-112.9655"><ele>0.0</ele></trkpt>
      <trkpt lat="37.64414" lon="-112.96538"><ele>0.0</ele></trkpt>
      <trkpt lat="37.64412" lon="-112.96533"><ele>0.0</ele></trkpt>
      <trkpt lat="37.64355" lon="-112.96412"><ele>0.0</ele></trkpt>
      <trkpt lat="37.64337" lon="-112.96368"><ele>0.0</ele></trkpt>
      <trkpt lat="37.64328" lon="-112.96336"><ele>0.0</ele></trkpt>
      <trkpt lat="37.64323" lon="-112.96312"><ele>0.0</ele></trkpt>
      <trkpt lat="37.64321" lon="-112.96295"><ele>0.0</ele></trkpt>
      <trkpt lat="37.6432" lon="-112.96274"><ele>0.0</ele></trkpt>
      <trkpt lat="37.64323" lon="-112.96235"><ele>0.0</ele></trkpt>
      <trkpt lat="37.64325" lon="-112.96221"><ele>0.0</ele></trkpt>
      <trkpt lat="37.64333" lon="-112.96189"><ele>0.0</ele></trkpt>
      <trkpt lat="37.64335" lon="-112.96183"><ele>0.0</ele></trkpt>
      <trkpt lat="37.64336" lon="-112.96178"><ele>0.0</ele></trkpt>
      <trkpt lat="37.64347" lon="-112.96143"><ele>0.0</ele></trkpt>
      <trkpt lat="37.64357" lon="-112.961"><ele>0.0</ele></trkpt>
      <trkpt lat="37.64361" lon="-112.96074"><ele>0.0</ele></trkpt>
      <trkpt lat="37.64364" lon="-112.96042"><ele>0.0</ele></trkpt>
      <trkpt lat="37.64364" lon="-112.96006"><ele>0.0</ele></trkpt>
      <trkpt lat="37.64363" lon="-112.96002"><ele>0.0</ele></trkpt>
      <trkpt lat="37.64363" lon="-112.9599"><ele>0.0</ele></trkpt>
      <trkpt lat="37.64361" lon="-112.95967"><ele>0.0</ele></trkpt>
      <trkpt lat="37.64359" lon="-112.95956"><ele>0.0</ele></trkpt>
      <trkpt lat="37.64359" lon="-112.95951"><ele>0.0</ele></trkpt>
      <trkpt lat="37.64357" lon="-112.95939"><ele>0.0</ele></trkpt>
      <trkpt lat="37.64357" lon="-112.95938"><ele>0.0</ele></trkpt>
      <trkpt lat="37.64355" lon="-112.95926"><ele>0.0</ele></trkpt>
      <trkpt lat="37.64349" lon="-112.95902"><ele>0.0</ele></trkpt>
      <trkpt lat="37.64348" lon="-112.95895"><ele>0.0</ele></trkpt>
      <trkpt lat="37.64346" lon="-112.95889"><ele>0.0</ele></trkpt>
      <trkpt lat="37.64343" lon="-112.95876"><ele>0.0</ele></trkpt>
      <trkpt lat="37.64336" lon="-112.95851"><ele>0.0</ele></trkpt>
      <trkpt lat="37.64332" lon="-112.95839"><ele>0.0</ele></trkpt>
      <trkpt lat="37.64316" lon="-112.95799"><ele>0.0</ele></trkpt>
      <trkpt lat="37.64289" lon="-112.95746"><ele>0.0</ele></trkpt>
      <trkpt lat="37.64255" lon="-112.95698"><ele>0.0</ele></trkpt>
      <trkpt lat="37.64254" lon="-112.95697"><ele>0.0</ele></trkpt>
      <trkpt lat="37.64245" lon="-112.95685"><ele>0.0</ele></trkpt>
      <trkpt lat="37.64244" lon="-112.95683"><ele>0.0</ele></trkpt>
      <trkpt lat="37.6423" lon="-112.95665"><ele>0.0</ele></trkpt>
      <trkpt lat="37.64228" lon="-112.95661"><ele>0.0</ele></trkpt>
      <trkpt lat="37.6421" lon="-112.95635"><ele>0.0</ele></trkpt>
      <trkpt lat="37.64188" lon="-112.95597"><ele>0.0</ele></trkpt>
      <trkpt lat="37.64187" lon="-112.95594"><ele>0.0</ele></trkpt>
      <trkpt lat="37.64176" lon="-112.95574"><ele>0.0</ele></trkpt>
      <trkpt lat="37.64165" lon="-112.95548"><ele>0.0</ele></trkpt>
      <trkpt lat="37.64157" lon="-112.95532"><ele>0.0</ele></trkpt>
      <trkpt lat="37.64108" lon="-112.95414"><ele>0.0</ele></trkpt>
      <trkpt lat="37.64099" lon="-112.95397"><ele>0.0</ele></trkpt>
      <trkpt lat="37.64094" lon="-112.95386"><ele>0.0</ele></trkpt>
      <trkpt lat="37.6406" lon="-112.95328"><ele>0.0</ele></trkpt>
      <trkpt lat="37.6404" lon="-112.953"><ele>0.0</ele></trkpt>
      <trkpt lat="37.64018" lon="-112.95275"><ele>0.0</ele></trkpt>
      <trkpt lat="37.64012" lon="-112.95269"><ele>0.0</ele></trkpt>
      <trkpt lat="37.63869" lon="-112.95148"><ele>0.0</ele></trkpt>
      <trkpt lat="37.63684" lon="-112.94986"><ele>0.0</ele></trkpt>
      <trkpt lat="37.63642" lon="-112.94953"><ele>0.0</ele></trkpt>
      <trkpt lat="37.63619" lon="-112.94929"><ele>0.0</ele></trkpt>
      <trkpt lat="37.63619" lon="-112.94928"><ele>0.0</ele></trkpt>
      <trkpt lat="37.6361" lon="-112.94919"><ele>0.0</ele></trkpt>
      <trkpt lat="37.63589" lon="-112.9489"><ele>0.0</ele></trkpt>
      <trkpt lat="37.63579" lon="-112.94873"><ele>0.0</ele></trkpt>
      <trkpt lat="37.6357" lon="-112.94854"><ele>0.0</ele></trkpt>
      <trkpt lat="37.63566" lon="-112.94844"><ele>0.0</ele></trkpt>
      <trkpt lat="37.63563" lon="-112.94838"><ele>0.0</ele></trkpt>
      <trkpt lat="37.63556" lon="-112.94818"><ele>0.0</ele></trkpt>
      <trkpt lat="37.63545" lon="-112.94782"><ele>0.0</ele></trkpt>
      <trkpt lat="37.63545" lon="-112.94778"><ele>0.0</ele></trkpt>
      <trkpt lat="37.6354" lon="-112.94757"><ele>0.0</ele></trkpt>
      <trkpt lat="37.63528" lon="-112.94689"><ele>0.0</ele></trkpt>
      <trkpt lat="37.63528" lon="-112.94688"><ele>0.0</ele></trkpt>
      <trkpt lat="37.63516" lon="-112.94638"><ele>0.0</ele></trkpt>
      <trkpt lat="37.63507" lon="-112.94612"><ele>0.0</ele></trkpt>
      <trkpt lat="37.63464" lon="-112.94501"><ele>0.0</ele></trkpt>
      <trkpt lat="37.63456" lon="-112.94483"><ele>0.0</ele></trkpt>
      <trkpt lat="37.63436" lon="-112.94429"><ele>0.0</ele></trkpt>
      <trkpt lat="37.63428" lon="-112.9441"><ele>0.0</ele></trkpt>
      <trkpt lat="37.63413" lon="-112.94381"><ele>0.0</ele></trkpt>
      <trkpt lat="37.63391" lon="-112.94346"><ele>0.0</ele></trkpt>
      <trkpt lat="37.63371" lon="-112.94319"><ele>0.0</ele></trkpt>
      <trkpt lat="37.6335" lon="-112.94296"><ele>0.0</ele></trkpt>
      <trkpt lat="37.63328" lon="-112.94276"><ele>0.0</ele></trkpt>
      <trkpt lat="37.63309" lon="-112.9426"><ele>0.0</ele></trkpt>
      <trkpt lat="37.63289" lon="-112.9424"><ele>0.0</ele></trkpt>
      <trkpt lat="37.63277" lon="-112.94226"><ele>0.0</ele></trkpt>
      <trkpt lat="37.6325" lon="-112.94189"><ele>0.0</ele></trkpt>
      <trkpt lat="37.63249" lon="-112.94188"><ele>0.0</ele></trkpt>
      <trkpt lat="37.63147" lon="-112.94043"><ele>0.0</ele></trkpt>
      <trkpt lat="37.63144" lon="-112.94038"><ele>0.0</ele></trkpt>
      <trkpt lat="37.63107" lon="-112.93987"><ele>0.0</ele></trkpt>
      <trkpt lat="37.63091" lon="-112.9397"><ele>0.0</ele></trkpt>
      <trkpt lat="37.63083" lon="-112.93963"><ele>0.0</ele></trkpt>
      <trkpt lat="37.63079" lon="-112.9396"><ele>0.0</ele></trkpt>
      <trkpt lat="37.63071" lon="-112.93955"><ele>0.0</ele></trkpt>
      <trkpt lat="37.6307" lon="-112.93954"><ele>0.0</ele></trkpt>
      <trkpt lat="37.63051" lon="-112.93942"><ele>0.0</ele></trkpt>
      <trkpt lat="37.63044" lon="-112.93937"><ele>0.0</ele></trkpt>
      <trkpt lat="37.6304" lon="-112.93933"><ele>0.0</ele></trkpt>
      <trkpt lat="37.62998" lon="-112.93899"><ele>0.0</ele></trkpt>
      <trkpt lat="37.62995" lon="-112.93895"><ele>0.0</ele></trkpt>
      <trkpt lat="37.62992" lon="-112.93892"><ele>0.0</ele></trkpt>
      <trkpt lat="37.62978" lon="-112.93875"><ele>0.0</ele></trkpt>
      <trkpt lat="37.62962" lon="-112.93851"><ele>0.0</ele></trkpt>
      <trkpt lat="37.62956" lon="-112.93839"><ele>0.0</ele></trkpt>
      <trkpt lat="37.62948" lon="-112.9382"><ele>0.0</ele></trkpt>
      <trkpt lat="37.62944" lon="-112.93806"><ele>0.0</ele></trkpt>
      <trkpt lat="37.62944" lon="-112.93804"><ele>0.0</ele></trkpt>
      <trkpt lat="37.62942" lon="-112.93798"><ele>0.0</ele></trkpt>
      <trkpt lat="37.6294" lon="-112.93789"><ele>0.0</ele></trkpt>
      <trkpt lat="37.62935" lon="-112.93754"><ele>0.0</ele></trkpt>
      <trkpt lat="37.62935" lon="-112.93737"><ele>0.0</ele></trkpt>
      <trkpt lat="37.62934" lon="-112.93732"><ele>0.0</ele></trkpt>
      <trkpt lat="37.62934" lon="-112.93685"><ele>0.0</ele></trkpt>
      <trkpt lat="37.62933" lon="-112.9367"><ele>0.0</ele></trkpt>
      <trkpt lat="37.62933" lon="-112.93663"><ele>0.0</ele></trkpt>
      <trkpt lat="37.62927" lon="-112.93612"><ele>0.0</ele></trkpt>
      <trkpt lat="37.62922" lon="-112.93595"><ele>0.0</ele></trkpt>
      <trkpt lat="37.62909" lon="-112.93561"><ele>0.0</ele></trkpt>
      <trkpt lat="37.62907" lon="-112.93557"><ele>0.0</ele></trkpt>
      <trkpt lat="37.62892" lon="-112.93536"><ele>0.0</ele></trkpt>
      <trkpt lat="37.62871" lon="-112.9351"><ele>0.0</ele></trkpt>
      <trkpt lat="37.62869" lon="-112.93507"><ele>0.0</ele></trkpt>
      <trkpt lat="37.62832" lon="-112.93466"><ele>0.0</ele></trkpt>
      <trkpt lat="37.62819" lon="-112.9345"><ele>0.0</ele></trkpt>
      <trkpt lat="37.62789" lon="-112.93417"><ele>0.0</ele></trkpt>
      <trkpt lat="37.62789" lon="-112.93416"><ele>0.0</ele></trkpt>
      <trkpt lat="37.62769" lon="-112.93397"><ele>0.0</ele></trkpt>
      <trkpt lat="37.62754" lon="-112.93384"><ele>0.0</ele></trkpt>
      <trkpt lat="37.62748" lon="-112.9338"><ele>0.0</ele></trkpt>
      <trkpt lat="37.62744" lon="-112.93378"><ele>0.0</ele></trkpt>
      <trkpt lat="37.6273" lon="-112.93368"><ele>0.0</ele></trkpt>
      <trkpt lat="37.62705" lon="-112.93357"><ele>0.0</ele></trkpt>
      <trkpt lat="37.62674" lon="-112.93349"><ele>0.0</ele></trkpt>
      <trkpt lat="37.62659" lon="-112.93346"><ele>0.0</ele></trkpt>
      <trkpt lat="37.62645" lon="-112.93344"><ele>0.0</ele></trkpt>
      <trkpt lat="37.62642" lon="-112.93344"><ele>0.0</ele></trkpt>
      <trkpt lat="37.62617" lon="-112.93341"><ele>0.0</ele></trkpt>
      <trkpt lat="37.62609" lon="-112.93341"><ele>0.0</ele></trkpt>
      <trkpt lat="37.6258" lon="-112.93339"><ele>0.0</ele></trkpt>
      <trkpt lat="37.62483" lon="-112.9334"><ele>0.0</ele></trkpt>
      <trkpt lat="37.62443" lon="-112.93338"><ele>0.0</ele></trkpt>
      <trkpt lat="37.6243" lon="-112.93336"><ele>0.0</ele></trkpt>
      <trkpt lat="37.62427" lon="-112.93336"><ele>0.0</ele></trkpt>
      <trkpt lat="37.62425" lon="-112.93335"><ele>0.0</ele></trkpt>
      <trkpt lat="37.62407" lon="-112.93331"><ele>0.0</ele></trkpt>
      <trkpt lat="37.62403" lon="-112.93329"><ele>0.0</ele></trkpt>
      <trkpt lat="37.62395" lon="-112.93326"><ele>0.0</ele></trkpt>
      <trkpt lat="37.6239" lon="-112.93325"><ele>0.0</ele></trkpt>
      <trkpt lat="37.62343" lon="-112.93307"><ele>0.0</ele></trkpt>
      <trkpt lat="37.62338" lon="-112.93306"><ele>0.0</ele></trkpt>
      <trkpt lat="37.62286" lon="-112.93287"><ele>0.0</ele></trkpt>
      <trkpt lat="37.62274" lon="-112.93282"><ele>0.0</ele></trkpt>
      <trkpt lat="37.622" lon="-112.93257"><ele>0.0</ele></trkpt>
      <trkpt lat="37.62183" lon="-112.93252"><ele>0.0</ele></trkpt>
      <trkpt lat="37.62143" lon="-112.93237"><ele>0.0</ele></trkpt>
      <trkpt lat="37.62119" lon="-112.93229"><ele>0.0</ele></trkpt>
      <trkpt lat="37.62114" lon="-112.93226"><ele>0.0</ele></trkpt>
      <trkpt lat="37.62075" lon="-112.9321"><ele>0.0</ele></trkpt>
      <trkpt lat="37.62063" lon="-112.93203"><ele>0.0</ele></trkpt>
      <trkpt lat="37.62037" lon="-112.93191"><ele>0.0</ele></trkpt>
      <trkpt lat="37.6203" lon="-112.93187"><ele>0.0</ele></trkpt>
      <trkpt lat="37.62004" lon="-112.93174"><ele>0.0</ele></trkpt>
      <trkpt lat="37.61995" lon="-112.93171"><ele>0.0</ele></trkpt>
      <trkpt lat="37.61968" lon="-112.93164"><ele>0.0</ele></trkpt>
      <trkpt lat="37.61952" lon="-112.93159"><ele>0.0</ele></trkpt>
      <trkpt lat="37.61943" lon="-112.93158"><ele>0.0</ele></trkpt>
      <trkpt lat="37.61938" lon="-112.93158"><ele>0.0</ele></trkpt>
      <trkpt lat="37.61925" lon="-112.9316"><ele>0.0</ele></trkpt>
      <trkpt lat="37.61924" lon="-112.9316"><ele>0.0</ele></trkpt>
      <trkpt lat="37.61883" lon="-112.93166"><ele>0.0</ele></trkpt>
      <trkpt lat="37.61786" lon="-112.93174"><ele>0.0</ele></trkpt>
      <trkpt lat="37.61764" lon="-112.93177"><ele>0.0</ele></trkpt>
      <trkpt lat="37.61671" lon="-112.93186"><ele>0.0</ele></trkpt>
      <trkpt lat="37.61609" lon="-112.93194"><ele>0.0</ele></trkpt>
      <trkpt lat="37.61562" lon="-112.93203"><ele>0.0</ele></trkpt>
      <trkpt lat="37.61532" lon="-112.9321"><ele>0.0</ele></trkpt>
      <trkpt lat="37.61497" lon="-112.9322"><ele>0.0</ele></trkpt>
      <trkpt lat="37.61461" lon="-112.93228"><ele>0.0</ele></trkpt>
      <trkpt lat="37.61444" lon="-112.93233"><ele>0.0</ele></trkpt>
      <trkpt lat="37.61353" lon="-112.93255"><ele>0.0</ele></trkpt>
      <trkpt lat="37.61284" lon="-112.9327"><ele>0.0</ele></trkpt>
      <trkpt lat="37.61281" lon="-112.93271"><ele>0.0</ele></trkpt>
      <trkpt lat="37.61209" lon="-112.93285"><ele>0.0</ele></trkpt>
      <trkpt lat="37.61146" lon="-112.93295"><ele>0.0</ele></trkpt>
      <trkpt lat="37.61132" lon="-112.93298"><ele>0.0</ele></trkpt>
      <trkpt lat="37.61094" lon="-112.93308"><ele>0.0</ele></trkpt>
      <trkpt lat="37.6109" lon="-112.93311"><ele>0.0</ele></trkpt>
      <trkpt lat="37.61085" lon="-112.93312"><ele>0.0</ele></trkpt>
      <trkpt lat="37.61071" lon="-112.9332"><ele>0.0</ele></trkpt>
      <trkpt lat="37.61059" lon="-112.93328"><ele>0.0</ele></trkpt>
      <trkpt lat="37.61057" lon="-112.93329"><ele>0.0</ele></trkpt>
      <trkpt lat="37.61042" lon="-112.93342"><ele>0.0</ele></trkpt>
      <trkpt lat="37.6103" lon="-112.93354"><ele>0.0</ele></trkpt>
      <trkpt lat="37.61028" lon="-112.93357"><ele>0.0</ele></trkpt>
      <trkpt lat="37.61015" lon="-112.93372"><ele>0.0</ele></trkpt>
      <trkpt lat="37.61011" lon="-112.93376"><ele>0.0</ele></trkpt>
      <trkpt lat="37.61004" lon="-112.93386"><ele>0.0</ele></trkpt>
      <trkpt lat="37.61002" lon="-112.93388"><ele>0.0</ele></trkpt>
      <trkpt lat="37.60995" lon="-112.934"><ele>0.0</ele></trkpt>
      <trkpt lat="37.6099" lon="-112.93405"><ele>0.0</ele></trkpt>
      <trkpt lat="37.60977" lon="-112.93424"><ele>0.0</ele></trkpt>
      <trkpt lat="37.60969" lon="-112.93434"><ele>0.0</ele></trkpt>
      <trkpt lat="37.60955" lon="-112.93449"><ele>0.0</ele></trkpt>
      <trkpt lat="37.60951" lon="-112.93452"><ele>0.0</ele></trkpt>
      <trkpt lat="37.60945" lon="-112.93458"><ele>0.0</ele></trkpt>
      <trkpt lat="37.60922" lon="-112.93478"><ele>0.0</ele></trkpt>
      <trkpt lat="37.6092" lon="-112.93479"><ele>0.0</ele></trkpt>
      <trkpt lat="37.60909" lon="-112.93488"><ele>0.0</ele></trkpt>
      <trkpt lat="37.60887" lon="-112.93502"><ele>0.0</ele></trkpt>
      <trkpt lat="37.60866" lon="-112.93513"><ele>0.0</ele></trkpt>
      <trkpt lat="37.60847" lon="-112.93521"><ele>0.0</ele></trkpt>
      <trkpt lat="37.60833" lon="-112.93525"><ele>0.0</ele></trkpt>
      <trkpt lat="37.60805" lon="-112.93531"><ele>0.0</ele></trkpt>
      <trkpt lat="37.6078" lon="-112.93538"><ele>0.0</ele></trkpt>
      <trkpt lat="37.60769" lon="-112.9354"><ele>0.0</ele></trkpt>
      <trkpt lat="37.60751" lon="-112.93545"><ele>0.0</ele></trkpt>
      <trkpt lat="37.60716" lon="-112.93553"><ele>0.0</ele></trkpt>
      <trkpt lat="37.60659" lon="-112.93571"><ele>0.0</ele></trkpt>
      <trkpt lat="37.60644" lon="-112.93577"><ele>0.0</ele></trkpt>
      <trkpt lat="37.60608" lon="-112.93597"><ele>0.0</ele></trkpt>
      <trkpt lat="37.60572" lon="-112.9362"><ele>0.0</ele></trkpt>
      <trkpt lat="37.60563" lon="-112.93625"><ele>0.0</ele></trkpt>
      <trkpt lat="37.60554" lon="-112.93631"><ele>0.0</ele></trkpt>
      <trkpt lat="37.60542" lon="-112.93638"><ele>0.0</ele></trkpt>
      <trkpt lat="37.60523" lon="-112.93647"><ele>0.0</ele></trkpt>
      <trkpt lat="37.60498" lon="-112.93655"><ele>0.0</ele></trkpt>
      <trkpt lat="37.6048" lon="-112.93658"><ele>0.0</ele></trkpt>
      <trkpt lat="37.60478" lon="-112.93658"><ele>0.0</ele></trkpt>
      <trkpt lat="37.60474" lon="-112.93659"><ele>0.0</ele></trkpt>
      <trkpt lat="37.6047" lon="-112.93659"><ele>0.0</ele></trkpt>
      <trkpt lat="37.60459" lon="-112.9366"><ele>0.0</ele></trkpt>
      <trkpt lat="37.60438" lon="-112.9366"><ele>0.0</ele></trkpt>
      <trkpt lat="37.60426" lon="-112.93658"><ele>0.0</ele></trkpt>
      <trkpt lat="37.60422" lon="-112.93658"><ele>0.0</ele></trkpt>
      <trkpt lat="37.60401" lon="-112.93654"><ele>0.0</ele></trkpt>
      <trkpt lat="37.60388" lon="-112.9365"><ele>0.0</ele></trkpt>
      <trkpt lat="37.60379" lon="-112.93646"><ele>0.0</ele></trkpt>
      <trkpt lat="37.60373" lon="-112.93644"><ele>0.0</ele></trkpt>
      <trkpt lat="37.6036" lon="-112.93637"><ele>0.0</ele></trkpt>
      <trkpt lat="37.60357" lon="-112.93635"><ele>0.0</ele></trkpt>
      <trkpt lat="37.60353" lon="-112.93633"><ele>0.0</ele></trkpt>
      <trkpt lat="37.60348" lon="-112.93629"><ele>0.0</ele></trkpt>
      <trkpt lat="37.60337" lon="-112.93622"><ele>0.0</ele></trkpt>
      <trkpt lat="37.60322" lon="-112.9361"><ele>0.0</ele></trkpt>
      <trkpt lat="37.60297" lon="-112.93585"><ele>0.0</ele></trkpt>
      <trkpt lat="37.60284" lon="-112.93569"><ele>0.0</ele></trkpt>
      <trkpt lat="37.60283" lon="-112.93567"><ele>0.0</ele></trkpt>
      <trkpt lat="37.60275" lon="-112.93558"><ele>0.0</ele></trkpt>
      <trkpt lat="37.60272" lon="-112.93553"><ele>0.0</ele></trkpt>
      <trkpt lat="37.60265" lon="-112.93544"><ele>0.0</ele></trkpt>
      <trkpt lat="37.60255" lon="-112.93534"><ele>0.0</ele></trkpt>
      <trkpt lat="37.60254" lon="-112.93532"><ele>0.0</ele></trkpt>
      <trkpt lat="37.60242" lon="-112.93521"><ele>0.0</ele></trkpt>
      <trkpt lat="37.60226" lon="-112.93508"><ele>0.0</ele></trkpt>
      <trkpt lat="37.60216" lon="-112.93501"><ele>0.0</ele></trkpt>
      <trkpt lat="37.60181" lon="-112.93481"><ele>0.0</ele></trkpt>
      <trkpt lat="37.60123" lon="-112.9345"><ele>0.0</ele></trkpt>
      <trkpt lat="37.60093" lon="-112.93431"><ele>0.0</ele></trkpt>
      <trkpt lat="37.60074" lon="-112.93414"><ele>0.0</ele></trkpt>
      <trkpt lat="37.60062" lon="-112.93402"><ele>0.0</ele></trkpt>
      <trkpt lat="37.60051" lon="-112.93389"><ele>0.0</ele></trkpt>
      <trkpt lat="37.60043" lon="-112.93378"><ele>0.0</ele></trkpt>
      <trkpt lat="37.6004" lon="-112.93375"><ele>0.0</ele></trkpt>
      <trkpt lat="37.60039" lon="-112.93373"><ele>0.0</ele></trkpt>
      <trkpt lat="37.60031" lon="-112.93361"><ele>0.0</ele></trkpt>
      <trkpt lat="37.60029" lon="-112.93357"><ele>0.0</ele></trkpt>
      <trkpt lat="37.60028" lon="-112.93356"><ele>0.0</ele></trkpt>
      <trkpt lat="37.6001" lon="-112.93325"><ele>0.0</ele></trkpt>
      <trkpt lat="37.60007" lon="-112.93316"><ele>0.0</ele></trkpt>
      <trkpt lat="37.59896" lon="-112.93042"><ele>0.0</ele></trkpt>
      <trkpt lat="37.59888" lon="-112.93025"><ele>0.0</ele></trkpt>
      <trkpt lat="37.59865" lon="-112.92983"><ele>0.0</ele></trkpt>
      <trkpt lat="37.5985" lon="-112.92959"><ele>0.0</ele></trkpt>
      <trkpt lat="37.59821" lon="-112.92916"><ele>0.0</ele></trkpt>
      <trkpt lat="37.59818" lon="-112.92913"><ele>0.0</ele></trkpt>
      <trkpt lat="37.59808" lon="-112.929"><ele>0.0</ele></trkpt>
      <trkpt lat="37.59794" lon="-112.9288"><ele>0.0</ele></trkpt>
      <trkpt lat="37.59781" lon="-112.92864"><ele>0.0</ele></trkpt>
      <trkpt lat="37.59759" lon="-112.92834"><ele>0.0</ele></trkpt>
      <trkpt lat="37.59758" lon="-112.92834"><ele>0.0</ele></trkpt>
      <trkpt lat="37.59744" lon="-112.92813"><ele>0.0</ele></trkpt>
      <trkpt lat="37.59713" lon="-112.92759"><ele>0.0</ele></trkpt>
      <trkpt lat="37.59703" lon="-112.9274"><ele>0.0</ele></trkpt>
      <trkpt lat="37.59681" lon="-112.92691"><ele>0.0</ele></trkpt>
      <trkpt lat="37.5967" lon="-112.92664"><ele>0.0</ele></trkpt>
      <trkpt lat="37.59648" lon="-112.92604"><ele>0.0</ele></trkpt>
      <trkpt lat="37.59647" lon="-112.92598"><ele>0.0</ele></trkpt>
      <trkpt lat="37.5964" lon="-112.92576"><ele>0.0</ele></trkpt>
      <trkpt lat="37.59635" lon="-112.92555"><ele>0.0</ele></trkpt>
      <trkpt lat="37.59632" lon="-112.92546"><ele>0.0</ele></trkpt>
      <trkpt lat="37.5963" lon="-112.92533"><ele>0.0</ele></trkpt>
      <trkpt lat="37.5962" lon="-112.92487"><ele>0.0</ele></trkpt>
      <trkpt lat="37.59602" lon="-112.92375"><ele>0.0</ele></trkpt>
      <trkpt lat="37.59591" lon="-112.92325"><ele>0.0</ele></trkpt>
      <trkpt lat="37.59589" lon="-112.9232"><ele>0.0</ele></trkpt>
      <trkpt lat="37.59583" lon="-112.92299"><ele>0.0</ele></trkpt>
      <trkpt lat="37.5956" lon="-112.92234"><ele>0.0</ele></trkpt>
      <trkpt lat="37.59556" lon="-112.92221"><ele>0.0</ele></trkpt>
      <trkpt lat="37.59534" lon="-112.92163"><ele>0.0</ele></trkpt>
      <trkpt lat="37.59533" lon="-112.92159"><ele>0.0</ele></trkpt>
      <trkpt lat="37.59488" lon="-112.92035"><ele>0.0</ele></trkpt>
      <trkpt lat="37.59464" lon="-112.91961"><ele>0.0</ele></trkpt>
      <trkpt lat="37.59452" lon="-112.91912"><ele>0.0</ele></trkpt>
      <trkpt lat="37.59441" lon="-112.91852"><ele>0.0</ele></trkpt>
      <trkpt lat="37.59435" lon="-112.91781"><ele>0.0</ele></trkpt>
      <trkpt lat="37.59434" lon="-112.91708"><ele>0.0</ele></trkpt>
      <trkpt lat="37.59443" lon="-112.91451"><ele>0.0</ele></trkpt>
      <trkpt lat="37.59443" lon="-112.91434"><ele>0.0</ele></trkpt>
      <trkpt lat="37.59439" lon="-112.91372"><ele>0.0</ele></trkpt>
      <trkpt lat="37.59433" lon="-112.91322"><ele>0.0</ele></trkpt>
      <trkpt lat="37.59428" lon="-112.91291"><ele>0.0</ele></trkpt>
      <trkpt lat="37.59428" lon="-112.91288"><ele>0.0</ele></trkpt>
      <trkpt lat="37.59426" lon="-112.9128"><ele>0.0</ele></trkpt>
      <trkpt lat="37.59422" lon="-112.91258"><ele>0.0</ele></trkpt>
      <trkpt lat="37.59422" lon="-112.91255"><ele>0.0</ele></trkpt>
      <trkpt lat="37.59413" lon="-112.91214"><ele>0.0</ele></trkpt>
      <trkpt lat="37.5941" lon="-112.91197"><ele>0.0</ele></trkpt>
      <trkpt lat="37.5938" lon="-112.91094"><ele>0.0</ele></trkpt>
      <trkpt lat="37.59257" lon="-112.9071"><ele>0.0</ele></trkpt>
      <trkpt lat="37.59245" lon="-112.90678"><ele>0.0</ele></trkpt>
      <trkpt lat="37.59237" lon="-112.90661"><ele>0.0</ele></trkpt>
      <trkpt lat="37.59227" lon="-112.90642"><ele>0.0</ele></trkpt>
      <trkpt lat="37.59211" lon="-112.90615"><ele>0.0</ele></trkpt>
      <trkpt lat="37.59123" lon="-112.90505"><ele>0.0</ele></trkpt>
      <trkpt lat="37.59102" lon="-112.90476"><ele>0.0</ele></trkpt>
      <trkpt lat="37.59093" lon="-112.9046"><ele>0.0</ele></trkpt>
      <trkpt lat="37.59077" lon="-112.90427"><ele>0.0</ele></trkpt>
      <trkpt lat="37.59059" lon="-112.90378"><ele>0.0</ele></trkpt>
      <trkpt lat="37.59052" lon="-112.90353"><ele>0.0</ele></trkpt>
      <trkpt lat="37.59047" lon="-112.90331"><ele>0.0</ele></trkpt>
      <trkpt lat="37.59043" lon="-112.90295"><ele>0.0</ele></trkpt>
      <trkpt lat="37.59042" lon="-112.90269"><ele>0.0</ele></trkpt>
      <trkpt lat="37.59041" lon="-112.90261"><ele>0.0</ele></trkpt>
      <trkpt lat="37.5904" lon="-112.90224"><ele>0.0</ele></trkpt>
      <trkpt lat="37.59041" lon="-112.89965"><ele>0.0</ele></trkpt>
      <trkpt lat="37.59042" lon="-112.89951"><ele>0.0</ele></trkpt>
      <trkpt lat="37.59042" lon="-112.89838"><ele>0.0</ele></trkpt>
      <trkpt lat="37.59043" lon="-112.89815"><ele>0.0</ele></trkpt>
      <trkpt lat="37.59045" lon="-112.89792"><ele>0.0</ele></trkpt>
      <trkpt lat="37.59051" lon="-112.89769"><ele>0.0</ele></trkpt>
      <trkpt lat="37.59059" lon="-112.89751"><ele>0.0</ele></trkpt>
      <trkpt lat="37.59065" lon="-112.89744"><ele>0.0</ele></trkpt>
      <trkpt lat="37.59081" lon="-112.8973"><ele>0.0</ele></trkpt>
      <trkpt lat="37.59098" lon="-112.89723"><ele>0.0</ele></trkpt>
      <trkpt lat="37.59107" lon="-112.89721"><ele>0.0</ele></trkpt>
      <trkpt lat="37.59119" lon="-112.89722"><ele>0.0</ele></trkpt>
      <trkpt lat="37.59133" lon="-112.89726"><ele>0.0</ele></trkpt>
      <trkpt lat="37.59138" lon="-112.89728"><ele>0.0</ele></trkpt>
      <trkpt lat="37.59153" lon="-112.89739"><ele>0.0</ele></trkpt>
      <trkpt lat="37.59166" lon="-112.89757"><ele>0.0</ele></trkpt>
      <trkpt lat="37.59181" lon="-112.89793"><ele>0.0</ele></trkpt>
      <trkpt lat="37.59193" lon="-112.8983"><ele>0.0</ele></trkpt>
      <trkpt lat="37.59193" lon="-112.89831"><ele>0.0</ele></trkpt>
      <trkpt lat="37.59207" lon="-112.89893"><ele>0.0</ele></trkpt>
      <trkpt lat="37.59208" lon="-112.89915"><ele>0.0</ele></trkpt>
      <trkpt lat="37.5921" lon="-112.89934"><ele>0.0</ele></trkpt>
      <trkpt lat="37.5921" lon="-112.89949"><ele>0.0</ele></trkpt>
      <trkpt lat="37.59212" lon="-112.89986"><ele>0.0</ele></trkpt>
      <trkpt lat="37.59216" lon="-112.90006"><ele>0.0</ele></trkpt>
      <trkpt lat="37.5922" lon="-112.90018"><ele>0.0</ele></trkpt>
      <trkpt lat="37.59226" lon="-112.90031"><ele>0.0</ele></trkpt>
      <trkpt lat="37.59231" lon="-112.90037"><ele>0.0</ele></trkpt>
      <trkpt lat="37.59237" lon="-112.90043"><ele>0.0</ele></trkpt>
      <trkpt lat="37.59243" lon="-112.90048"><ele>0.0</ele></trkpt>
      <trkpt lat="37.59249" lon="-112.9005"><ele>0.0</ele></trkpt>
      <trkpt lat="37.59255" lon="-112.90051"><ele>0.0</ele></trkpt>
      <trkpt lat="37.59263" lon="-112.90053"><ele>0.0</ele></trkpt>
      <trkpt lat="37.59271" lon="-112.90052"><ele>0.0</ele></trkpt>
      <trkpt lat="37.5928" lon="-112.90049"><ele>0.0</ele></trkpt>
      <trkpt lat="37.5929" lon="-112.90043"><ele>0.0</ele></trkpt>
      <trkpt lat="37.59298" lon="-112.90036"><ele>0.0</ele></trkpt>
      <trkpt lat="37.59305" lon="-112.90027"><ele>0.0</ele></trkpt>
      <trkpt lat="37.5931" lon="-112.90017"><ele>0.0</ele></trkpt>
      <trkpt lat="37.59315" lon="-112.90005"><ele>0.0</ele></trkpt>
      <trkpt lat="37.59317" lon="-112.89994"><ele>0.0</ele></trkpt>
      <trkpt lat="37.59318" lon="-112.89978"><ele>0.0</ele></trkpt>
      <trkpt lat="37.59317" lon="-112.89967"><ele>0.0</ele></trkpt>
      <trkpt lat="37.59314" lon="-112.89957"><ele>0.0</ele></trkpt>
      <trkpt lat="37.59311" lon="-112.89949"><ele>0.0</ele></trkpt>
      <trkpt lat="37.59308" lon="-112.89944"><ele>0.0</ele></trkpt>
      <trkpt lat="37.59305" lon="-112.89936"><ele>0.0</ele></trkpt>
      <trkpt lat="37.59296" lon="-112.89925"><ele>0.0</ele></trkpt>
      <trkpt lat="37.59285" lon="-112.89909"><ele>0.0</ele></trkpt>
      <trkpt lat="37.59272" lon="-112.89888"><ele>0.0</ele></trkpt>
      <trkpt lat="37.59265" lon="-112.89875"><ele>0.0</ele></trkpt>
      <trkpt lat="37.59252" lon="-112.89843"><ele>0.0</ele></trkpt>
      <trkpt lat="37.59246" lon="-112.89825"><ele>0.0</ele></trkpt>
      <trkpt lat="37.59239" lon="-112.8979"><ele>0.0</ele></trkpt>
      <trkpt lat="37.59237" lon="-112.89753"><ele>0.0</ele></trkpt>
      <trkpt lat="37.59237" lon="-112.89728"><ele>0.0</ele></trkpt>
      <trkpt lat="37.59243" lon="-112.89679"><ele>0.0</ele></trkpt>
      <trkpt lat="37.5925" lon="-112.89646"><ele>0.0</ele></trkpt>
      <trkpt lat="37.59257" lon="-112.89621"><ele>0.0</ele></trkpt>
      <trkpt lat="37.59266" lon="-112.89595"><ele>0.0</ele></trkpt>
      <trkpt lat="37.59274" lon="-112.89575"><ele>0.0</ele></trkpt>
      <trkpt lat="37.59344" lon="-112.89425"><ele>0.0</ele></trkpt>
      <trkpt lat="37.59353" lon="-112.89403"><ele>0.0</ele></trkpt>
      <trkpt lat="37.5936" lon="-112.89375"><ele>0.0</ele></trkpt>
      <trkpt lat="37.59363" lon="-112.89359"><ele>0.0</ele></trkpt>
      <trkpt lat="37.59364" lon="-112.89339"><ele>0.0</ele></trkpt>
      <trkpt lat="37.59364" lon="-112.89325"><ele>0.0</ele></trkpt>
      <trkpt lat="37.5936" lon="-112.89293"><ele>0.0</ele></trkpt>
      <trkpt lat="37.59356" lon="-112.89273"><ele>0.0</ele></trkpt>
      <trkpt lat="37.5935" lon="-112.89254"><ele>0.0</ele></trkpt>
      <trkpt lat="37.59343" lon="-112.89235"><ele>0.0</ele></trkpt>
      <trkpt lat="37.59335" lon="-112.89207"><ele>0.0</ele></trkpt>
      <trkpt lat="37.59332" lon="-112.89193"><ele>0.0</ele></trkpt>
      <trkpt lat="37.59331" lon="-112.89184"><ele>0.0</ele></trkpt>
      <trkpt lat="37.59331" lon="-112.89174"><ele>0.0</ele></trkpt>
      <trkpt lat="37.5933" lon="-112.89161"><ele>0.0</ele></trkpt>
      <trkpt lat="37.5933" lon="-112.89122"><ele>0.0</ele></trkpt>
      <trkpt lat="37.59334" lon="-112.89092"><ele>0.0</ele></trkpt>
      <trkpt lat="37.59356" lon="-112.88982"><ele>0.0</ele></trkpt>
      <trkpt lat="37.59362" lon="-112.8893"><ele>0.0</ele></trkpt>
      <trkpt lat="37.59365" lon="-112.88891"><ele>0.0</ele></trkpt>
      <trkpt lat="37.59365" lon="-112.88841"><ele>0.0</ele></trkpt>
      <trkpt lat="37.59363" lon="-112.88812"><ele>0.0</ele></trkpt>
      <trkpt lat="37.59353" lon="-112.88736"><ele>0.0</ele></trkpt>
      <trkpt lat="37.59352" lon="-112.88733"><ele>0.0</ele></trkpt>
      <trkpt lat="37.59336" lon="-112.8864"><ele>0.0</ele></trkpt>
      <trkpt lat="37.59289" lon="-112.88439"><ele>0.0</ele></trkpt>
      <trkpt lat="37.59281" lon="-112.88411"><ele>0.0</ele></trkpt>
      <trkpt lat="37.59264" lon="-112.88365"><ele>0.0</ele></trkpt>
      <trkpt lat="37.5926" lon="-112.88357"><ele>0.0</ele></trkpt>
      <trkpt lat="37.59259" lon="-112.88353"><ele>0.0</ele></trkpt>
      <trkpt lat="37.59249" lon="-112.88334"><ele>0.0</ele></trkpt>
      <trkpt lat="37.59248" lon="-112.88331"><ele>0.0</ele></trkpt>
      <trkpt lat="37.59228" lon="-112.883"><ele>0.0</ele></trkpt>
      <trkpt lat="37.59199" lon="-112.88264"><ele>0.0</ele></trkpt>
      <trkpt lat="37.59183" lon="-112.88246"><ele>0.0</ele></trkpt>
      <trkpt lat="37.59159" lon="-112.88224"><ele>0.0</ele></trkpt>
      <trkpt lat="37.5913" lon="-112.882"><ele>0.0</ele></trkpt>
      <trkpt lat="37.59083" lon="-112.88173"><ele>0.0</ele></trkpt>
      <trkpt lat="37.59057" lon="-112.88161"><ele>0.0</ele></trkpt>
      <trkpt lat="37.59042" lon="-112.88155"><ele>0.0</ele></trkpt>
      <trkpt lat="37.59017" lon="-112.88148"><ele>0.0</ele></trkpt>
      <trkpt lat="37.59004" lon="-112.88146"><ele>0.0</ele></trkpt>
      <trkpt lat="37.58993" lon="-112.88145"><ele>0.0</ele></trkpt>
      <trkpt lat="37.5898" lon="-112.88145"><ele>0.0</ele></trkpt>
      <trkpt lat="37.58961" lon="-112.88147"><ele>0.0</ele></trkpt>
      <trkpt lat="37.58935" lon="-112.88155"><ele>0.0</ele></trkpt>
      <trkpt lat="37.58918" lon="-112.88162"><ele>0.0</ele></trkpt>
      <trkpt lat="37.58913" lon="-112.88165"><ele>0.0</ele></trkpt>
      <trkpt lat="37.58906" lon="-112.88168"><ele>0.0</ele></trkpt>
      <trkpt lat="37.58889" lon="-112.88179"><ele>0.0</ele></trkpt>
      <trkpt lat="37.58854" lon="-112.88213"><ele>0.0</ele></trkpt>
      <trkpt lat="37.58805" lon="-112.88258"><ele>0.0</ele></trkpt>
      <trkpt lat="37.58757" lon="-112.8829"><ele>0.0</ele></trkpt>
      <trkpt lat="37.58745" lon="-112.88299"><ele>0.0</ele></trkpt>
      <trkpt lat="37.58731" lon="-112.88311"><ele>0.0</ele></trkpt>
      <trkpt lat="37.58717" lon="-112.88321"><ele>0.0</ele></trkpt>
      <trkpt lat="37.58701" lon="-112.8833"><ele>0.0</ele></trkpt>
      <trkpt lat="37.58683" lon="-112.88339"><ele>0.0</ele></trkpt>
      <trkpt lat="37.58679" lon="-112.8834"><ele>0.0</ele></trkpt>
      <trkpt lat="37.58665" lon="-112.88345"><ele>0.0</ele></trkpt>
      <trkpt lat="37.58589" lon="-112.88362"><ele>0.0</ele></trkpt>
      <trkpt lat="37.58553" lon="-112.88368"><ele>0.0</ele></trkpt>
      <trkpt lat="37.58459" lon="-112.88377"><ele>0.0</ele></trkpt>
      <trkpt lat="37.58404" lon="-112.88385"><ele>0.0</ele></trkpt>
      <trkpt lat="37.58383" lon="-112.88385"><ele>0.0</ele></trkpt>
      <trkpt lat="37.5838" lon="-112.88384"><ele>0.0</ele></trkpt>
      <trkpt lat="37.58371" lon="-112.88384"><ele>0.0</ele></trkpt>
      <trkpt lat="37.58362" lon="-112.88382"><ele>0.0</ele></trkpt>
      <trkpt lat="37.58358" lon="-112.88382"><ele>0.0</ele></trkpt>
      <trkpt lat="37.58345" lon="-112.88379"><ele>0.0</ele></trkpt>
      <trkpt lat="37.58344" lon="-112.88378"><ele>0.0</ele></trkpt>
      <trkpt lat="37.58335" lon="-112.88375"><ele>0.0</ele></trkpt>
      <trkpt lat="37.5833" lon="-112.88372"><ele>0.0</ele></trkpt>
      <trkpt lat="37.58327" lon="-112.88371"><ele>0.0</ele></trkpt>
      <trkpt lat="37.58317" lon="-112.88365"><ele>0.0</ele></trkpt>
      <trkpt lat="37.58311" lon="-112.8836"><ele>0.0</ele></trkpt>
      <trkpt lat="37.58309" lon="-112.88359"><ele>0.0</ele></trkpt>
      <trkpt lat="37.58299" lon="-112.8835"><ele>0.0</ele></trkpt>
      <trkpt lat="37.58283" lon="-112.88332"><ele>0.0</ele></trkpt>
      <trkpt lat="37.58271" lon="-112.88316"><ele>0.0</ele></trkpt>
      <trkpt lat="37.58263" lon="-112.88304"><ele>0.0</ele></trkpt>
      <trkpt lat="37.58259" lon="-112.88299"><ele>0.0</ele></trkpt>
      <trkpt lat="37.58251" lon="-112.88286"><ele>0.0</ele></trkpt>
      <trkpt lat="37.58247" lon="-112.88281"><ele>0.0</ele></trkpt>
      <trkpt lat="37.58246" lon="-112.88279"><ele>0.0</ele></trkpt>
      <trkpt lat="37.58223" lon="-112.88248"><ele>0.0</ele></trkpt>
      <trkpt lat="37.58153" lon="-112.88146"><ele>0.0</ele></trkpt>
      <trkpt lat="37.58151" lon="-112.88144"><ele>0.0</ele></trkpt>
      <trkpt lat="37.58105" lon="-112.88077"><ele>0.0</ele></trkpt>
      <trkpt lat="37.58096" lon="-112.88065"><ele>0.0</ele></trkpt>
      <trkpt lat="37.58082" lon="-112.88034"><ele>0.0</ele></trkpt>
      <trkpt lat="37.58077" lon="-112.88017"><ele>0.0</ele></trkpt>
      <trkpt lat="37.58074" lon="-112.88003"><ele>0.0</ele></trkpt>
      <trkpt lat="37.58072" lon="-112.8799"><ele>0.0</ele></trkpt>
      <trkpt lat="37.58072" lon="-112.87961"><ele>0.0</ele></trkpt>
      <trkpt lat="37.58076" lon="-112.8794"><ele>0.0</ele></trkpt>
      <trkpt lat="37.58084" lon="-112.87915"><ele>0.0</ele></trkpt>
      <trkpt lat="37.58089" lon="-112.87904"><ele>0.0</ele></trkpt>
      <trkpt lat="37.58102" lon="-112.87882"><ele>0.0</ele></trkpt>
      <trkpt lat="37.58105" lon="-112.87876"><ele>0.0</ele></trkpt>
      <trkpt lat="37.58109" lon="-112.87871"><ele>0.0</ele></trkpt>
      <trkpt lat="37.58121" lon="-112.87858"><ele>0.0</ele></trkpt>
      <trkpt lat="37.58126" lon="-112.87854"><ele>0.0</ele></trkpt>
      <trkpt lat="37.58133" lon="-112.87847"><ele>0.0</ele></trkpt>
      <trkpt lat="37.58153" lon="-112.87829"><ele>0.0</ele></trkpt>
      <trkpt lat="37.58177" lon="-112.87809"><ele>0.0</ele></trkpt>
      <trkpt lat="37.58198" lon="-112.87789"><ele>0.0</ele></trkpt>
      <trkpt lat="37.58199" lon="-112.87789"><ele>0.0</ele></trkpt>
      <trkpt lat="37.58206" lon="-112.87782"><ele>0.0</ele></trkpt>
      <trkpt lat="37.58218" lon="-112.87766"><ele>0.0</ele></trkpt>
      <trkpt lat="37.58226" lon="-112.87752"><ele>0.0</ele></trkpt>
      <trkpt lat="37.58231" lon="-112.87741"><ele>0.0</ele></trkpt>
      <trkpt lat="37.58237" lon="-112.87721"><ele>0.0</ele></trkpt>
      <trkpt lat="37.58239" lon="-112.87709"><ele>0.0</ele></trkpt>
      <trkpt lat="37.58239" lon="-112.87692"><ele>0.0</ele></trkpt>
      <trkpt lat="37.5824" lon="-112.87681"><ele>0.0</ele></trkpt>
      <trkpt lat="37.58238" lon="-112.87668"><ele>0.0</ele></trkpt>
      <trkpt lat="37.58231" lon="-112.8764"><ele>0.0</ele></trkpt>
      <trkpt lat="37.58225" lon="-112.87625"><ele>0.0</ele></trkpt>
      <trkpt lat="37.58216" lon="-112.87608"><ele>0.0</ele></trkpt>
      <trkpt lat="37.58201" lon="-112.87587"><ele>0.0</ele></trkpt>
      <trkpt lat="37.58177" lon="-112.87562"><ele>0.0</ele></trkpt>
      <trkpt lat="37.58164" lon="-112.87546"><ele>0.0</ele></trkpt>
      <trkpt lat="37.58162" lon="-112.87544"><ele>0.0</ele></trkpt>
      <trkpt lat="37.5815" lon="-112.87527"><ele>0.0</ele></trkpt>
      <trkpt lat="37.58139" lon="-112.87502"><ele>0.0</ele></trkpt>
      <trkpt lat="37.58133" lon="-112.87478"><ele>0.0</ele></trkpt>
      <trkpt lat="37.58131" lon="-112.87459"><ele>0.0</ele></trkpt>
      <trkpt lat="37.58131" lon="-112.87434"><ele>0.0</ele></trkpt>
      <trkpt lat="37.58132" lon="-112.8741"><ele>0.0</ele></trkpt>
      <trkpt lat="37.58132" lon="-112.87368"><ele>0.0</ele></trkpt>
      <trkpt lat="37.5813" lon="-112.87354"><ele>0.0</ele></trkpt>
      <trkpt lat="37.5813" lon="-112.87353"><ele>0.0</ele></trkpt>
      <trkpt lat="37.58124" lon="-112.87332"><ele>0.0</ele></trkpt>
      <trkpt lat="37.58115" lon="-112.87311"><ele>0.0</ele></trkpt>
      <trkpt lat="37.58108" lon="-112.873"><ele>0.0</ele></trkpt>
      <trkpt lat="37.58097" lon="-112.87287"><ele>0.0</ele></trkpt>
      <trkpt lat="37.5808" lon="-112.87273"><ele>0.0</ele></trkpt>
      <trkpt lat="37.58021" lon="-112.87243"><ele>0.0</ele></trkpt>
      <trkpt lat="37.5801" lon="-112.87236"><ele>0.0</ele></trkpt>
      <trkpt lat="37.58002" lon="-112.8723"><ele>0.0</ele></trkpt>
      <trkpt lat="37.57989" lon="-112.87219"><ele>0.0</ele></trkpt>
      <trkpt lat="37.57963" lon="-112.87191"><ele>0.0</ele></trkpt>
      <trkpt lat="37.5795" lon="-112.87173"><ele>0.0</ele></trkpt>
      <trkpt lat="37.57939" lon="-112.87156"><ele>0.0</ele></trkpt>
      <trkpt lat="37.57925" lon="-112.87128"><ele>0.0</ele></trkpt>
      <trkpt lat="37.57923" lon="-112.87125"><ele>0.0</ele></trkpt>
      <trkpt lat="37.57897" lon="-112.8707"><ele>0.0</ele></trkpt>
      <trkpt lat="37.57894" lon="-112.87066"><ele>0.0</ele></trkpt>
      <trkpt lat="37.57887" lon="-112.87051"><ele>0.0</ele></trkpt>
      <trkpt lat="37.57878" lon="-112.87037"><ele>0.0</ele></trkpt>
      <trkpt lat="37.57876" lon="-112.87033"><ele>0.0</ele></trkpt>
      <trkpt lat="37.57869" lon="-112.87024"><ele>0.0</ele></trkpt>
      <trkpt lat="37.57865" lon="-112.87018"><ele>0.0</ele></trkpt>
      <trkpt lat="37.57864" lon="-112.87016"><ele>0.0</ele></trkpt>
      <trkpt lat="37.57849" lon="-112.86998"><ele>0.0</ele></trkpt>
      <trkpt lat="37.57812" lon="-112.86964"><ele>0.0</ele></trkpt>
      <trkpt lat="37.57809" lon="-112.86962"><ele>0.0</ele></trkpt>
      <trkpt lat="37.57794" lon="-112.86949"><ele>0.0</ele></trkpt>
      <trkpt lat="37.57792" lon="-112.86948"><ele>0.0</ele></trkpt>
      <trkpt lat="37.57774" lon="-112.86933"><ele>0.0</ele></trkpt>
      <trkpt lat="37.57757" lon="-112.86917"><ele>0.0</ele></trkpt>
      <trkpt lat="37.57749" lon="-112.86907"><ele>0.0</ele></trkpt>
      <trkpt lat="37.57747" lon="-112.86905"><ele>0.0</ele></trkpt>
      <trkpt lat="37.5774" lon="-112.86894"><ele>0.0</ele></trkpt>
      <trkpt lat="37.57734" lon="-112.86882"><ele>0.0</ele></trkpt>
      <trkpt lat="37.57724" lon="-112.86857"><ele>0.0</ele></trkpt>
      <trkpt lat="37.57721" lon="-112.86845"><ele>0.0</ele></trkpt>
      <trkpt lat="37.57717" lon="-112.86819"><ele>0.0</ele></trkpt>
      <trkpt lat="37.57716" lon="-112.86807"><ele>0.0</ele></trkpt>
      <trkpt lat="37.57716" lon="-112.86784"><ele>0.0</ele></trkpt>
      <trkpt lat="37.5772" lon="-112.86754"><ele>0.0</ele></trkpt>
      <trkpt lat="37.57742" lon="-112.86679"><ele>0.0</ele></trkpt>
      <trkpt lat="37.57743" lon="-112.86674"><ele>0.0</ele></trkpt>
      <trkpt lat="37.57747" lon="-112.8666"><ele>0.0</ele></trkpt>
      <trkpt lat="37.5775" lon="-112.86633"><ele>0.0</ele></trkpt>
      <trkpt lat="37.5775" lon="-112.8663"><ele>0.0</ele></trkpt>
      <trkpt lat="37.57751" lon="-112.86621"><ele>0.0</ele></trkpt>
      <trkpt lat="37.57751" lon="-112.86606"><ele>0.0</ele></trkpt>
      <trkpt lat="37.57749" lon="-112.86581"><ele>0.0</ele></trkpt>
      <trkpt lat="37.57743" lon="-112.86553"><ele>0.0</ele></trkpt>
      <trkpt lat="37.5774" lon="-112.86543"><ele>0.0</ele></trkpt>
      <trkpt lat="37.57739" lon="-112.86541"><ele>0.0</ele></trkpt>
      <trkpt lat="37.57739" lon="-112.86538"><ele>0.0</ele></trkpt>
      <trkpt lat="37.57733" lon="-112.86523"><ele>0.0</ele></trkpt>
      <trkpt lat="37.57732" lon="-112.86522"><ele>0.0</ele></trkpt>
      <trkpt lat="37.57731" lon="-112.86518"><ele>0.0</ele></trkpt>
      <trkpt lat="37.57727" lon="-112.86511"><ele>0.0</ele></trkpt>
      <trkpt lat="37.57724" lon="-112.86504"><ele>0.0</ele></trkpt>
      <trkpt lat="37.57621" lon="-112.86345"><ele>0.0</ele></trkpt>
      <trkpt lat="37.57619" lon="-112.86343"><ele>0.0</ele></trkpt>
      <trkpt lat="37.57608" lon="-112.86326"><ele>0.0</ele></trkpt>
      <trkpt lat="37.57607" lon="-112.86324"><ele>0.0</ele></trkpt>
      <trkpt lat="37.57557" lon="-112.86249"><ele>0.0</ele></trkpt>
      <trkpt lat="37.57541" lon="-112.86227"><ele>0.0</ele></trkpt>
      <trkpt lat="37.57538" lon="-112.86222"><ele>0.0</ele></trkpt>
      <trkpt lat="37.57515" lon="-112.86191"><ele>0.0</ele></trkpt>
      <trkpt lat="37.57512" lon="-112.86188"><ele>0.0</ele></trkpt>
      <trkpt lat="37.57502" lon="-112.86176"><ele>0.0</ele></trkpt>
      <trkpt lat="37.575" lon="-112.86174"><ele>0.0</ele></trkpt>
      <trkpt lat="37.5749" lon="-112.86162"><ele>0.0</ele></trkpt>
      <trkpt lat="37.57463" lon="-112.86134"><ele>0.0</ele></trkpt>
      <trkpt lat="37.57442" lon="-112.86115"><ele>0.0</ele></trkpt>
      <trkpt lat="37.57433" lon="-112.86108"><ele>0.0</ele></trkpt>
      <trkpt lat="37.57413" lon="-112.86094"><ele>0.0</ele></trkpt>
      <trkpt lat="37.57385" lon="-112.86078"><ele>0.0</ele></trkpt>
      <trkpt lat="37.5738" lon="-112.86076"><ele>0.0</ele></trkpt>
      <trkpt lat="37.57366" lon="-112.86068"><ele>0.0</ele></trkpt>
      <trkpt lat="37.57364" lon="-112.86066"><ele>0.0</ele></trkpt>
      <trkpt lat="37.57363" lon="-112.86066"><ele>0.0</ele></trkpt>
      <trkpt lat="37.57346" lon="-112.86055"><ele>0.0</ele></trkpt>
      <trkpt lat="37.57335" lon="-112.86049"><ele>0.0</ele></trkpt>
      <trkpt lat="37.57334" lon="-112.86047"><ele>0.0</ele></trkpt>
      <trkpt lat="37.57332" lon="-112.86046"><ele>0.0</ele></trkpt>
      <trkpt lat="37.57318" lon="-112.86035"><ele>0.0</ele></trkpt>
      <trkpt lat="37.57316" lon="-112.86034"><ele>0.0</ele></trkpt>
      <trkpt lat="37.57311" lon="-112.86029"><ele>0.0</ele></trkpt>
      <trkpt lat="37.57299" lon="-112.86019"><ele>0.0</ele></trkpt>
      <trkpt lat="37.57221" lon="-112.85935"><ele>0.0</ele></trkpt>
      <trkpt lat="37.57219" lon="-112.85934"><ele>0.0</ele></trkpt>
      <trkpt lat="37.5721" lon="-112.85926"><ele>0.0</ele></trkpt>
      <trkpt lat="37.57206" lon="-112.85923"><ele>0.0</ele></trkpt>
      <trkpt lat="37.57204" lon="-112.85921"><ele>0.0</ele></trkpt>
      <trkpt lat="37.57186" lon="-112.85909"><ele>0.0</ele></trkpt>
      <trkpt lat="37.57174" lon="-112.85902"><ele>0.0</ele></trkpt>
      <trkpt lat="37.57134" lon="-112.85883"><ele>0.0</ele></trkpt>
      <trkpt lat="37.57124" lon="-112.85877"><ele>0.0</ele></trkpt>
      <trkpt lat="37.5711" lon="-112.8587"><ele>0.0</ele></trkpt>
      <trkpt lat="37.57099" lon="-112.85863"><ele>0.0</ele></trkpt>
      <trkpt lat="37.57087" lon="-112.85854"><ele>0.0</ele></trkpt>
      <trkpt lat="37.57079" lon="-112.85847"><ele>0.0</ele></trkpt>
      <trkpt lat="37.57067" lon="-112.85835"><ele>0.0</ele></trkpt>
      <trkpt lat="37.57056" lon="-112.85821"><ele>0.0</ele></trkpt>
      <trkpt lat="37.57046" lon="-112.85807"><ele>0.0</ele></trkpt>
      <trkpt lat="37.57038" lon="-112.85793"><ele>0.0</ele></trkpt>
      <trkpt lat="37.57032" lon="-112.85781"><ele>0.0</ele></trkpt>
      <trkpt lat="37.57027" lon="-112.85769"><ele>0.0</ele></trkpt>
      <trkpt lat="37.57018" lon="-112.85741"><ele>0.0</ele></trkpt>
      <trkpt lat="37.57011" lon="-112.85704"><ele>0.0</ele></trkpt>
      <trkpt lat="37.57009" lon="-112.85665"><ele>0.0</ele></trkpt>
      <trkpt lat="37.57009" lon="-112.85645"><ele>0.0</ele></trkpt>
      <trkpt lat="37.57011" lon="-112.85613"><ele>0.0</ele></trkpt>
      <trkpt lat="37.57011" lon="-112.85583"><ele>0.0</ele></trkpt>
      <trkpt lat="37.5701" lon="-112.85569"><ele>0.0</ele></trkpt>
      <trkpt lat="37.57008" lon="-112.85556"><ele>0.0</ele></trkpt>
      <trkpt lat="37.57008" lon="-112.85553"><ele>0.0</ele></trkpt>
      <trkpt lat="37.57007" lon="-112.85551"><ele>0.0</ele></trkpt>
      <trkpt lat="37.57003" lon="-112.85531"><ele>0.0</ele></trkpt>
      <trkpt lat="37.57003" lon="-112.85529"><ele>0.0</ele></trkpt>
      <trkpt lat="37.56997" lon="-112.85512"><ele>0.0</ele></trkpt>
      <trkpt lat="37.56991" lon="-112.85498"><ele>0.0</ele></trkpt>
      <trkpt lat="37.56978" lon="-112.85472"><ele>0.0</ele></trkpt>
      <trkpt lat="37.56967" lon="-112.85452"><ele>0.0</ele></trkpt>
      <trkpt lat="37.56934" lon="-112.85381"><ele>0.0</ele></trkpt>
      <trkpt lat="37.56913" lon="-112.85319"><ele>0.0</ele></trkpt>
      <trkpt lat="37.56902" lon="-112.85279"><ele>0.0</ele></trkpt>
      <trkpt lat="37.56894" lon="-112.85238"><ele>0.0</ele></trkpt>
      <trkpt lat="37.56889" lon="-112.85218"><ele>0.0</ele></trkpt>
      <trkpt lat="37.56886" lon="-112.852"><ele>0.0</ele></trkpt>
      <trkpt lat="37.56886" lon="-112.85197"><ele>0.0</ele></trkpt>
      <trkpt lat="37.56882" lon="-112.85182"><ele>0.0</ele></trkpt>
      <trkpt lat="37.56882" lon="-112.85178"><ele>0.0</ele></trkpt>
      <trkpt lat="37.5687" lon="-112.85127"><ele>0.0</ele></trkpt>
      <trkpt lat="37.56865" lon="-112.85111"><ele>0.0</ele></trkpt>
      <trkpt lat="37.56858" lon="-112.85093"><ele>0.0</ele></trkpt>
      <trkpt lat="37.56855" lon="-112.85088"><ele>0.0</ele></trkpt>
      <trkpt lat="37.56851" lon="-112.85077"><ele>0.0</ele></trkpt>
      <trkpt lat="37.56842" lon="-112.85058"><ele>0.0</ele></trkpt>
      <trkpt lat="37.5683" lon="-112.85037"><ele>0.0</ele></trkpt>
      <trkpt lat="37.56828" lon="-112.85035"><ele>0.0</ele></trkpt>
      <trkpt lat="37.5682" lon="-112.85021"><ele>0.0</ele></trkpt>
      <trkpt lat="37.56794" lon="-112.84982"><ele>0.0</ele></trkpt>
      <trkpt lat="37.56793" lon="-112.84981"><ele>0.0</ele></trkpt>
      <trkpt lat="37.56761" lon="-112.84928"><ele>0.0</ele></trkpt>
      <trkpt lat="37.56753" lon="-112.84912"><ele>0.0</ele></trkpt>
      <trkpt lat="37.56742" lon="-112.84887"><ele>0.0</ele></trkpt>
      <trkpt lat="37.56736" lon="-112.84871"><ele>0.0</ele></trkpt>
      <trkpt lat="37.56727" lon="-112.84839"><ele>0.0</ele></trkpt>
      <trkpt lat="37.56718" lon="-112.84802"><ele>0.0</ele></trkpt>
      <trkpt lat="37.56716" lon="-112.84791"><ele>0.0</ele></trkpt>
      <trkpt lat="37.56716" lon="-112.8479"><ele>0.0</ele></trkpt>
      <trkpt lat="37.56714" lon="-112.84779"><ele>0.0</ele></trkpt>
      <trkpt lat="37.56713" lon="-112.8477"><ele>0.0</ele></trkpt>
      <trkpt lat="37.56712" lon="-112.84766"><ele>0.0</ele></trkpt>
      <trkpt lat="37.56709" lon="-112.84721"><ele>0.0</ele></trkpt>
      <trkpt lat="37.56709" lon="-112.84693"><ele>0.0</ele></trkpt>
      <trkpt lat="37.56711" lon="-112.84671"><ele>0.0</ele></trkpt>
      <trkpt lat="37.56711" lon="-112.84666"><ele>0.0</ele></trkpt>
      <trkpt lat="37.56716" lon="-112.84631"><ele>0.0</ele></trkpt>
      <trkpt lat="37.56727" lon="-112.84579"><ele>0.0</ele></trkpt>
      <trkpt lat="37.56737" lon="-112.84547"><ele>0.0</ele></trkpt>
      <trkpt lat="37.56743" lon="-112.84533"><ele>0.0</ele></trkpt>
      <trkpt lat="37.56745" lon="-112.84526"><ele>0.0</ele></trkpt>
      <trkpt lat="37.56748" lon="-112.8452"><ele>0.0</ele></trkpt>
      <trkpt lat="37.5675" lon="-112.84513"><ele>0.0</ele></trkpt>
      <trkpt lat="37.56757" lon="-112.84496"><ele>0.0</ele></trkpt>
      <trkpt lat="37.56779" lon="-112.84453"><ele>0.0</ele></trkpt>
      <trkpt lat="37.56782" lon="-112.84449"><ele>0.0</ele></trkpt>
      <trkpt lat="37.56793" lon="-112.84431"><ele>0.0</ele></trkpt>
      <trkpt lat="37.56796" lon="-112.84425"><ele>0.0</ele></trkpt>
      <trkpt lat="37.56805" lon="-112.84414"><ele>0.0</ele></trkpt>
      <trkpt lat="37.56811" lon="-112.84404"><ele>0.0</ele></trkpt>
      <trkpt lat="37.56817" lon="-112.84397"><ele>0.0</ele></trkpt>
      <trkpt lat="37.56823" lon="-112.84389"><ele>0.0</ele></trkpt>
      <trkpt lat="37.56844" lon="-112.84365"><ele>0.0</ele></trkpt>
      <trkpt lat="37.56857" lon="-112.84352"><ele>0.0</ele></trkpt>
      <trkpt lat="37.56872" lon="-112.84339"><ele>0.0</ele></trkpt>
      <trkpt lat="37.56876" lon="-112.84334"><ele>0.0</ele></trkpt>
      <trkpt lat="37.56888" lon="-112.84324"><ele>0.0</ele></trkpt>
      <trkpt lat="37.5694" lon="-112.84286"><ele>0.0</ele></trkpt>
      <trkpt lat="37.56961" lon="-112.84273"><ele>0.0</ele></trkpt>
      <trkpt lat="37.57007" lon="-112.84239"><ele>0.0</ele></trkpt>
      <trkpt lat="37.57034" lon="-112.84213"><ele>0.0</ele></trkpt>
      <trkpt lat="37.57058" lon="-112.84184"><ele>0.0</ele></trkpt>
      <trkpt lat="37.57077" lon="-112.84158"><ele>0.0</ele></trkpt>
      <trkpt lat="37.57088" lon="-112.8414"><ele>0.0</ele></trkpt>
      <trkpt lat="37.57095" lon="-112.84126"><ele>0.0</ele></trkpt>
      <trkpt lat="37.57098" lon="-112.84121"><ele>0.0</ele></trkpt>
      <trkpt lat="37.57107" lon="-112.84102"><ele>0.0</ele></trkpt>
      <trkpt lat="37.57113" lon="-112.84087"><ele>0.0</ele></trkpt>
      <trkpt lat="37.57126" lon="-112.84048"><ele>0.0</ele></trkpt>
      <trkpt lat="37.57133" lon="-112.84019"><ele>0.0</ele></trkpt>
      <trkpt lat="37.57134" lon="-112.84018"><ele>0.0</ele></trkpt>
      <trkpt lat="37.57139" lon="-112.83996"><ele>0.0</ele></trkpt>
      <trkpt lat="37.57147" lon="-112.83952"><ele>0.0</ele></trkpt>
      <trkpt lat="37.57149" lon="-112.83944"><ele>0.0</ele></trkpt>
      <trkpt lat="37.57196" lon="-112.83681"><ele>0.0</ele></trkpt>
      <trkpt lat="37.57196" lon="-112.8368"><ele>0.0</ele></trkpt>
      <trkpt lat="37.57224" lon="-112.83542"><ele>0.0</ele></trkpt>
      <trkpt lat="37.57229" lon="-112.83508"><ele>0.0</ele></trkpt>
      <trkpt lat="37.57229" lon="-112.83503"><ele>0.0</ele></trkpt>
      <trkpt lat="37.57231" lon="-112.83484"><ele>0.0</ele></trkpt>
      <trkpt lat="37.57232" lon="-112.8348"><ele>0.0</ele></trkpt>
      <trkpt lat="37.57236" lon="-112.83395"><ele>0.0</ele></trkpt>
      <trkpt lat="37.57236" lon="-112.83333"><ele>0.0</ele></trkpt>
      <trkpt lat="37.57235" lon="-112.83326"><ele>0.0</ele></trkpt>
      <trkpt lat="37.57233" lon="-112.83267"><ele>0.0</ele></trkpt>
      <trkpt lat="37.57225" lon="-112.83208"><ele>0.0</ele></trkpt>
      <trkpt lat="37.57225" lon="-112.83202"><ele>0.0</ele></trkpt>
      <trkpt lat="37.5721" lon="-112.83103"><ele>0.0</ele></trkpt>
      <trkpt lat="37.57196" lon="-112.82991"><ele>0.0</ele></trkpt>
      <trkpt lat="37.57195" lon="-112.82965"><ele>0.0</ele></trkpt>
      <trkpt lat="37.57194" lon="-112.82962"><ele>0.0</ele></trkpt>
      <trkpt lat="37.57193" lon="-112.82939"><ele>0.0</ele></trkpt>
      <trkpt lat="37.57194" lon="-112.82899"><ele>0.0</ele></trkpt>
      <trkpt lat="37.57195" lon="-112.82888"><ele>0.0</ele></trkpt>
      <trkpt lat="37.57195" lon="-112.8288"><ele>0.0</ele></trkpt>
      <trkpt lat="37.57197" lon="-112.82854"><ele>0.0</ele></trkpt>
      <trkpt lat="37.57198" lon="-112.82849"><ele>0.0</ele></trkpt>
      <trkpt lat="37.57198" lon="-112.82841"><ele>0.0</ele></trkpt>
      <trkpt lat="37.57204" lon="-112.82796"><ele>0.0</ele></trkpt>
      <trkpt lat="37.57222" lon="-112.82707"><ele>0.0</ele></trkpt>
      <trkpt lat="37.57253" lon="-112.82586"><ele>0.0</ele></trkpt>
      <trkpt lat="37.57255" lon="-112.8258"><ele>0.0</ele></trkpt>
      <trkpt lat="37.57256" lon="-112.82574"><ele>0.0</ele></trkpt>
      <trkpt lat="37.57259" lon="-112.82564"><ele>0.0</ele></trkpt>
      <trkpt lat="37.57264" lon="-112.82543"><ele>0.0</ele></trkpt>
      <trkpt lat="37.57266" lon="-112.82537"><ele>0.0</ele></trkpt>
      <trkpt lat="37.57268" lon="-112.82526"><ele>0.0</ele></trkpt>
      <trkpt lat="37.57294" lon="-112.82427"><ele>0.0</ele></trkpt>
      <trkpt lat="37.57299" lon="-112.82401"><ele>0.0</ele></trkpt>
      <trkpt lat="37.57307" lon="-112.8233"><ele>0.0</ele></trkpt>
      <trkpt lat="37.57307" lon="-112.82295"><ele>0.0</ele></trkpt>
      <trkpt lat="37.57306" lon="-112.82274"><ele>0.0</ele></trkpt>
      <trkpt lat="37.57304" lon="-112.82252"><ele>0.0</ele></trkpt>
      <trkpt lat="37.57298" lon="-112.82215"><ele>0.0</ele></trkpt>
      <trkpt lat="37.57293" lon="-112.82193"><ele>0.0</ele></trkpt>
      <trkpt lat="37.57285" lon="-112.82167"><ele>0.0</ele></trkpt>
      <trkpt lat="37.5727" lon="-112.82127"><ele>0.0</ele></trkpt>
      <trkpt lat="37.57256" lon="-112.82093"><ele>0.0</ele></trkpt>
      <trkpt lat="37.57254" lon="-112.82086"><ele>0.0</ele></trkpt>
      <trkpt lat="37.57197" lon="-112.81945"><ele>0.0</ele></trkpt>
      <trkpt lat="37.57188" lon="-112.81925"><ele>0.0</ele></trkpt>
      <trkpt lat="37.5718" lon="-112.81905"><ele>0.0</ele></trkpt>
      <trkpt lat="37.57177" lon="-112.81896"><ele>0.0</ele></trkpt>
      <trkpt lat="37.5717" lon="-112.81879"><ele>0.0</ele></trkpt>
      <trkpt lat="37.57165" lon="-112.81869"><ele>0.0</ele></trkpt>
      <trkpt lat="37.57147" lon="-112.81823"><ele>0.0</ele></trkpt>
      <trkpt lat="37.57062" lon="-112.81619"><ele>0.0</ele></trkpt>
      <trkpt lat="37.57051" lon="-112.8159"><ele>0.0</ele></trkpt>
      <trkpt lat="37.57044" lon="-112.81565"><ele>0.0</ele></trkpt>
      <trkpt lat="37.57043" lon="-112.81563"><ele>0.0</ele></trkpt>
      <trkpt lat="37.57042" lon="-112.8156"><ele>0.0</ele></trkpt>
      <trkpt lat="37.57036" lon="-112.81535"><ele>0.0</ele></trkpt>
      <trkpt lat="37.57031" lon="-112.81507"><ele>0.0</ele></trkpt>
      <trkpt lat="37.57028" lon="-112.81483"><ele>0.0</ele></trkpt>
      <trkpt lat="37.57028" lon="-112.81477"><ele>0.0</ele></trkpt>
      <trkpt lat="37.57027" lon="-112.81472"><ele>0.0</ele></trkpt>
      <trkpt lat="37.57026" lon="-112.81451"><ele>0.0</ele></trkpt>
      <trkpt lat="37.57026" lon="-112.81404"><ele>0.0</ele></trkpt>
      <trkpt lat="37.57027" lon="-112.8139"><ele>0.0</ele></trkpt>
      <trkpt lat="37.57035" lon="-112.81341"><ele>0.0</ele></trkpt>
      <trkpt lat="37.57049" lon="-112.81286"><ele>0.0</ele></trkpt>
      <trkpt lat="37.57054" lon="-112.81273"><ele>0.0</ele></trkpt>
      <trkpt lat="37.57068" lon="-112.81231"><ele>0.0</ele></trkpt>
      <trkpt lat="37.57069" lon="-112.81226"><ele>0.0</ele></trkpt>
      <trkpt lat="37.5707" lon="-112.81225"><ele>0.0</ele></trkpt>
      <trkpt lat="37.57073" lon="-112.81215"><ele>0.0</ele></trkpt>
      <trkpt lat="37.57075" lon="-112.8121"><ele>0.0</ele></trkpt>
      <trkpt lat="37.57076" lon="-112.81205"><ele>0.0</ele></trkpt>
      <trkpt lat="37.57089" lon="-112.81168"><ele>0.0</ele></trkpt>
      <trkpt lat="37.5709" lon="-112.81164"><ele>0.0</ele></trkpt>
      <trkpt lat="37.57096" lon="-112.81147"><ele>0.0</ele></trkpt>
      <trkpt lat="37.57113" lon="-112.81092"><ele>0.0</ele></trkpt>
      <trkpt lat="37.57122" lon="-112.81057"><ele>0.0</ele></trkpt>
      <trkpt lat="37.57129" lon="-112.81012"><ele>0.0</ele></trkpt>
      <trkpt lat="37.57132" lon="-112.80969"><ele>0.0</ele></trkpt>
      <trkpt lat="37.57132" lon="-112.80928"><ele>0.0</ele></trkpt>
      <trkpt lat="37.57126" lon="-112.80857"><ele>0.0</ele></trkpt>
      <trkpt lat="37.57122" lon="-112.80831"><ele>0.0</ele></trkpt>
      <trkpt lat="37.57114" lon="-112.80791"><ele>0.0</ele></trkpt>
      <trkpt lat="37.57103" lon="-112.80752"><ele>0.0</ele></trkpt>
      <trkpt lat="37.571" lon="-112.80745"><ele>0.0</ele></trkpt>
      <trkpt lat="37.57099" lon="-112.80741"><ele>0.0</ele></trkpt>
      <trkpt lat="37.5708" lon="-112.80691"><ele>0.0</ele></trkpt>
      <trkpt lat="37.5704" lon="-112.80577"><ele>0.0</ele></trkpt>
      <trkpt lat="37.57033" lon="-112.80553"><ele>0.0</ele></trkpt>
      <trkpt lat="37.57023" lon="-112.80504"><ele>0.0</ele></trkpt>
      <trkpt lat="37.57019" lon="-112.8047"><ele>0.0</ele></trkpt>
      <trkpt lat="37.57015" lon="-112.80409"><ele>0.0</ele></trkpt>
      <trkpt lat="37.57016" lon="-112.80354"><ele>0.0</ele></trkpt>
      <trkpt lat="37.5702" lon="-112.80289"><ele>0.0</ele></trkpt>
      <trkpt lat="37.57024" lon="-112.80246"><ele>0.0</ele></trkpt>
      <trkpt lat="37.57025" lon="-112.80221"><ele>0.0</ele></trkpt>
      <trkpt lat="37.57027" lon="-112.80202"><ele>0.0</ele></trkpt>
      <trkpt lat="37.57028" lon="-112.8012"><ele>0.0</ele></trkpt>
      <trkpt lat="37.57026" lon="-112.80069"><ele>0.0</ele></trkpt>
      <trkpt lat="37.57021" lon="-112.8001"><ele>0.0</ele></trkpt>
      <trkpt lat="37.57015" lon="-112.79969"><ele>0.0</ele></trkpt>
      <trkpt lat="37.57015" lon="-112.79968"><ele>0.0</ele></trkpt>
      <trkpt lat="37.57008" lon="-112.7992"><ele>0.0</ele></trkpt>
      <trkpt lat="37.57002" lon="-112.79888"><ele>0.0</ele></trkpt>
      <trkpt lat="37.56992" lon="-112.79847"><ele>0.0</ele></trkpt>
      <trkpt lat="37.5699" lon="-112.79836"><ele>0.0</ele></trkpt>
      <trkpt lat="37.56985" lon="-112.79819"><ele>0.0</ele></trkpt>
      <trkpt lat="37.56972" lon="-112.79766"><ele>0.0</ele></trkpt>
      <trkpt lat="37.56967" lon="-112.7975"><ele>0.0</ele></trkpt>
      <trkpt lat="37.56962" lon="-112.79728"><ele>0.0</ele></trkpt>
      <trkpt lat="37.56928" lon="-112.79609"><ele>0.0</ele></trkpt>
      <trkpt lat="37.56901" lon="-112.79523"><ele>0.0</ele></trkpt>
      <trkpt lat="37.56848" lon="-112.7937"><ele>0.0</ele></trkpt>
      <trkpt lat="37.56848" lon="-112.79369"><ele>0.0</ele></trkpt>
      <trkpt lat="37.56824" lon="-112.79306"><ele>0.0</ele></trkpt>
      <trkpt lat="37.56818" lon="-112.79288"><ele>0.0</ele></trkpt>
      <trkpt lat="37.56769" lon="-112.79166"><ele>0.0</ele></trkpt>
      <trkpt lat="37.56747" lon="-112.79116"><ele>0.0</ele></trkpt>
      <trkpt lat="37.56721" lon="-112.79069"><ele>0.0</ele></trkpt>
      <trkpt lat="37.567" lon="-112.7904"><ele>0.0</ele></trkpt>
      <trkpt lat="37.56688" lon="-112.79026"><ele>0.0</ele></trkpt>
      <trkpt lat="37.56672" lon="-112.79009"><ele>0.0</ele></trkpt>
      <trkpt lat="37.56642" lon="-112.78983"><ele>0.0</ele></trkpt>
      <trkpt lat="37.56625" lon="-112.7897"><ele>0.0</ele></trkpt>
      <trkpt lat="37.56624" lon="-112.7897"><ele>0.0</ele></trkpt>
      <trkpt lat="37.56608" lon="-112.7896"><ele>0.0</ele></trkpt>
      <trkpt lat="37.56564" lon="-112.7894"><ele>0.0</ele></trkpt>
      <trkpt lat="37.56545" lon="-112.78934"><ele>0.0</ele></trkpt>
      <trkpt lat="37.56526" lon="-112.7893"><ele>0.0</ele></trkpt>
      <trkpt lat="37.56497" lon="-112.78927"><ele>0.0</ele></trkpt>
      <trkpt lat="37.56468" lon="-112.78926"><ele>0.0</ele></trkpt>
      <trkpt lat="37.56424" lon="-112.78927"><ele>0.0</ele></trkpt>
      <trkpt lat="37.55903" lon="-112.78959"><ele>0.0</ele></trkpt>
      <trkpt lat="37.55896" lon="-112.7896"><ele>0.0</ele></trkpt>
      <trkpt lat="37.55789" lon="-112.78967"><ele>0.0</ele></trkpt>
      <trkpt lat="37.55777" lon="-112.78967"><ele>0.0</ele></trkpt>
      <trkpt lat="37.55771" lon="-112.78968"><ele>0.0</ele></trkpt>
      <trkpt lat="37.55753" lon="-112.78968"><ele>0.0</ele></trkpt>
      <trkpt lat="37.55746" lon="-112.78969"><ele>0.0</ele></trkpt>
      <trkpt lat="37.55633" lon="-112.78976"><ele>0.0</ele></trkpt>
      <trkpt lat="37.55615" lon="-112.78976"><ele>0.0</ele></trkpt>
      <trkpt lat="37.55611" lon="-112.78977"><ele>0.0</ele></trkpt>
      <trkpt lat="37.5558" lon="-112.78976"><ele>0.0</ele></trkpt>
      <trkpt lat="37.55547" lon="-112.78972"><ele>0.0</ele></trkpt>
      <trkpt lat="37.55524" lon="-112.78968"><ele>0.0</ele></trkpt>
      <trkpt lat="37.55519" lon="-112.78968"><ele>0.0</ele></trkpt>
      <trkpt lat="37.55508" lon="-112.78965"><ele>0.0</ele></trkpt>
      <trkpt lat="37.55504" lon="-112.78965"><ele>0.0</ele></trkpt>
      <trkpt lat="37.55491" lon="-112.7896"><ele>0.0</ele></trkpt>
      <trkpt lat="37.55461" lon="-112.78951"><ele>0.0</ele></trkpt>
      <trkpt lat="37.55439" lon="-112.78942"><ele>0.0</ele></trkpt>
      <trkpt lat="37.55433" lon="-112.78939"><ele>0.0</ele></trkpt>
      <trkpt lat="37.55416" lon="-112.78932"><ele>0.0</ele></trkpt>
      <trkpt lat="37.55369" lon="-112.78905"><ele>0.0</ele></trkpt>
      <trkpt lat="37.55335" lon="-112.78882"><ele>0.0</ele></trkpt>
      <trkpt lat="37.5532" lon="-112.7887"><ele>0.0</ele></trkpt>
      <trkpt lat="37.55317" lon="-112.78867"><ele>0.0</ele></trkpt>
      <trkpt lat="37.55303" lon="-112.78856"><ele>0.0</ele></trkpt>
      <trkpt lat="37.55296" lon="-112.78849"><ele>0.0</ele></trkpt>
      <trkpt lat="37.5529" lon="-112.78844"><ele>0.0</ele></trkpt>
      <trkpt lat="37.55233" lon="-112.78789"><ele>0.0</ele></trkpt>
      <trkpt lat="37.55207" lon="-112.78766"><ele>0.0</ele></trkpt>
      <trkpt lat="37.55173" lon="-112.78738"><ele>0.0</ele></trkpt>
      <trkpt lat="37.55169" lon="-112.78734"><ele>0.0</ele></trkpt>
      <trkpt lat="37.55148" lon="-112.78719"><ele>0.0</ele></trkpt>
      <trkpt lat="37.55146" lon="-112.78718"><ele>0.0</ele></trkpt>
      <trkpt lat="37.55117" lon="-112.78698"><ele>0.0</ele></trkpt>
      <trkpt lat="37.551" lon="-112.78688"><ele>0.0</ele></trkpt>
      <trkpt lat="37.55094" lon="-112.78685"><ele>0.0</ele></trkpt>
      <trkpt lat="37.55064" lon="-112.78667"><ele>0.0</ele></trkpt>
      <trkpt lat="37.55005" lon="-112.78641"><ele>0.0</ele></trkpt>
      <trkpt lat="37.54941" lon="-112.78619"><ele>0.0</ele></trkpt>
      <trkpt lat="37.54904" lon="-112.7861"><ele>0.0</ele></trkpt>
      <trkpt lat="37.54825" lon="-112.78598"><ele>0.0</ele></trkpt>
      <trkpt lat="37.54775" lon="-112.78595"><ele>0.0</ele></trkpt>
      <trkpt lat="37.54691" lon="-112.78594"><ele>0.0</ele></trkpt>
      <trkpt lat="37.5467" lon="-112.78593"><ele>0.0</ele></trkpt>
      <trkpt lat="37.54655" lon="-112.78591"><ele>0.0</ele></trkpt>
      <trkpt lat="37.5463" lon="-112.78589"><ele>0.0</ele></trkpt>
      <trkpt lat="37.54577" lon="-112.78577"><ele>0.0</ele></trkpt>
      <trkpt lat="37.54553" lon="-112.7857"><ele>0.0</ele></trkpt>
      <trkpt lat="37.54549" lon="-112.78568"><ele>0.0</ele></trkpt>
      <trkpt lat="37.54475" lon="-112.78541"><ele>0.0</ele></trkpt>
      <trkpt lat="37.54372" lon="-112.78499"><ele>0.0</ele></trkpt>
      <trkpt lat="37.54343" lon="-112.78486"><ele>0.0</ele></trkpt>
      <trkpt lat="37.54299" lon="-112.78463"><ele>0.0</ele></trkpt>
      <trkpt lat="37.5428" lon="-112.78451"><ele>0.0</ele></trkpt>
      <trkpt lat="37.54251" lon="-112.78425"><ele>0.0</ele></trkpt>
      <trkpt lat="37.54238" lon="-112.78412"><ele>0.0</ele></trkpt>
      <trkpt lat="37.54215" lon="-112.78384"><ele>0.0</ele></trkpt>
      <trkpt lat="37.54211" lon="-112.7838"><ele>0.0</ele></trkpt>
      <trkpt lat="37.54204" lon="-112.78369"><ele>0.0</ele></trkpt>
      <trkpt lat="37.54202" lon="-112.78367"><ele>0.0</ele></trkpt>
      <trkpt lat="37.54199" lon="-112.78363"><ele>0.0</ele></trkpt>
      <trkpt lat="37.54181" lon="-112.78333"><ele>0.0</ele></trkpt>
      <trkpt lat="37.5417" lon="-112.78312"><ele>0.0</ele></trkpt>
      <trkpt lat="37.54163" lon="-112.78295"><ele>0.0</ele></trkpt>
      <trkpt lat="37.54161" lon="-112.78291"><ele>0.0</ele></trkpt>
      <trkpt lat="37.54152" lon="-112.78268"><ele>0.0</ele></trkpt>
      <trkpt lat="37.54074" lon="-112.78013"><ele>0.0</ele></trkpt>
      <trkpt lat="37.54073" lon="-112.78008"><ele>0.0</ele></trkpt>
      <trkpt lat="37.54071" lon="-112.78003"><ele>0.0</ele></trkpt>
      <trkpt lat="37.5407" lon="-112.77998"><ele>0.0</ele></trkpt>
      <trkpt lat="37.53986" lon="-112.77721"><ele>0.0</ele></trkpt>
      <trkpt lat="37.53985" lon="-112.77716"><ele>0.0</ele></trkpt>
      <trkpt lat="37.53977" lon="-112.7769"><ele>0.0</ele></trkpt>
      <trkpt lat="37.53972" lon="-112.77677"><ele>0.0</ele></trkpt>
      <trkpt lat="37.53969" lon="-112.77666"><ele>0.0</ele></trkpt>
      <trkpt lat="37.53959" lon="-112.77639"><ele>0.0</ele></trkpt>
      <trkpt lat="37.53943" lon="-112.77602"><ele>0.0</ele></trkpt>
      <trkpt lat="37.53938" lon="-112.77594"><ele>0.0</ele></trkpt>
      <trkpt lat="37.53932" lon="-112.77582"><ele>0.0</ele></trkpt>
      <trkpt lat="37.53929" lon="-112.77578"><ele>0.0</ele></trkpt>
      <trkpt lat="37.53916" lon="-112.77558"><ele>0.0</ele></trkpt>
      <trkpt lat="37.53901" lon="-112.77539"><ele>0.0</ele></trkpt>
      <trkpt lat="37.53865" lon="-112.77498"><ele>0.0</ele></trkpt>
      <trkpt lat="37.5385" lon="-112.77483"><ele>0.0</ele></trkpt>
      <trkpt lat="37.53836" lon="-112.77472"><ele>0.0</ele></trkpt>
      <trkpt lat="37.53833" lon="-112.77469"><ele>0.0</ele></trkpt>
      <trkpt lat="37.53804" lon="-112.77451"><ele>0.0</ele></trkpt>
      <trkpt lat="37.53781" lon="-112.77439"><ele>0.0</ele></trkpt>
      <trkpt lat="37.53746" lon="-112.77425"><ele>0.0</ele></trkpt>
      <trkpt lat="37.53706" lon="-112.77413"><ele>0.0</ele></trkpt>
      <trkpt lat="37.53679" lon="-112.77402"><ele>0.0</ele></trkpt>
      <trkpt lat="37.53639" lon="-112.77381"><ele>0.0</ele></trkpt>
      <trkpt lat="37.53586" lon="-112.77348"><ele>0.0</ele></trkpt>
      <trkpt lat="37.5357" lon="-112.77337"><ele>0.0</ele></trkpt>
      <trkpt lat="37.53568" lon="-112.77336"><ele>0.0</ele></trkpt>
      <trkpt lat="37.53515" lon="-112.77303"><ele>0.0</ele></trkpt>
      <trkpt lat="37.53475" lon="-112.77272"><ele>0.0</ele></trkpt>
      <trkpt lat="37.53447" lon="-112.77244"><ele>0.0</ele></trkpt>
      <trkpt lat="37.53444" lon="-112.77242"><ele>0.0</ele></trkpt>
      <trkpt lat="37.5342" lon="-112.77214"><ele>0.0</ele></trkpt>
      <trkpt lat="37.5342" lon="-112.77213"><ele>0.0</ele></trkpt>
      <trkpt lat="37.53409" lon="-112.77198"><ele>0.0</ele></trkpt>
      <trkpt lat="37.5339" lon="-112.77167"><ele>0.0</ele></trkpt>
      <trkpt lat="37.53372" lon="-112.77129"><ele>0.0</ele></trkpt>
      <trkpt lat="37.53332" lon="-112.77036"><ele>0.0</ele></trkpt>
      <trkpt lat="37.53329" lon="-112.77027"><ele>0.0</ele></trkpt>
      <trkpt lat="37.53273" lon="-112.76889"><ele>0.0</ele></trkpt>
      <trkpt lat="37.53254" lon="-112.76846"><ele>0.0</ele></trkpt>
      <trkpt lat="37.53241" lon="-112.76821"><ele>0.0</ele></trkpt>
      <trkpt lat="37.53218" lon="-112.76782"><ele>0.0</ele></trkpt>
      <trkpt lat="37.53192" lon="-112.76744"><ele>0.0</ele></trkpt>
      <trkpt lat="37.53177" lon="-112.76726"><ele>0.0</ele></trkpt>
      <trkpt lat="37.53175" lon="-112.76723"><ele>0.0</ele></trkpt>
      <trkpt lat="37.53135" lon="-112.76677"><ele>0.0</ele></trkpt>
      <trkpt lat="37.53133" lon="-112.76674"><ele>0.0</ele></trkpt>
      <trkpt lat="37.5304" lon="-112.76573"><ele>0.0</ele></trkpt>
      <trkpt lat="37.53026" lon="-112.76559"><ele>0.0</ele></trkpt>
      <trkpt lat="37.52973" lon="-112.76499"><ele>0.0</ele></trkpt>
      <trkpt lat="37.52972" lon="-112.76499"><ele>0.0</ele></trkpt>
      <trkpt lat="37.52896" lon="-112.76414"><ele>0.0</ele></trkpt>
      <trkpt lat="37.52797" lon="-112.76307"><ele>0.0</ele></trkpt>
      <trkpt lat="37.52796" lon="-112.76305"><ele>0.0</ele></trkpt>
      <trkpt lat="37.52782" lon="-112.7629"><ele>0.0</ele></trkpt>
      <trkpt lat="37.52761" lon="-112.76263"><ele>0.0</ele></trkpt>
      <trkpt lat="37.52751" lon="-112.76248"><ele>0.0</ele></trkpt>
      <trkpt lat="37.52737" lon="-112.76221"><ele>0.0</ele></trkpt>
      <trkpt lat="37.52736" lon="-112.7622"><ele>0.0</ele></trkpt>
      <trkpt lat="37.52727" lon="-112.76201"><ele>0.0</ele></trkpt>
      <trkpt lat="37.52715" lon="-112.76172"><ele>0.0</ele></trkpt>
      <trkpt lat="37.52709" lon="-112.76154"><ele>0.0</ele></trkpt>
      <trkpt lat="37.52705" lon="-112.76139"><ele>0.0</ele></trkpt>
      <trkpt lat="37.52701" lon="-112.76129"><ele>0.0</ele></trkpt>
      <trkpt lat="37.52694" lon="-112.76096"><ele>0.0</ele></trkpt>
      <trkpt lat="37.52688" lon="-112.76036"><ele>0.0</ele></trkpt>
      <trkpt lat="37.52687" lon="-112.76006"><ele>0.0</ele></trkpt>
      <trkpt lat="37.52688" lon="-112.7598"><ele>0.0</ele></trkpt>
      <trkpt lat="37.52693" lon="-112.7593"><ele>0.0</ele></trkpt>
      <trkpt lat="37.527" lon="-112.75894"><ele>0.0</ele></trkpt>
      <trkpt lat="37.5271" lon="-112.75858"><ele>0.0</ele></trkpt>
      <trkpt lat="37.52713" lon="-112.75852"><ele>0.0</ele></trkpt>
      <trkpt lat="37.5272" lon="-112.75833"><ele>0.0</ele></trkpt>
      <trkpt lat="37.5272" lon="-112.75831"><ele>0.0</ele></trkpt>
      <trkpt lat="37.52721" lon="-112.75831"><ele>0.0</ele></trkpt>
      <trkpt lat="37.52726" lon="-112.75817"><ele>0.0</ele></trkpt>
      <trkpt lat="37.52729" lon="-112.75811"><ele>0.0</ele></trkpt>
      <trkpt lat="37.5273" lon="-112.7581"><ele>0.0</ele></trkpt>
      <trkpt lat="37.5277" lon="-112.75721"><ele>0.0</ele></trkpt>
      <trkpt lat="37.52779" lon="-112.75698"><ele>0.0</ele></trkpt>
      <trkpt lat="37.52788" lon="-112.75671"><ele>0.0</ele></trkpt>
      <trkpt lat="37.52794" lon="-112.75648"><ele>0.0</ele></trkpt>
      <trkpt lat="37.528" lon="-112.75619"><ele>0.0</ele></trkpt>
      <trkpt lat="37.52804" lon="-112.75594"><ele>0.0</ele></trkpt>
      <trkpt lat="37.52811" lon="-112.75515"><ele>0.0</ele></trkpt>
      <trkpt lat="37.52812" lon="-112.75511"><ele>0.0</ele></trkpt>
      <trkpt lat="37.52814" lon="-112.75469"><ele>0.0</ele></trkpt>
      <trkpt lat="37.52816" lon="-112.75448"><ele>0.0</ele></trkpt>
      <trkpt lat="37.52819" lon="-112.75357"><ele>0.0</ele></trkpt>
      <trkpt lat="37.52819" lon="-112.75329"><ele>0.0</ele></trkpt>
      <trkpt lat="37.52816" lon="-112.75249"><ele>0.0</ele></trkpt>
      <trkpt lat="37.5281" lon="-112.75189"><ele>0.0</ele></trkpt>
      <trkpt lat="37.52804" lon="-112.75156"><ele>0.0</ele></trkpt>
      <trkpt lat="37.52804" lon="-112.75154"><ele>0.0</ele></trkpt>
      <trkpt lat="37.52798" lon="-112.75122"><ele>0.0</ele></trkpt>
      <trkpt lat="37.52778" lon="-112.75044"><ele>0.0</ele></trkpt>
      <trkpt lat="37.52761" lon="-112.74995"><ele>0.0</ele></trkpt>
      <trkpt lat="37.52742" lon="-112.7495"><ele>0.0</ele></trkpt>
      <trkpt lat="37.5273" lon="-112.74924"><ele>0.0</ele></trkpt>
      <trkpt lat="37.52677" lon="-112.74821"><ele>0.0</ele></trkpt>
      <trkpt lat="37.52662" lon="-112.74789"><ele>0.0</ele></trkpt>
      <trkpt lat="37.52654" lon="-112.7477"><ele>0.0</ele></trkpt>
      <trkpt lat="37.52651" lon="-112.7476"><ele>0.0</ele></trkpt>
      <trkpt lat="37.52639" lon="-112.74729"><ele>0.0</ele></trkpt>
      <trkpt lat="37.52621" lon="-112.74661"><ele>0.0</ele></trkpt>
      <trkpt lat="37.52613" lon="-112.74622"><ele>0.0</ele></trkpt>
      <trkpt lat="37.52612" lon="-112.74621"><ele>0.0</ele></trkpt>
      <trkpt lat="37.52593" lon="-112.74518"><ele>0.0</ele></trkpt>
      <trkpt lat="37.52587" lon="-112.74496"><ele>0.0</ele></trkpt>
      <trkpt lat="37.52578" lon="-112.74468"><ele>0.0</ele></trkpt>
      <trkpt lat="37.5257" lon="-112.74448"><ele>0.0</ele></trkpt>
      <trkpt lat="37.52569" lon="-112.74448"><ele>0.0</ele></trkpt>
      <trkpt lat="37.5256" lon="-112.74427"><ele>0.0</ele></trkpt>
      <trkpt lat="37.52544" lon="-112.74396"><ele>0.0</ele></trkpt>
      <trkpt lat="37.52477" lon="-112.74296"><ele>0.0</ele></trkpt>
      <trkpt lat="37.52441" lon="-112.74237"><ele>0.0</ele></trkpt>
      <trkpt lat="37.52439" lon="-112.74232"><ele>0.0</ele></trkpt>
      <trkpt lat="37.52422" lon="-112.74202"><ele>0.0</ele></trkpt>
      <trkpt lat="37.52402" lon="-112.74162"><ele>0.0</ele></trkpt>
      <trkpt lat="37.524" lon="-112.74156"><ele>0.0</ele></trkpt>
      <trkpt lat="37.52361" lon="-112.74069"><ele>0.0</ele></trkpt>
      <trkpt lat="37.52357" lon="-112.74057"><ele>0.0</ele></trkpt>
      <trkpt lat="37.52343" lon="-112.74021"><ele>0.0</ele></trkpt>
      <trkpt lat="37.52312" lon="-112.73928"><ele>0.0</ele></trkpt>
      <trkpt lat="37.52217" lon="-112.73608"><ele>0.0</ele></trkpt>
      <trkpt lat="37.5221" lon="-112.73587"><ele>0.0</ele></trkpt>
      <trkpt lat="37.5216" lon="-112.73414"><ele>0.0</ele></trkpt>
      <trkpt lat="37.52141" lon="-112.7333"><ele>0.0</ele></trkpt>
      <trkpt lat="37.52136" lon="-112.73298"><ele>0.0</ele></trkpt>
      <trkpt lat="37.52127" lon="-112.7322"><ele>0.0</ele></trkpt>
      <trkpt lat="37.52127" lon="-112.73217"><ele>0.0</ele></trkpt>
      <trkpt lat="37.52125" lon="-112.73195"><ele>0.0</ele></trkpt>
      <trkpt lat="37.52119" lon="-112.73057"><ele>0.0</ele></trkpt>
      <trkpt lat="37.52117" lon="-112.73036"><ele>0.0</ele></trkpt>
      <trkpt lat="37.52117" lon="-112.73029"><ele>0.0</ele></trkpt>
      <trkpt lat="37.52113" lon="-112.72992"><ele>0.0</ele></trkpt>
      <trkpt lat="37.52108" lon="-112.72959"><ele>0.0</ele></trkpt>
      <trkpt lat="37.52103" lon="-112.72935"><ele>0.0</ele></trkpt>
      <trkpt lat="37.52095" lon="-112.72904"><ele>0.0</ele></trkpt>
      <trkpt lat="37.52093" lon="-112.72893"><ele>0.0</ele></trkpt>
      <trkpt lat="37.52089" lon="-112.72882"><ele>0.0</ele></trkpt>
      <trkpt lat="37.52078" lon="-112.72845"><ele>0.0</ele></trkpt>
      <trkpt lat="37.5207" lon="-112.72822"><ele>0.0</ele></trkpt>
      <trkpt lat="37.52048" lon="-112.7277"><ele>0.0</ele></trkpt>
      <trkpt lat="37.51957" lon="-112.72581"><ele>0.0</ele></trkpt>
      <trkpt lat="37.51943" lon="-112.72548"><ele>0.0</ele></trkpt>
      <trkpt lat="37.51941" lon="-112.72546"><ele>0.0</ele></trkpt>
      <trkpt lat="37.51921" lon="-112.72501"><ele>0.0</ele></trkpt>
      <trkpt lat="37.51895" lon="-112.72436"><ele>0.0</ele></trkpt>
      <trkpt lat="37.5187" lon="-112.72363"><ele>0.0</ele></trkpt>
      <trkpt lat="37.51856" lon="-112.72317"><ele>0.0</ele></trkpt>
      <trkpt lat="37.51824" lon="-112.72183"><ele>0.0</ele></trkpt>
      <trkpt lat="37.51808" lon="-112.72077"><ele>0.0</ele></trkpt>
      <trkpt lat="37.51797" lon="-112.71956"><ele>0.0</ele></trkpt>
      <trkpt lat="37.51797" lon="-112.71944"><ele>0.0</ele></trkpt>
      <trkpt lat="37.51789" lon="-112.71762"><ele>0.0</ele></trkpt>
      <trkpt lat="37.51789" lon="-112.7174"><ele>0.0</ele></trkpt>
      <trkpt lat="37.51784" lon="-112.71627"><ele>0.0</ele></trkpt>
      <trkpt lat="37.51783" lon="-112.71559"><ele>0.0</ele></trkpt>
      <trkpt lat="37.51781" lon="-112.71513"><ele>0.0</ele></trkpt>
      <trkpt lat="37.51781" lon="-112.7148"><ele>0.0</ele></trkpt>
      <trkpt lat="37.5178" lon="-112.71468"><ele>0.0</ele></trkpt>
      <trkpt lat="37.51772" lon="-112.71244"><ele>0.0</ele></trkpt>
      <trkpt lat="37.51772" lon="-112.71219"><ele>0.0</ele></trkpt>
      <trkpt lat="37.51777" lon="-112.71151"><ele>0.0</ele></trkpt>
      <trkpt lat="37.51778" lon="-112.71147"><ele>0.0</ele></trkpt>
      <trkpt lat="37.51781" lon="-112.71128"><ele>0.0</ele></trkpt>
      <trkpt lat="37.51793" lon="-112.71085"><ele>0.0</ele></trkpt>
      <trkpt lat="37.51807" lon="-112.71045"><ele>0.0</ele></trkpt>
      <trkpt lat="37.51815" lon="-112.71027"><ele>0.0</ele></trkpt>
      <trkpt lat="37.5182" lon="-112.71018"><ele>0.0</ele></trkpt>
      <trkpt lat="37.51825" lon="-112.71007"><ele>0.0</ele></trkpt>
      <trkpt lat="37.51831" lon="-112.70998"><ele>0.0</ele></trkpt>
      <trkpt lat="37.51838" lon="-112.70989"><ele>0.0</ele></trkpt>
      <trkpt lat="37.51846" lon="-112.70976"><ele>0.0</ele></trkpt>
      <trkpt lat="37.5185" lon="-112.70972"><ele>0.0</ele></trkpt>
      <trkpt lat="37.51856" lon="-112.70963"><ele>0.0</ele></trkpt>
      <trkpt lat="37.51886" lon="-112.70924"><ele>0.0</ele></trkpt>
      <trkpt lat="37.51887" lon="-112.70922"><ele>0.0</ele></trkpt>
      <trkpt lat="37.51912" lon="-112.70892"><ele>0.0</ele></trkpt>
      <trkpt lat="37.51939" lon="-112.70853"><ele>0.0</ele></trkpt>
      <trkpt lat="37.51946" lon="-112.7084"><ele>0.0</ele></trkpt>
      <trkpt lat="37.51951" lon="-112.70829"><ele>0.0</ele></trkpt>
      <trkpt lat="37.51963" lon="-112.70798"><ele>0.0</ele></trkpt>
      <trkpt lat="37.51964" lon="-112.70794"><ele>0.0</ele></trkpt>
      <trkpt lat="37.51969" lon="-112.70779"><ele>0.0</ele></trkpt>
      <trkpt lat="37.51969" lon="-112.70777"><ele>0.0</ele></trkpt>
      <trkpt lat="37.51974" lon="-112.70755"><ele>0.0</ele></trkpt>
      <trkpt lat="37.51979" lon="-112.70723"><ele>0.0</ele></trkpt>
      <trkpt lat="37.5198" lon="-112.7071"><ele>0.0</ele></trkpt>
      <trkpt lat="37.5198" lon="-112.70681"><ele>0.0</ele></trkpt>
      <trkpt lat="37.51979" lon="-112.70658"><ele>0.0</ele></trkpt>
      <trkpt lat="37.51974" lon="-112.70622"><ele>0.0</ele></trkpt>
      <trkpt lat="37.51973" lon="-112.7062"><ele>0.0</ele></trkpt>
      <trkpt lat="37.51969" lon="-112.70598"><ele>0.0</ele></trkpt>
      <trkpt lat="37.51964" lon="-112.7058"><ele>0.0</ele></trkpt>
      <trkpt lat="37.51957" lon="-112.70561"><ele>0.0</ele></trkpt>
      <trkpt lat="37.51929" lon="-112.705"><ele>0.0</ele></trkpt>
      <trkpt lat="37.51871" lon="-112.70382"><ele>0.0</ele></trkpt>
      <trkpt lat="37.51862" lon="-112.70362"><ele>0.0</ele></trkpt>
      <trkpt lat="37.51852" lon="-112.70343"><ele>0.0</ele></trkpt>
      <trkpt lat="37.51843" lon="-112.70324"><ele>0.0</ele></trkpt>
      <trkpt lat="37.51841" lon="-112.70321"><ele>0.0</ele></trkpt>
      <trkpt lat="37.51675" lon="-112.69985"><ele>0.0</ele></trkpt>
      <trkpt lat="37.51675" lon="-112.69984"><ele>0.0</ele></trkpt>
      <trkpt lat="37.51627" lon="-112.69889"><ele>0.0</ele></trkpt>
      <trkpt lat="37.51588" lon="-112.69807"><ele>0.0</ele></trkpt>
      <trkpt lat="37.51586" lon="-112.69804"><ele>0.0</ele></trkpt>
      <trkpt lat="37.51584" lon="-112.69799"><ele>0.0</ele></trkpt>
      <trkpt lat="37.5158" lon="-112.69792"><ele>0.0</ele></trkpt>
      <trkpt lat="37.51564" lon="-112.6976"><ele>0.0</ele></trkpt>
      <trkpt lat="37.51543" lon="-112.6971"><ele>0.0</ele></trkpt>
      <trkpt lat="37.51534" lon="-112.69685"><ele>0.0</ele></trkpt>
      <trkpt lat="37.5153" lon="-112.69672"><ele>0.0</ele></trkpt>
      <trkpt lat="37.5152" lon="-112.69621"><ele>0.0</ele></trkpt>
      <trkpt lat="37.51517" lon="-112.69599"><ele>0.0</ele></trkpt>
      <trkpt lat="37.51515" lon="-112.69589"><ele>0.0</ele></trkpt>
      <trkpt lat="37.51512" lon="-112.69544"><ele>0.0</ele></trkpt>
      <trkpt lat="37.51506" lon="-112.69395"><ele>0.0</ele></trkpt>
      <trkpt lat="37.51501" lon="-112.69352"><ele>0.0</ele></trkpt>
      <trkpt lat="37.5149" lon="-112.69295"><ele>0.0</ele></trkpt>
      <trkpt lat="37.51474" lon="-112.69229"><ele>0.0</ele></trkpt>
      <trkpt lat="37.51394" lon="-112.68959"><ele>0.0</ele></trkpt>
      <trkpt lat="37.51385" lon="-112.68923"><ele>0.0</ele></trkpt>
      <trkpt lat="37.51378" lon="-112.68877"><ele>0.0</ele></trkpt>
      <trkpt lat="37.51374" lon="-112.68832"><ele>0.0</ele></trkpt>
      <trkpt lat="37.51374" lon="-112.68779"><ele>0.0</ele></trkpt>
      <trkpt lat="37.51377" lon="-112.68741"><ele>0.0</ele></trkpt>
      <trkpt lat="37.51382" lon="-112.68704"><ele>0.0</ele></trkpt>
      <trkpt lat="37.51387" lon="-112.68675"><ele>0.0</ele></trkpt>
      <trkpt lat="37.51404" lon="-112.68613"><ele>0.0</ele></trkpt>
      <trkpt lat="37.51409" lon="-112.68598"><ele>0.0</ele></trkpt>
      <trkpt lat="37.51416" lon="-112.6858"><ele>0.0</ele></trkpt>
      <trkpt lat="37.51432" lon="-112.68544"><ele>0.0</ele></trkpt>
      <trkpt lat="37.51444" lon="-112.68522"><ele>0.0</ele></trkpt>
      <trkpt lat="37.51466" lon="-112.68485"><ele>0.0</ele></trkpt>
      <trkpt lat="37.51508" lon="-112.68432"><ele>0.0</ele></trkpt>
      <trkpt lat="37.5151" lon="-112.68429"><ele>0.0</ele></trkpt>
      <trkpt lat="37.51565" lon="-112.68371"><ele>0.0</ele></trkpt>
      <trkpt lat="37.51572" lon="-112.68362"><ele>0.0</ele></trkpt>
      <trkpt lat="37.51579" lon="-112.68355"><ele>0.0</ele></trkpt>
      <trkpt lat="37.51587" lon="-112.68345"><ele>0.0</ele></trkpt>
      <trkpt lat="37.51603" lon="-112.68322"><ele>0.0</ele></trkpt>
      <trkpt lat="37.51613" lon="-112.68309"><ele>0.0</ele></trkpt>
      <trkpt lat="37.51625" lon="-112.68286"><ele>0.0</ele></trkpt>
      <trkpt lat="37.51643" lon="-112.68243"><ele>0.0</ele></trkpt>
      <trkpt lat="37.5166" lon="-112.68185"><ele>0.0</ele></trkpt>
      <trkpt lat="37.51669" lon="-112.6814"><ele>0.0</ele></trkpt>
      <trkpt lat="37.51671" lon="-112.68125"><ele>0.0</ele></trkpt>
      <trkpt lat="37.51677" lon="-112.68092"><ele>0.0</ele></trkpt>
      <trkpt lat="37.51678" lon="-112.68081"><ele>0.0</ele></trkpt>
      <trkpt lat="37.51683" lon="-112.68048"><ele>0.0</ele></trkpt>
      <trkpt lat="37.51684" lon="-112.68036"><ele>0.0</ele></trkpt>
      <trkpt lat="37.51706" lon="-112.67895"><ele>0.0</ele></trkpt>
      <trkpt lat="37.51714" lon="-112.67858"><ele>0.0</ele></trkpt>
      <trkpt lat="37.51716" lon="-112.67844"><ele>0.0</ele></trkpt>
      <trkpt lat="37.51723" lon="-112.67815"><ele>0.0</ele></trkpt>
      <trkpt lat="37.51726" lon="-112.67799"><ele>0.0</ele></trkpt>
      <trkpt lat="37.51728" lon="-112.67793"><ele>0.0</ele></trkpt>
      <trkpt lat="37.51735" lon="-112.67762"><ele>0.0</ele></trkpt>
      <trkpt lat="37.51739" lon="-112.6775"><ele>0.0</ele></trkpt>
      <trkpt lat="37.51757" lon="-112.67686"><ele>0.0</ele></trkpt>
      <trkpt lat="37.51764" lon="-112.67665"><ele>0.0</ele></trkpt>
      <trkpt lat="37.51765" lon="-112.6766"><ele>0.0</ele></trkpt>
      <trkpt lat="37.51776" lon="-112.67631"><ele>0.0</ele></trkpt>
      <trkpt lat="37.51778" lon="-112.67623"><ele>0.0</ele></trkpt>
      <trkpt lat="37.51796" lon="-112.67575"><ele>0.0</ele></trkpt>
      <trkpt lat="37.51812" lon="-112.67538"><ele>0.0</ele></trkpt>
      <trkpt lat="37.51848" lon="-112.67465"><ele>0.0</ele></trkpt>
      <trkpt lat="37.5185" lon="-112.6746"><ele>0.0</ele></trkpt>
      <trkpt lat="37.51858" lon="-112.67446"><ele>0.0</ele></trkpt>
      <trkpt lat="37.5187" lon="-112.67421"><ele>0.0</ele></trkpt>
      <trkpt lat="37.51922" lon="-112.67337"><ele>0.0</ele></trkpt>
      <trkpt lat="37.51929" lon="-112.67327"><ele>0.0</ele></trkpt>
      <trkpt lat="37.51962" lon="-112.67275"><ele>0.0</ele></trkpt>
      <trkpt lat="37.51991" lon="-112.67232"><ele>0.0</ele></trkpt>
      <trkpt lat="37.52105" lon="-112.67052"><ele>0.0</ele></trkpt>
      <trkpt lat="37.52107" lon="-112.6705"><ele>0.0</ele></trkpt>
      <trkpt lat="37.52353" lon="-112.66672"><ele>0.0</ele></trkpt>
      <trkpt lat="37.52409" lon="-112.66579"><ele>0.0</ele></trkpt>
      <trkpt lat="37.5244" lon="-112.66511"><ele>0.0</ele></trkpt>
      <trkpt lat="37.52448" lon="-112.66489"><ele>0.0</ele></trkpt>
      <trkpt lat="37.52462" lon="-112.66439"><ele>0.0</ele></trkpt>
      <trkpt lat="37.52469" lon="-112.66403"><ele>0.0</ele></trkpt>
      <trkpt lat="37.52477" lon="-112.66341"><ele>0.0</ele></trkpt>
      <trkpt lat="37.52479" lon="-112.6629"><ele>0.0</ele></trkpt>
      <trkpt lat="37.52478" lon="-112.66237"><ele>0.0</ele></trkpt>
      <trkpt lat="37.52474" lon="-112.66187"><ele>0.0</ele></trkpt>
      <trkpt lat="37.52465" lon="-112.66132"><ele>0.0</ele></trkpt>
      <trkpt lat="37.52446" lon="-112.66061"><ele>0.0</ele></trkpt>
      <trkpt lat="37.52431" lon="-112.6602"><ele>0.0</ele></trkpt>
      <trkpt lat="37.52058" lon="-112.65199"><ele>0.0</ele></trkpt>
      <trkpt lat="37.52053" lon="-112.65186"><ele>0.0</ele></trkpt>
      <trkpt lat="37.52049" lon="-112.65179"><ele>0.0</ele></trkpt>
      <trkpt lat="37.52033" lon="-112.65146"><ele>0.0</ele></trkpt>
      <trkpt lat="37.5203" lon="-112.65141"><ele>0.0</ele></trkpt>
      <trkpt lat="37.51868" lon="-112.64814"><ele>0.0</ele></trkpt>
      <trkpt lat="37.51867" lon="-112.64813"><ele>0.0</ele></trkpt>
      <trkpt lat="37.51797" lon="-112.6468"><ele>0.0</ele></trkpt>
      <trkpt lat="37.51766" lon="-112.64627"><ele>0.0</ele></trkpt>
      <trkpt lat="37.51698" lon="-112.64504"><ele>0.0</ele></trkpt>
      <trkpt lat="37.51676" lon="-112.64459"><ele>0.0</ele></trkpt>
      <trkpt lat="37.51665" lon="-112.64441"><ele>0.0</ele></trkpt>
      <trkpt lat="37.51625" lon="-112.64365"><ele>0.0</ele></trkpt>
      <trkpt lat="37.51574" lon="-112.64273"><ele>0.0</ele></trkpt>
      <trkpt lat="37.51573" lon="-112.64272"><ele>0.0</ele></trkpt>
      <trkpt lat="37.51523" lon="-112.64178"><ele>0.0</ele></trkpt>
      <trkpt lat="37.51518" lon="-112.64166"><ele>0.0</ele></trkpt>
      <trkpt lat="37.51514" lon="-112.64159"><ele>0.0</ele></trkpt>
      <trkpt lat="37.51496" lon="-112.6412"><ele>0.0</ele></trkpt>
      <trkpt lat="37.51495" lon="-112.64116"><ele>0.0</ele></trkpt>
      <trkpt lat="37.51481" lon="-112.64079"><ele>0.0</ele></trkpt>
      <trkpt lat="37.51467" lon="-112.64037"><ele>0.0</ele></trkpt>
      <trkpt lat="37.51463" lon="-112.64027"><ele>0.0</ele></trkpt>
      <trkpt lat="37.51454" lon="-112.63995"><ele>0.0</ele></trkpt>
      <trkpt lat="37.51451" lon="-112.63981"><ele>0.0</ele></trkpt>
      <trkpt lat="37.51443" lon="-112.63952"><ele>0.0</ele></trkpt>
      <trkpt lat="37.51429" lon="-112.63891"><ele>0.0</ele></trkpt>
      <trkpt lat="37.51429" lon="-112.63886"><ele>0.0</ele></trkpt>
      <trkpt lat="37.51422" lon="-112.63846"><ele>0.0</ele></trkpt>
      <trkpt lat="37.51421" lon="-112.63842"><ele>0.0</ele></trkpt>
      <trkpt lat="37.51414" lon="-112.63802"><ele>0.0</ele></trkpt>
      <trkpt lat="37.51414" lon="-112.63798"><ele>0.0</ele></trkpt>
      <trkpt lat="37.51407" lon="-112.63753"><ele>0.0</ele></trkpt>
      <trkpt lat="37.51396" lon="-112.63698"><ele>0.0</ele></trkpt>
      <trkpt lat="37.51381" lon="-112.63647"><ele>0.0</ele></trkpt>
      <trkpt lat="37.5138" lon="-112.63645"><ele>0.0</ele></trkpt>
      <trkpt lat="37.51359" lon="-112.63582"><ele>0.0</ele></trkpt>
      <trkpt lat="37.5134" lon="-112.63535"><ele>0.0</ele></trkpt>
      <trkpt lat="37.51333" lon="-112.63522"><ele>0.0</ele></trkpt>
      <trkpt lat="37.51324" lon="-112.63502"><ele>0.0</ele></trkpt>
      <trkpt lat="37.51304" lon="-112.63465"><ele>0.0</ele></trkpt>
      <trkpt lat="37.51282" lon="-112.63428"><ele>0.0</ele></trkpt>
      <trkpt lat="37.51237" lon="-112.63359"><ele>0.0</ele></trkpt>
      <trkpt lat="37.51236" lon="-112.63358"><ele>0.0</ele></trkpt>
      <trkpt lat="37.51225" lon="-112.63341"><ele>0.0</ele></trkpt>
      <trkpt lat="37.51129" lon="-112.63206"><ele>0.0</ele></trkpt>
      <trkpt lat="37.51116" lon="-112.6319"><ele>0.0</ele></trkpt>
      <trkpt lat="37.51096" lon="-112.63162"><ele>0.0</ele></trkpt>
      <trkpt lat="37.51091" lon="-112.63157"><ele>0.0</ele></trkpt>
      <trkpt lat="37.51028" lon="-112.63076"><ele>0.0</ele></trkpt>
      <trkpt lat="37.51023" lon="-112.63071"><ele>0.0</ele></trkpt>
      <trkpt lat="37.50996" lon="-112.63037"><ele>0.0</ele></trkpt>
      <trkpt lat="37.50954" lon="-112.62989"><ele>0.0</ele></trkpt>
      <trkpt lat="37.5095" lon="-112.62983"><ele>0.0</ele></trkpt>
      <trkpt lat="37.50882" lon="-112.62908"><ele>0.0</ele></trkpt>
      <trkpt lat="37.50881" lon="-112.62906"><ele>0.0</ele></trkpt>
      <trkpt lat="37.50743" lon="-112.62765"><ele>0.0</ele></trkpt>
      <trkpt lat="37.50728" lon="-112.62752"><ele>0.0</ele></trkpt>
      <trkpt lat="37.50714" lon="-112.62738"><ele>0.0</ele></trkpt>
      <trkpt lat="37.50646" lon="-112.62676"><ele>0.0</ele></trkpt>
      <trkpt lat="37.50611" lon="-112.62646"><ele>0.0</ele></trkpt>
      <trkpt lat="37.50593" lon="-112.62629"><ele>0.0</ele></trkpt>
      <trkpt lat="37.50537" lon="-112.62582"><ele>0.0</ele></trkpt>
      <trkpt lat="37.50394" lon="-112.62471"><ele>0.0</ele></trkpt>
      <trkpt lat="37.5035" lon="-112.62441"><ele>0.0</ele></trkpt>
      <trkpt lat="37.50334" lon="-112.62431"><ele>0.0</ele></trkpt>
      <trkpt lat="37.50318" lon="-112.6242"><ele>0.0</ele></trkpt>
      <trkpt lat="37.50316" lon="-112.62419"><ele>0.0</ele></trkpt>
      <trkpt lat="37.50302" lon="-112.62409"><ele>0.0</ele></trkpt>
      <trkpt lat="37.50286" lon="-112.62399"><ele>0.0</ele></trkpt>
      <trkpt lat="37.50279" lon="-112.62394"><ele>0.0</ele></trkpt>
      <trkpt lat="37.5027" lon="-112.62389"><ele>0.0</ele></trkpt>
      <trkpt lat="37.50254" lon="-112.62378"><ele>0.0</ele></trkpt>
      <trkpt lat="37.50238" lon="-112.62368"><ele>0.0</ele></trkpt>
      <trkpt lat="37.5023" lon="-112.62362"><ele>0.0</ele></trkpt>
      <trkpt lat="37.50222" lon="-112.62358"><ele>0.0</ele></trkpt>
      <trkpt lat="37.50206" lon="-112.62347"><ele>0.0</ele></trkpt>
      <trkpt lat="37.5019" lon="-112.62337"><ele>0.0</ele></trkpt>
      <trkpt lat="37.50186" lon="-112.62334"><ele>0.0</ele></trkpt>
      <trkpt lat="37.50065" lon="-112.62266"><ele>0.0</ele></trkpt>
      <trkpt lat="37.49984" lon="-112.62225"><ele>0.0</ele></trkpt>
      <trkpt lat="37.49976" lon="-112.6222"><ele>0.0</ele></trkpt>
      <trkpt lat="37.49875" lon="-112.62172"><ele>0.0</ele></trkpt>
      <trkpt lat="37.49871" lon="-112.62171"><ele>0.0</ele></trkpt>
      <trkpt lat="37.4983" lon="-112.62152"><ele>0.0</ele></trkpt>
      <trkpt lat="37.49806" lon="-112.62144"><ele>0.0</ele></trkpt>
      <trkpt lat="37.49794" lon="-112.62139"><ele>0.0</ele></trkpt>
      <trkpt lat="37.49772" lon="-112.62132"><ele>0.0</ele></trkpt>
      <trkpt lat="37.49725" lon="-112.62113"><ele>0.0</ele></trkpt>
      <trkpt lat="37.49673" lon="-112.62094"><ele>0.0</ele></trkpt>
      <trkpt lat="37.49551" lon="-112.62055"><ele>0.0</ele></trkpt>
      <trkpt lat="37.49533" lon="-112.6205"><ele>0.0</ele></trkpt>
      <trkpt lat="37.49481" lon="-112.62032"><ele>0.0</ele></trkpt>
      <trkpt lat="37.49479" lon="-112.62032"><ele>0.0</ele></trkpt>
      <trkpt lat="37.49409" lon="-112.62008"><ele>0.0</ele></trkpt>
      <trkpt lat="37.49395" lon="-112.62002"><ele>0.0</ele></trkpt>
      <trkpt lat="37.49394" lon="-112.62001"><ele>0.0</ele></trkpt>
      <trkpt lat="37.49391" lon="-112.62"><ele>0.0</ele></trkpt>
      <trkpt lat="37.49383" lon="-112.61996"><ele>0.0</ele></trkpt>
      <trkpt lat="37.49378" lon="-112.61994"><ele>0.0</ele></trkpt>
      <trkpt lat="37.49362" lon="-112.61985"><ele>0.0</ele></trkpt>
      <trkpt lat="37.49331" lon="-112.61963"><ele>0.0</ele></trkpt>
      <trkpt lat="37.49307" lon="-112.61948"><ele>0.0</ele></trkpt>
      <trkpt lat="37.49267" lon="-112.61898"><ele>0.0</ele></trkpt>
      <trkpt lat="37.49262" lon="-112.6189"><ele>0.0</ele></trkpt>
      <trkpt lat="37.49232" lon="-112.61833"><ele>0.0</ele></trkpt>
      <trkpt lat="37.49162" lon="-112.61649"><ele>0.0</ele></trkpt>
      <trkpt lat="37.49148" lon="-112.61608"><ele>0.0</ele></trkpt>
      <trkpt lat="37.49115" lon="-112.61495"><ele>0.0</ele></trkpt>
      <trkpt lat="37.49108" lon="-112.61435"><ele>0.0</ele></trkpt>
      <trkpt lat="37.49109" lon="-112.61434"><ele>0.0</ele></trkpt>
      <trkpt lat="37.4911" lon="-112.61373"><ele>0.0</ele></trkpt>
      <trkpt lat="37.49124" lon="-112.613"><ele>0.0</ele></trkpt>
      <trkpt lat="37.49136" lon="-112.61258"><ele>0.0</ele></trkpt>
      <trkpt lat="37.49138" lon="-112.61248"><ele>0.0</ele></trkpt>
      <trkpt lat="37.49143" lon="-112.61237"><ele>0.0</ele></trkpt>
      <trkpt lat="37.4915" lon="-112.61216"><ele>0.0</ele></trkpt>
      <trkpt lat="37.49159" lon="-112.61195"><ele>0.0</ele></trkpt>
      <trkpt lat="37.49197" lon="-112.61126"><ele>0.0</ele></trkpt>
      <trkpt lat="37.49293" lon="-112.60963"><ele>0.0</ele></trkpt>
      <trkpt lat="37.49313" lon="-112.60918"><ele>0.0</ele></trkpt>
      <trkpt lat="37.49339" lon="-112.60846"><ele>0.0</ele></trkpt>
      <trkpt lat="37.49359" lon="-112.60782"><ele>0.0</ele></trkpt>
      <trkpt lat="37.49363" lon="-112.60772"><ele>0.0</ele></trkpt>
      <trkpt lat="37.49383" lon="-112.60728"><ele>0.0</ele></trkpt>
      <trkpt lat="37.49408" lon="-112.60687"><ele>0.0</ele></trkpt>
      <trkpt lat="37.49441" lon="-112.60653"><ele>0.0</ele></trkpt>
      <trkpt lat="37.49487" lon="-112.60618"><ele>0.0</ele></trkpt>
      <trkpt lat="37.49489" lon="-112.60617"><ele>0.0</ele></trkpt>
      <trkpt lat="37.496" lon="-112.60529"><ele>0.0</ele></trkpt>
      <trkpt lat="37.49668" lon="-112.60466"><ele>0.0</ele></trkpt>
      <trkpt lat="37.49776" lon="-112.60349"><ele>0.0</ele></trkpt>
      <trkpt lat="37.49777" lon="-112.60347"><ele>0.0</ele></trkpt>
      <trkpt lat="37.49837" lon="-112.60262"><ele>0.0</ele></trkpt>
      <trkpt lat="37.49848" lon="-112.60245"><ele>0.0</ele></trkpt>
      <trkpt lat="37.49885" lon="-112.60182"><ele>0.0</ele></trkpt>
      <trkpt lat="37.49918" lon="-112.60113"><ele>0.0</ele></trkpt>
      <trkpt lat="37.49962" lon="-112.60005"><ele>0.0</ele></trkpt>
      <trkpt lat="37.49989" lon="-112.59906"><ele>0.0</ele></trkpt>
      <trkpt lat="37.49995" lon="-112.59887"><ele>0.0</ele></trkpt>
      <trkpt lat="37.50115" lon="-112.5942"><ele>0.0</ele></trkpt>
      <trkpt lat="37.50114" lon="-112.59337"><ele>0.0</ele></trkpt>
      <trkpt lat="37.50106" lon="-112.59299"><ele>0.0</ele></trkpt>
      <trkpt lat="37.50096" lon="-112.59264"><ele>0.0</ele></trkpt>
      <trkpt lat="37.50088" lon="-112.59241"><ele>0.0</ele></trkpt>
      <trkpt lat="37.5006" lon="-112.59186"><ele>0.0</ele></trkpt>
      <trkpt lat="37.50059" lon="-112.59183"><ele>0.0</ele></trkpt>
      <trkpt lat="37.50012" lon="-112.59127"><ele>0.0</ele></trkpt>
      <trkpt lat="37.4997" lon="-112.59093"><ele>0.0</ele></trkpt>
      <trkpt lat="37.49919" lon="-112.59033"><ele>0.0</ele></trkpt>
      <trkpt lat="37.49852" lon="-112.5894"><ele>0.0</ele></trkpt>
      <trkpt lat="37.49831" lon="-112.58901"><ele>0.0</ele></trkpt>
      <trkpt lat="37.49822" lon="-112.58882"><ele>0.0</ele></trkpt>
      <trkpt lat="37.49792" lon="-112.58826"><ele>0.0</ele></trkpt>
      <trkpt lat="37.49792" lon="-112.58825"><ele>0.0</ele></trkpt>
      <trkpt lat="37.49776" lon="-112.58785"><ele>0.0</ele></trkpt>
      <trkpt lat="37.49761" lon="-112.58743"><ele>0.0</ele></trkpt>
      <trkpt lat="37.49745" lon="-112.58703"><ele>0.0</ele></trkpt>
      <trkpt lat="37.49745" lon="-112.58702"><ele>0.0</ele></trkpt>
      <trkpt lat="37.49669" lon="-112.58485"><ele>0.0</ele></trkpt>
      <trkpt lat="37.496" lon="-112.58259"><ele>0.0</ele></trkpt>
      <trkpt lat="37.49592" lon="-112.58226"><ele>0.0</ele></trkpt>
      <trkpt lat="37.4958" lon="-112.58183"><ele>0.0</ele></trkpt>
      <trkpt lat="37.49575" lon="-112.58161"><ele>0.0</ele></trkpt>
      <trkpt lat="37.49569" lon="-112.5814"><ele>0.0</ele></trkpt>
      <trkpt lat="37.49564" lon="-112.58118"><ele>0.0</ele></trkpt>
      <trkpt lat="37.49516" lon="-112.57937"><ele>0.0</ele></trkpt>
      <trkpt lat="37.49478" lon="-112.5782"><ele>0.0</ele></trkpt>
      <trkpt lat="37.49468" lon="-112.57786"><ele>0.0</ele></trkpt>
      <trkpt lat="37.49391" lon="-112.576"><ele>0.0</ele></trkpt>
      <trkpt lat="37.49325" lon="-112.57473"><ele>0.0</ele></trkpt>
      <trkpt lat="37.49218" lon="-112.57287"><ele>0.0</ele></trkpt>
      <trkpt lat="37.49209" lon="-112.5727"><ele>0.0</ele></trkpt>
      <trkpt lat="37.4918" lon="-112.5722"><ele>0.0</ele></trkpt>
      <trkpt lat="37.49161" lon="-112.5718"><ele>0.0</ele></trkpt>
      <trkpt lat="37.49145" lon="-112.57142"><ele>0.0</ele></trkpt>
      <trkpt lat="37.49128" lon="-112.57093"><ele>0.0</ele></trkpt>
      <trkpt lat="37.4912" lon="-112.57067"><ele>0.0</ele></trkpt>
      <trkpt lat="37.49105" lon="-112.57006"><ele>0.0</ele></trkpt>
      <trkpt lat="37.49097" lon="-112.56962"><ele>0.0</ele></trkpt>
      <trkpt lat="37.49095" lon="-112.56956"><ele>0.0</ele></trkpt>
      <trkpt lat="37.49091" lon="-112.56927"><ele>0.0</ele></trkpt>
      <trkpt lat="37.49086" lon="-112.56872"><ele>0.0</ele></trkpt>
      <trkpt lat="37.49085" lon="-112.56868"><ele>0.0</ele></trkpt>
      <trkpt lat="37.49083" lon="-112.56825"><ele>0.0</ele></trkpt>
      <trkpt lat="37.49084" lon="-112.56748"><ele>0.0</ele></trkpt>
      <trkpt lat="37.49091" lon="-112.56672"><ele>0.0</ele></trkpt>
      <trkpt lat="37.49099" lon="-112.56625"><ele>0.0</ele></trkpt>
      <trkpt lat="37.4911" lon="-112.56571"><ele>0.0</ele></trkpt>
      <trkpt lat="37.49119" lon="-112.56538"><ele>0.0</ele></trkpt>
      <trkpt lat="37.4912" lon="-112.56532"><ele>0.0</ele></trkpt>
      <trkpt lat="37.49328" lon="-112.55879"><ele>0.0</ele></trkpt>
      <trkpt lat="37.4933" lon="-112.55876"><ele>0.0</ele></trkpt>
      <trkpt lat="37.49348" lon="-112.55816"><ele>0.0</ele></trkpt>
      <trkpt lat="37.4935" lon="-112.55813"><ele>0.0</ele></trkpt>
      <trkpt lat="37.49355" lon="-112.55795"><ele>0.0</ele></trkpt>
      <trkpt lat="37.49556" lon="-112.55164"><ele>0.0</ele></trkpt>
      <trkpt lat="37.49559" lon="-112.55157"><ele>0.0</ele></trkpt>
      <trkpt lat="37.49568" lon="-112.55126"><ele>0.0</ele></trkpt>
      <trkpt lat="37.49583" lon="-112.5508"><ele>0.0</ele></trkpt>
      <trkpt lat="37.49585" lon="-112.55072"><ele>0.0</ele></trkpt>
      <trkpt lat="37.49589" lon="-112.55062"><ele>0.0</ele></trkpt>
      <trkpt lat="37.49613" lon="-112.54987"><ele>0.0</ele></trkpt>
      <trkpt lat="37.49616" lon="-112.54975"><ele>0.0</ele></trkpt>
      <trkpt lat="37.49631" lon="-112.54931"><ele>0.0</ele></trkpt>
      <trkpt lat="37.4965" lon="-112.54869"><ele>0.0</ele></trkpt>
      <trkpt lat="37.49657" lon="-112.54849"><ele>0.0</ele></trkpt>
      <trkpt lat="37.49676" lon="-112.54781"><ele>0.0</ele></trkpt>
      <trkpt lat="37.49679" lon="-112.54763"><ele>0.0</ele></trkpt>
      <trkpt lat="37.49684" lon="-112.54741"><ele>0.0</ele></trkpt>
      <trkpt lat="37.49687" lon="-112.54718"><ele>0.0</ele></trkpt>
      <trkpt lat="37.49691" lon="-112.54696"><ele>0.0</ele></trkpt>
      <trkpt lat="37.49696" lon="-112.54629"><ele>0.0</ele></trkpt>
      <trkpt lat="37.49697" lon="-112.54623"><ele>0.0</ele></trkpt>
      <trkpt lat="37.49697" lon="-112.54587"><ele>0.0</ele></trkpt>
      <trkpt lat="37.49695" lon="-112.5455"><ele>0.0</ele></trkpt>
      <trkpt lat="37.49691" lon="-112.54506"><ele>0.0</ele></trkpt>
      <trkpt lat="37.49686" lon="-112.54471"><ele>0.0</ele></trkpt>
      <trkpt lat="37.49676" lon="-112.54422"><ele>0.0</ele></trkpt>
      <trkpt lat="37.49662" lon="-112.54366"><ele>0.0</ele></trkpt>
      <trkpt lat="37.49651" lon="-112.54332"><ele>0.0</ele></trkpt>
      <trkpt lat="37.49605" lon="-112.54216"><ele>0.0</ele></trkpt>
      <trkpt lat="37.49595" lon="-112.54187"><ele>0.0</ele></trkpt>
      <trkpt lat="37.4959" lon="-112.5417"><ele>0.0</ele></trkpt>
      <trkpt lat="37.49578" lon="-112.54105"><ele>0.0</ele></trkpt>
      <trkpt lat="37.49575" lon="-112.54053"><ele>0.0</ele></trkpt>
      <trkpt lat="37.49577" lon="-112.54009"><ele>0.0</ele></trkpt>
      <trkpt lat="37.4958" lon="-112.5398"><ele>0.0</ele></trkpt>
      <trkpt lat="37.49583" lon="-112.53969"><ele>0.0</ele></trkpt>
      <trkpt lat="37.49585" lon="-112.53954"><ele>0.0</ele></trkpt>
      <trkpt lat="37.49597" lon="-112.53906"><ele>0.0</ele></trkpt>
      <trkpt lat="37.49598" lon="-112.53904"><ele>0.0</ele></trkpt>
      <trkpt lat="37.49607" lon="-112.53878"><ele>0.0</ele></trkpt>
      <trkpt lat="37.49618" lon="-112.5385"><ele>0.0</ele></trkpt>
      <trkpt lat="37.49621" lon="-112.53846"><ele>0.0</ele></trkpt>
      <trkpt lat="37.49666" lon="-112.53759"><ele>0.0</ele></trkpt>
      <trkpt lat="37.49691" lon="-112.53701"><ele>0.0</ele></trkpt>
      <trkpt lat="37.49706" lon="-112.53656"><ele>0.0</ele></trkpt>
      <trkpt lat="37.49716" lon="-112.53615"><ele>0.0</ele></trkpt>
      <trkpt lat="37.49717" lon="-112.53604"><ele>0.0</ele></trkpt>
      <trkpt lat="37.49721" lon="-112.53581"><ele>0.0</ele></trkpt>
      <trkpt lat="37.49724" lon="-112.53541"><ele>0.0</ele></trkpt>
      <trkpt lat="37.49724" lon="-112.53505"><ele>0.0</ele></trkpt>
      <trkpt lat="37.49721" lon="-112.53472"><ele>0.0</ele></trkpt>
      <trkpt lat="37.49721" lon="-112.53469"><ele>0.0</ele></trkpt>
      <trkpt lat="37.49717" lon="-112.53439"><ele>0.0</ele></trkpt>
      <trkpt lat="37.49709" lon="-112.534"><ele>0.0</ele></trkpt>
      <trkpt lat="37.49703" lon="-112.53376"><ele>0.0</ele></trkpt>
      <trkpt lat="37.49691" lon="-112.53337"><ele>0.0</ele></trkpt>
      <trkpt lat="37.49665" lon="-112.53263"><ele>0.0</ele></trkpt>
      <trkpt lat="37.49641" lon="-112.53206"><ele>0.0</ele></trkpt>
      <trkpt lat="37.49617" lon="-112.53159"><ele>0.0</ele></trkpt>
      <trkpt lat="37.49613" lon="-112.53154"><ele>0.0</ele></trkpt>
      <trkpt lat="37.49607" lon="-112.53143"><ele>0.0</ele></trkpt>
      <trkpt lat="37.49593" lon="-112.53124"><ele>0.0</ele></trkpt>
      <trkpt lat="37.4959" lon="-112.53119"><ele>0.0</ele></trkpt>
      <trkpt lat="37.49578" lon="-112.53104"><ele>0.0</ele></trkpt>
      <trkpt lat="37.49547" lon="-112.53072"><ele>0.0</ele></trkpt>
      <trkpt lat="37.49523" lon="-112.53055"><ele>0.0</ele></trkpt>
      <trkpt lat="37.49498" lon="-112.5304"><ele>0.0</ele></trkpt>
      <trkpt lat="37.49467" lon="-112.53028"><ele>0.0</ele></trkpt>
      <trkpt lat="37.49455" lon="-112.53024"><ele>0.0</ele></trkpt>
      <trkpt lat="37.49431" lon="-112.53019"><ele>0.0</ele></trkpt>
      <trkpt lat="37.4942" lon="-112.53018"><ele>0.0</ele></trkpt>
      <trkpt lat="37.49413" lon="-112.53018"><ele>0.0</ele></trkpt>
      <trkpt lat="37.49402" lon="-112.53017"><ele>0.0</ele></trkpt>
      <trkpt lat="37.4938" lon="-112.53018"><ele>0.0</ele></trkpt>
      <trkpt lat="37.49365" lon="-112.5302"><ele>0.0</ele></trkpt>
      <trkpt lat="37.49348" lon="-112.53024"><ele>0.0</ele></trkpt>
      <trkpt lat="37.49328" lon="-112.5303"><ele>0.0</ele></trkpt>
      <trkpt lat="37.49313" lon="-112.53036"><ele>0.0</ele></trkpt>
      <trkpt lat="37.4928" lon="-112.53053"><ele>0.0</ele></trkpt>
      <trkpt lat="37.49279" lon="-112.53053"><ele>0.0</ele></trkpt>
      <trkpt lat="37.49193" lon="-112.53103"><ele>0.0</ele></trkpt>
      <trkpt lat="37.49185" lon="-112.53107"><ele>0.0</ele></trkpt>
      <trkpt lat="37.49163" lon="-112.53114"><ele>0.0</ele></trkpt>
      <trkpt lat="37.4915" lon="-112.53116"><ele>0.0</ele></trkpt>
      <trkpt lat="37.4914" lon="-112.53116"><ele>0.0</ele></trkpt>
      <trkpt lat="37.4913" lon="-112.53115"><ele>0.0</ele></trkpt>
      <trkpt lat="37.49128" lon="-112.53114"><ele>0.0</ele></trkpt>
      <trkpt lat="37.49123" lon="-112.53113"><ele>0.0</ele></trkpt>
      <trkpt lat="37.49106" lon="-112.53106"><ele>0.0</ele></trkpt>
      <trkpt lat="37.49088" lon="-112.53094"><ele>0.0</ele></trkpt>
      <trkpt lat="37.49077" lon="-112.53084"><ele>0.0</ele></trkpt>
      <trkpt lat="37.49066" lon="-112.53072"><ele>0.0</ele></trkpt>
      <trkpt lat="37.49052" lon="-112.53047"><ele>0.0</ele></trkpt>
      <trkpt lat="37.49047" lon="-112.53034"><ele>0.0</ele></trkpt>
      <trkpt lat="37.49044" lon="-112.53018"><ele>0.0</ele></trkpt>
      <trkpt lat="37.49041" lon="-112.52989"><ele>0.0</ele></trkpt>
      <trkpt lat="37.4904" lon="-112.52986"><ele>0.0</ele></trkpt>
      <trkpt lat="37.49041" lon="-112.52969"><ele>0.0</ele></trkpt>
      <trkpt lat="37.49043" lon="-112.52951"><ele>0.0</ele></trkpt>
      <trkpt lat="37.49051" lon="-112.52921"><ele>0.0</ele></trkpt>
      <trkpt lat="37.49064" lon="-112.52859"><ele>0.0</ele></trkpt>
      <trkpt lat="37.49065" lon="-112.52843"><ele>0.0</ele></trkpt>
      <trkpt lat="37.49064" lon="-112.52828"><ele>0.0</ele></trkpt>
      <trkpt lat="37.49061" lon="-112.52811"><ele>0.0</ele></trkpt>
      <trkpt lat="37.49055" lon="-112.52794"><ele>0.0</ele></trkpt>
      <trkpt lat="37.4905" lon="-112.52782"><ele>0.0</ele></trkpt>
      <trkpt lat="37.49044" lon="-112.52773"><ele>0.0</ele></trkpt>
      <trkpt lat="37.49043" lon="-112.52772"><ele>0.0</ele></trkpt>
      <trkpt lat="37.49036" lon="-112.52763"><ele>0.0</ele></trkpt>
      <trkpt lat="37.49026" lon="-112.52753"><ele>0.0</ele></trkpt>
      <trkpt lat="37.49017" lon="-112.52746"><ele>0.0</ele></trkpt>
      <trkpt lat="37.49004" lon="-112.5274"><ele>0.0</ele></trkpt>
      <trkpt lat="37.48989" lon="-112.52735"><ele>0.0</ele></trkpt>
      <trkpt lat="37.4897" lon="-112.52731"><ele>0.0</ele></trkpt>
      <trkpt lat="37.48958" lon="-112.52727"><ele>0.0</ele></trkpt>
      <trkpt lat="37.48933" lon="-112.52716"><ele>0.0</ele></trkpt>
      <trkpt lat="37.48921" lon="-112.52706"><ele>0.0</ele></trkpt>
      <trkpt lat="37.48911" lon="-112.52694"><ele>0.0</ele></trkpt>
      <trkpt lat="37.48902" lon="-112.52679"><ele>0.0</ele></trkpt>
      <trkpt lat="37.48896" lon="-112.52665"><ele>0.0</ele></trkpt>
      <trkpt lat="37.48891" lon="-112.52648"><ele>0.0</ele></trkpt>
      <trkpt lat="37.48886" lon="-112.52627"><ele>0.0</ele></trkpt>
      <trkpt lat="37.48884" lon="-112.52607"><ele>0.0</ele></trkpt>
      <trkpt lat="37.48883" lon="-112.52582"><ele>0.0</ele></trkpt>
      <trkpt lat="37.48883" lon="-112.52549"><ele>0.0</ele></trkpt>
      <trkpt lat="37.48884" lon="-112.52532"><ele>0.0</ele></trkpt>
      <trkpt lat="37.48887" lon="-112.52511"><ele>0.0</ele></trkpt>
      <trkpt lat="37.48891" lon="-112.52495"><ele>0.0</ele></trkpt>
      <trkpt lat="37.48901" lon="-112.5247"><ele>0.0</ele></trkpt>
      <trkpt lat="37.48907" lon="-112.5246"><ele>0.0</ele></trkpt>
      <trkpt lat="37.48914" lon="-112.52451"><ele>0.0</ele></trkpt>
      <trkpt lat="37.48918" lon="-112.52445"><ele>0.0</ele></trkpt>
      <trkpt lat="37.48925" lon="-112.52438"><ele>0.0</ele></trkpt>
      <trkpt lat="37.48929" lon="-112.52435"><ele>0.0</ele></trkpt>
      <trkpt lat="37.4893" lon="-112.52434"><ele>0.0</ele></trkpt>
      <trkpt lat="37.48941" lon="-112.52427"><ele>0.0</ele></trkpt>
      <trkpt lat="37.48947" lon="-112.52424"><ele>0.0</ele></trkpt>
      <trkpt lat="37.48955" lon="-112.52421"><ele>0.0</ele></trkpt>
      <trkpt lat="37.4897" lon="-112.52417"><ele>0.0</ele></trkpt>
      <trkpt lat="37.48994" lon="-112.52412"><ele>0.0</ele></trkpt>
      <trkpt lat="37.49014" lon="-112.52409"><ele>0.0</ele></trkpt>
      <trkpt lat="37.49023" lon="-112.52407"><ele>0.0</ele></trkpt>
      <trkpt lat="37.49034" lon="-112.52403"><ele>0.0</ele></trkpt>
      <trkpt lat="37.49039" lon="-112.52402"><ele>0.0</ele></trkpt>
      <trkpt lat="37.49046" lon="-112.52398"><ele>0.0</ele></trkpt>
      <trkpt lat="37.49051" lon="-112.52396"><ele>0.0</ele></trkpt>
      <trkpt lat="37.49055" lon="-112.52393"><ele>0.0</ele></trkpt>
      <trkpt lat="37.49058" lon="-112.52392"><ele>0.0</ele></trkpt>
      <trkpt lat="37.49061" lon="-112.5239"><ele>0.0</ele></trkpt>
      <trkpt lat="37.49072" lon="-112.52381"><ele>0.0</ele></trkpt>
      <trkpt lat="37.4909" lon="-112.52362"><ele>0.0</ele></trkpt>
      <trkpt lat="37.49094" lon="-112.52356"><ele>0.0</ele></trkpt>
      <trkpt lat="37.49095" lon="-112.52356"><ele>0.0</ele></trkpt>
      <trkpt lat="37.49102" lon="-112.52344"><ele>0.0</ele></trkpt>
      <trkpt lat="37.49106" lon="-112.52336"><ele>0.0</ele></trkpt>
      <trkpt lat="37.49108" lon="-112.52334"><ele>0.0</ele></trkpt>
      <trkpt lat="37.49111" lon="-112.52326"><ele>0.0</ele></trkpt>
      <trkpt lat="37.49113" lon="-112.52319"><ele>0.0</ele></trkpt>
      <trkpt lat="37.49114" lon="-112.52318"><ele>0.0</ele></trkpt>
      <trkpt lat="37.49114" lon="-112.52317"><ele>0.0</ele></trkpt>
      <trkpt lat="37.49115" lon="-112.52313"><ele>0.0</ele></trkpt>
      <trkpt lat="37.49118" lon="-112.52305"><ele>0.0</ele></trkpt>
      <trkpt lat="37.4912" lon="-112.52297"><ele>0.0</ele></trkpt>
      <trkpt lat="37.4912" lon="-112.52295"><ele>0.0</ele></trkpt>
      <trkpt lat="37.49122" lon="-112.52287"><ele>0.0</ele></trkpt>
      <trkpt lat="37.49123" lon="-112.52278"><ele>0.0</ele></trkpt>
      <trkpt lat="37.49123" lon="-112.52272"><ele>0.0</ele></trkpt>
      <trkpt lat="37.49124" lon="-112.52264"><ele>0.0</ele></trkpt>
      <trkpt lat="37.49124" lon="-112.52256"><ele>0.0</ele></trkpt>
      <trkpt lat="37.49123" lon="-112.52242"><ele>0.0</ele></trkpt>
      <trkpt lat="37.49123" lon="-112.52233"><ele>0.0</ele></trkpt>
      <trkpt lat="37.49121" lon="-112.52225"><ele>0.0</ele></trkpt>
      <trkpt lat="37.49119" lon="-112.52213"><ele>0.0</ele></trkpt>
      <trkpt lat="37.49112" lon="-112.52188"><ele>0.0</ele></trkpt>
      <trkpt lat="37.49109" lon="-112.52182"><ele>0.0</ele></trkpt>
      <trkpt lat="37.49107" lon="-112.52175"><ele>0.0</ele></trkpt>
      <trkpt lat="37.49078" lon="-112.52106"><ele>0.0</ele></trkpt>
      <trkpt lat="37.49051" lon="-112.52046"><ele>0.0</ele></trkpt>
      <trkpt lat="37.49042" lon="-112.52024"><ele>0.0</ele></trkpt>
      <trkpt lat="37.49005" lon="-112.51924"><ele>0.0</ele></trkpt>
      <trkpt lat="37.48978" lon="-112.51838"><ele>0.0</ele></trkpt>
      <trkpt lat="37.48961" lon="-112.51776"><ele>0.0</ele></trkpt>
      <trkpt lat="37.4894" lon="-112.51692"><ele>0.0</ele></trkpt>
      <trkpt lat="37.48937" lon="-112.51676"><ele>0.0</ele></trkpt>
      <trkpt lat="37.48935" lon="-112.51671"><ele>0.0</ele></trkpt>
      <trkpt lat="37.48934" lon="-112.51663"><ele>0.0</ele></trkpt>
      <trkpt lat="37.48927" lon="-112.51627"><ele>0.0</ele></trkpt>
      <trkpt lat="37.48925" lon="-112.51612"><ele>0.0</ele></trkpt>
      <trkpt lat="37.48909" lon="-112.51524"><ele>0.0</ele></trkpt>
      <trkpt lat="37.48908" lon="-112.51521"><ele>0.0</ele></trkpt>
      <trkpt lat="37.48862" lon="-112.51263"><ele>0.0</ele></trkpt>
      <trkpt lat="37.48902" lon="-112.5124"><ele>0.0</ele></trkpt>
      <trkpt lat="37.48979" lon="-112.51193"><ele>0.0</ele></trkpt>
      <trkpt lat="37.48995" lon="-112.51184"><ele>0.0</ele></trkpt>
      <trkpt lat="37.4918" lon="-112.51067"><ele>0.0</ele></trkpt>
      <trkpt lat="37.49196" lon="-112.51056"><ele>0.0</ele></trkpt>
      <trkpt lat="37.49237" lon="-112.5103"><ele>0.0</ele></trkpt>
      <trkpt lat="37.49241" lon="-112.51028"><ele>0.0</ele></trkpt>
      <trkpt lat="37.49259" lon="-112.51017"><ele>0.0</ele></trkpt>
      <trkpt lat="37.49261" lon="-112.51015"><ele>0.0</ele></trkpt>
      <trkpt lat="37.49403" lon="-112.50922"><ele>0.0</ele></trkpt>
      <trkpt lat="37.49405" lon="-112.50921"><ele>0.0</ele></trkpt>
      <trkpt lat="37.49511" lon="-112.50853"><ele>0.0</ele></trkpt>
      <trkpt lat="37.49541" lon="-112.50832"><ele>0.0</ele></trkpt>
      <trkpt lat="37.49573" lon="-112.50808"><ele>0.0</ele></trkpt>
      <trkpt lat="37.49621" lon="-112.50766"><ele>0.0</ele></trkpt>
      <trkpt lat="37.49663" lon="-112.50724"><ele>0.0</ele></trkpt>
      <trkpt lat="37.49681" lon="-112.50704"><ele>0.0</ele></trkpt>
      <trkpt lat="37.49733" lon="-112.50636"><ele>0.0</ele></trkpt>
      <trkpt lat="37.49778" lon="-112.5057"><ele>0.0</ele></trkpt>
      <trkpt lat="37.49789" lon="-112.50552"><ele>0.0</ele></trkpt>
      <trkpt lat="37.49824" lon="-112.50502"><ele>0.0</ele></trkpt>
      <trkpt lat="37.49834" lon="-112.50485"><ele>0.0</ele></trkpt>
      <trkpt lat="37.49865" lon="-112.50444"><ele>0.0</ele></trkpt>
      <trkpt lat="37.49888" lon="-112.50418"><ele>0.0</ele></trkpt>
      <trkpt lat="37.49908" lon="-112.50397"><ele>0.0</ele></trkpt>
      <trkpt lat="37.4991" lon="-112.50394"><ele>0.0</ele></trkpt>
      <trkpt lat="37.49951" lon="-112.50352"><ele>0.0</ele></trkpt>
      <trkpt lat="37.4998" lon="-112.50325"><ele>0.0</ele></trkpt>
      <trkpt lat="37.49994" lon="-112.50313"><ele>0.0</ele></trkpt>
      <trkpt lat="37.50002" lon="-112.50307"><ele>0.0</ele></trkpt>
      <trkpt lat="37.50003" lon="-112.50305"><ele>0.0</ele></trkpt>
      <trkpt lat="37.50014" lon="-112.50297"><ele>0.0</ele></trkpt>
      <trkpt lat="37.50015" lon="-112.50296"><ele>0.0</ele></trkpt>
      <trkpt lat="37.50027" lon="-112.50287"><ele>0.0</ele></trkpt>
      <trkpt lat="37.50029" lon="-112.50285"><ele>0.0</ele></trkpt>
      <trkpt lat="37.50274" lon="-112.50111"><ele>0.0</ele></trkpt>
      <trkpt lat="37.50279" lon="-112.50106"><ele>0.0</ele></trkpt>
      <trkpt lat="37.50511" lon="-112.49939"><ele>0.0</ele></trkpt>
      <trkpt lat="37.50561" lon="-112.49905"><ele>0.0</ele></trkpt>
      <trkpt lat="37.50611" lon="-112.49869"><ele>0.0</ele></trkpt>
      <trkpt lat="37.50661" lon="-112.49837"><ele>0.0</ele></trkpt>
      <trkpt lat="37.50739" lon="-112.49798"><ele>0.0</ele></trkpt>
      <trkpt lat="37.50756" lon="-112.49792"><ele>0.0</ele></trkpt>
      <trkpt lat="37.50773" lon="-112.49785"><ele>0.0</ele></trkpt>
      <trkpt lat="37.50774" lon="-112.49785"><ele>0.0</ele></trkpt>
      <trkpt lat="37.5079" lon="-112.49779"><ele>0.0</ele></trkpt>
      <trkpt lat="37.50791" lon="-112.49779"><ele>0.0</ele></trkpt>
      <trkpt lat="37.50807" lon="-112.49774"><ele>0.0</ele></trkpt>
      <trkpt lat="37.50809" lon="-112.49773"><ele>0.0</ele></trkpt>
      <trkpt lat="37.50857" lon="-112.49761"><ele>0.0</ele></trkpt>
      <trkpt lat="37.50886" lon="-112.49755"><ele>0.0</ele></trkpt>
      <trkpt lat="37.50951" lon="-112.49748"><ele>0.0</ele></trkpt>
      <trkpt lat="37.50959" lon="-112.49748"><ele>0.0</ele></trkpt>
      <trkpt lat="37.50987" lon="-112.49746"><ele>0.0</ele></trkpt>
      <trkpt lat="37.50997" lon="-112.49746"><ele>0.0</ele></trkpt>
      <trkpt lat="37.51005" lon="-112.49747"><ele>0.0</ele></trkpt>
      <trkpt lat="37.51023" lon="-112.49747"><ele>0.0</ele></trkpt>
      <trkpt lat="37.51036" lon="-112.49748"><ele>0.0</ele></trkpt>
      <trkpt lat="37.51041" lon="-112.49749"><ele>0.0</ele></trkpt>
      <trkpt lat="37.51059" lon="-112.49751"><ele>0.0</ele></trkpt>
      <trkpt lat="37.51077" lon="-112.49752"><ele>0.0</ele></trkpt>
      <trkpt lat="37.51143" lon="-112.49759"><ele>0.0</ele></trkpt>
      <trkpt lat="37.51148" lon="-112.4976"><ele>0.0</ele></trkpt>
      <trkpt lat="37.51287" lon="-112.49774"><ele>0.0</ele></trkpt>
      <trkpt lat="37.51292" lon="-112.49774"><ele>0.0</ele></trkpt>
      <trkpt lat="37.51301" lon="-112.49775"><ele>0.0</ele></trkpt>
      <trkpt lat="37.51305" lon="-112.49775"><ele>0.0</ele></trkpt>
      <trkpt lat="37.51333" lon="-112.49778"><ele>0.0</ele></trkpt>
      <trkpt lat="37.51397" lon="-112.4978"><ele>0.0</ele></trkpt>
      <trkpt lat="37.51447" lon="-112.49777"><ele>0.0</ele></trkpt>
      <trkpt lat="37.51479" lon="-112.49773"><ele>0.0</ele></trkpt>
      <trkpt lat="37.51502" lon="-112.49768"><ele>0.0</ele></trkpt>
      <trkpt lat="37.5151" lon="-112.49767"><ele>0.0</ele></trkpt>
      <trkpt lat="37.51536" lon="-112.49761"><ele>0.0</ele></trkpt>
      <trkpt lat="37.51542" lon="-112.49759"><ele>0.0</ele></trkpt>
      <trkpt lat="37.5156" lon="-112.49755"><ele>0.0</ele></trkpt>
      <trkpt lat="37.51599" lon="-112.49743"><ele>0.0</ele></trkpt>
      <trkpt lat="37.51666" lon="-112.49715"><ele>0.0</ele></trkpt>
      <trkpt lat="37.51694" lon="-112.49701"><ele>0.0</ele></trkpt>
      <trkpt lat="37.51721" lon="-112.49686"><ele>0.0</ele></trkpt>
      <trkpt lat="37.51741" lon="-112.49673"><ele>0.0</ele></trkpt>
      <trkpt lat="37.51745" lon="-112.4967"><ele>0.0</ele></trkpt>
      <trkpt lat="37.51761" lon="-112.4966"><ele>0.0</ele></trkpt>
      <trkpt lat="37.51823" lon="-112.49617"><ele>0.0</ele></trkpt>
      <trkpt lat="37.51824" lon="-112.49616"><ele>0.0</ele></trkpt>
      <trkpt lat="37.51836" lon="-112.49608"><ele>0.0</ele></trkpt>
      <trkpt lat="37.51884" lon="-112.49573"><ele>0.0</ele></trkpt>
      <trkpt lat="37.52056" lon="-112.49454"><ele>0.0</ele></trkpt>
      <trkpt lat="37.52056" lon="-112.49453"><ele>0.0</ele></trkpt>
      <trkpt lat="37.524" lon="-112.49208"><ele>0.0</ele></trkpt>
      <trkpt lat="37.52405" lon="-112.49205"><ele>0.0</ele></trkpt>
      <trkpt lat="37.53002" lon="-112.48785"><ele>0.0</ele></trkpt>
      <trkpt lat="37.53047" lon="-112.48759"><ele>0.0</ele></trkpt>
      <trkpt lat="37.53059" lon="-112.48753"><ele>0.0</ele></trkpt>
      <trkpt lat="37.5306" lon="-112.48752"><ele>0.0</ele></trkpt>
      <trkpt lat="37.53076" lon="-112.48745"><ele>0.0</ele></trkpt>
      <trkpt lat="37.53085" lon="-112.48742"><ele>0.0</ele></trkpt>
      <trkpt lat="37.53099" lon="-112.48736"><ele>0.0</ele></trkpt>
      <trkpt lat="37.53136" lon="-112.48724"><ele>0.0</ele></trkpt>
      <trkpt lat="37.53183" lon="-112.48712"><ele>0.0</ele></trkpt>
      <trkpt lat="37.5319" lon="-112.48711"><ele>0.0</ele></trkpt>
      <trkpt lat="37.53194" lon="-112.4871"><ele>0.0</ele></trkpt>
      <trkpt lat="37.53218" lon="-112.48706"><ele>0.0</ele></trkpt>
      <trkpt lat="37.5322" lon="-112.48706"><ele>0.0</ele></trkpt>
      <trkpt lat="37.53235" lon="-112.48704"><ele>0.0</ele></trkpt>
      <trkpt lat="37.53242" lon="-112.48704"><ele>0.0</ele></trkpt>
      <trkpt lat="37.53277" lon="-112.48702"><ele>0.0</ele></trkpt>
      <trkpt lat="37.53301" lon="-112.48702"><ele>0.0</ele></trkpt>
      <trkpt lat="37.53314" lon="-112.48703"><ele>0.0</ele></trkpt>
      <trkpt lat="37.5333" lon="-112.48703"><ele>0.0</ele></trkpt>
      <trkpt lat="37.53879" lon="-112.48726"><ele>0.0</ele></trkpt>
      <trkpt lat="37.53891" lon="-112.48726"><ele>0.0</ele></trkpt>
      <trkpt lat="37.53975" lon="-112.4873"><ele>0.0</ele></trkpt>
      <trkpt lat="37.53993" lon="-112.4873"><ele>0.0</ele></trkpt>
      <trkpt lat="37.54852" lon="-112.48766"><ele>0.0</ele></trkpt>
      <trkpt lat="37.5487" lon="-112.48766"><ele>0.0</ele></trkpt>
      <trkpt lat="37.55236" lon="-112.48782"><ele>0.0</ele></trkpt>
      <trkpt lat="37.55247" lon="-112.48782"><ele>0.0</ele></trkpt>
      <trkpt lat="37.55254" lon="-112.48783"><ele>0.0</ele></trkpt>
      <trkpt lat="37.55272" lon="-112.48783"><ele>0.0</ele></trkpt>
      <trkpt lat="37.55344" lon="-112.48786"><ele>0.0</ele></trkpt>
      <trkpt lat="37.55352" lon="-112.48787"><ele>0.0</ele></trkpt>
      <trkpt lat="37.55504" lon="-112.48793"><ele>0.0</ele></trkpt>
      <trkpt lat="37.55603" lon="-112.4879"><ele>0.0</ele></trkpt>
      <trkpt lat="37.55679" lon="-112.48783"><ele>0.0</ele></trkpt>
      <trkpt lat="37.55684" lon="-112.48782"><ele>0.0</ele></trkpt>
      <trkpt lat="37.55685" lon="-112.48782"><ele>0.0</ele></trkpt>
      <trkpt lat="37.55724" lon="-112.48776"><ele>0.0</ele></trkpt>
      <trkpt lat="37.55739" lon="-112.48773"><ele>0.0</ele></trkpt>
      <trkpt lat="37.55753" lon="-112.48771"><ele>0.0</ele></trkpt>
      <trkpt lat="37.55756" lon="-112.4877"><ele>0.0</ele></trkpt>
      <trkpt lat="37.55773" lon="-112.48767"><ele>0.0</ele></trkpt>
      <trkpt lat="37.55776" lon="-112.48766"><ele>0.0</ele></trkpt>
      <trkpt lat="37.55797" lon="-112.48762"><ele>0.0</ele></trkpt>
      <trkpt lat="37.55808" lon="-112.48759"><ele>0.0</ele></trkpt>
      <trkpt lat="37.5581" lon="-112.48759"><ele>0.0</ele></trkpt>
      <trkpt lat="37.55844" lon="-112.4875"><ele>0.0</ele></trkpt>
      <trkpt lat="37.55845" lon="-112.4875"><ele>0.0</ele></trkpt>
      <trkpt lat="37.5588" lon="-112.48741"><ele>0.0</ele></trkpt>
      <trkpt lat="37.55913" lon="-112.48731"><ele>0.0</ele></trkpt>
      <trkpt lat="37.55947" lon="-112.48719"><ele>0.0</ele></trkpt>
      <trkpt lat="37.55949" lon="-112.48719"><ele>0.0</ele></trkpt>
      <trkpt lat="37.55962" lon="-112.48714"><ele>0.0</ele></trkpt>
      <trkpt lat="37.55966" lon="-112.48712"><ele>0.0</ele></trkpt>
      <trkpt lat="37.56001" lon="-112.48698"><ele>0.0</ele></trkpt>
      <trkpt lat="37.56008" lon="-112.48696"><ele>0.0</ele></trkpt>
      <trkpt lat="37.56085" lon="-112.48661"><ele>0.0</ele></trkpt>
      <trkpt lat="37.56088" lon="-112.48659"><ele>0.0</ele></trkpt>
      <trkpt lat="37.56148" lon="-112.48629"><ele>0.0</ele></trkpt>
      <trkpt lat="37.5708" lon="-112.48143"><ele>0.0</ele></trkpt>
      <trkpt lat="37.57097" lon="-112.48135"><ele>0.0</ele></trkpt>
      <trkpt lat="37.5752" lon="-112.47912"><ele>0.0</ele></trkpt>
      <trkpt lat="37.57527" lon="-112.47909"><ele>0.0</ele></trkpt>
      <trkpt lat="37.57589" lon="-112.47878"><ele>0.0</ele></trkpt>
      <trkpt lat="37.5768" lon="-112.47829"><ele>0.0</ele></trkpt>
      <trkpt lat="37.57693" lon="-112.47823"><ele>0.0</ele></trkpt>
      <trkpt lat="37.5772" lon="-112.47809"><ele>0.0</ele></trkpt>
      <trkpt lat="37.57739" lon="-112.47801"><ele>0.0</ele></trkpt>
      <trkpt lat="37.57758" lon="-112.47792"><ele>0.0</ele></trkpt>
      <trkpt lat="37.57759" lon="-112.47791"><ele>0.0</ele></trkpt>
      <trkpt lat="37.57812" lon="-112.4777"><ele>0.0</ele></trkpt>
      <trkpt lat="37.57824" lon="-112.47766"><ele>0.0</ele></trkpt>
      <trkpt lat="37.57863" lon="-112.47756"><ele>0.0</ele></trkpt>
      <trkpt lat="37.58003" lon="-112.4773"><ele>0.0</ele></trkpt>
      <trkpt lat="37.58004" lon="-112.47729"><ele>0.0</ele></trkpt>
      <trkpt lat="37.58058" lon="-112.4772"><ele>0.0</ele></trkpt>
      <trkpt lat="37.58075" lon="-112.47716"><ele>0.0</ele></trkpt>
      <trkpt lat="37.58512" lon="-112.47638"><ele>0.0</ele></trkpt>
      <trkpt lat="37.58516" lon="-112.47637"><ele>0.0</ele></trkpt>
      <trkpt lat="37.58559" lon="-112.4763"><ele>0.0</ele></trkpt>
      <trkpt lat="37.58613" lon="-112.47619"><ele>0.0</ele></trkpt>
      <trkpt lat="37.58671" lon="-112.47605"><ele>0.0</ele></trkpt>
      <trkpt lat="37.58719" lon="-112.47589"><ele>0.0</ele></trkpt>
      <trkpt lat="37.58753" lon="-112.47576"><ele>0.0</ele></trkpt>
      <trkpt lat="37.58793" lon="-112.47557"><ele>0.0</ele></trkpt>
      <trkpt lat="37.58823" lon="-112.47541"><ele>0.0</ele></trkpt>
      <trkpt lat="37.58824" lon="-112.4754"><ele>0.0</ele></trkpt>
      <trkpt lat="37.58833" lon="-112.47535"><ele>0.0</ele></trkpt>
      <trkpt lat="37.58887" lon="-112.475"><ele>0.0</ele></trkpt>
      <trkpt lat="37.58888" lon="-112.47499"><ele>0.0</ele></trkpt>
      <trkpt lat="37.5892" lon="-112.47475"><ele>0.0</ele></trkpt>
      <trkpt lat="37.58964" lon="-112.47437"><ele>0.0</ele></trkpt>
      <trkpt lat="37.58978" lon="-112.47423"><ele>0.0</ele></trkpt>
      <trkpt lat="37.58982" lon="-112.4742"><ele>0.0</ele></trkpt>
      <trkpt lat="37.59036" lon="-112.47363"><ele>0.0</ele></trkpt>
      <trkpt lat="37.59048" lon="-112.47349"><ele>0.0</ele></trkpt>
      <trkpt lat="37.59068" lon="-112.47328"><ele>0.0</ele></trkpt>
      <trkpt lat="37.59073" lon="-112.47322"><ele>0.0</ele></trkpt>
      <trkpt lat="37.5911" lon="-112.47284"><ele>0.0</ele></trkpt>
      <trkpt lat="37.59146" lon="-112.47252"><ele>0.0</ele></trkpt>
      <trkpt lat="37.59183" lon="-112.47222"><ele>0.0</ele></trkpt>
      <trkpt lat="37.59222" lon="-112.47195"><ele>0.0</ele></trkpt>
      <trkpt lat="37.59224" lon="-112.47193"><ele>0.0</ele></trkpt>
      <trkpt lat="37.59237" lon="-112.47185"><ele>0.0</ele></trkpt>
      <trkpt lat="37.59238" lon="-112.47184"><ele>0.0</ele></trkpt>
      <trkpt lat="37.59247" lon="-112.47178"><ele>0.0</ele></trkpt>
      <trkpt lat="37.59254" lon="-112.47174"><ele>0.0</ele></trkpt>
      <trkpt lat="37.59255" lon="-112.47173"><ele>0.0</ele></trkpt>
      <trkpt lat="37.59289" lon="-112.47154"><ele>0.0</ele></trkpt>
      <trkpt lat="37.59303" lon="-112.47147"><ele>0.0</ele></trkpt>
      <trkpt lat="37.59303" lon="-112.47146"><ele>0.0</ele></trkpt>
      <trkpt lat="37.59304" lon="-112.47146"><ele>0.0</ele></trkpt>
      <trkpt lat="37.5932" lon="-112.47138"><ele>0.0</ele></trkpt>
      <trkpt lat="37.59354" lon="-112.47124"><ele>0.0</ele></trkpt>
      <trkpt lat="37.59358" lon="-112.47123"><ele>0.0</ele></trkpt>
      <trkpt lat="37.59389" lon="-112.47112"><ele>0.0</ele></trkpt>
      <trkpt lat="37.5939" lon="-112.47111"><ele>0.0</ele></trkpt>
      <trkpt lat="37.59391" lon="-112.47111"><ele>0.0</ele></trkpt>
      <trkpt lat="37.59406" lon="-112.47106"><ele>0.0</ele></trkpt>
      <trkpt lat="37.59407" lon="-112.47106"><ele>0.0</ele></trkpt>
      <trkpt lat="37.59409" lon="-112.47105"><ele>0.0</ele></trkpt>
      <trkpt lat="37.59455" lon="-112.47093"><ele>0.0</ele></trkpt>
      <trkpt lat="37.59491" lon="-112.47086"><ele>0.0</ele></trkpt>
      <trkpt lat="37.59496" lon="-112.47086"><ele>0.0</ele></trkpt>
      <trkpt lat="37.5951" lon="-112.47083"><ele>0.0</ele></trkpt>
      <trkpt lat="37.59543" lon="-112.4708"><ele>0.0</ele></trkpt>
      <trkpt lat="37.59555" lon="-112.4708"><ele>0.0</ele></trkpt>
      <trkpt lat="37.59566" lon="-112.47079"><ele>0.0</ele></trkpt>
      <trkpt lat="37.59599" lon="-112.47079"><ele>0.0</ele></trkpt>
      <trkpt lat="37.59908" lon="-112.47093"><ele>0.0</ele></trkpt>
      <trkpt lat="37.59926" lon="-112.47093"><ele>0.0</ele></trkpt>
      <trkpt lat="37.59945" lon="-112.47092"><ele>0.0</ele></trkpt>
      <trkpt lat="37.59974" lon="-112.47089"><ele>0.0</ele></trkpt>
      <trkpt lat="37.60013" lon="-112.47082"><ele>0.0</ele></trkpt>
      <trkpt lat="37.60015" lon="-112.47082"><ele>0.0</ele></trkpt>
      <trkpt lat="37.60016" lon="-112.47081"><ele>0.0</ele></trkpt>
      <trkpt lat="37.60038" lon="-112.47075"><ele>0.0</ele></trkpt>
      <trkpt lat="37.60065" lon="-112.47066"><ele>0.0</ele></trkpt>
      <trkpt lat="37.60103" lon="-112.47051"><ele>0.0</ele></trkpt>
      <trkpt lat="37.60121" lon="-112.47042"><ele>0.0</ele></trkpt>
      <trkpt lat="37.60152" lon="-112.47023"><ele>0.0</ele></trkpt>
      <trkpt lat="37.60158" lon="-112.4702"><ele>0.0</ele></trkpt>
      <trkpt lat="37.60195" lon="-112.46994"><ele>0.0</ele></trkpt>
      <trkpt lat="37.60291" lon="-112.4692"><ele>0.0</ele></trkpt>
      <trkpt lat="37.60339" lon="-112.46885"><ele>0.0</ele></trkpt>
      <trkpt lat="37.6037" lon="-112.46865"><ele>0.0</ele></trkpt>
      <trkpt lat="37.60374" lon="-112.46863"><ele>0.0</ele></trkpt>
      <trkpt lat="37.60389" lon="-112.46854"><ele>0.0</ele></trkpt>
      <trkpt lat="37.60434" lon="-112.4683"><ele>0.0</ele></trkpt>
      <trkpt lat="37.6046" lon="-112.46819"><ele>0.0</ele></trkpt>
      <trkpt lat="37.60468" lon="-112.46815"><ele>0.0</ele></trkpt>
      <trkpt lat="37.6051" lon="-112.46799"><ele>0.0</ele></trkpt>
      <trkpt lat="37.6055" lon="-112.46787"><ele>0.0</ele></trkpt>
      <trkpt lat="37.60605" lon="-112.46774"><ele>0.0</ele></trkpt>
      <trkpt lat="37.60644" lon="-112.46768"><ele>0.0</ele></trkpt>
      <trkpt lat="37.60662" lon="-112.46766"><ele>0.0</ele></trkpt>
      <trkpt lat="37.60851" lon="-112.46757"><ele>0.0</ele></trkpt>
      <trkpt lat="37.60853" lon="-112.46756"><ele>0.0</ele></trkpt>
      <trkpt lat="37.60869" lon="-112.46756"><ele>0.0</ele></trkpt>
      <trkpt lat="37.60907" lon="-112.46754"><ele>0.0</ele></trkpt>
      <trkpt lat="37.60929" lon="-112.46752"><ele>0.0</ele></trkpt>
      <trkpt lat="37.60995" lon="-112.46749"><ele>0.0</ele></trkpt>
      <trkpt lat="37.61013" lon="-112.46747"><ele>0.0</ele></trkpt>
      <trkpt lat="37.61015" lon="-112.46747"><ele>0.0</ele></trkpt>
      <trkpt lat="37.61047" lon="-112.46743"><ele>0.0</ele></trkpt>
      <trkpt lat="37.61066" lon="-112.46739"><ele>0.0</ele></trkpt>
      <trkpt lat="37.61069" lon="-112.46739"><ele>0.0</ele></trkpt>
      <trkpt lat="37.61105" lon="-112.4673"><ele>0.0</ele></trkpt>
      <trkpt lat="37.6115" lon="-112.46717"><ele>0.0</ele></trkpt>
      <trkpt lat="37.61171" lon="-112.4671"><ele>0.0</ele></trkpt>
      <trkpt lat="37.61183" lon="-112.46705"><ele>0.0</ele></trkpt>
      <trkpt lat="37.61195" lon="-112.46701"><ele>0.0</ele></trkpt>
      <trkpt lat="37.61234" lon="-112.46683"><ele>0.0</ele></trkpt>
      <trkpt lat="37.6128" lon="-112.46658"><ele>0.0</ele></trkpt>
      <trkpt lat="37.61301" lon="-112.46645"><ele>0.0</ele></trkpt>
      <trkpt lat="37.61314" lon="-112.46636"><ele>0.0</ele></trkpt>
      <trkpt lat="37.61334" lon="-112.46624"><ele>0.0</ele></trkpt>
      <trkpt lat="37.61575" lon="-112.46462"><ele>0.0</ele></trkpt>
      <trkpt lat="37.6158" lon="-112.46458"><ele>0.0</ele></trkpt>
      <trkpt lat="37.6167" lon="-112.46397"><ele>0.0</ele></trkpt>
      <trkpt lat="37.61672" lon="-112.46396"><ele>0.0</ele></trkpt>
      <trkpt lat="37.61686" lon="-112.46386"><ele>0.0</ele></trkpt>
      <trkpt lat="37.61732" lon="-112.46356"><ele>0.0</ele></trkpt>
      <trkpt lat="37.61734" lon="-112.46354"><ele>0.0</ele></trkpt>
      <trkpt lat="37.61861" lon="-112.46269"><ele>0.0</ele></trkpt>
      <trkpt lat="37.61876" lon="-112.46258"><ele>0.0</ele></trkpt>
      <trkpt lat="37.61957" lon="-112.46203"><ele>0.0</ele></trkpt>
      <trkpt lat="37.61973" lon="-112.46193"><ele>0.0</ele></trkpt>
      <trkpt lat="37.62178" lon="-112.46054"><ele>0.0</ele></trkpt>
      <trkpt lat="37.6219" lon="-112.46047"><ele>0.0</ele></trkpt>
      <trkpt lat="37.62394" lon="-112.45909"><ele>0.0</ele></trkpt>
      <trkpt lat="37.6241" lon="-112.45899"><ele>0.0</ele></trkpt>
      <trkpt lat="37.62412" lon="-112.45897"><ele>0.0</ele></trkpt>
      <trkpt lat="37.62414" lon="-112.45896"><ele>0.0</ele></trkpt>
      <trkpt lat="37.62684" lon="-112.45714"><ele>0.0</ele></trkpt>
      <trkpt lat="37.627" lon="-112.45704"><ele>0.0</ele></trkpt>
      <trkpt lat="37.62866" lon="-112.45589"><ele>0.0</ele></trkpt>
      <trkpt lat="37.62953" lon="-112.45535"><ele>0.0</ele></trkpt>
      <trkpt lat="37.62963" lon="-112.45528"><ele>0.0</ele></trkpt>
      <trkpt lat="37.62974" lon="-112.45519"><ele>0.0</ele></trkpt>
      <trkpt lat="37.62978" lon="-112.45517"><ele>0.0</ele></trkpt>
      <trkpt lat="37.63009" lon="-112.45494"><ele>0.0</ele></trkpt>
      <trkpt lat="37.63047" lon="-112.45463"><ele>0.0</ele></trkpt>
      <trkpt lat="37.63087" lon="-112.45427"><ele>0.0</ele></trkpt>
      <trkpt lat="37.63133" lon="-112.45379"><ele>0.0</ele></trkpt>
      <trkpt lat="37.63135" lon="-112.45376"><ele>0.0</ele></trkpt>
      <trkpt lat="37.63142" lon="-112.45369"><ele>0.0</ele></trkpt>
      <trkpt lat="37.63174" lon="-112.45331"><ele>0.0</ele></trkpt>
      <trkpt lat="37.63187" lon="-112.45314"><ele>0.0</ele></trkpt>
      <trkpt lat="37.63193" lon="-112.45308"><ele>0.0</ele></trkpt>
      <trkpt lat="37.63254" lon="-112.45226"><ele>0.0</ele></trkpt>
      <trkpt lat="37.63279" lon="-112.45189"><ele>0.0</ele></trkpt>
      <trkpt lat="37.63317" lon="-112.45128"><ele>0.0</ele></trkpt>
      <trkpt lat="37.63342" lon="-112.45081"><ele>0.0</ele></trkpt>
      <trkpt lat="37.63371" lon="-112.4502"><ele>0.0</ele></trkpt>
      <trkpt lat="37.63401" lon="-112.44948"><ele>0.0</ele></trkpt>
      <trkpt lat="37.63595" lon="-112.44513"><ele>0.0</ele></trkpt>
      <trkpt lat="37.63603" lon="-112.44493"><ele>0.0</ele></trkpt>
      <trkpt lat="37.63682" lon="-112.44315"><ele>0.0</ele></trkpt>
      <trkpt lat="37.63684" lon="-112.44309"><ele>0.0</ele></trkpt>
      <trkpt lat="37.63772" lon="-112.44108"><ele>0.0</ele></trkpt>
      <trkpt lat="37.63776" lon="-112.441"><ele>0.0</ele></trkpt>
      <trkpt lat="37.63782" lon="-112.44086"><ele>0.0</ele></trkpt>
      <trkpt lat="37.63785" lon="-112.44081"><ele>0.0</ele></trkpt>
      <trkpt lat="37.63787" lon="-112.44076"><ele>0.0</ele></trkpt>
      <trkpt lat="37.63816" lon="-112.44016"><ele>0.0</ele></trkpt>
      <trkpt lat="37.63838" lon="-112.43977"><ele>0.0</ele></trkpt>
      <trkpt lat="37.63855" lon="-112.43949"><ele>0.0</ele></trkpt>
      <trkpt lat="37.63857" lon="-112.43944"><ele>0.0</ele></trkpt>
      <trkpt lat="37.63861" lon="-112.43939"><ele>0.0</ele></trkpt>
      <trkpt lat="37.63889" lon="-112.43897"><ele>0.0</ele></trkpt>
      <trkpt lat="37.6389" lon="-112.43895"><ele>0.0</ele></trkpt>
      <trkpt lat="37.63892" lon="-112.43893"><ele>0.0</ele></trkpt>
      <trkpt lat="37.63901" lon="-112.4388"><ele>0.0</ele></trkpt>
      <trkpt lat="37.63951" lon="-112.43818"><ele>0.0</ele></trkpt>
      <trkpt lat="37.63972" lon="-112.43796"><ele>0.0</ele></trkpt>
      <trkpt lat="37.64029" lon="-112.43742"><ele>0.0</ele></trkpt>
      <trkpt lat="37.6407" lon="-112.43708"><ele>0.0</ele></trkpt>
      <trkpt lat="37.64077" lon="-112.43704"><ele>0.0</ele></trkpt>
      <trkpt lat="37.64117" lon="-112.43677"><ele>0.0</ele></trkpt>
      <trkpt lat="37.64251" lon="-112.436"><ele>0.0</ele></trkpt>
      <trkpt lat="37.64307" lon="-112.4357"><ele>0.0</ele></trkpt>
      <trkpt lat="37.64368" lon="-112.43534"><ele>0.0</ele></trkpt>
      <trkpt lat="37.64437" lon="-112.43496"><ele>0.0</ele></trkpt>
      <trkpt lat="37.64497" lon="-112.4347"><ele>0.0</ele></trkpt>
      <trkpt lat="37.64527" lon="-112.4346"><ele>0.0</ele></trkpt>
      <trkpt lat="37.64545" lon="-112.43455"><ele>0.0</ele></trkpt>
      <trkpt lat="37.64553" lon="-112.43454"><ele>0.0</ele></trkpt>
      <trkpt lat="37.64555" lon="-112.43453"><ele>0.0</ele></trkpt>
      <trkpt lat="37.64563" lon="-112.43451"><ele>0.0</ele></trkpt>
      <trkpt lat="37.64584" lon="-112.43448"><ele>0.0</ele></trkpt>
      <trkpt lat="37.64623" lon="-112.43445"><ele>0.0</ele></trkpt>
      <trkpt lat="37.64739" lon="-112.43444"><ele>0.0</ele></trkpt>
      <trkpt lat="37.6476" lon="-112.43443"><ele>0.0</ele></trkpt>
      <trkpt lat="37.65403" lon="-112.43442"><ele>0.0</ele></trkpt>
      <trkpt lat="37.65513" lon="-112.43439"><ele>0.0</ele></trkpt>
      <trkpt lat="37.65539" lon="-112.43437"><ele>0.0</ele></trkpt>
      <trkpt lat="37.65585" lon="-112.43427"><ele>0.0</ele></trkpt>
      <trkpt lat="37.65613" lon="-112.43419"><ele>0.0</ele></trkpt>
      <trkpt lat="37.65638" lon="-112.4341"><ele>0.0</ele></trkpt>
      <trkpt lat="37.65642" lon="-112.43409"><ele>0.0</ele></trkpt>
      <trkpt lat="37.65647" lon="-112.43406"><ele>0.0</ele></trkpt>
      <trkpt lat="37.6566" lon="-112.43401"><ele>0.0</ele></trkpt>
      <trkpt lat="37.65696" lon="-112.43383"><ele>0.0</ele></trkpt>
      <trkpt lat="37.65746" lon="-112.43352"><ele>0.0</ele></trkpt>
      <trkpt lat="37.65783" lon="-112.43322"><ele>0.0</ele></trkpt>
      <trkpt lat="37.65794" lon="-112.43312"><ele>0.0</ele></trkpt>
      <trkpt lat="37.65811" lon="-112.43295"><ele>0.0</ele></trkpt>
      <trkpt lat="37.65849" lon="-112.43252"><ele>0.0</ele></trkpt>
      <trkpt lat="37.65861" lon="-112.43236"><ele>0.0</ele></trkpt>
      <trkpt lat="37.65873" lon="-112.43222"><ele>0.0</ele></trkpt>
      <trkpt lat="37.6593" lon="-112.4315"><ele>0.0</ele></trkpt>
      <trkpt lat="37.6595" lon="-112.43123"><ele>0.0</ele></trkpt>
      <trkpt lat="37.65967" lon="-112.43103"><ele>0.0</ele></trkpt>
      <trkpt lat="37.65988" lon="-112.43075"><ele>0.0</ele></trkpt>
      <trkpt lat="37.65991" lon="-112.43072"><ele>0.0</ele></trkpt>
      <trkpt lat="37.66022" lon="-112.43033"><ele>0.0</ele></trkpt>
      <trkpt lat="37.66024" lon="-112.4303"><ele>0.0</ele></trkpt>
      <trkpt lat="37.66352" lon="-112.42608"><ele>0.0</ele></trkpt>
      <trkpt lat="37.66354" lon="-112.42606"><ele>0.0</ele></trkpt>
      <trkpt lat="37.66355" lon="-112.42604"><ele>0.0</ele></trkpt>
      <trkpt lat="37.66364" lon="-112.42591"><ele>0.0</ele></trkpt>
      <trkpt lat="37.6638" lon="-112.42571"><ele>0.0</ele></trkpt>
      <trkpt lat="37.66435" lon="-112.42496"><ele>0.0</ele></trkpt>
      <trkpt lat="37.66498" lon="-112.42403"><ele>0.0</ele></trkpt>
      <trkpt lat="37.66509" lon="-112.42385"><ele>0.0</ele></trkpt>
      <trkpt lat="37.66519" lon="-112.42371"><ele>0.0</ele></trkpt>
      <trkpt lat="37.66607" lon="-112.42228"><ele>0.0</ele></trkpt>
      <trkpt lat="37.66617" lon="-112.42209"><ele>0.0</ele></trkpt>
      <trkpt lat="37.66642" lon="-112.42167"><ele>0.0</ele></trkpt>
      <trkpt lat="37.66681" lon="-112.42094"><ele>0.0</ele></trkpt>
      <trkpt lat="37.6669" lon="-112.42079"><ele>0.0</ele></trkpt>
      <trkpt lat="37.667" lon="-112.4206"><ele>0.0</ele></trkpt>
      <trkpt lat="37.66701" lon="-112.42057"><ele>0.0</ele></trkpt>
      <trkpt lat="37.66702" lon="-112.42056"><ele>0.0</ele></trkpt>
      <trkpt lat="37.66738" lon="-112.41983"><ele>0.0</ele></trkpt>
      <trkpt lat="37.66743" lon="-112.41975"><ele>0.0</ele></trkpt>
      <trkpt lat="37.66801" lon="-112.41852"><ele>0.0</ele></trkpt>
      <trkpt lat="37.66889" lon="-112.41647"><ele>0.0</ele></trkpt>
      <trkpt lat="37.67097" lon="-112.4114"><ele>0.0</ele></trkpt>
      <trkpt lat="37.67101" lon="-112.41132"><ele>0.0</ele></trkpt>
      <trkpt lat="37.67303" lon="-112.40644"><ele>0.0</ele></trkpt>
      <trkpt lat="37.67308" lon="-112.4063"><ele>0.0</ele></trkpt>
      <trkpt lat="37.67342" lon="-112.40548"><ele>0.0</ele></trkpt>
      <trkpt lat="37.67368" lon="-112.40492"><ele>0.0</ele></trkpt>
      <trkpt lat="37.67369" lon="-112.40491"><ele>0.0</ele></trkpt>
      <trkpt lat="37.67406" lon="-112.40419"><ele>0.0</ele></trkpt>
      <trkpt lat="37.67412" lon="-112.4041"><ele>0.0</ele></trkpt>
      <trkpt lat="37.67415" lon="-112.40403"><ele>0.0</ele></trkpt>
      <trkpt lat="37.67434" lon="-112.40371"><ele>0.0</ele></trkpt>
      <trkpt lat="37.67474" lon="-112.40316"><ele>0.0</ele></trkpt>
      <trkpt lat="37.67482" lon="-112.40307"><ele>0.0</ele></trkpt>
      <trkpt lat="37.67484" lon="-112.40304"><ele>0.0</ele></trkpt>
      <trkpt lat="37.67494" lon="-112.40292"><ele>0.0</ele></trkpt>
      <trkpt lat="37.67494" lon="-112.40291"><ele>0.0</ele></trkpt>
      <trkpt lat="37.67554" lon="-112.40225"><ele>0.0</ele></trkpt>
      <trkpt lat="37.6759" lon="-112.40192"><ele>0.0</ele></trkpt>
      <trkpt lat="37.67599" lon="-112.40185"><ele>0.0</ele></trkpt>
      <trkpt lat="37.67608" lon="-112.40177"><ele>0.0</ele></trkpt>
      <trkpt lat="37.67652" lon="-112.40143"><ele>0.0</ele></trkpt>
      <trkpt lat="37.67653" lon="-112.40143"><ele>0.0</ele></trkpt>
      <trkpt lat="37.67659" lon="-112.40138"><ele>0.0</ele></trkpt>
      <trkpt lat="37.67688" lon="-112.40118"><ele>0.0</ele></trkpt>
      <trkpt lat="37.67912" lon="-112.39981"><ele>0.0</ele></trkpt>
      <trkpt lat="37.67933" lon="-112.39969"><ele>0.0</ele></trkpt>
      <trkpt lat="37.67974" lon="-112.39943"><ele>0.0</ele></trkpt>
      <trkpt lat="37.67992" lon="-112.39933"><ele>0.0</ele></trkpt>
      <trkpt lat="37.68035" lon="-112.39913"><ele>0.0</ele></trkpt>
      <trkpt lat="37.68051" lon="-112.39907"><ele>0.0</ele></trkpt>
      <trkpt lat="37.68098" lon="-112.39892"><ele>0.0</ele></trkpt>
      <trkpt lat="37.6812" lon="-112.39888"><ele>0.0</ele></trkpt>
      <trkpt lat="37.68131" lon="-112.39885"><ele>0.0</ele></trkpt>
      <trkpt lat="37.68176" lon="-112.39881"><ele>0.0</ele></trkpt>
      <trkpt lat="37.68227" lon="-112.39881"><ele>0.0</ele></trkpt>
      <trkpt lat="37.68251" lon="-112.39883"><ele>0.0</ele></trkpt>
      <trkpt lat="37.68273" lon="-112.39886"><ele>0.0</ele></trkpt>
      <trkpt lat="37.68304" lon="-112.39893"><ele>0.0</ele></trkpt>
      <trkpt lat="37.68322" lon="-112.39898"><ele>0.0</ele></trkpt>
      <trkpt lat="37.68348" lon="-112.39907"><ele>0.0</ele></trkpt>
      <trkpt lat="37.68368" lon="-112.39915"><ele>0.0</ele></trkpt>
      <trkpt lat="37.68369" lon="-112.39915"><ele>0.0</ele></trkpt>
      <trkpt lat="37.68387" lon="-112.39923"><ele>0.0</ele></trkpt>
      <trkpt lat="37.68807" lon="-112.40143"><ele>0.0</ele></trkpt>
      <trkpt lat="37.68826" lon="-112.40152"><ele>0.0</ele></trkpt>
      <trkpt lat="37.68851" lon="-112.40166"><ele>0.0</ele></trkpt>
      <trkpt lat="37.68901" lon="-112.40191"><ele>0.0</ele></trkpt>
      <trkpt lat="37.68918" lon="-112.40198"><ele>0.0</ele></trkpt>
      <trkpt lat="37.68924" lon="-112.40201"><ele>0.0</ele></trkpt>
      <trkpt lat="37.68967" lon="-112.40217"><ele>0.0</ele></trkpt>
      <trkpt lat="37.6903" lon="-112.40235"><ele>0.0</ele></trkpt>
      <trkpt lat="37.69072" lon="-112.40242"><ele>0.0</ele></trkpt>
      <trkpt lat="37.6911" lon="-112.40247"><ele>0.0</ele></trkpt>
      <trkpt lat="37.69144" lon="-112.4025"><ele>0.0</ele></trkpt>
      <trkpt lat="37.69194" lon="-112.4025"><ele>0.0</ele></trkpt>
      <trkpt lat="37.69218" lon="-112.40249"><ele>0.0</ele></trkpt>
      <trkpt lat="37.69264" lon="-112.40244"><ele>0.0</ele></trkpt>
      <trkpt lat="37.69297" lon="-112.40238"><ele>0.0</ele></trkpt>
      <trkpt lat="37.69352" lon="-112.40224"><ele>0.0</ele></trkpt>
      <trkpt lat="37.69396" lon="-112.40209"><ele>0.0</ele></trkpt>
      <trkpt lat="37.69437" lon="-112.40192"><ele>0.0</ele></trkpt>
      <trkpt lat="37.69569" lon="-112.40128"><ele>0.0</ele></trkpt>
      <trkpt lat="37.69625" lon="-112.40098"><ele>0.0</ele></trkpt>
      <trkpt lat="37.6963" lon="-112.40096"><ele>0.0</ele></trkpt>
      <trkpt lat="37.69675" lon="-112.40071"><ele>0.0</ele></trkpt>
      <trkpt lat="37.69678" lon="-112.4007"><ele>0.0</ele></trkpt>
      <trkpt lat="37.69682" lon="-112.40067"><ele>0.0</ele></trkpt>
      <trkpt lat="37.69684" lon="-112.40067"><ele>0.0</ele></trkpt>
      <trkpt lat="37.69756" lon="-112.40024"><ele>0.0</ele></trkpt>
      <trkpt lat="37.69764" lon="-112.4002"><ele>0.0</ele></trkpt>
      <trkpt lat="37.69858" lon="-112.39961"><ele>0.0</ele></trkpt>
      <trkpt lat="37.6992" lon="-112.39919"><ele>0.0</ele></trkpt>
      <trkpt lat="37.69924" lon="-112.39917"><ele>0.0</ele></trkpt>
      <trkpt lat="37.69933" lon="-112.39911"><ele>0.0</ele></trkpt>
      <trkpt lat="37.69934" lon="-112.3991"><ele>0.0</ele></trkpt>
      <trkpt lat="37.69999" lon="-112.39865"><ele>0.0</ele></trkpt>
      <trkpt lat="37.70026" lon="-112.39845"><ele>0.0</ele></trkpt>
      <trkpt lat="37.70048" lon="-112.3983"><ele>0.0</ele></trkpt>
      <trkpt lat="37.70058" lon="-112.39822"><ele>0.0</ele></trkpt>
      <trkpt lat="37.70061" lon="-112.39819"><ele>0.0</ele></trkpt>
      <trkpt lat="37.70065" lon="-112.39817"><ele>0.0</ele></trkpt>
      <trkpt lat="37.70135" lon="-112.39763"><ele>0.0</ele></trkpt>
      <trkpt lat="37.70165" lon="-112.39738"><ele>0.0</ele></trkpt>
      <trkpt lat="37.70181" lon="-112.39726"><ele>0.0</ele></trkpt>
      <trkpt lat="37.70189" lon="-112.39719"><ele>0.0</ele></trkpt>
      <trkpt lat="37.70196" lon="-112.39714"><ele>0.0</ele></trkpt>
      <trkpt lat="37.70225" lon="-112.39689"><ele>0.0</ele></trkpt>
      <trkpt lat="37.70363" lon="-112.3958"><ele>0.0</ele></trkpt>
      <trkpt lat="37.70367" lon="-112.39576"><ele>0.0</ele></trkpt>
      <trkpt lat="37.70822" lon="-112.39208"><ele>0.0</ele></trkpt>
      <trkpt lat="37.70864" lon="-112.39176"><ele>0.0</ele></trkpt>
      <trkpt lat="37.7105" lon="-112.39024"><ele>0.0</ele></trkpt>
      <trkpt lat="37.71107" lon="-112.38981"><ele>0.0</ele></trkpt>
      <trkpt lat="37.71153" lon="-112.3895"><ele>0.0</ele></trkpt>
      <trkpt lat="37.71188" lon="-112.38929"><ele>0.0</ele></trkpt>
      <trkpt lat="37.71215" lon="-112.38914"><ele>0.0</ele></trkpt>
      <trkpt lat="37.71326" lon="-112.38859"><ele>0.0</ele></trkpt>
      <trkpt lat="37.72287" lon="-112.38408"><ele>0.0</ele></trkpt>
      <trkpt lat="37.72321" lon="-112.38393"><ele>0.0</ele></trkpt>
      <trkpt lat="37.72371" lon="-112.38368"><ele>0.0</ele></trkpt>
      <trkpt lat="37.72383" lon="-112.38363"><ele>0.0</ele></trkpt>
      <trkpt lat="37.7284" lon="-112.38148"><ele>0.0</ele></trkpt>
      <trkpt lat="37.72855" lon="-112.3814"><ele>0.0</ele></trkpt>
      <trkpt lat="37.72969" lon="-112.38087"><ele>0.0</ele></trkpt>
      <trkpt lat="37.73" lon="-112.38074"><ele>0.0</ele></trkpt>
      <trkpt lat="37.73019" lon="-112.38065"><ele>0.0</ele></trkpt>
      <trkpt lat="37.73115" lon="-112.3803"><ele>0.0</ele></trkpt>
      <trkpt lat="37.73189" lon="-112.38008"><ele>0.0</ele></trkpt>
      <trkpt lat="37.73267" lon="-112.3799"><ele>0.0</ele></trkpt>
      <trkpt lat="37.73345" lon="-112.37977"><ele>0.0</ele></trkpt>
      <trkpt lat="37.73361" lon="-112.37976"><ele>0.0</ele></trkpt>
      <trkpt lat="37.73379" lon="-112.37974"><ele>0.0</ele></trkpt>
      <trkpt lat="37.73483" lon="-112.37968"><ele>0.0</ele></trkpt>
      <trkpt lat="37.73533" lon="-112.37967"><ele>0.0</ele></trkpt>
      <trkpt lat="37.73804" lon="-112.37969"><ele>0.0</ele></trkpt>
      <trkpt lat="37.73813" lon="-112.3797"><ele>0.0</ele></trkpt>
      <trkpt lat="37.73957" lon="-112.3797"><ele>0.0</ele></trkpt>
      <trkpt lat="37.73964" lon="-112.37969"><ele>0.0</ele></trkpt>
      <trkpt lat="37.73968" lon="-112.3797"><ele>0.0</ele></trkpt>
      <trkpt lat="37.74047" lon="-112.3797"><ele>0.0</ele></trkpt>
      <trkpt lat="37.74049" lon="-112.37971"><ele>0.0</ele></trkpt>
      <trkpt lat="37.74051" lon="-112.37971"><ele>0.0</ele></trkpt>
      <trkpt lat="37.74056" lon="-112.3797"><ele>0.0</ele></trkpt>
      <trkpt lat="37.74066" lon="-112.37972"><ele>0.0</ele></trkpt>
      <trkpt lat="37.74088" lon="-112.37971"><ele>0.0</ele></trkpt>
      <trkpt lat="37.74099" lon="-112.37968"><ele>0.0</ele></trkpt>
      <trkpt lat="37.74174" lon="-112.37968"><ele>0.0</ele></trkpt>
      <trkpt lat="37.74203" lon="-112.37969"><ele>0.0</ele></trkpt>
      <trkpt lat="37.74252" lon="-112.37969"><ele>0.0</ele></trkpt>
      <trkpt lat="37.74317" lon="-112.37963"><ele>0.0</ele></trkpt>
      <trkpt lat="37.74374" lon="-112.37953"><ele>0.0</ele></trkpt>
      <trkpt lat="37.74417" lon="-112.37944"><ele>0.0</ele></trkpt>
      <trkpt lat="37.74478" lon="-112.37926"><ele>0.0</ele></trkpt>
      <trkpt lat="37.74589" lon="-112.3788"><ele>0.0</ele></trkpt>
      <trkpt lat="37.74603" lon="-112.37873"><ele>0.0</ele></trkpt>
      <trkpt lat="37.74606" lon="-112.37871"><ele>0.0</ele></trkpt>
      <trkpt lat="37.74639" lon="-112.37855"><ele>0.0</ele></trkpt>
      <trkpt lat="37.74665" lon="-112.37841"><ele>0.0</ele></trkpt>
      <trkpt lat="37.74673" lon="-112.37835"><ele>0.0</ele></trkpt>
      <trkpt lat="37.74685" lon="-112.37828"><ele>0.0</ele></trkpt>
      <trkpt lat="37.74704" lon="-112.37815"><ele>0.0</ele></trkpt>
      <trkpt lat="37.74814" lon="-112.37747"><ele>0.0</ele></trkpt>
      <trkpt lat="37.74881" lon="-112.37716"><ele>0.0</ele></trkpt>
      <trkpt lat="37.74894" lon="-112.377"><ele>0.0</ele></trkpt>
      <trkpt lat="37.74897" lon="-112.37697"><ele>0.0</ele></trkpt>
      <trkpt lat="37.74898" lon="-112.37697"><ele>0.0</ele></trkpt>
      <trkpt lat="37.74903" lon="-112.37695"><ele>0.0</ele></trkpt>
      <trkpt lat="37.74936" lon="-112.37686"><ele>0.0</ele></trkpt>
      <trkpt lat="37.74947" lon="-112.37682"><ele>0.0</ele></trkpt>
      <trkpt lat="37.7495" lon="-112.37679"><ele>0.0</ele></trkpt>
      <trkpt lat="37.74954" lon="-112.37673"><ele>0.0</ele></trkpt>
      <trkpt lat="37.74956" lon="-112.37666"><ele>0.0</ele></trkpt>
      <trkpt lat="37.74956" lon="-112.37655"><ele>0.0</ele></trkpt>
      <trkpt lat="37.74955" lon="-112.37645"><ele>0.0</ele></trkpt>
      <trkpt lat="37.74955" lon="-112.37622"><ele>0.0</ele></trkpt>
      <trkpt lat="37.74959" lon="-112.37599"><ele>0.0</ele></trkpt>
      <trkpt lat="37.7495" lon="-112.37483"><ele>0.0</ele></trkpt>
      <trkpt lat="37.74929" lon="-112.37115"><ele>0.0</ele></trkpt>
      <trkpt lat="37.74928" lon="-112.3711"><ele>0.0</ele></trkpt>
      <trkpt lat="37.7492" lon="-112.3702"><ele>0.0</ele></trkpt>
      <trkpt lat="37.74915" lon="-112.36922"><ele>0.0</ele></trkpt>
      <trkpt lat="37.74893" lon="-112.36604"><ele>0.0</ele></trkpt>
      <trkpt lat="37.74882" lon="-112.36486"><ele>0.0</ele></trkpt>
      <trkpt lat="37.74872" lon="-112.36333"><ele>0.0</ele></trkpt>
      <trkpt lat="37.74869" lon="-112.36307"><ele>0.0</ele></trkpt>
      <trkpt lat="37.74868" lon="-112.36251"><ele>0.0</ele></trkpt>
      <trkpt lat="37.74852" lon="-112.3602"><ele>0.0</ele></trkpt>
      <trkpt lat="37.74848" lon="-112.35985"><ele>0.0</ele></trkpt>
      <trkpt lat="37.74503" lon="-112.34175"><ele>0.0</ele></trkpt>
      <trkpt lat="37.74502" lon="-112.34166"><ele>0.0</ele></trkpt>
      <trkpt lat="37.74484" lon="-112.34072"><ele>0.0</ele></trkpt>
      <trkpt lat="37.74469" lon="-112.34009"><ele>0.0</ele></trkpt>
      <trkpt lat="37.744" lon="-112.33756"><ele>0.0</ele></trkpt>
      <trkpt lat="37.74399" lon="-112.33754"><ele>0.0</ele></trkpt>
      <trkpt lat="37.74347" lon="-112.33563"><ele>0.0</ele></trkpt>
      <trkpt lat="37.74347" lon="-112.33562"><ele>0.0</ele></trkpt>
      <trkpt lat="37.74346" lon="-112.33561"><ele>0.0</ele></trkpt>
      <trkpt lat="37.74339" lon="-112.33532"><ele>0.0</ele></trkpt>
      <trkpt lat="37.74332" lon="-112.33493"><ele>0.0</ele></trkpt>
      <trkpt lat="37.7433" lon="-112.33477"><ele>0.0</ele></trkpt>
      <trkpt lat="37.74327" lon="-112.33429"><ele>0.0</ele></trkpt>
      <trkpt lat="37.74327" lon="-112.33383"><ele>0.0</ele></trkpt>
      <trkpt lat="37.74328" lon="-112.3338"><ele>0.0</ele></trkpt>
      <trkpt lat="37.74328" lon="-112.33367"><ele>0.0</ele></trkpt>
      <trkpt lat="37.74332" lon="-112.33327"><ele>0.0</ele></trkpt>
      <trkpt lat="37.74343" lon="-112.33262"><ele>0.0</ele></trkpt>
      <trkpt lat="37.74346" lon="-112.33249"><ele>0.0</ele></trkpt>
      <trkpt lat="37.74348" lon="-112.33232"><ele>0.0</ele></trkpt>
      <trkpt lat="37.7435" lon="-112.33223"><ele>0.0</ele></trkpt>
      <trkpt lat="37.7435" lon="-112.33221"><ele>0.0</ele></trkpt>
      <trkpt lat="37.74372" lon="-112.33106"><ele>0.0</ele></trkpt>
      <trkpt lat="37.74373" lon="-112.33103"><ele>0.0</ele></trkpt>
      <trkpt lat="37.74403" lon="-112.32952"><ele>0.0</ele></trkpt>
      <trkpt lat="37.74416" lon="-112.32879"><ele>0.0</ele></trkpt>
      <trkpt lat="37.74419" lon="-112.32868"><ele>0.0</ele></trkpt>
      <trkpt lat="37.74423" lon="-112.32846"><ele>0.0</ele></trkpt>
      <trkpt lat="37.74429" lon="-112.32822"><ele>0.0</ele></trkpt>
      <trkpt lat="37.74432" lon="-112.32813"><ele>0.0</ele></trkpt>
      <trkpt lat="37.74433" lon="-112.32808"><ele>0.0</ele></trkpt>
      <trkpt lat="37.74439" lon="-112.32792"><ele>0.0</ele></trkpt>
      <trkpt lat="37.74445" lon="-112.3278"><ele>0.0</ele></trkpt>
      <trkpt lat="37.74447" lon="-112.32774"><ele>0.0</ele></trkpt>
      <trkpt lat="37.74458" lon="-112.32756"><ele>0.0</ele></trkpt>
      <trkpt lat="37.7446" lon="-112.32754"><ele>0.0</ele></trkpt>
      <trkpt lat="37.74464" lon="-112.32747"><ele>0.0</ele></trkpt>
      <trkpt lat="37.74477" lon="-112.32732"><ele>0.0</ele></trkpt>
      <trkpt lat="37.74487" lon="-112.32722"><ele>0.0</ele></trkpt>
      <trkpt lat="37.74496" lon="-112.32714"><ele>0.0</ele></trkpt>
      <trkpt lat="37.74507" lon="-112.32706"><ele>0.0</ele></trkpt>
      <trkpt lat="37.74532" lon="-112.32685"><ele>0.0</ele></trkpt>
      <trkpt lat="37.74567" lon="-112.32658"><ele>0.0</ele></trkpt>
      <trkpt lat="37.74586" lon="-112.32642"><ele>0.0</ele></trkpt>
      <trkpt lat="37.74592" lon="-112.32638"><ele>0.0</ele></trkpt>
      <trkpt lat="37.74597" lon="-112.32632"><ele>0.0</ele></trkpt>
      <trkpt lat="37.74611" lon="-112.32618"><ele>0.0</ele></trkpt>
      <trkpt lat="37.74624" lon="-112.32603"><ele>0.0</ele></trkpt>
      <trkpt lat="37.74628" lon="-112.32597"><ele>0.0</ele></trkpt>
      <trkpt lat="37.74641" lon="-112.32582"><ele>0.0</ele></trkpt>
      <trkpt lat="37.74654" lon="-112.32562"><ele>0.0</ele></trkpt>
      <trkpt lat="37.7466" lon="-112.32554"><ele>0.0</ele></trkpt>
      <trkpt lat="37.74667" lon="-112.32543"><ele>0.0</ele></trkpt>
      <trkpt lat="37.74682" lon="-112.32516"><ele>0.0</ele></trkpt>
      <trkpt lat="37.74697" lon="-112.32486"><ele>0.0</ele></trkpt>
      <trkpt lat="37.747" lon="-112.32479"><ele>0.0</ele></trkpt>
      <trkpt lat="37.74704" lon="-112.32472"><ele>0.0</ele></trkpt>
      <trkpt lat="37.74709" lon="-112.32458"><ele>0.0</ele></trkpt>
      <trkpt lat="37.74714" lon="-112.32446"><ele>0.0</ele></trkpt>
      <trkpt lat="37.74717" lon="-112.32437"><ele>0.0</ele></trkpt>
      <trkpt lat="37.74722" lon="-112.32418"><ele>0.0</ele></trkpt>
      <trkpt lat="37.74727" lon="-112.32402"><ele>0.0</ele></trkpt>
      <trkpt lat="37.74728" lon="-112.32393"><ele>0.0</ele></trkpt>
      <trkpt lat="37.74729" lon="-112.3239"><ele>0.0</ele></trkpt>
      <trkpt lat="37.74732" lon="-112.32373"><ele>0.0</ele></trkpt>
      <trkpt lat="37.74734" lon="-112.32344"><ele>0.0</ele></trkpt>
      <trkpt lat="37.74734" lon="-112.32319"><ele>0.0</ele></trkpt>
      <trkpt lat="37.74731" lon="-112.32279"><ele>0.0</ele></trkpt>
      <trkpt lat="37.74729" lon="-112.32265"><ele>0.0</ele></trkpt>
      <trkpt lat="37.74722" lon="-112.32234"><ele>0.0</ele></trkpt>
      <trkpt lat="37.74716" lon="-112.32215"><ele>0.0</ele></trkpt>
      <trkpt lat="37.74706" lon="-112.32188"><ele>0.0</ele></trkpt>
      <trkpt lat="37.74697" lon="-112.3217"><ele>0.0</ele></trkpt>
      <trkpt lat="37.74691" lon="-112.3216"><ele>0.0</ele></trkpt>
      <trkpt lat="37.74689" lon="-112.32156"><ele>0.0</ele></trkpt>
      <trkpt lat="37.74679" lon="-112.3214"><ele>0.0</ele></trkpt>
      <trkpt lat="37.74649" lon="-112.32097"><ele>0.0</ele></trkpt>
      <trkpt lat="37.74616" lon="-112.32053"><ele>0.0</ele></trkpt>
      <trkpt lat="37.74571" lon="-112.31986"><ele>0.0</ele></trkpt>
      <trkpt lat="37.74546" lon="-112.31944"><ele>0.0</ele></trkpt>
      <trkpt lat="37.74501" lon="-112.3185"><ele>0.0</ele></trkpt>
      <trkpt lat="37.74477" lon="-112.31789"><ele>0.0</ele></trkpt>
      <trkpt lat="37.74462" lon="-112.31744"><ele>0.0</ele></trkpt>
      <trkpt lat="37.74447" lon="-112.31687"><ele>0.0</ele></trkpt>
      <trkpt lat="37.74438" lon="-112.31637"><ele>0.0</ele></trkpt>
      <trkpt lat="37.74435" lon="-112.31607"><ele>0.0</ele></trkpt>
      <trkpt lat="37.74433" lon="-112.31562"><ele>0.0</ele></trkpt>
      <trkpt lat="37.74433" lon="-112.31545"><ele>0.0</ele></trkpt>
      <trkpt lat="37.74437" lon="-112.31481"><ele>0.0</ele></trkpt>
      <trkpt lat="37.74446" lon="-112.31424"><ele>0.0</ele></trkpt>
      <trkpt lat="37.74469" lon="-112.31322"><ele>0.0</ele></trkpt>
      <trkpt lat="37.74473" lon="-112.313"><ele>0.0</ele></trkpt>
      <trkpt lat="37.74474" lon="-112.31291"><ele>0.0</ele></trkpt>
      <trkpt lat="37.74474" lon="-112.31283"><ele>0.0</ele></trkpt>
      <trkpt lat="37.74475" lon="-112.31272"><ele>0.0</ele></trkpt>
      <trkpt lat="37.74475" lon="-112.31261"><ele>0.0</ele></trkpt>
      <trkpt lat="37.74472" lon="-112.31231"><ele>0.0</ele></trkpt>
      <trkpt lat="37.74468" lon="-112.31206"><ele>0.0</ele></trkpt>
      <trkpt lat="37.74467" lon="-112.31203"><ele>0.0</ele></trkpt>
      <trkpt lat="37.74466" lon="-112.31196"><ele>0.0</ele></trkpt>
      <trkpt lat="37.74454" lon="-112.31158"><ele>0.0</ele></trkpt>
      <trkpt lat="37.74421" lon="-112.31075"><ele>0.0</ele></trkpt>
      <trkpt lat="37.74407" lon="-112.31036"><ele>0.0</ele></trkpt>
      <trkpt lat="37.74403" lon="-112.31022"><ele>0.0</ele></trkpt>
      <trkpt lat="37.74394" lon="-112.30995"><ele>0.0</ele></trkpt>
      <trkpt lat="37.74393" lon="-112.30991"><ele>0.0</ele></trkpt>
      <trkpt lat="37.74391" lon="-112.30977"><ele>0.0</ele></trkpt>
      <trkpt lat="37.74388" lon="-112.30943"><ele>0.0</ele></trkpt>
      <trkpt lat="37.74388" lon="-112.3092"><ele>0.0</ele></trkpt>
      <trkpt lat="37.7439" lon="-112.3089"><ele>0.0</ele></trkpt>
      <trkpt lat="37.74396" lon="-112.30852"><ele>0.0</ele></trkpt>
      <trkpt lat="37.744" lon="-112.30838"><ele>0.0</ele></trkpt>
      <trkpt lat="37.74403" lon="-112.30825"><ele>0.0</ele></trkpt>
      <trkpt lat="37.74413" lon="-112.30794"><ele>0.0</ele></trkpt>
      <trkpt lat="37.74418" lon="-112.30781"><ele>0.0</ele></trkpt>
      <trkpt lat="37.7444" lon="-112.30716"><ele>0.0</ele></trkpt>
      <trkpt lat="37.74441" lon="-112.30712"><ele>0.0</ele></trkpt>
      <trkpt lat="37.74441" lon="-112.30711"><ele>0.0</ele></trkpt>
      <trkpt lat="37.74445" lon="-112.30696"><ele>0.0</ele></trkpt>
      <trkpt lat="37.74446" lon="-112.30687"><ele>0.0</ele></trkpt>
      <trkpt lat="37.7445" lon="-112.30666"><ele>0.0</ele></trkpt>
      <trkpt lat="37.7445" lon="-112.30657"><ele>0.0</ele></trkpt>
      <trkpt lat="37.74451" lon="-112.30645"><ele>0.0</ele></trkpt>
      <trkpt lat="37.74451" lon="-112.30633"><ele>0.0</ele></trkpt>
      <trkpt lat="37.74452" lon="-112.30617"><ele>0.0</ele></trkpt>
      <trkpt lat="37.74451" lon="-112.30604"><ele>0.0</ele></trkpt>
      <trkpt lat="37.74451" lon="-112.30592"><ele>0.0</ele></trkpt>
      <trkpt lat="37.74449" lon="-112.30577"><ele>0.0</ele></trkpt>
      <trkpt lat="37.74448" lon="-112.30558"><ele>0.0</ele></trkpt>
      <trkpt lat="37.74445" lon="-112.30531"><ele>0.0</ele></trkpt>
      <trkpt lat="37.74443" lon="-112.3049"><ele>0.0</ele></trkpt>
      <trkpt lat="37.74443" lon="-112.30461"><ele>0.0</ele></trkpt>
      <trkpt lat="37.74444" lon="-112.30448"><ele>0.0</ele></trkpt>
      <trkpt lat="37.74446" lon="-112.30435"><ele>0.0</ele></trkpt>
      <trkpt lat="37.74447" lon="-112.30424"><ele>0.0</ele></trkpt>
      <trkpt lat="37.74456" lon="-112.30375"><ele>0.0</ele></trkpt>
      <trkpt lat="37.74462" lon="-112.30348"><ele>0.0</ele></trkpt>
      <trkpt lat="37.74471" lon="-112.30292"><ele>0.0</ele></trkpt>
      <trkpt lat="37.74471" lon="-112.30284"><ele>0.0</ele></trkpt>
      <trkpt lat="37.74472" lon="-112.30276"><ele>0.0</ele></trkpt>
      <trkpt lat="37.74472" lon="-112.30258"><ele>0.0</ele></trkpt>
      <trkpt lat="37.74471" lon="-112.30252"><ele>0.0</ele></trkpt>
      <trkpt lat="37.74471" lon="-112.30243"><ele>0.0</ele></trkpt>
      <trkpt lat="37.7447" lon="-112.30236"><ele>0.0</ele></trkpt>
      <trkpt lat="37.74468" lon="-112.30229"><ele>0.0</ele></trkpt>
      <trkpt lat="37.74466" lon="-112.30215"><ele>0.0</ele></trkpt>
      <trkpt lat="37.74458" lon="-112.30188"><ele>0.0</ele></trkpt>
      <trkpt lat="37.74449" lon="-112.30167"><ele>0.0</ele></trkpt>
      <trkpt lat="37.74438" lon="-112.30146"><ele>0.0</ele></trkpt>
      <trkpt lat="37.74431" lon="-112.30136"><ele>0.0</ele></trkpt>
      <trkpt lat="37.74417" lon="-112.3012"><ele>0.0</ele></trkpt>
      <trkpt lat="37.74411" lon="-112.30114"><ele>0.0</ele></trkpt>
      <trkpt lat="37.74392" lon="-112.30102"><ele>0.0</ele></trkpt>
      <trkpt lat="37.74374" lon="-112.30092"><ele>0.0</ele></trkpt>
      <trkpt lat="37.74367" lon="-112.3009"><ele>0.0</ele></trkpt>
      <trkpt lat="37.74363" lon="-112.30088"><ele>0.0</ele></trkpt>
      <trkpt lat="37.74345" lon="-112.30084"><ele>0.0</ele></trkpt>
      <trkpt lat="37.7431" lon="-112.30079"><ele>0.0</ele></trkpt>
      <trkpt lat="37.74276" lon="-112.30073"><ele>0.0</ele></trkpt>
      <trkpt lat="37.74272" lon="-112.30073"><ele>0.0</ele></trkpt>
      <trkpt lat="37.74262" lon="-112.3007"><ele>0.0</ele></trkpt>
      <trkpt lat="37.74252" lon="-112.30068"><ele>0.0</ele></trkpt>
      <trkpt lat="37.74241" lon="-112.30064"><ele>0.0</ele></trkpt>
      <trkpt lat="37.74239" lon="-112.30063"><ele>0.0</ele></trkpt>
      <trkpt lat="37.74233" lon="-112.30061"><ele>0.0</ele></trkpt>
      <trkpt lat="37.74222" lon="-112.30056"><ele>0.0</ele></trkpt>
      <trkpt lat="37.74219" lon="-112.30055"><ele>0.0</ele></trkpt>
      <trkpt lat="37.74212" lon="-112.30051"><ele>0.0</ele></trkpt>
      <trkpt lat="37.74201" lon="-112.30046"><ele>0.0</ele></trkpt>
      <trkpt lat="37.74166" lon="-112.30023"><ele>0.0</ele></trkpt>
      <trkpt lat="37.74147" lon="-112.30007"><ele>0.0</ele></trkpt>
      <trkpt lat="37.74127" lon="-112.29987"><ele>0.0</ele></trkpt>
      <trkpt lat="37.74105" lon="-112.2996"><ele>0.0</ele></trkpt>
      <trkpt lat="37.74091" lon="-112.29937"><ele>0.0</ele></trkpt>
      <trkpt lat="37.7409" lon="-112.29936"><ele>0.0</ele></trkpt>
      <trkpt lat="37.74082" lon="-112.29921"><ele>0.0</ele></trkpt>
      <trkpt lat="37.74075" lon="-112.29906"><ele>0.0</ele></trkpt>
      <trkpt lat="37.74064" lon="-112.29877"><ele>0.0</ele></trkpt>
      <trkpt lat="37.74063" lon="-112.29873"><ele>0.0</ele></trkpt>
      <trkpt lat="37.74057" lon="-112.29856"><ele>0.0</ele></trkpt>
      <trkpt lat="37.74051" lon="-112.2983"><ele>0.0</ele></trkpt>
      <trkpt lat="37.74045" lon="-112.29798"><ele>0.0</ele></trkpt>
      <trkpt lat="37.74044" lon="-112.29784"><ele>0.0</ele></trkpt>
      <trkpt lat="37.74042" lon="-112.29769"><ele>0.0</ele></trkpt>
      <trkpt lat="37.74042" lon="-112.29765"><ele>0.0</ele></trkpt>
      <trkpt lat="37.74038" lon="-112.2973"><ele>0.0</ele></trkpt>
      <trkpt lat="37.74031" lon="-112.2969"><ele>0.0</ele></trkpt>
      <trkpt lat="37.74024" lon="-112.29664"><ele>0.0</ele></trkpt>
      <trkpt lat="37.74018" lon="-112.29649"><ele>0.0</ele></trkpt>
      <trkpt lat="37.74014" lon="-112.29642"><ele>0.0</ele></trkpt>
      <trkpt lat="37.74012" lon="-112.29637"><ele>0.0</ele></trkpt>
      <trkpt lat="37.74006" lon="-112.29627"><ele>0.0</ele></trkpt>
      <trkpt lat="37.73993" lon="-112.29609"><ele>0.0</ele></trkpt>
      <trkpt lat="37.73988" lon="-112.29604"><ele>0.0</ele></trkpt>
      <trkpt lat="37.73983" lon="-112.29597"><ele>0.0</ele></trkpt>
      <trkpt lat="37.73927" lon="-112.29539"><ele>0.0</ele></trkpt>
      <trkpt lat="37.73911" lon="-112.2952"><ele>0.0</ele></trkpt>
      <trkpt lat="37.73909" lon="-112.29517"><ele>0.0</ele></trkpt>
      <trkpt lat="37.739" lon="-112.29506"><ele>0.0</ele></trkpt>
      <trkpt lat="37.73892" lon="-112.29494"><ele>0.0</ele></trkpt>
      <trkpt lat="37.73885" lon="-112.29482"><ele>0.0</ele></trkpt>
      <trkpt lat="37.73882" lon="-112.29478"><ele>0.0</ele></trkpt>
      <trkpt lat="37.73881" lon="-112.29475"><ele>0.0</ele></trkpt>
      <trkpt lat="37.73875" lon="-112.29464"><ele>0.0</ele></trkpt>
      <trkpt lat="37.73875" lon="-112.29463"><ele>0.0</ele></trkpt>
      <trkpt lat="37.73872" lon="-112.29458"><ele>0.0</ele></trkpt>
      <trkpt lat="37.73868" lon="-112.29448"><ele>0.0</ele></trkpt>
      <trkpt lat="37.73866" lon="-112.29445"><ele>0.0</ele></trkpt>
      <trkpt lat="37.73866" lon="-112.29444"><ele>0.0</ele></trkpt>
      <trkpt lat="37.73845" lon="-112.29388"><ele>0.0</ele></trkpt>
      <trkpt lat="37.7384" lon="-112.29372"><ele>0.0</ele></trkpt>
      <trkpt lat="37.73836" lon="-112.29362"><ele>0.0</ele></trkpt>
      <trkpt lat="37.73835" lon="-112.29357"><ele>0.0</ele></trkpt>
      <trkpt lat="37.73828" lon="-112.2934"><ele>0.0</ele></trkpt>
      <trkpt lat="37.73825" lon="-112.29331"><ele>0.0</ele></trkpt>
      <trkpt lat="37.73812" lon="-112.29305"><ele>0.0</ele></trkpt>
      <trkpt lat="37.73799" lon="-112.29282"><ele>0.0</ele></trkpt>
      <trkpt lat="37.73795" lon="-112.29276"><ele>0.0</ele></trkpt>
      <trkpt lat="37.73789" lon="-112.29265"><ele>0.0</ele></trkpt>
      <trkpt lat="37.73768" lon="-112.29232"><ele>0.0</ele></trkpt>
      <trkpt lat="37.73767" lon="-112.29229"><ele>0.0</ele></trkpt>
      <trkpt lat="37.73746" lon="-112.29194"><ele>0.0</ele></trkpt>
      <trkpt lat="37.73726" lon="-112.29145"><ele>0.0</ele></trkpt>
      <trkpt lat="37.73718" lon="-112.29119"><ele>0.0</ele></trkpt>
      <trkpt lat="37.7371" lon="-112.29089"><ele>0.0</ele></trkpt>
      <trkpt lat="37.73705" lon="-112.29061"><ele>0.0</ele></trkpt>
      <trkpt lat="37.73691" lon="-112.28936"><ele>0.0</ele></trkpt>
      <trkpt lat="37.73688" lon="-112.28917"><ele>0.0</ele></trkpt>
      <trkpt lat="37.73687" lon="-112.28914"><ele>0.0</ele></trkpt>
      <trkpt lat="37.73684" lon="-112.28894"><ele>0.0</ele></trkpt>
      <trkpt lat="37.73683" lon="-112.28891"><ele>0.0</ele></trkpt>
      <trkpt lat="37.73678" lon="-112.2887"><ele>0.0</ele></trkpt>
      <trkpt lat="37.73677" lon="-112.28864"><ele>0.0</ele></trkpt>
      <trkpt lat="37.73673" lon="-112.28851"><ele>0.0</ele></trkpt>
      <trkpt lat="37.7367" lon="-112.28839"><ele>0.0</ele></trkpt>
      <trkpt lat="37.73661" lon="-112.28812"><ele>0.0</ele></trkpt>
      <trkpt lat="37.73658" lon="-112.28806"><ele>0.0</ele></trkpt>
      <trkpt lat="37.73649" lon="-112.28783"><ele>0.0</ele></trkpt>
      <trkpt lat="37.73642" lon="-112.28768"><ele>0.0</ele></trkpt>
      <trkpt lat="37.73638" lon="-112.28757"><ele>0.0</ele></trkpt>
      <trkpt lat="37.73627" lon="-112.28737"><ele>0.0</ele></trkpt>
      <trkpt lat="37.73592" lon="-112.28678"><ele>0.0</ele></trkpt>
      <trkpt lat="37.73332" lon="-112.28264"><ele>0.0</ele></trkpt>
      <trkpt lat="37.73331" lon="-112.28264"><ele>0.0</ele></trkpt>
      <trkpt lat="37.73294" lon="-112.28204"><ele>0.0</ele></trkpt>
      <trkpt lat="37.73288" lon="-112.28192"><ele>0.0</ele></trkpt>
      <trkpt lat="37.7328" lon="-112.2818"><ele>0.0</ele></trkpt>
      <trkpt lat="37.73275" lon="-112.28169"><ele>0.0</ele></trkpt>
      <trkpt lat="37.7327" lon="-112.2816"><ele>0.0</ele></trkpt>
      <trkpt lat="37.73268" lon="-112.28154"><ele>0.0</ele></trkpt>
      <trkpt lat="37.73253" lon="-112.28119"><ele>0.0</ele></trkpt>
      <trkpt lat="37.73245" lon="-112.28097"><ele>0.0</ele></trkpt>
      <trkpt lat="37.73244" lon="-112.28093"><ele>0.0</ele></trkpt>
      <trkpt lat="37.73238" lon="-112.28077"><ele>0.0</ele></trkpt>
      <trkpt lat="37.73237" lon="-112.28072"><ele>0.0</ele></trkpt>
      <trkpt lat="37.73214" lon="-112.28002"><ele>0.0</ele></trkpt>
      <trkpt lat="37.73208" lon="-112.27986"><ele>0.0</ele></trkpt>
      <trkpt lat="37.7319" lon="-112.27948"><ele>0.0</ele></trkpt>
      <trkpt lat="37.73177" lon="-112.27925"><ele>0.0</ele></trkpt>
      <trkpt lat="37.73169" lon="-112.27913"><ele>0.0</ele></trkpt>
      <trkpt lat="37.73167" lon="-112.27909"><ele>0.0</ele></trkpt>
      <trkpt lat="37.73161" lon="-112.27902"><ele>0.0</ele></trkpt>
      <trkpt lat="37.73154" lon="-112.27892"><ele>0.0</ele></trkpt>
      <trkpt lat="37.73145" lon="-112.27881"><ele>0.0</ele></trkpt>
      <trkpt lat="37.73115" lon="-112.27848"><ele>0.0</ele></trkpt>
      <trkpt lat="37.73099" lon="-112.27832"><ele>0.0</ele></trkpt>
      <trkpt lat="37.73082" lon="-112.27812"><ele>0.0</ele></trkpt>
      <trkpt lat="37.73076" lon="-112.27806"><ele>0.0</ele></trkpt>
      <trkpt lat="37.73058" lon="-112.27784"><ele>0.0</ele></trkpt>
      <trkpt lat="37.73048" lon="-112.2777"><ele>0.0</ele></trkpt>
      <trkpt lat="37.73027" lon="-112.27736"><ele>0.0</ele></trkpt>
      <trkpt lat="37.73011" lon="-112.27705"><ele>0.0</ele></trkpt>
      <trkpt lat="37.73004" lon="-112.27688"><ele>0.0</ele></trkpt>
      <trkpt lat="37.72997" lon="-112.27668"><ele>0.0</ele></trkpt>
      <trkpt lat="37.72991" lon="-112.27648"><ele>0.0</ele></trkpt>
      <trkpt lat="37.7298" lon="-112.27602"><ele>0.0</ele></trkpt>
      <trkpt lat="37.72977" lon="-112.27579"><ele>0.0</ele></trkpt>
      <trkpt lat="37.72973" lon="-112.27528"><ele>0.0</ele></trkpt>
      <trkpt lat="37.72968" lon="-112.27433"><ele>0.0</ele></trkpt>
      <trkpt lat="37.72968" lon="-112.27421"><ele>0.0</ele></trkpt>
      <trkpt lat="37.72964" lon="-112.27388"><ele>0.0</ele></trkpt>
      <trkpt lat="37.72962" lon="-112.27377"><ele>0.0</ele></trkpt>
      <trkpt lat="37.72961" lon="-112.27366"><ele>0.0</ele></trkpt>
      <trkpt lat="37.72946" lon="-112.27309"><ele>0.0</ele></trkpt>
      <trkpt lat="37.72925" lon="-112.27254"><ele>0.0</ele></trkpt>
      <trkpt lat="37.72898" lon="-112.27201"><ele>0.0</ele></trkpt>
      <trkpt lat="37.72872" lon="-112.27163"><ele>0.0</ele></trkpt>
      <trkpt lat="37.72859" lon="-112.27147"><ele>0.0</ele></trkpt>
      <trkpt lat="37.72833" lon="-112.27118"><ele>0.0</ele></trkpt>
      <trkpt lat="37.72717" lon="-112.27022"><ele>0.0</ele></trkpt>
      <trkpt lat="37.72686" lon="-112.26994"><ele>0.0</ele></trkpt>
      <trkpt lat="37.72683" lon="-112.2699"><ele>0.0</ele></trkpt>
      <trkpt lat="37.72675" lon="-112.26982"><ele>0.0</ele></trkpt>
      <trkpt lat="37.72669" lon="-112.26975"><ele>0.0</ele></trkpt>
      <trkpt lat="37.72646" lon="-112.26944"><ele>0.0</ele></trkpt>
      <trkpt lat="37.72537" lon="-112.26776"><ele>0.0</ele></trkpt>
      <trkpt lat="37.72517" lon="-112.26751"><ele>0.0</ele></trkpt>
      <trkpt lat="37.72492" lon="-112.26724"><ele>0.0</ele></trkpt>
      <trkpt lat="37.72476" lon="-112.2671"><ele>0.0</ele></trkpt>
      <trkpt lat="37.72452" lon="-112.26691"><ele>0.0</ele></trkpt>
      <trkpt lat="37.72425" lon="-112.26675"><ele>0.0</ele></trkpt>
      <trkpt lat="37.72351" lon="-112.26638"><ele>0.0</ele></trkpt>
      <trkpt lat="37.72331" lon="-112.26627"><ele>0.0</ele></trkpt>
      <trkpt lat="37.72308" lon="-112.26613"><ele>0.0</ele></trkpt>
      <trkpt lat="37.72274" lon="-112.26585"><ele>0.0</ele></trkpt>
      <trkpt lat="37.72249" lon="-112.26561"><ele>0.0</ele></trkpt>
      <trkpt lat="37.72198" lon="-112.26503"><ele>0.0</ele></trkpt>
      <trkpt lat="37.72173" lon="-112.26471"><ele>0.0</ele></trkpt>
      <trkpt lat="37.72161" lon="-112.26454"><ele>0.0</ele></trkpt>
      <trkpt lat="37.72157" lon="-112.2645"><ele>0.0</ele></trkpt>
      <trkpt lat="37.72135" lon="-112.26418"><ele>0.0</ele></trkpt>
      <trkpt lat="37.72117" lon="-112.26387"><ele>0.0</ele></trkpt>
      <trkpt lat="37.721" lon="-112.26354"><ele>0.0</ele></trkpt>
      <trkpt lat="37.72086" lon="-112.26322"><ele>0.0</ele></trkpt>
      <trkpt lat="37.7207" lon="-112.26275"><ele>0.0</ele></trkpt>
      <trkpt lat="37.72056" lon="-112.26219"><ele>0.0</ele></trkpt>
      <trkpt lat="37.72042" lon="-112.2613"><ele>0.0</ele></trkpt>
      <trkpt lat="37.72028" lon="-112.26028"><ele>0.0</ele></trkpt>
      <trkpt lat="37.72028" lon="-112.26022"><ele>0.0</ele></trkpt>
      <trkpt lat="37.72027" lon="-112.26017"><ele>0.0</ele></trkpt>
      <trkpt lat="37.71703" lon="-112.2354"><ele>0.0</ele></trkpt>
      <trkpt lat="37.71681" lon="-112.23429"><ele>0.0</ele></trkpt>
      <trkpt lat="37.71647" lon="-112.23296"><ele>0.0</ele></trkpt>
      <trkpt lat="37.71367" lon="-112.22376"><ele>0.0</ele></trkpt>
      <trkpt lat="37.71362" lon="-112.22357"><ele>0.0</ele></trkpt>
      <trkpt lat="37.71327" lon="-112.22243"><ele>0.0</ele></trkpt>
      <trkpt lat="37.71321" lon="-112.22221"><ele>0.0</ele></trkpt>
      <trkpt lat="37.71316" lon="-112.22206"><ele>0.0</ele></trkpt>
      <trkpt lat="37.71308" lon="-112.22178"><ele>0.0</ele></trkpt>
      <trkpt lat="37.71303" lon="-112.22164"><ele>0.0</ele></trkpt>
      <trkpt lat="37.71206" lon="-112.21844"><ele>0.0</ele></trkpt>
      <trkpt lat="37.71205" lon="-112.21839"><ele>0.0</ele></trkpt>
      <trkpt lat="37.71097" lon="-112.21485"><ele>0.0</ele></trkpt>
      <trkpt lat="37.71091" lon="-112.21463"><ele>0.0</ele></trkpt>
      <trkpt lat="37.70943" lon="-112.20977"><ele>0.0</ele></trkpt>
      <trkpt lat="37.70929" lon="-112.20936"><ele>0.0</ele></trkpt>
      <trkpt lat="37.70899" lon="-112.20855"><ele>0.0</ele></trkpt>
      <trkpt lat="37.70881" lon="-112.20813"><ele>0.0</ele></trkpt>
      <trkpt lat="37.70828" lon="-112.20697"><ele>0.0</ele></trkpt>
      <trkpt lat="37.70801" lon="-112.20643"><ele>0.0</ele></trkpt>
      <trkpt lat="37.7075" lon="-112.2055"><ele>0.0</ele></trkpt>
      <trkpt lat="37.70701" lon="-112.20471"><ele>0.0</ele></trkpt>
      <trkpt lat="37.70442" lon="-112.20109"><ele>0.0</ele></trkpt>
      <trkpt lat="37.7043" lon="-112.20094"><ele>0.0</ele></trkpt>
      <trkpt lat="37.70357" lon="-112.19994"><ele>0.0</ele></trkpt>
      <trkpt lat="37.70353" lon="-112.19987"><ele>0.0</ele></trkpt>
      <trkpt lat="37.70345" lon="-112.19977"><ele>0.0</ele></trkpt>
      <trkpt lat="37.70256" lon="-112.19854"><ele>0.0</ele></trkpt>
      <trkpt lat="37.70213" lon="-112.19792"><ele>0.0</ele></trkpt>
      <trkpt lat="37.70172" lon="-112.19729"><ele>0.0</ele></trkpt>
      <trkpt lat="37.70132" lon="-112.19663"><ele>0.0</ele></trkpt>
      <trkpt lat="37.70107" lon="-112.19618"><ele>0.0</ele></trkpt>
      <trkpt lat="37.70061" lon="-112.19525"><ele>0.0</ele></trkpt>
      <trkpt lat="37.70028" lon="-112.19452"><ele>0.0</ele></trkpt>
      <trkpt lat="37.69979" lon="-112.19328"><ele>0.0</ele></trkpt>
      <trkpt lat="37.69945" lon="-112.19226"><ele>0.0</ele></trkpt>
      <trkpt lat="37.69919" lon="-112.19135"><ele>0.0</ele></trkpt>
      <trkpt lat="37.69917" lon="-112.19125"><ele>0.0</ele></trkpt>
      <trkpt lat="37.69903" lon="-112.19072"><ele>0.0</ele></trkpt>
      <trkpt lat="37.69885" lon="-112.1899"><ele>0.0</ele></trkpt>
      <trkpt lat="37.69806" lon="-112.18501"><ele>0.0</ele></trkpt>
      <trkpt lat="37.69804" lon="-112.18493"><ele>0.0</ele></trkpt>
      <trkpt lat="37.69802" lon="-112.18475"><ele>0.0</ele></trkpt>
      <trkpt lat="37.6943" lon="-112.16158"><ele>0.0</ele></trkpt>
      <trkpt lat="37.69399" lon="-112.15978"><ele>0.0</ele></trkpt>
      <trkpt lat="37.6936" lon="-112.15726"><ele>0.0</ele></trkpt>
      <trkpt lat="37.69359" lon="-112.15715"><ele>0.0</ele></trkpt>
      <trkpt lat="37.69343" lon="-112.15638"><ele>0.0</ele></trkpt>
      <trkpt lat="37.69335" lon="-112.15589"><ele>0.0</ele></trkpt>
      <trkpt lat="37.69333" lon="-112.15585"><ele>0.0</ele></trkpt>
      <trkpt lat="37.69331" lon="-112.15582"><ele>0.0</ele></trkpt>
      <trkpt lat="37.69329" lon="-112.15576"><ele>0.0</ele></trkpt>
      <trkpt lat="37.69326" lon="-112.15552"><ele>0.0</ele></trkpt>
      <trkpt lat="37.69305" lon="-112.1546"><ele>0.0</ele></trkpt>
      <trkpt lat="37.69294" lon="-112.1542"><ele>0.0</ele></trkpt>
      <trkpt lat="37.6928" lon="-112.15379"><ele>0.0</ele></trkpt>
      <trkpt lat="37.69276" lon="-112.15364"><ele>0.0</ele></trkpt>
      <trkpt lat="37.69273" lon="-112.1535"><ele>0.0</ele></trkpt>
      <trkpt lat="37.69269" lon="-112.15313"><ele>0.0</ele></trkpt>
      <trkpt lat="37.69265" lon="-112.15294"><ele>0.0</ele></trkpt>
      <trkpt lat="37.69263" lon="-112.15291"><ele>0.0</ele></trkpt>
      <trkpt lat="37.69262" lon="-112.15289"><ele>0.0</ele></trkpt>
      <trkpt lat="37.69253" lon="-112.15276"><ele>0.0</ele></trkpt>
      <trkpt lat="37.6925" lon="-112.15276"><ele>0.0</ele></trkpt>
      <trkpt lat="37.69247" lon="-112.15275"><ele>0.0</ele></trkpt>
      <trkpt lat="37.69245" lon="-112.15275"><ele>0.0</ele></trkpt>
      <trkpt lat="37.69243" lon="-112.15274"><ele>0.0</ele></trkpt>
      <trkpt lat="37.69241" lon="-112.15272"><ele>0.0</ele></trkpt>
      <trkpt lat="37.69239" lon="-112.15271"><ele>0.0</ele></trkpt>
      <trkpt lat="37.69236" lon="-112.15269"><ele>0.0</ele></trkpt>
      <trkpt lat="37.69234" lon="-112.15265"><ele>0.0</ele></trkpt>
      <trkpt lat="37.69232" lon="-112.15262"><ele>0.0</ele></trkpt>
      <trkpt lat="37.69229" lon="-112.15251"><ele>0.0</ele></trkpt>
      <trkpt lat="37.69229" lon="-112.15245"><ele>0.0</ele></trkpt>
      <trkpt lat="37.6923" lon="-112.15242"><ele>0.0</ele></trkpt>
      <trkpt lat="37.6923" lon="-112.15239"><ele>0.0</ele></trkpt>
      <trkpt lat="37.69231" lon="-112.15238"><ele>0.0</ele></trkpt>
      <trkpt lat="37.69231" lon="-112.15236"><ele>0.0</ele></trkpt>
      <trkpt lat="37.69232" lon="-112.15235"><ele>0.0</ele></trkpt>
      <trkpt lat="37.69233" lon="-112.15232"><ele>0.0</ele></trkpt>
      <trkpt lat="37.69234" lon="-112.15231"><ele>0.0</ele></trkpt>
      <trkpt lat="37.69234" lon="-112.1523"><ele>0.0</ele></trkpt>
      <trkpt lat="37.69235" lon="-112.15228"><ele>0.0</ele></trkpt>
      <trkpt lat="37.69234" lon="-112.15224"><ele>0.0</ele></trkpt>
      <trkpt lat="37.69234" lon="-112.15203"><ele>0.0</ele></trkpt>
      <trkpt lat="37.69233" lon="-112.15197"><ele>0.0</ele></trkpt>
      <trkpt lat="37.69233" lon="-112.15192"><ele>0.0</ele></trkpt>
      <trkpt lat="37.69229" lon="-112.15177"><ele>0.0</ele></trkpt>
      <trkpt lat="37.69218" lon="-112.1515"><ele>0.0</ele></trkpt>
      <trkpt lat="37.69201" lon="-112.15102"><ele>0.0</ele></trkpt>
      <trkpt lat="37.69199" lon="-112.15098"><ele>0.0</ele></trkpt>
      <trkpt lat="37.69197" lon="-112.15091"><ele>0.0</ele></trkpt>
      <trkpt lat="37.69197" lon="-112.15085"><ele>0.0</ele></trkpt>
      <trkpt lat="37.6919" lon="-112.15066"><ele>0.0</ele></trkpt>
      <trkpt lat="37.68734" lon="-112.1396"><ele>0.0</ele></trkpt>
      <trkpt lat="37.68645" lon="-112.13759"><ele>0.0</ele></trkpt>
      <trkpt lat="37.68613" lon="-112.13692"><ele>0.0</ele></trkpt>
      <trkpt lat="37.68612" lon="-112.13689"><ele>0.0</ele></trkpt>
      <trkpt lat="37.68445" lon="-112.13352"><ele>0.0</ele></trkpt>
      <trkpt lat="37.68422" lon="-112.13303"><ele>0.0</ele></trkpt>
      <trkpt lat="37.68413" lon="-112.13279"><ele>0.0</ele></trkpt>
      <trkpt lat="37.68413" lon="-112.13278"><ele>0.0</ele></trkpt>
      <trkpt lat="37.68367" lon="-112.13148"><ele>0.0</ele></trkpt>
      <trkpt lat="37.68357" lon="-112.13124"><ele>0.0</ele></trkpt>
      <trkpt lat="37.68279" lon="-112.12974"><ele>0.0</ele></trkpt>
      <trkpt lat="37.6827" lon="-112.12952"><ele>0.0</ele></trkpt>
      <trkpt lat="37.6826" lon="-112.12921"><ele>0.0</ele></trkpt>
      <trkpt lat="37.68253" lon="-112.12893"><ele>0.0</ele></trkpt>
      <trkpt lat="37.6825" lon="-112.12872"><ele>0.0</ele></trkpt>
      <trkpt lat="37.68247" lon="-112.12842"><ele>0.0</ele></trkpt>
      <trkpt lat="37.68246" lon="-112.12816"><ele>0.0</ele></trkpt>
      <trkpt lat="37.68248" lon="-112.12788"><ele>0.0</ele></trkpt>
      <trkpt lat="37.68259" lon="-112.12738"><ele>0.0</ele></trkpt>
      <trkpt lat="37.68283" lon="-112.12652"><ele>0.0</ele></trkpt>
      <trkpt lat="37.68293" lon="-112.12611"><ele>0.0</ele></trkpt>
      <trkpt lat="37.683" lon="-112.12557"><ele>0.0</ele></trkpt>
      <trkpt lat="37.683" lon="-112.12541"><ele>0.0</ele></trkpt>
      <trkpt lat="37.68301" lon="-112.12526"><ele>0.0</ele></trkpt>
      <trkpt lat="37.68301" lon="-112.12519"><ele>0.0</ele></trkpt>
      <trkpt lat="37.68302" lon="-112.12504"><ele>0.0</ele></trkpt>
      <trkpt lat="37.68304" lon="-112.12488"><ele>0.0</ele></trkpt>
      <trkpt lat="37.68304" lon="-112.12483"><ele>0.0</ele></trkpt>
      <trkpt lat="37.68305" lon="-112.12474"><ele>0.0</ele></trkpt>
      <trkpt lat="37.68307" lon="-112.12464"><ele>0.0</ele></trkpt>
      <trkpt lat="37.68307" lon="-112.12461"><ele>0.0</ele></trkpt>
      <trkpt lat="37.68316" lon="-112.12422"><ele>0.0</ele></trkpt>
      <trkpt lat="37.68329" lon="-112.1238"><ele>0.0</ele></trkpt>
      <trkpt lat="37.68329" lon="-112.12379"><ele>0.0</ele></trkpt>
      <trkpt lat="37.6833" lon="-112.12378"><ele>0.0</ele></trkpt>
      <trkpt lat="37.6833" lon="-112.12375"><ele>0.0</ele></trkpt>
      <trkpt lat="37.68336" lon="-112.12358"><ele>0.0</ele></trkpt>
      <trkpt lat="37.68344" lon="-112.1233"><ele>0.0</ele></trkpt>
      <trkpt lat="37.68379" lon="-112.12149"><ele>0.0</ele></trkpt>
      <trkpt lat="37.6839" lon="-112.12102"><ele>0.0</ele></trkpt>
      <trkpt lat="37.6839" lon="-112.121"><ele>0.0</ele></trkpt>
      <trkpt lat="37.68395" lon="-112.1208"><ele>0.0</ele></trkpt>
      <trkpt lat="37.68396" lon="-112.12078"><ele>0.0</ele></trkpt>
      <trkpt lat="37.68406" lon="-112.12039"><ele>0.0</ele></trkpt>
      <trkpt lat="37.68416" lon="-112.12006"><ele>0.0</ele></trkpt>
      <trkpt lat="37.68421" lon="-112.11993"><ele>0.0</ele></trkpt>
      <trkpt lat="37.68427" lon="-112.11974"><ele>0.0</ele></trkpt>
      <trkpt lat="37.6843" lon="-112.11967"><ele>0.0</ele></trkpt>
      <trkpt lat="37.68435" lon="-112.11951"><ele>0.0</ele></trkpt>
      <trkpt lat="37.68443" lon="-112.1193"><ele>0.0</ele></trkpt>
      <trkpt lat="37.68493" lon="-112.11783"><ele>0.0</ele></trkpt>
      <trkpt lat="37.68501" lon="-112.1175"><ele>0.0</ele></trkpt>
      <trkpt lat="37.68507" lon="-112.11716"><ele>0.0</ele></trkpt>
      <trkpt lat="37.6851" lon="-112.11682"><ele>0.0</ele></trkpt>
      <trkpt lat="37.68511" lon="-112.11662"><ele>0.0</ele></trkpt>
      <trkpt lat="37.68509" lon="-112.11623"><ele>0.0</ele></trkpt>
      <trkpt lat="37.685" lon="-112.11581"><ele>0.0</ele></trkpt>
      <trkpt lat="37.68495" lon="-112.11563"><ele>0.0</ele></trkpt>
      <trkpt lat="37.6849" lon="-112.11549"><ele>0.0</ele></trkpt>
      <trkpt lat="37.6849" lon="-112.11547"><ele>0.0</ele></trkpt>
      <trkpt lat="37.68483" lon="-112.11532"><ele>0.0</ele></trkpt>
      <trkpt lat="37.68474" lon="-112.11509"><ele>0.0</ele></trkpt>
      <trkpt lat="37.68466" lon="-112.11495"><ele>0.0</ele></trkpt>
      <trkpt lat="37.68457" lon="-112.11484"><ele>0.0</ele></trkpt>
      <trkpt lat="37.68447" lon="-112.11469"><ele>0.0</ele></trkpt>
      <trkpt lat="37.68423" lon="-112.11442"><ele>0.0</ele></trkpt>
      <trkpt lat="37.68394" lon="-112.11418"><ele>0.0</ele></trkpt>
      <trkpt lat="37.68392" lon="-112.11417"><ele>0.0</ele></trkpt>
      <trkpt lat="37.68379" lon="-112.11408"><ele>0.0</ele></trkpt>
      <trkpt lat="37.68366" lon="-112.11402"><ele>0.0</ele></trkpt>
      <trkpt lat="37.68207" lon="-112.11339"><ele>0.0</ele></trkpt>
      <trkpt lat="37.68181" lon="-112.1133"><ele>0.0</ele></trkpt>
      <trkpt lat="37.68172" lon="-112.11326"><ele>0.0</ele></trkpt>
      <trkpt lat="37.68159" lon="-112.11322"><ele>0.0</ele></trkpt>
      <trkpt lat="37.68155" lon="-112.1132"><ele>0.0</ele></trkpt>
      <trkpt lat="37.68114" lon="-112.11312"><ele>0.0</ele></trkpt>
      <trkpt lat="37.68085" lon="-112.11312"><ele>0.0</ele></trkpt>
      <trkpt lat="37.68036" lon="-112.11315"><ele>0.0</ele></trkpt>
      <trkpt lat="37.68015" lon="-112.1132"><ele>0.0</ele></trkpt>
      <trkpt lat="37.68013" lon="-112.11321"><ele>0.0</ele></trkpt>
      <trkpt lat="37.67987" lon="-112.11328"><ele>0.0</ele></trkpt>
      <trkpt lat="37.67982" lon="-112.11329"><ele>0.0</ele></trkpt>
      <trkpt lat="37.67964" lon="-112.11335"><ele>0.0</ele></trkpt>
      <trkpt lat="37.67943" lon="-112.1134"><ele>0.0</ele></trkpt>
      <trkpt lat="37.67941" lon="-112.11341"><ele>0.0</ele></trkpt>
      <trkpt lat="37.67926" lon="-112.11343"><ele>0.0</ele></trkpt>
      <trkpt lat="37.67898" lon="-112.11343"><ele>0.0</ele></trkpt>
      <trkpt lat="37.67877" lon="-112.11341"><ele>0.0</ele></trkpt>
      <trkpt lat="37.67871" lon="-112.1134"><ele>0.0</ele></trkpt>
      <trkpt lat="37.67837" lon="-112.11328"><ele>0.0</ele></trkpt>
      <trkpt lat="37.67823" lon="-112.11321"><ele>0.0</ele></trkpt>
      <trkpt lat="37.67791" lon="-112.11302"><ele>0.0</ele></trkpt>
      <trkpt lat="37.67771" lon="-112.11289"><ele>0.0</ele></trkpt>
      <trkpt lat="37.67767" lon="-112.11286"><ele>0.0</ele></trkpt>
      <trkpt lat="37.67763" lon="-112.11284"><ele>0.0</ele></trkpt>
      <trkpt lat="37.67689" lon="-112.11237"><ele>0.0</ele></trkpt>
      <trkpt lat="37.67652" lon="-112.11219"><ele>0.0</ele></trkpt>
      <trkpt lat="37.67642" lon="-112.11215"><ele>0.0</ele></trkpt>
      <trkpt lat="37.67629" lon="-112.11211"><ele>0.0</ele></trkpt>
      <trkpt lat="37.67623" lon="-112.1121"><ele>0.0</ele></trkpt>
      <trkpt lat="37.6762" lon="-112.11209"><ele>0.0</ele></trkpt>
      <trkpt lat="37.67619" lon="-112.11209"><ele>0.0</ele></trkpt>
      <trkpt lat="37.67614" lon="-112.11208"><ele>0.0</ele></trkpt>
      <trkpt lat="37.67611" lon="-112.11207"><ele>0.0</ele></trkpt>
      <trkpt lat="37.67605" lon="-112.11207"><ele>0.0</ele></trkpt>
      <trkpt lat="37.67599" lon="-112.11206"><ele>0.0</ele></trkpt>
      <trkpt lat="37.67579" lon="-112.11206"><ele>0.0</ele></trkpt>
      <trkpt lat="37.67569" lon="-112.11207"><ele>0.0</ele></trkpt>
      <trkpt lat="37.67563" lon="-112.11207"><ele>0.0</ele></trkpt>
      <trkpt lat="37.6756" lon="-112.11208"><ele>0.0</ele></trkpt>
      <trkpt lat="37.67551" lon="-112.11209"><ele>0.0</ele></trkpt>
      <trkpt lat="37.67527" lon="-112.11215"><ele>0.0</ele></trkpt>
      <trkpt lat="37.67466" lon="-112.11234"><ele>0.0</ele></trkpt>
      <trkpt lat="37.67464" lon="-112.11235"><ele>0.0</ele></trkpt>
      <trkpt lat="37.67412" lon="-112.11252"><ele>0.0</ele></trkpt>
      <trkpt lat="37.6741" lon="-112.11253"><ele>0.0</ele></trkpt>
      <trkpt lat="37.67407" lon="-112.11253"><ele>0.0</ele></trkpt>
      <trkpt lat="37.67405" lon="-112.11254"><ele>0.0</ele></trkpt>
      <trkpt lat="37.67403" lon="-112.11254"><ele>0.0</ele></trkpt>
      <trkpt lat="37.67378" lon="-112.11262"><ele>0.0</ele></trkpt>
      <trkpt lat="37.67358" lon="-112.11265"><ele>0.0</ele></trkpt>
      <trkpt lat="37.67346" lon="-112.11266"><ele>0.0</ele></trkpt>
      <trkpt lat="37.67332" lon="-112.11264"><ele>0.0</ele></trkpt>
      <trkpt lat="37.67319" lon="-112.11263"><ele>0.0</ele></trkpt>
      <trkpt lat="37.67289" lon="-112.11255"><ele>0.0</ele></trkpt>
      <trkpt lat="37.67279" lon="-112.11251"><ele>0.0</ele></trkpt>
      <trkpt lat="37.6726" lon="-112.11242"><ele>0.0</ele></trkpt>
      <trkpt lat="37.67252" lon="-112.11237"><ele>0.0</ele></trkpt>
      <trkpt lat="37.67233" lon="-112.11222"><ele>0.0</ele></trkpt>
      <trkpt lat="37.67217" lon="-112.11208"><ele>0.0</ele></trkpt>
      <trkpt lat="37.67076" lon="-112.11063"><ele>0.0</ele></trkpt>
      <trkpt lat="37.67042" lon="-112.1103"><ele>0.0</ele></trkpt>
      <trkpt lat="37.67018" lon="-112.11011"><ele>0.0</ele></trkpt>
      <trkpt lat="37.67" lon="-112.10999"><ele>0.0</ele></trkpt>
      <trkpt lat="37.6698" lon="-112.10988"><ele>0.0</ele></trkpt>
      <trkpt lat="37.66969" lon="-112.10983"><ele>0.0</ele></trkpt>
      <trkpt lat="37.66942" lon="-112.10973"><ele>0.0</ele></trkpt>
      <trkpt lat="37.66925" lon="-112.1097"><ele>0.0</ele></trkpt>
      <trkpt lat="37.66907" lon="-112.10968"><ele>0.0</ele></trkpt>
      <trkpt lat="37.66892" lon="-112.10968"><ele>0.0</ele></trkpt>
      <trkpt lat="37.66871" lon="-112.10969"><ele>0.0</ele></trkpt>
      <trkpt lat="37.66843" lon="-112.10972"><ele>0.0</ele></trkpt>
      <trkpt lat="37.66817" lon="-112.10976"><ele>0.0</ele></trkpt>
      <trkpt lat="37.66789" lon="-112.10982"><ele>0.0</ele></trkpt>
      <trkpt lat="37.66766" lon="-112.10988"><ele>0.0</ele></trkpt>
      <trkpt lat="37.66764" lon="-112.10989"><ele>0.0</ele></trkpt>
      <trkpt lat="37.66733" lon="-112.10998"><ele>0.0</ele></trkpt>
      <trkpt lat="37.66728" lon="-112.11"><ele>0.0</ele></trkpt>
      <trkpt lat="37.66711" lon="-112.11004"><ele>0.0</ele></trkpt>
      <trkpt lat="37.66688" lon="-112.11011"><ele>0.0</ele></trkpt>
      <trkpt lat="37.66682" lon="-112.11012"><ele>0.0</ele></trkpt>
      <trkpt lat="37.66671" lon="-112.11015"><ele>0.0</ele></trkpt>
      <trkpt lat="37.66668" lon="-112.11015"><ele>0.0</ele></trkpt>
      <trkpt lat="37.66663" lon="-112.11017"><ele>0.0</ele></trkpt>
      <trkpt lat="37.66639" lon="-112.11019"><ele>0.0</ele></trkpt>
      <trkpt lat="37.66627" lon="-112.11019"><ele>0.0</ele></trkpt>
      <trkpt lat="37.66602" lon="-112.11016"><ele>0.0</ele></trkpt>
      <trkpt lat="37.66589" lon="-112.11013"><ele>0.0</ele></trkpt>
      <trkpt lat="37.66572" lon="-112.11006"><ele>0.0</ele></trkpt>
      <trkpt lat="37.66515" lon="-112.10968"><ele>0.0</ele></trkpt>
      <trkpt lat="37.66477" lon="-112.10937"><ele>0.0</ele></trkpt>
      <trkpt lat="37.66466" lon="-112.10929"><ele>0.0</ele></trkpt>
      <trkpt lat="37.66419" lon="-112.10901"><ele>0.0</ele></trkpt>
      <trkpt lat="37.66402" lon="-112.1089"><ele>0.0</ele></trkpt>
      <trkpt lat="37.66388" lon="-112.10878"><ele>0.0</ele></trkpt>
      <trkpt lat="37.66382" lon="-112.10872"><ele>0.0</ele></trkpt>
      <trkpt lat="37.66378" lon="-112.10869"><ele>0.0</ele></trkpt>
      <trkpt lat="37.66369" lon="-112.10858"><ele>0.0</ele></trkpt>
      <trkpt lat="37.66361" lon="-112.1085"><ele>0.0</ele></trkpt>
      <trkpt lat="37.66345" lon="-112.10827"><ele>0.0</ele></trkpt>
      <trkpt lat="37.66344" lon="-112.10825"><ele>0.0</ele></trkpt>
      <trkpt lat="37.66343" lon="-112.10824"><ele>0.0</ele></trkpt>
      <trkpt lat="37.6634" lon="-112.10817"><ele>0.0</ele></trkpt>
      <trkpt lat="37.66275" lon="-112.10693"><ele>0.0</ele></trkpt>
      <trkpt lat="37.66273" lon="-112.10688"><ele>0.0</ele></trkpt>
      <trkpt lat="37.66245" lon="-112.10633"><ele>0.0</ele></trkpt>
      <trkpt lat="37.66231" lon="-112.10596"><ele>0.0</ele></trkpt>
      <trkpt lat="37.66226" lon="-112.10579"><ele>0.0</ele></trkpt>
      <trkpt lat="37.6622" lon="-112.10552"><ele>0.0</ele></trkpt>
      <trkpt lat="37.66218" lon="-112.10536"><ele>0.0</ele></trkpt>
      <trkpt lat="37.66217" lon="-112.10532"><ele>0.0</ele></trkpt>
      <trkpt lat="37.66217" lon="-112.10523"><ele>0.0</ele></trkpt>
      <trkpt lat="37.66215" lon="-112.10499"><ele>0.0</ele></trkpt>
      <trkpt lat="37.66215" lon="-112.10483"><ele>0.0</ele></trkpt>
      <trkpt lat="37.66217" lon="-112.10451"><ele>0.0</ele></trkpt>
      <trkpt lat="37.66219" lon="-112.10442"><ele>0.0</ele></trkpt>
      <trkpt lat="37.66219" lon="-112.10441"><ele>0.0</ele></trkpt>
      <trkpt lat="37.66223" lon="-112.10422"><ele>0.0</ele></trkpt>
      <trkpt lat="37.66232" lon="-112.10388"><ele>0.0</ele></trkpt>
      <trkpt lat="37.66242" lon="-112.10364"><ele>0.0</ele></trkpt>
      <trkpt lat="37.66276" lon="-112.10292"><ele>0.0</ele></trkpt>
      <trkpt lat="37.66286" lon="-112.10266"><ele>0.0</ele></trkpt>
      <trkpt lat="37.66291" lon="-112.10251"><ele>0.0</ele></trkpt>
      <trkpt lat="37.663" lon="-112.10211"><ele>0.0</ele></trkpt>
      <trkpt lat="37.66302" lon="-112.10198"><ele>0.0</ele></trkpt>
      <trkpt lat="37.66302" lon="-112.10192"><ele>0.0</ele></trkpt>
      <trkpt lat="37.66304" lon="-112.1017"><ele>0.0</ele></trkpt>
      <trkpt lat="37.66304" lon="-112.10152"><ele>0.0</ele></trkpt>
      <trkpt lat="37.66302" lon="-112.10122"><ele>0.0</ele></trkpt>
      <trkpt lat="37.66298" lon="-112.10096"><ele>0.0</ele></trkpt>
      <trkpt lat="37.66291" lon="-112.10069"><ele>0.0</ele></trkpt>
      <trkpt lat="37.66282" lon="-112.10041"><ele>0.0</ele></trkpt>
      <trkpt lat="37.66264" lon="-112.10005"><ele>0.0</ele></trkpt>
      <trkpt lat="37.66254" lon="-112.09988"><ele>0.0</ele></trkpt>
      <trkpt lat="37.66244" lon="-112.09975"><ele>0.0</ele></trkpt>
      <trkpt lat="37.66224" lon="-112.09952"><ele>0.0</ele></trkpt>
      <trkpt lat="37.66125" lon="-112.09852"><ele>0.0</ele></trkpt>
      <trkpt lat="37.66125" lon="-112.09851"><ele>0.0</ele></trkpt>
      <trkpt lat="37.66123" lon="-112.0985"><ele>0.0</ele></trkpt>
      <trkpt lat="37.66111" lon="-112.09838"><ele>0.0</ele></trkpt>
      <trkpt lat="37.66111" lon="-112.09837"><ele>0.0</ele></trkpt>
      <trkpt lat="37.65999" lon="-112.09724"><ele>0.0</ele></trkpt>
      <trkpt lat="37.65956" lon="-112.09677"><ele>0.0</ele></trkpt>
      <trkpt lat="37.65949" lon="-112.09668"><ele>0.0</ele></trkpt>
      <trkpt lat="37.65928" lon="-112.09637"><ele>0.0</ele></trkpt>
      <trkpt lat="37.65918" lon="-112.09618"><ele>0.0</ele></trkpt>
      <trkpt lat="37.65914" lon="-112.09609"><ele>0.0</ele></trkpt>
      <trkpt lat="37.65914" lon="-112.09607"><ele>0.0</ele></trkpt>
      <trkpt lat="37.65909" lon="-112.09598"><ele>0.0</ele></trkpt>
      <trkpt lat="37.65902" lon="-112.09581"><ele>0.0</ele></trkpt>
      <trkpt lat="37.65899" lon="-112.09571"><ele>0.0</ele></trkpt>
      <trkpt lat="37.65894" lon="-112.0956"><ele>0.0</ele></trkpt>
      <trkpt lat="37.65868" lon="-112.09485"><ele>0.0</ele></trkpt>
      <trkpt lat="37.65867" lon="-112.09484"><ele>0.0</ele></trkpt>
      <trkpt lat="37.65865" lon="-112.09477"><ele>0.0</ele></trkpt>
      <trkpt lat="37.65848" lon="-112.09431"><ele>0.0</ele></trkpt>
      <trkpt lat="37.65842" lon="-112.09412"><ele>0.0</ele></trkpt>
      <trkpt lat="37.65835" lon="-112.09394"><ele>0.0</ele></trkpt>
      <trkpt lat="37.65831" lon="-112.09382"><ele>0.0</ele></trkpt>
      <trkpt lat="37.6583" lon="-112.09381"><ele>0.0</ele></trkpt>
      <trkpt lat="37.6583" lon="-112.09379"><ele>0.0</ele></trkpt>
      <trkpt lat="37.65819" lon="-112.09351"><ele>0.0</ele></trkpt>
      <trkpt lat="37.65811" lon="-112.09334"><ele>0.0</ele></trkpt>
      <trkpt lat="37.6581" lon="-112.0933"><ele>0.0</ele></trkpt>
      <trkpt lat="37.65799" lon="-112.09304"><ele>0.0</ele></trkpt>
      <trkpt lat="37.65798" lon="-112.09304"><ele>0.0</ele></trkpt>
      <trkpt lat="37.65782" lon="-112.09266"><ele>0.0</ele></trkpt>
      <trkpt lat="37.65767" lon="-112.09235"><ele>0.0</ele></trkpt>
      <trkpt lat="37.65766" lon="-112.09232"><ele>0.0</ele></trkpt>
      <trkpt lat="37.65428" lon="-112.08528"><ele>0.0</ele></trkpt>
      <trkpt lat="37.65404" lon="-112.08483"><ele>0.0</ele></trkpt>
      <trkpt lat="37.65398" lon="-112.0847"><ele>0.0</ele></trkpt>
      <trkpt lat="37.65384" lon="-112.08447"><ele>0.0</ele></trkpt>
      <trkpt lat="37.6536" lon="-112.08411"><ele>0.0</ele></trkpt>
      <trkpt lat="37.65319" lon="-112.08357"><ele>0.0</ele></trkpt>
      <trkpt lat="37.65293" lon="-112.08327"><ele>0.0</ele></trkpt>
      <trkpt lat="37.65275" lon="-112.08309"><ele>0.0</ele></trkpt>
      <trkpt lat="37.6527" lon="-112.08303"><ele>0.0</ele></trkpt>
      <trkpt lat="37.65237" lon="-112.08272"><ele>0.0</ele></trkpt>
      <trkpt lat="37.65181" lon="-112.08227"><ele>0.0</ele></trkpt>
      <trkpt lat="37.65171" lon="-112.08221"><ele>0.0</ele></trkpt>
      <trkpt lat="37.65165" lon="-112.08216"><ele>0.0</ele></trkpt>
      <trkpt lat="37.65149" lon="-112.08206"><ele>0.0</ele></trkpt>
      <trkpt lat="37.65141" lon="-112.082"><ele>0.0</ele></trkpt>
      <trkpt lat="37.65117" lon="-112.08186"><ele>0.0</ele></trkpt>
      <trkpt lat="37.651" lon="-112.08177"><ele>0.0</ele></trkpt>
      <trkpt lat="37.65083" lon="-112.08169"><ele>0.0</ele></trkpt>
      <trkpt lat="37.65072" lon="-112.08163"><ele>0.0</ele></trkpt>
      <trkpt lat="37.65025" lon="-112.08144"><ele>0.0</ele></trkpt>
      <trkpt lat="37.65015" lon="-112.08141"><ele>0.0</ele></trkpt>
      <trkpt lat="37.65002" lon="-112.08136"><ele>0.0</ele></trkpt>
      <trkpt lat="37.64988" lon="-112.08132"><ele>0.0</ele></trkpt>
      <trkpt lat="37.64829" lon="-112.08079"><ele>0.0</ele></trkpt>
      <trkpt lat="37.64816" lon="-112.08076"><ele>0.0</ele></trkpt>
      <trkpt lat="37.648" lon="-112.08071"><ele>0.0</ele></trkpt>
      <trkpt lat="37.64763" lon="-112.08062"><ele>0.0</ele></trkpt>
      <trkpt lat="37.6474" lon="-112.08058"><ele>0.0</ele></trkpt>
      <trkpt lat="37.64733" lon="-112.08056"><ele>0.0</ele></trkpt>
      <trkpt lat="37.64702" lon="-112.08053"><ele>0.0</ele></trkpt>
      <trkpt lat="37.64668" lon="-112.08053"><ele>0.0</ele></trkpt>
      <trkpt lat="37.64661" lon="-112.08054"><ele>0.0</ele></trkpt>
      <trkpt lat="37.64646" lon="-112.08055"><ele>0.0</ele></trkpt>
      <trkpt lat="37.64619" lon="-112.08058"><ele>0.0</ele></trkpt>
      <trkpt lat="37.64615" lon="-112.08058"><ele>0.0</ele></trkpt>
      <trkpt lat="37.64569" lon="-112.08066"><ele>0.0</ele></trkpt>
      <trkpt lat="37.64561" lon="-112.08068"><ele>0.0</ele></trkpt>
      <trkpt lat="37.64455" lon="-112.08088"><ele>0.0</ele></trkpt>
      <trkpt lat="37.64434" lon="-112.08091"><ele>0.0</ele></trkpt>
      <trkpt lat="37.63955" lon="-112.08176"><ele>0.0</ele></trkpt>
      <trkpt lat="37.63902" lon="-112.08184"><ele>0.0</ele></trkpt>
      <trkpt lat="37.63899" lon="-112.08185"><ele>0.0</ele></trkpt>
      <trkpt lat="37.63892" lon="-112.08185"><ele>0.0</ele></trkpt>
      <trkpt lat="37.63878" lon="-112.08187"><ele>0.0</ele></trkpt>
      <trkpt lat="37.63759" lon="-112.08193"><ele>0.0</ele></trkpt>
      <trkpt lat="37.63709" lon="-112.08193"><ele>0.0</ele></trkpt>
      <trkpt lat="37.63686" lon="-112.08192"><ele>0.0</ele></trkpt>
      <trkpt lat="37.62624" lon="-112.08181"><ele>0.0</ele></trkpt>
      <trkpt lat="37.62297" lon="-112.08172"><ele>0.0</ele></trkpt>
      <trkpt lat="37.62289" lon="-112.08171"><ele>0.0</ele></trkpt>
      <trkpt lat="37.62277" lon="-112.08168"><ele>0.0</ele></trkpt>
      <trkpt lat="37.62259" lon="-112.08161"><ele>0.0</ele></trkpt>
      <trkpt lat="37.62247" lon="-112.08155"><ele>0.0</ele></trkpt>
      <trkpt lat="37.62225" lon="-112.0814"><ele>0.0</ele></trkpt>
      <trkpt lat="37.6221" lon="-112.08125"><ele>0.0</ele></trkpt>
      <trkpt lat="37.62204" lon="-112.08118"><ele>0.0</ele></trkpt>
      <trkpt lat="37.62188" lon="-112.08095"><ele>0.0</ele></trkpt>
      <trkpt lat="37.6217" lon="-112.0806"><ele>0.0</ele></trkpt>
      <trkpt lat="37.62117" lon="-112.0794"><ele>0.0</ele></trkpt>
      <trkpt lat="37.62103" lon="-112.07911"><ele>0.0</ele></trkpt>
      <trkpt lat="37.62099" lon="-112.07901"><ele>0.0</ele></trkpt>
      <trkpt lat="37.62074" lon="-112.07854"><ele>0.0</ele></trkpt>
      <trkpt lat="37.62069" lon="-112.07847"><ele>0.0</ele></trkpt>
      <trkpt lat="37.62068" lon="-112.07845"><ele>0.0</ele></trkpt>
      <trkpt lat="37.6206" lon="-112.07833"><ele>0.0</ele></trkpt>
      <trkpt lat="37.62039" lon="-112.07808"><ele>0.0</ele></trkpt>
      <trkpt lat="37.62013" lon="-112.07783"><ele>0.0</ele></trkpt>
      <trkpt lat="37.62002" lon="-112.07774"><ele>0.0</ele></trkpt>
      <trkpt lat="37.61975" lon="-112.07756"><ele>0.0</ele></trkpt>
      <trkpt lat="37.61967" lon="-112.07752"><ele>0.0</ele></trkpt>
      <trkpt lat="37.61966" lon="-112.07751"><ele>0.0</ele></trkpt>
      <trkpt lat="37.61941" lon="-112.07741"><ele>0.0</ele></trkpt>
      <trkpt lat="37.6191" lon="-112.07731"><ele>0.0</ele></trkpt>
      <trkpt lat="37.61905" lon="-112.07729"><ele>0.0</ele></trkpt>
      <trkpt lat="37.61888" lon="-112.07725"><ele>0.0</ele></trkpt>
      <trkpt lat="37.61689" lon="-112.07669"><ele>0.0</ele></trkpt>
      <trkpt lat="37.61663" lon="-112.0766"><ele>0.0</ele></trkpt>
      <trkpt lat="37.61646" lon="-112.07652"><ele>0.0</ele></trkpt>
      <trkpt lat="37.61607" lon="-112.0763"><ele>0.0</ele></trkpt>
      <trkpt lat="37.61569" lon="-112.07601"><ele>0.0</ele></trkpt>
      <trkpt lat="37.61538" lon="-112.07571"><ele>0.0</ele></trkpt>
      <trkpt lat="37.61526" lon="-112.07558"><ele>0.0</ele></trkpt>
      <trkpt lat="37.61503" lon="-112.0753"><ele>0.0</ele></trkpt>
      <trkpt lat="37.61501" lon="-112.07526"><ele>0.0</ele></trkpt>
      <trkpt lat="37.61493" lon="-112.07515"><ele>0.0</ele></trkpt>
      <trkpt lat="37.61471" lon="-112.0748"><ele>0.0</ele></trkpt>
      <trkpt lat="37.61462" lon="-112.07464"><ele>0.0</ele></trkpt>
      <trkpt lat="37.61459" lon="-112.07457"><ele>0.0</ele></trkpt>
      <trkpt lat="37.61457" lon="-112.07454"><ele>0.0</ele></trkpt>
      <trkpt lat="37.61444" lon="-112.07426"><ele>0.0</ele></trkpt>
      <trkpt lat="37.61442" lon="-112.07423"><ele>0.0</ele></trkpt>
      <trkpt lat="37.61442" lon="-112.07421"><ele>0.0</ele></trkpt>
      <trkpt lat="37.61439" lon="-112.07415"><ele>0.0</ele></trkpt>
      <trkpt lat="37.61431" lon="-112.07394"><ele>0.0</ele></trkpt>
      <trkpt lat="37.61428" lon="-112.07384"><ele>0.0</ele></trkpt>
      <trkpt lat="37.61425" lon="-112.07377"><ele>0.0</ele></trkpt>
      <trkpt lat="37.61422" lon="-112.07365"><ele>0.0</ele></trkpt>
      <trkpt lat="37.61418" lon="-112.07352"><ele>0.0</ele></trkpt>
      <trkpt lat="37.61413" lon="-112.07331"><ele>0.0</ele></trkpt>
      <trkpt lat="37.61413" lon="-112.0733"><ele>0.0</ele></trkpt>
      <trkpt lat="37.61401" lon="-112.07272"><ele>0.0</ele></trkpt>
      <trkpt lat="37.61395" lon="-112.07238"><ele>0.0</ele></trkpt>
      <trkpt lat="37.6139" lon="-112.07216"><ele>0.0</ele></trkpt>
      <trkpt lat="37.61352" lon="-112.07018"><ele>0.0</ele></trkpt>
      <trkpt lat="37.61352" lon="-112.07017"><ele>0.0</ele></trkpt>
      <trkpt lat="37.61349" lon="-112.07"><ele>0.0</ele></trkpt>
      <trkpt lat="37.61343" lon="-112.06973"><ele>0.0</ele></trkpt>
      <trkpt lat="37.6131" lon="-112.06801"><ele>0.0</ele></trkpt>
      <trkpt lat="37.61305" lon="-112.06779"><ele>0.0</ele></trkpt>
      <trkpt lat="37.61297" lon="-112.06735"><ele>0.0</ele></trkpt>
      <trkpt lat="37.61292" lon="-112.06713"><ele>0.0</ele></trkpt>
      <trkpt lat="37.61292" lon="-112.0671"><ele>0.0</ele></trkpt>
      <trkpt lat="37.6129" lon="-112.06705"><ele>0.0</ele></trkpt>
      <trkpt lat="37.61288" lon="-112.06691"><ele>0.0</ele></trkpt>
      <trkpt lat="37.61245" lon="-112.0647"><ele>0.0</ele></trkpt>
      <trkpt lat="37.61237" lon="-112.06444"><ele>0.0</ele></trkpt>
      <trkpt lat="37.61237" lon="-112.06443"><ele>0.0</ele></trkpt>
      <trkpt lat="37.61232" lon="-112.06427"><ele>0.0</ele></trkpt>
      <trkpt lat="37.61222" lon="-112.06401"><ele>0.0</ele></trkpt>
      <trkpt lat="37.61213" lon="-112.06383"><ele>0.0</ele></trkpt>
      <trkpt lat="37.61194" lon="-112.0635"><ele>0.0</ele></trkpt>
      <trkpt lat="37.61176" lon="-112.06326"><ele>0.0</ele></trkpt>
      <trkpt lat="37.61164" lon="-112.06312"><ele>0.0</ele></trkpt>
      <trkpt lat="37.61156" lon="-112.06304"><ele>0.0</ele></trkpt>
      <trkpt lat="37.61152" lon="-112.06299"><ele>0.0</ele></trkpt>
      <trkpt lat="37.6114" lon="-112.06288"><ele>0.0</ele></trkpt>
      <trkpt lat="37.60985" lon="-112.06166"><ele>0.0</ele></trkpt>
      <trkpt lat="37.60954" lon="-112.06143"><ele>0.0</ele></trkpt>
      <trkpt lat="37.60944" lon="-112.06134"><ele>0.0</ele></trkpt>
      <trkpt lat="37.60928" lon="-112.06123"><ele>0.0</ele></trkpt>
      <trkpt lat="37.60923" lon="-112.06119"><ele>0.0</ele></trkpt>
      <trkpt lat="37.60907" lon="-112.06109"><ele>0.0</ele></trkpt>
      <trkpt lat="37.60905" lon="-112.06107"><ele>0.0</ele></trkpt>
      <trkpt lat="37.60892" lon="-112.06099"><ele>0.0</ele></trkpt>
      <trkpt lat="37.60874" lon="-112.0609"><ele>0.0</ele></trkpt>
      <trkpt lat="37.60866" lon="-112.06087"><ele>0.0</ele></trkpt>
      <trkpt lat="37.60846" lon="-112.06078"><ele>0.0</ele></trkpt>
      <trkpt lat="37.60823" lon="-112.0607"><ele>0.0</ele></trkpt>
      <trkpt lat="37.60805" lon="-112.06065"><ele>0.0</ele></trkpt>
      <trkpt lat="37.60766" lon="-112.06059"><ele>0.0</ele></trkpt>
      <trkpt lat="37.60698" lon="-112.06058"><ele>0.0</ele></trkpt>
      <trkpt lat="37.60679" lon="-112.06057"><ele>0.0</ele></trkpt>
      <trkpt lat="37.60662" lon="-112.06057"><ele>0.0</ele></trkpt>
      <trkpt lat="37.60644" lon="-112.06058"><ele>0.0</ele></trkpt>
      <trkpt lat="37.60356" lon="-112.06061"><ele>0.0</ele></trkpt>
      <trkpt lat="37.60279" lon="-112.06065"><ele>0.0</ele></trkpt>
      <trkpt lat="37.602" lon="-112.06075"><ele>0.0</ele></trkpt>
      <trkpt lat="37.60106" lon="-112.06093"><ele>0.0</ele></trkpt>
      <trkpt lat="37.60052" lon="-112.06102"><ele>0.0</ele></trkpt>
      <trkpt lat="37.60035" lon="-112.06106"><ele>0.0</ele></trkpt>
      <trkpt lat="37.59874" lon="-112.06135"><ele>0.0</ele></trkpt>
      <trkpt lat="37.59857" lon="-112.06139"><ele>0.0</ele></trkpt>
      <trkpt lat="37.59661" lon="-112.06175"><ele>0.0</ele></trkpt>
      <trkpt lat="37.59643" lon="-112.06179"><ele>0.0</ele></trkpt>
      <trkpt lat="37.59618" lon="-112.06183"><ele>0.0</ele></trkpt>
      <trkpt lat="37.59572" lon="-112.06192"><ele>0.0</ele></trkpt>
      <trkpt lat="37.59564" lon="-112.06194"><ele>0.0</ele></trkpt>
      <trkpt lat="37.59554" lon="-112.06195"><ele>0.0</ele></trkpt>
      <trkpt lat="37.59483" lon="-112.06208"><ele>0.0</ele></trkpt>
      <trkpt lat="37.59465" lon="-112.06212"><ele>0.0</ele></trkpt>
      <trkpt lat="37.59401" lon="-112.06222"><ele>0.0</ele></trkpt>
      <trkpt lat="37.59374" lon="-112.06224"><ele>0.0</ele></trkpt>
      <trkpt lat="37.59338" lon="-112.06225"><ele>0.0</ele></trkpt>
      <trkpt lat="37.59294" lon="-112.06223"><ele>0.0</ele></trkpt>
      <trkpt lat="37.59262" lon="-112.06219"><ele>0.0</ele></trkpt>
      <trkpt lat="37.59202" lon="-112.06206"><ele>0.0</ele></trkpt>
      <trkpt lat="37.59187" lon="-112.06202"><ele>0.0</ele></trkpt>
      <trkpt lat="37.59178" lon="-112.06199"><ele>0.0</ele></trkpt>
      <trkpt lat="37.59176" lon="-112.06199"><ele>0.0</ele></trkpt>
      <trkpt lat="37.59135" lon="-112.06184"><ele>0.0</ele></trkpt>
      <trkpt lat="37.59128" lon="-112.06182"><ele>0.0</ele></trkpt>
      <trkpt lat="37.591" lon="-112.06169"><ele>0.0</ele></trkpt>
      <trkpt lat="37.59056" lon="-112.06146"><ele>0.0</ele></trkpt>
      <trkpt lat="37.59024" lon="-112.06127"><ele>0.0</ele></trkpt>
      <trkpt lat="37.59003" lon="-112.06113"><ele>0.0</ele></trkpt>
      <trkpt lat="37.58993" lon="-112.06105"><ele>0.0</ele></trkpt>
      <trkpt lat="37.58987" lon="-112.06101"><ele>0.0</ele></trkpt>
      <trkpt lat="37.58945" lon="-112.06067"><ele>0.0</ele></trkpt>
      <trkpt lat="37.58942" lon="-112.06064"><ele>0.0</ele></trkpt>
      <trkpt lat="37.58928" lon="-112.06052"><ele>0.0</ele></trkpt>
      <trkpt lat="37.5869" lon="-112.05821"><ele>0.0</ele></trkpt>
      <trkpt lat="37.58684" lon="-112.05817"><ele>0.0</ele></trkpt>
      <trkpt lat="37.58666" lon="-112.05801"><ele>0.0</ele></trkpt>
      <trkpt lat="37.58659" lon="-112.05796"><ele>0.0</ele></trkpt>
      <trkpt lat="37.58645" lon="-112.05788"><ele>0.0</ele></trkpt>
      <trkpt lat="37.58631" lon="-112.05779"><ele>0.0</ele></trkpt>
      <trkpt lat="37.58621" lon="-112.05774"><ele>0.0</ele></trkpt>
      <trkpt lat="37.58591" lon="-112.05761"><ele>0.0</ele></trkpt>
      <trkpt lat="37.58558" lon="-112.05752"><ele>0.0</ele></trkpt>
      <trkpt lat="37.5854" lon="-112.05749"><ele>0.0</ele></trkpt>
      <trkpt lat="37.58534" lon="-112.05747"><ele>0.0</ele></trkpt>
      <trkpt lat="37.58149" lon="-112.05682"><ele>0.0</ele></trkpt>
      <trkpt lat="37.58116" lon="-112.05678"><ele>0.0</ele></trkpt>
      <trkpt lat="37.58072" lon="-112.05671"><ele>0.0</ele></trkpt>
      <trkpt lat="37.58042" lon="-112.05669"><ele>0.0</ele></trkpt>
      <trkpt lat="37.58031" lon="-112.05667"><ele>0.0</ele></trkpt>
      <trkpt lat="37.57979" lon="-112.05664"><ele>0.0</ele></trkpt>
      <trkpt lat="37.57867" lon="-112.05665"><ele>0.0</ele></trkpt>
      <trkpt lat="37.5751" lon="-112.05685"><ele>0.0</ele></trkpt>
      <trkpt lat="37.57492" lon="-112.05687"><ele>0.0</ele></trkpt>
      <trkpt lat="37.57368" lon="-112.05694"><ele>0.0</ele></trkpt>
      <trkpt lat="37.57359" lon="-112.05694"><ele>0.0</ele></trkpt>
      <trkpt lat="37.57328" lon="-112.05697"><ele>0.0</ele></trkpt>
      <trkpt lat="37.57269" lon="-112.057"><ele>0.0</ele></trkpt>
      <trkpt lat="37.57228" lon="-112.057"><ele>0.0</ele></trkpt>
      <trkpt lat="37.57222" lon="-112.05699"><ele>0.0</ele></trkpt>
      <trkpt lat="37.57219" lon="-112.05699"><ele>0.0</ele></trkpt>
      <trkpt lat="37.57194" lon="-112.05696"><ele>0.0</ele></trkpt>
      <trkpt lat="37.57169" lon="-112.05691"><ele>0.0</ele></trkpt>
      <trkpt lat="37.57151" lon="-112.05686"><ele>0.0</ele></trkpt>
      <trkpt lat="37.57099" lon="-112.05665"><ele>0.0</ele></trkpt>
      <trkpt lat="37.57078" lon="-112.05653"><ele>0.0</ele></trkpt>
      <trkpt lat="37.57054" lon="-112.05637"><ele>0.0</ele></trkpt>
      <trkpt lat="37.57027" lon="-112.05617"><ele>0.0</ele></trkpt>
      <trkpt lat="37.57011" lon="-112.05603"><ele>0.0</ele></trkpt>
      <trkpt lat="37.56978" lon="-112.05568"><ele>0.0</ele></trkpt>
      <trkpt lat="37.56944" lon="-112.05524"><ele>0.0</ele></trkpt>
      <trkpt lat="37.56937" lon="-112.05513"><ele>0.0</ele></trkpt>
      <trkpt lat="37.56921" lon="-112.05485"><ele>0.0</ele></trkpt>
      <trkpt lat="37.56894" lon="-112.05431"><ele>0.0</ele></trkpt>
      <trkpt lat="37.56832" lon="-112.05297"><ele>0.0</ele></trkpt>
      <trkpt lat="37.56786" lon="-112.05203"><ele>0.0</ele></trkpt>
      <trkpt lat="37.56785" lon="-112.052"><ele>0.0</ele></trkpt>
      <trkpt lat="37.56712" lon="-112.05044"><ele>0.0</ele></trkpt>
      <trkpt lat="37.56702" lon="-112.05025"><ele>0.0</ele></trkpt>
      <trkpt lat="37.56694" lon="-112.05008"><ele>0.0</ele></trkpt>
      <trkpt lat="37.56693" lon="-112.05005"><ele>0.0</ele></trkpt>
      <trkpt lat="37.56673" lon="-112.04965"><ele>0.0</ele></trkpt>
      <trkpt lat="37.56644" lon="-112.04903"><ele>0.0</ele></trkpt>
      <trkpt lat="37.5661" lon="-112.04822"><ele>0.0</ele></trkpt>
      <trkpt lat="37.56609" lon="-112.04817"><ele>0.0</ele></trkpt>
      <trkpt lat="37.56605" lon="-112.04808"><ele>0.0</ele></trkpt>
      <trkpt lat="37.56599" lon="-112.04789"><ele>0.0</ele></trkpt>
      <trkpt lat="37.56598" lon="-112.04787"><ele>0.0</ele></trkpt>
      <trkpt lat="37.56565" lon="-112.04693"><ele>0.0</ele></trkpt>
      <trkpt lat="37.56556" lon="-112.04664"><ele>0.0</ele></trkpt>
      <trkpt lat="37.56555" lon="-112.04662"><ele>0.0</ele></trkpt>
      <trkpt lat="37.5655" lon="-112.04643"><ele>0.0</ele></trkpt>
      <trkpt lat="37.56547" lon="-112.04635"><ele>0.0</ele></trkpt>
      <trkpt lat="37.56543" lon="-112.04619"><ele>0.0</ele></trkpt>
      <trkpt lat="37.56531" lon="-112.0458"><ele>0.0</ele></trkpt>
      <trkpt lat="37.56501" lon="-112.04456"><ele>0.0</ele></trkpt>
      <trkpt lat="37.56501" lon="-112.04454"><ele>0.0</ele></trkpt>
      <trkpt lat="37.56464" lon="-112.0425"><ele>0.0</ele></trkpt>
      <trkpt lat="37.56462" lon="-112.04233"><ele>0.0</ele></trkpt>
      <trkpt lat="37.56442" lon="-112.04116"><ele>0.0</ele></trkpt>
      <trkpt lat="37.56441" lon="-112.04113"><ele>0.0</ele></trkpt>
      <trkpt lat="37.56423" lon="-112.04006"><ele>0.0</ele></trkpt>
      <trkpt lat="37.56423" lon="-112.04003"><ele>0.0</ele></trkpt>
      <trkpt lat="37.56419" lon="-112.03983"><ele>0.0</ele></trkpt>
      <trkpt lat="37.56401" lon="-112.03872"><ele>0.0</ele></trkpt>
      <trkpt lat="37.564" lon="-112.0387"><ele>0.0</ele></trkpt>
      <trkpt lat="37.56394" lon="-112.03828"><ele>0.0</ele></trkpt>
      <trkpt lat="37.56392" lon="-112.03819"><ele>0.0</ele></trkpt>
      <trkpt lat="37.56368" lon="-112.03679"><ele>0.0</ele></trkpt>
      <trkpt lat="37.56367" lon="-112.03675"><ele>0.0</ele></trkpt>
      <trkpt lat="37.56367" lon="-112.03673"><ele>0.0</ele></trkpt>
      <trkpt lat="37.56359" lon="-112.03629"><ele>0.0</ele></trkpt>
      <trkpt lat="37.56359" lon="-112.03628"><ele>0.0</ele></trkpt>
      <trkpt lat="37.56338" lon="-112.03521"><ele>0.0</ele></trkpt>
      <trkpt lat="37.56329" lon="-112.03486"><ele>0.0</ele></trkpt>
      <trkpt lat="37.56327" lon="-112.03476"><ele>0.0</ele></trkpt>
      <trkpt lat="37.56304" lon="-112.0339"><ele>0.0</ele></trkpt>
      <trkpt lat="37.56302" lon="-112.03385"><ele>0.0</ele></trkpt>
      <trkpt lat="37.56292" lon="-112.03348"><ele>0.0</ele></trkpt>
      <trkpt lat="37.56228" lon="-112.03148"><ele>0.0</ele></trkpt>
      <trkpt lat="37.56222" lon="-112.03126"><ele>0.0</ele></trkpt>
      <trkpt lat="37.5617" lon="-112.02962"><ele>0.0</ele></trkpt>
      <trkpt lat="37.56168" lon="-112.02958"><ele>0.0</ele></trkpt>
      <trkpt lat="37.56162" lon="-112.02937"><ele>0.0</ele></trkpt>
      <trkpt lat="37.56108" lon="-112.02768"><ele>0.0</ele></trkpt>
      <trkpt lat="37.56102" lon="-112.02747"><ele>0.0</ele></trkpt>
      <trkpt lat="37.56101" lon="-112.02745"><ele>0.0</ele></trkpt>
      <trkpt lat="37.56041" lon="-112.02555"><ele>0.0</ele></trkpt>
      <trkpt lat="37.5604" lon="-112.02554"><ele>0.0</ele></trkpt>
      <trkpt lat="37.5604" lon="-112.02552"><ele>0.0</ele></trkpt>
      <trkpt lat="37.56039" lon="-112.0255"><ele>0.0</ele></trkpt>
      <trkpt lat="37.56007" lon="-112.0245"><ele>0.0</ele></trkpt>
      <trkpt lat="37.56007" lon="-112.02449"><ele>0.0</ele></trkpt>
      <trkpt lat="37.56005" lon="-112.02445"><ele>0.0</ele></trkpt>
      <trkpt lat="37.56" lon="-112.02429"><ele>0.0</ele></trkpt>
      <trkpt lat="37.56" lon="-112.02427"><ele>0.0</ele></trkpt>
      <trkpt lat="37.55969" lon="-112.0233"><ele>0.0</ele></trkpt>
      <trkpt lat="37.55961" lon="-112.02302"><ele>0.0</ele></trkpt>
      <trkpt lat="37.55934" lon="-112.02218"><ele>0.0</ele></trkpt>
      <trkpt lat="37.55932" lon="-112.02213"><ele>0.0</ele></trkpt>
      <trkpt lat="37.55927" lon="-112.02197"><ele>0.0</ele></trkpt>
      <trkpt lat="37.55927" lon="-112.02196"><ele>0.0</ele></trkpt>
      <trkpt lat="37.55921" lon="-112.02176"><ele>0.0</ele></trkpt>
      <trkpt lat="37.5592" lon="-112.02175"><ele>0.0</ele></trkpt>
      <trkpt lat="37.55902" lon="-112.02114"><ele>0.0</ele></trkpt>
      <trkpt lat="37.55901" lon="-112.02112"><ele>0.0</ele></trkpt>
      <trkpt lat="37.559" lon="-112.02107"><ele>0.0</ele></trkpt>
      <trkpt lat="37.55895" lon="-112.02091"><ele>0.0</ele></trkpt>
      <trkpt lat="37.55895" lon="-112.0209"><ele>0.0</ele></trkpt>
      <trkpt lat="37.55885" lon="-112.02048"><ele>0.0</ele></trkpt>
      <trkpt lat="37.55884" lon="-112.02046"><ele>0.0</ele></trkpt>
      <trkpt lat="37.55878" lon="-112.02002"><ele>0.0</ele></trkpt>
      <trkpt lat="37.55878" lon="-112.01997"><ele>0.0</ele></trkpt>
      <trkpt lat="37.55877" lon="-112.01984"><ele>0.0</ele></trkpt>
      <trkpt lat="37.55877" lon="-112.01935"><ele>0.0</ele></trkpt>
      <trkpt lat="37.55879" lon="-112.01915"><ele>0.0</ele></trkpt>
      <trkpt lat="37.55879" lon="-112.01912"><ele>0.0</ele></trkpt>
      <trkpt lat="37.55883" lon="-112.01882"><ele>0.0</ele></trkpt>
      <trkpt lat="37.55892" lon="-112.01836"><ele>0.0</ele></trkpt>
      <trkpt lat="37.55893" lon="-112.01834"><ele>0.0</ele></trkpt>
      <trkpt lat="37.55896" lon="-112.01823"><ele>0.0</ele></trkpt>
      <trkpt lat="37.55898" lon="-112.01819"><ele>0.0</ele></trkpt>
      <trkpt lat="37.55905" lon="-112.01799"><ele>0.0</ele></trkpt>
      <trkpt lat="37.55932" lon="-112.01743"><ele>0.0</ele></trkpt>
      <trkpt lat="37.55945" lon="-112.01723"><ele>0.0</ele></trkpt>
      <trkpt lat="37.55947" lon="-112.01719"><ele>0.0</ele></trkpt>
      <trkpt lat="37.55974" lon="-112.01673"><ele>0.0</ele></trkpt>
      <trkpt lat="37.55991" lon="-112.01652"><ele>0.0</ele></trkpt>
      <trkpt lat="37.56" lon="-112.01642"><ele>0.0</ele></trkpt>
      <trkpt lat="37.56012" lon="-112.01627"><ele>0.0</ele></trkpt>
      <trkpt lat="37.56015" lon="-112.01624"><ele>0.0</ele></trkpt>
      <trkpt lat="37.56019" lon="-112.01618"><ele>0.0</ele></trkpt>
      <trkpt lat="37.56059" lon="-112.0157"><ele>0.0</ele></trkpt>
      <trkpt lat="37.56094" lon="-112.0152"><ele>0.0</ele></trkpt>
      <trkpt lat="37.56121" lon="-112.01477"><ele>0.0</ele></trkpt>
      <trkpt lat="37.56151" lon="-112.01422"><ele>0.0</ele></trkpt>
      <trkpt lat="37.5617" lon="-112.01383"><ele>0.0</ele></trkpt>
      <trkpt lat="37.56172" lon="-112.01378"><ele>0.0</ele></trkpt>
      <trkpt lat="37.56182" lon="-112.01358"><ele>0.0</ele></trkpt>
      <trkpt lat="37.56188" lon="-112.01341"><ele>0.0</ele></trkpt>
      <trkpt lat="37.56196" lon="-112.01322"><ele>0.0</ele></trkpt>
      <trkpt lat="37.56196" lon="-112.01321"><ele>0.0</ele></trkpt>
      <trkpt lat="37.56204" lon="-112.013"><ele>0.0</ele></trkpt>
      <trkpt lat="37.5621" lon="-112.01281"><ele>0.0</ele></trkpt>
      <trkpt lat="37.56211" lon="-112.01279"><ele>0.0</ele></trkpt>
      <trkpt lat="37.56214" lon="-112.01271"><ele>0.0</ele></trkpt>
      <trkpt lat="37.56216" lon="-112.01263"><ele>0.0</ele></trkpt>
      <trkpt lat="37.56218" lon="-112.01258"><ele>0.0</ele></trkpt>
      <trkpt lat="37.56224" lon="-112.01237"><ele>0.0</ele></trkpt>
      <trkpt lat="37.56226" lon="-112.01232"><ele>0.0</ele></trkpt>
      <trkpt lat="37.56234" lon="-112.01203"><ele>0.0</ele></trkpt>
      <trkpt lat="37.56257" lon="-112.011"><ele>0.0</ele></trkpt>
      <trkpt lat="37.56261" lon="-112.01074"><ele>0.0</ele></trkpt>
      <trkpt lat="37.56262" lon="-112.01064"><ele>0.0</ele></trkpt>
      <trkpt lat="37.56266" lon="-112.0104"><ele>0.0</ele></trkpt>
      <trkpt lat="37.56273" lon="-112.00963"><ele>0.0</ele></trkpt>
      <trkpt lat="37.56274" lon="-112.00924"><ele>0.0</ele></trkpt>
      <trkpt lat="37.56263" lon="-112.00093"><ele>0.0</ele></trkpt>
      <trkpt lat="37.56262" lon="-112.00075"><ele>0.0</ele></trkpt>
      <trkpt lat="37.56258" lon="-111.99792"><ele>0.0</ele></trkpt>
      <trkpt lat="37.56257" lon="-111.9977"><ele>0.0</ele></trkpt>
      <trkpt lat="37.56257" lon="-111.99735"><ele>0.0</ele></trkpt>
      <trkpt lat="37.56256" lon="-111.99725"><ele>0.0</ele></trkpt>
      <trkpt lat="37.56252" lon="-111.99385"><ele>0.0</ele></trkpt>
      <trkpt lat="37.56251" lon="-111.9937"><ele>0.0</ele></trkpt>
      <trkpt lat="37.56251" lon="-111.99337"><ele>0.0</ele></trkpt>
      <trkpt lat="37.56252" lon="-111.99324"><ele>0.0</ele></trkpt>
      <trkpt lat="37.56253" lon="-111.99317"><ele>0.0</ele></trkpt>
      <trkpt lat="37.56253" lon="-111.99309"><ele>0.0</ele></trkpt>
      <trkpt lat="37.56258" lon="-111.99282"><ele>0.0</ele></trkpt>
      <trkpt lat="37.56264" lon="-111.99265"><ele>0.0</ele></trkpt>
      <trkpt lat="37.56265" lon="-111.99261"><ele>0.0</ele></trkpt>
      <trkpt lat="37.56269" lon="-111.9925"><ele>0.0</ele></trkpt>
      <trkpt lat="37.5628" lon="-111.99227"><ele>0.0</ele></trkpt>
      <trkpt lat="37.56286" lon="-111.99217"><ele>0.0</ele></trkpt>
      <trkpt lat="37.56292" lon="-111.9921"><ele>0.0</ele></trkpt>
      <trkpt lat="37.56296" lon="-111.99203"><ele>0.0</ele></trkpt>
      <trkpt lat="37.56303" lon="-111.99196"><ele>0.0</ele></trkpt>
      <trkpt lat="37.56306" lon="-111.99192"><ele>0.0</ele></trkpt>
      <trkpt lat="37.56308" lon="-111.9919"><ele>0.0</ele></trkpt>
      <trkpt lat="37.56309" lon="-111.99188"><ele>0.0</ele></trkpt>
      <trkpt lat="37.56322" lon="-111.99176"><ele>0.0</ele></trkpt>
      <trkpt lat="37.56341" lon="-111.99163"><ele>0.0</ele></trkpt>
      <trkpt lat="37.56354" lon="-111.99156"><ele>0.0</ele></trkpt>
      <trkpt lat="37.56363" lon="-111.99152"><ele>0.0</ele></trkpt>
      <trkpt lat="37.56369" lon="-111.9915"><ele>0.0</ele></trkpt>
      <trkpt lat="37.56376" lon="-111.99147"><ele>0.0</ele></trkpt>
      <trkpt lat="37.56382" lon="-111.99145"><ele>0.0</ele></trkpt>
      <trkpt lat="37.56389" lon="-111.99142"><ele>0.0</ele></trkpt>
      <trkpt lat="37.5666" lon="-111.99044"><ele>0.0</ele></trkpt>
      <trkpt lat="37.56664" lon="-111.99043"><ele>0.0</ele></trkpt>
      <trkpt lat="37.56801" lon="-111.98993"><ele>0.0</ele></trkpt>
      <trkpt lat="37.56802" lon="-111.98992"><ele>0.0</ele></trkpt>
      <trkpt lat="37.56818" lon="-111.98986"><ele>0.0</ele></trkpt>
      <trkpt lat="37.56831" lon="-111.98982"><ele>0.0</ele></trkpt>
      <trkpt lat="37.56956" lon="-111.98936"><ele>0.0</ele></trkpt>
      <trkpt lat="37.5696" lon="-111.98935"><ele>0.0</ele></trkpt>
      <trkpt lat="37.56961" lon="-111.98935"><ele>0.0</ele></trkpt>
      <trkpt lat="37.56977" lon="-111.98928"><ele>0.0</ele></trkpt>
      <trkpt lat="37.57357" lon="-111.9879"><ele>0.0</ele></trkpt>
      <trkpt lat="37.57374" lon="-111.98783"><ele>0.0</ele></trkpt>
      <trkpt lat="37.57682" lon="-111.98671"><ele>0.0</ele></trkpt>
      <trkpt lat="37.57686" lon="-111.9867"><ele>0.0</ele></trkpt>
      <trkpt lat="37.57699" lon="-111.98665"><ele>0.0</ele></trkpt>
      <trkpt lat="37.57703" lon="-111.98664"><ele>0.0</ele></trkpt>
      <trkpt lat="37.57751" lon="-111.98646"><ele>0.0</ele></trkpt>
      <trkpt lat="37.57755" lon="-111.98645"><ele>0.0</ele></trkpt>
      <trkpt lat="37.57757" lon="-111.98644"><ele>0.0</ele></trkpt>
      <trkpt lat="37.57768" lon="-111.9864"><ele>0.0</ele></trkpt>
      <trkpt lat="37.57772" lon="-111.98639"><ele>0.0</ele></trkpt>
      <trkpt lat="37.57876" lon="-111.98601"><ele>0.0</ele></trkpt>
      <trkpt lat="37.57878" lon="-111.986"><ele>0.0</ele></trkpt>
      <trkpt lat="37.581" lon="-111.98519"><ele>0.0</ele></trkpt>
      <trkpt lat="37.58102" lon="-111.98519"><ele>0.0</ele></trkpt>
      <trkpt lat="37.58106" lon="-111.98517"><ele>0.0</ele></trkpt>
      <trkpt lat="37.58114" lon="-111.98514"><ele>0.0</ele></trkpt>
      <trkpt lat="37.58118" lon="-111.98513"><ele>0.0</ele></trkpt>
      <trkpt lat="37.58183" lon="-111.98489"><ele>0.0</ele></trkpt>
      <trkpt lat="37.58187" lon="-111.98488"><ele>0.0</ele></trkpt>
      <trkpt lat="37.58304" lon="-111.98445"><ele>0.0</ele></trkpt>
      <trkpt lat="37.58308" lon="-111.98444"><ele>0.0</ele></trkpt>
      <trkpt lat="37.58546" lon="-111.98357"><ele>0.0</ele></trkpt>
      <trkpt lat="37.5855" lon="-111.98356"><ele>0.0</ele></trkpt>
      <trkpt lat="37.58684" lon="-111.98307"><ele>0.0</ele></trkpt>
      <trkpt lat="37.58693" lon="-111.98303"><ele>0.0</ele></trkpt>
      <trkpt lat="37.58989" lon="-111.98195"><ele>0.0</ele></trkpt>
      <trkpt lat="37.58999" lon="-111.98192"><ele>0.0</ele></trkpt>
      <trkpt lat="37.59016" lon="-111.98185"><ele>0.0</ele></trkpt>
      <trkpt lat="37.59047" lon="-111.98174"><ele>0.0</ele></trkpt>
      <trkpt lat="37.59051" lon="-111.98172"><ele>0.0</ele></trkpt>
      <trkpt lat="37.59056" lon="-111.98171"><ele>0.0</ele></trkpt>
      <trkpt lat="37.59059" lon="-111.98169"><ele>0.0</ele></trkpt>
      <trkpt lat="37.59108" lon="-111.98152"><ele>0.0</ele></trkpt>
      <trkpt lat="37.59116" lon="-111.98148"><ele>0.0</ele></trkpt>
      <trkpt lat="37.5912" lon="-111.98147"><ele>0.0</ele></trkpt>
      <trkpt lat="37.59402" lon="-111.98043"><ele>0.0</ele></trkpt>
      <trkpt lat="37.59417" lon="-111.98036"><ele>0.0</ele></trkpt>
      <trkpt lat="37.59418" lon="-111.98035"><ele>0.0</ele></trkpt>
      <trkpt lat="37.59419" lon="-111.98035"><ele>0.0</ele></trkpt>
      <trkpt lat="37.59425" lon="-111.98032"><ele>0.0</ele></trkpt>
      <trkpt lat="37.59428" lon="-111.9803"><ele>0.0</ele></trkpt>
      <trkpt lat="37.59429" lon="-111.9803"><ele>0.0</ele></trkpt>
      <trkpt lat="37.5946" lon="-111.98012"><ele>0.0</ele></trkpt>
      <trkpt lat="37.595" lon="-111.97985"><ele>0.0</ele></trkpt>
      <trkpt lat="37.5951" lon="-111.97976"><ele>0.0</ele></trkpt>
      <trkpt lat="37.59517" lon="-111.97971"><ele>0.0</ele></trkpt>
      <trkpt lat="37.59543" lon="-111.97948"><ele>0.0</ele></trkpt>
      <trkpt lat="37.59554" lon="-111.97937"><ele>0.0</ele></trkpt>
      <trkpt lat="37.59555" lon="-111.97937"><ele>0.0</ele></trkpt>
      <trkpt lat="37.59568" lon="-111.97923"><ele>0.0</ele></trkpt>
      <trkpt lat="37.5957" lon="-111.9792"><ele>0.0</ele></trkpt>
      <trkpt lat="37.59599" lon="-111.97886"><ele>0.0</ele></trkpt>
      <trkpt lat="37.5964" lon="-111.97827"><ele>0.0</ele></trkpt>
      <trkpt lat="37.59673" lon="-111.97769"><ele>0.0</ele></trkpt>
      <trkpt lat="37.59801" lon="-111.97528"><ele>0.0</ele></trkpt>
      <trkpt lat="37.59804" lon="-111.97524"><ele>0.0</ele></trkpt>
      <trkpt lat="37.59926" lon="-111.97295"><ele>0.0</ele></trkpt>
      <trkpt lat="37.59929" lon="-111.97291"><ele>0.0</ele></trkpt>
      <trkpt lat="37.59931" lon="-111.97286"><ele>0.0</ele></trkpt>
      <trkpt lat="37.6018" lon="-111.9682"><ele>0.0</ele></trkpt>
      <trkpt lat="37.60218" lon="-111.96746"><ele>0.0</ele></trkpt>
      <trkpt lat="37.60221" lon="-111.96739"><ele>0.0</ele></trkpt>
      <trkpt lat="37.60229" lon="-111.96723"><ele>0.0</ele></trkpt>
      <trkpt lat="37.60244" lon="-111.96685"><ele>0.0</ele></trkpt>
      <trkpt lat="37.6026" lon="-111.96639"><ele>0.0</ele></trkpt>
      <trkpt lat="37.60266" lon="-111.96615"><ele>0.0</ele></trkpt>
      <trkpt lat="37.60266" lon="-111.96614"><ele>0.0</ele></trkpt>
      <trkpt lat="37.60271" lon="-111.96595"><ele>0.0</ele></trkpt>
      <trkpt lat="37.60271" lon="-111.96593"><ele>0.0</ele></trkpt>
      <trkpt lat="37.60274" lon="-111.9658"><ele>0.0</ele></trkpt>
      <trkpt lat="37.60286" lon="-111.96509"><ele>0.0</ele></trkpt>
      <trkpt lat="37.60291" lon="-111.96459"><ele>0.0</ele></trkpt>
      <trkpt lat="37.60292" lon="-111.96441"><ele>0.0</ele></trkpt>
      <trkpt lat="37.60292" lon="-111.96379"><ele>0.0</ele></trkpt>
      <trkpt lat="37.60291" lon="-111.96357"><ele>0.0</ele></trkpt>
      <trkpt lat="37.60288" lon="-111.96324"><ele>0.0</ele></trkpt>
      <trkpt lat="37.60287" lon="-111.96318"><ele>0.0</ele></trkpt>
      <trkpt lat="37.60285" lon="-111.96296"><ele>0.0</ele></trkpt>
      <trkpt lat="37.60274" lon="-111.96234"><ele>0.0</ele></trkpt>
      <trkpt lat="37.60268" lon="-111.96209"><ele>0.0</ele></trkpt>
      <trkpt lat="37.60253" lon="-111.96158"><ele>0.0</ele></trkpt>
      <trkpt lat="37.60246" lon="-111.96137"><ele>0.0</ele></trkpt>
      <trkpt lat="37.60234" lon="-111.96105"><ele>0.0</ele></trkpt>
      <trkpt lat="37.60218" lon="-111.96068"><ele>0.0</ele></trkpt>
      <trkpt lat="37.60194" lon="-111.96007"><ele>0.0</ele></trkpt>
      <trkpt lat="37.60192" lon="-111.96003"><ele>0.0</ele></trkpt>
      <trkpt lat="37.60169" lon="-111.95946"><ele>0.0</ele></trkpt>
      <trkpt lat="37.60167" lon="-111.9594"><ele>0.0</ele></trkpt>
      <trkpt lat="37.601" lon="-111.95775"><ele>0.0</ele></trkpt>
      <trkpt lat="37.60092" lon="-111.95757"><ele>0.0</ele></trkpt>
      <trkpt lat="37.59874" lon="-111.95219"><ele>0.0</ele></trkpt>
      <trkpt lat="37.59865" lon="-111.95199"><ele>0.0</ele></trkpt>
      <trkpt lat="37.59833" lon="-111.95118"><ele>0.0</ele></trkpt>
      <trkpt lat="37.59824" lon="-111.95098"><ele>0.0</ele></trkpt>
      <trkpt lat="37.59517" lon="-111.94342"><ele>0.0</ele></trkpt>
      <trkpt lat="37.59486" lon="-111.94261"><ele>0.0</ele></trkpt>
      <trkpt lat="37.59454" lon="-111.94164"><ele>0.0</ele></trkpt>
      <trkpt lat="37.59422" lon="-111.94048"><ele>0.0</ele></trkpt>
      <trkpt lat="37.59403" lon="-111.93966"><ele>0.0</ele></trkpt>
      <trkpt lat="37.59399" lon="-111.93944"><ele>0.0</ele></trkpt>
      <trkpt lat="37.59272" lon="-111.93376"><ele>0.0</ele></trkpt>
      <trkpt lat="37.59272" lon="-111.93374"><ele>0.0</ele></trkpt>
      <trkpt lat="37.59208" lon="-111.93084"><ele>0.0</ele></trkpt>
      <trkpt lat="37.59206" lon="-111.93069"><ele>0.0</ele></trkpt>
      <trkpt lat="37.59204" lon="-111.93061"><ele>0.0</ele></trkpt>
      <trkpt lat="37.59201" lon="-111.93038"><ele>0.0</ele></trkpt>
      <trkpt lat="37.592" lon="-111.93018"><ele>0.0</ele></trkpt>
      <trkpt lat="37.592" lon="-111.92979"><ele>0.0</ele></trkpt>
      <trkpt lat="37.59204" lon="-111.92938"><ele>0.0</ele></trkpt>
      <trkpt lat="37.59213" lon="-111.92896"><ele>0.0</ele></trkpt>
      <trkpt lat="37.59222" lon="-111.92865"><ele>0.0</ele></trkpt>
      <trkpt lat="37.59243" lon="-111.92818"><ele>0.0</ele></trkpt>
      <trkpt lat="37.59248" lon="-111.9281"><ele>0.0</ele></trkpt>
      <trkpt lat="37.59257" lon="-111.92793"><ele>0.0</ele></trkpt>
      <trkpt lat="37.5935" lon="-111.92664"><ele>0.0</ele></trkpt>
      <trkpt lat="37.59366" lon="-111.92639"><ele>0.0</ele></trkpt>
      <trkpt lat="37.59369" lon="-111.92635"><ele>0.0</ele></trkpt>
      <trkpt lat="37.59377" lon="-111.92621"><ele>0.0</ele></trkpt>
      <trkpt lat="37.59397" lon="-111.92582"><ele>0.0</ele></trkpt>
      <trkpt lat="37.59406" lon="-111.92562"><ele>0.0</ele></trkpt>
      <trkpt lat="37.5942" lon="-111.92522"><ele>0.0</ele></trkpt>
      <trkpt lat="37.59422" lon="-111.92518"><ele>0.0</ele></trkpt>
      <trkpt lat="37.59432" lon="-111.92479"><ele>0.0</ele></trkpt>
      <trkpt lat="37.59434" lon="-111.92475"><ele>0.0</ele></trkpt>
      <trkpt lat="37.59447" lon="-111.92421"><ele>0.0</ele></trkpt>
      <trkpt lat="37.59448" lon="-111.92414"><ele>0.0</ele></trkpt>
      <trkpt lat="37.59454" lon="-111.92393"><ele>0.0</ele></trkpt>
      <trkpt lat="37.59463" lon="-111.92356"><ele>0.0</ele></trkpt>
      <trkpt lat="37.59474" lon="-111.92324"><ele>0.0</ele></trkpt>
      <trkpt lat="37.5949" lon="-111.92283"><ele>0.0</ele></trkpt>
      <trkpt lat="37.59505" lon="-111.92252"><ele>0.0</ele></trkpt>
      <trkpt lat="37.59516" lon="-111.92233"><ele>0.0</ele></trkpt>
      <trkpt lat="37.5954" lon="-111.92195"><ele>0.0</ele></trkpt>
      <trkpt lat="37.59554" lon="-111.92176"><ele>0.0</ele></trkpt>
      <trkpt lat="37.59603" lon="-111.92115"><ele>0.0</ele></trkpt>
      <trkpt lat="37.59616" lon="-111.921"><ele>0.0</ele></trkpt>
      <trkpt lat="37.59616" lon="-111.92099"><ele>0.0</ele></trkpt>
      <trkpt lat="37.59656" lon="-111.92053"><ele>0.0</ele></trkpt>
      <trkpt lat="37.59704" lon="-111.92003"><ele>0.0</ele></trkpt>
      <trkpt lat="37.5974" lon="-111.91971"><ele>0.0</ele></trkpt>
      <trkpt lat="37.59788" lon="-111.91938"><ele>0.0</ele></trkpt>
      <trkpt lat="37.59797" lon="-111.9193"><ele>0.0</ele></trkpt>
      <trkpt lat="37.59883" lon="-111.91876"><ele>0.0</ele></trkpt>
      <trkpt lat="37.59965" lon="-111.9183"><ele>0.0</ele></trkpt>
      <trkpt lat="37.59981" lon="-111.9182"><ele>0.0</ele></trkpt>
      <trkpt lat="37.59998" lon="-111.91811"><ele>0.0</ele></trkpt>
      <trkpt lat="37.60003" lon="-111.91807"><ele>0.0</ele></trkpt>
      <trkpt lat="37.6003" lon="-111.9179"><ele>0.0</ele></trkpt>
      <trkpt lat="37.60177" lon="-111.91704"><ele>0.0</ele></trkpt>
      <trkpt lat="37.6025" lon="-111.91658"><ele>0.0</ele></trkpt>
      <trkpt lat="37.60266" lon="-111.91645"><ele>0.0</ele></trkpt>
      <trkpt lat="37.60292" lon="-111.91616"><ele>0.0</ele></trkpt>
      <trkpt lat="37.60303" lon="-111.91602"><ele>0.0</ele></trkpt>
      <trkpt lat="37.60329" lon="-111.91561"><ele>0.0</ele></trkpt>
      <trkpt lat="37.60349" lon="-111.91516"><ele>0.0</ele></trkpt>
      <trkpt lat="37.60351" lon="-111.91509"><ele>0.0</ele></trkpt>
      <trkpt lat="37.60357" lon="-111.91492"><ele>0.0</ele></trkpt>
      <trkpt lat="37.60368" lon="-111.91448"><ele>0.0</ele></trkpt>
      <trkpt lat="37.60372" lon="-111.91411"><ele>0.0</ele></trkpt>
      <trkpt lat="37.60375" lon="-111.91366"><ele>0.0</ele></trkpt>
      <trkpt lat="37.60376" lon="-111.91362"><ele>0.0</ele></trkpt>
      <trkpt lat="37.60377" lon="-111.91339"><ele>0.0</ele></trkpt>
      <trkpt lat="37.60393" lon="-111.91132"><ele>0.0</ele></trkpt>
      <trkpt lat="37.604" lon="-111.911"><ele>0.0</ele></trkpt>
      <trkpt lat="37.60409" lon="-111.91073"><ele>0.0</ele></trkpt>
      <trkpt lat="37.60416" lon="-111.91056"><ele>0.0</ele></trkpt>
      <trkpt lat="37.60436" lon="-111.91014"><ele>0.0</ele></trkpt>
      <trkpt lat="37.60451" lon="-111.90985"><ele>0.0</ele></trkpt>
      <trkpt lat="37.60607" lon="-111.90775"><ele>0.0</ele></trkpt>
      <trkpt lat="37.60624" lon="-111.9075"><ele>0.0</ele></trkpt>
      <trkpt lat="37.60668" lon="-111.90678"><ele>0.0</ele></trkpt>
      <trkpt lat="37.60671" lon="-111.90672"><ele>0.0</ele></trkpt>
      <trkpt lat="37.60672" lon="-111.90672"><ele>0.0</ele></trkpt>
      <trkpt lat="37.60676" lon="-111.90663"><ele>0.0</ele></trkpt>
      <trkpt lat="37.60679" lon="-111.9066"><ele>0.0</ele></trkpt>
      <trkpt lat="37.60709" lon="-111.90607"><ele>0.0</ele></trkpt>
      <trkpt lat="37.60787" lon="-111.90455"><ele>0.0</ele></trkpt>
      <trkpt lat="37.60791" lon="-111.90446"><ele>0.0</ele></trkpt>
      <trkpt lat="37.60839" lon="-111.9035"><ele>0.0</ele></trkpt>
      <trkpt lat="37.60839" lon="-111.90349"><ele>0.0</ele></trkpt>
      <trkpt lat="37.6084" lon="-111.90348"><ele>0.0</ele></trkpt>
      <trkpt lat="37.60877" lon="-111.90273"><ele>0.0</ele></trkpt>
      <trkpt lat="37.60877" lon="-111.90272"><ele>0.0</ele></trkpt>
      <trkpt lat="37.6088" lon="-111.90267"><ele>0.0</ele></trkpt>
      <trkpt lat="37.60905" lon="-111.90215"><ele>0.0</ele></trkpt>
      <trkpt lat="37.60915" lon="-111.90196"><ele>0.0</ele></trkpt>
      <trkpt lat="37.60915" lon="-111.90195"><ele>0.0</ele></trkpt>
      <trkpt lat="37.61018" lon="-111.89989"><ele>0.0</ele></trkpt>
      <trkpt lat="37.6102" lon="-111.89984"><ele>0.0</ele></trkpt>
      <trkpt lat="37.61104" lon="-111.89822"><ele>0.0</ele></trkpt>
      <trkpt lat="37.6113" lon="-111.89785"><ele>0.0</ele></trkpt>
      <trkpt lat="37.61167" lon="-111.89745"><ele>0.0</ele></trkpt>
      <trkpt lat="37.61203" lon="-111.89713"><ele>0.0</ele></trkpt>
      <trkpt lat="37.61211" lon="-111.89707"><ele>0.0</ele></trkpt>
      <trkpt lat="37.613" lon="-111.89654"><ele>0.0</ele></trkpt>
      <trkpt lat="37.61317" lon="-111.89645"><ele>0.0</ele></trkpt>
      <trkpt lat="37.61331" lon="-111.89636"><ele>0.0</ele></trkpt>
      <trkpt lat="37.61341" lon="-111.89631"><ele>0.0</ele></trkpt>
      <trkpt lat="37.61343" lon="-111.89629"><ele>0.0</ele></trkpt>
      <trkpt lat="37.61374" lon="-111.89613"><ele>0.0</ele></trkpt>
      <trkpt lat="37.61381" lon="-111.8961"><ele>0.0</ele></trkpt>
      <trkpt lat="37.61432" lon="-111.89582"><ele>0.0</ele></trkpt>
      <trkpt lat="37.61449" lon="-111.89574"><ele>0.0</ele></trkpt>
      <trkpt lat="37.61457" lon="-111.89569"><ele>0.0</ele></trkpt>
      <trkpt lat="37.61488" lon="-111.89554"><ele>0.0</ele></trkpt>
      <trkpt lat="37.6154" lon="-111.89521"><ele>0.0</ele></trkpt>
      <trkpt lat="37.61549" lon="-111.89513"><ele>0.0</ele></trkpt>
      <trkpt lat="37.61553" lon="-111.8951"><ele>0.0</ele></trkpt>
      <trkpt lat="37.61588" lon="-111.89472"><ele>0.0</ele></trkpt>
      <trkpt lat="37.61611" lon="-111.89438"><ele>0.0</ele></trkpt>
      <trkpt lat="37.61611" lon="-111.89437"><ele>0.0</ele></trkpt>
      <trkpt lat="37.61621" lon="-111.89419"><ele>0.0</ele></trkpt>
      <trkpt lat="37.61624" lon="-111.89415"><ele>0.0</ele></trkpt>
      <trkpt lat="37.6163" lon="-111.89399"><ele>0.0</ele></trkpt>
      <trkpt lat="37.61637" lon="-111.89384"><ele>0.0</ele></trkpt>
      <trkpt lat="37.61651" lon="-111.89339"><ele>0.0</ele></trkpt>
      <trkpt lat="37.61651" lon="-111.89336"><ele>0.0</ele></trkpt>
      <trkpt lat="37.61655" lon="-111.89321"><ele>0.0</ele></trkpt>
      <trkpt lat="37.61659" lon="-111.89292"><ele>0.0</ele></trkpt>
      <trkpt lat="37.61659" lon="-111.8929"><ele>0.0</ele></trkpt>
      <trkpt lat="37.61661" lon="-111.89274"><ele>0.0</ele></trkpt>
      <trkpt lat="37.61662" lon="-111.8927"><ele>0.0</ele></trkpt>
      <trkpt lat="37.61663" lon="-111.89262"><ele>0.0</ele></trkpt>
      <trkpt lat="37.61663" lon="-111.89223"><ele>0.0</ele></trkpt>
      <trkpt lat="37.61662" lon="-111.89207"><ele>0.0</ele></trkpt>
      <trkpt lat="37.61659" lon="-111.8918"><ele>0.0</ele></trkpt>
      <trkpt lat="37.61647" lon="-111.89113"><ele>0.0</ele></trkpt>
      <trkpt lat="37.61642" lon="-111.89091"><ele>0.0</ele></trkpt>
      <trkpt lat="37.61615" lon="-111.8894"><ele>0.0</ele></trkpt>
      <trkpt lat="37.61614" lon="-111.88936"><ele>0.0</ele></trkpt>
      <trkpt lat="37.61614" lon="-111.88934"><ele>0.0</ele></trkpt>
      <trkpt lat="37.61589" lon="-111.88802"><ele>0.0</ele></trkpt>
      <trkpt lat="37.61578" lon="-111.88734"><ele>0.0</ele></trkpt>
      <trkpt lat="37.61576" lon="-111.88716"><ele>0.0</ele></trkpt>
      <trkpt lat="37.61574" lon="-111.88672"><ele>0.0</ele></trkpt>
      <trkpt lat="37.61575" lon="-111.88621"><ele>0.0</ele></trkpt>
      <trkpt lat="37.61578" lon="-111.88571"><ele>0.0</ele></trkpt>
      <trkpt lat="37.61583" lon="-111.88542"><ele>0.0</ele></trkpt>
      <trkpt lat="37.61584" lon="-111.88531"><ele>0.0</ele></trkpt>
      <trkpt lat="37.61602" lon="-111.88459"><ele>0.0</ele></trkpt>
      <trkpt lat="37.61626" lon="-111.88384"><ele>0.0</ele></trkpt>
      <trkpt lat="37.619" lon="-111.8761"><ele>0.0</ele></trkpt>
      <trkpt lat="37.61933" lon="-111.87522"><ele>0.0</ele></trkpt>
      <trkpt lat="37.62116" lon="-111.87004"><ele>0.0</ele></trkpt>
      <trkpt lat="37.62117" lon="-111.87002"><ele>0.0</ele></trkpt>
      <trkpt lat="37.62168" lon="-111.86795"><ele>0.0</ele></trkpt>
      <trkpt lat="37.62179" lon="-111.86687"><ele>0.0</ele></trkpt>
      <trkpt lat="37.62175" lon="-111.86599"><ele>0.0</ele></trkpt>
      <trkpt lat="37.62157" lon="-111.86421"><ele>0.0</ele></trkpt>
      <trkpt lat="37.62157" lon="-111.86418"><ele>0.0</ele></trkpt>
      <trkpt lat="37.62156" lon="-111.86416"><ele>0.0</ele></trkpt>
      <trkpt lat="37.62154" lon="-111.86399"><ele>0.0</ele></trkpt>
      <trkpt lat="37.62154" lon="-111.86395"><ele>0.0</ele></trkpt>
      <trkpt lat="37.62152" lon="-111.86376"><ele>0.0</ele></trkpt>
      <trkpt lat="37.62152" lon="-111.86372"><ele>0.0</ele></trkpt>
      <trkpt lat="37.62147" lon="-111.86331"><ele>0.0</ele></trkpt>
      <trkpt lat="37.62147" lon="-111.86303"><ele>0.0</ele></trkpt>
      <trkpt lat="37.62146" lon="-111.86286"><ele>0.0</ele></trkpt>
      <trkpt lat="37.6215" lon="-111.86206"><ele>0.0</ele></trkpt>
      <trkpt lat="37.62159" lon="-111.86145"><ele>0.0</ele></trkpt>
      <trkpt lat="37.6217" lon="-111.86099"><ele>0.0</ele></trkpt>
      <trkpt lat="37.622" lon="-111.86001"><ele>0.0</ele></trkpt>
      <trkpt lat="37.62216" lon="-111.85956"><ele>0.0</ele></trkpt>
      <trkpt lat="37.6222" lon="-111.85943"><ele>0.0</ele></trkpt>
      <trkpt lat="37.62246" lon="-111.85877"><ele>0.0</ele></trkpt>
      <trkpt lat="37.62247" lon="-111.85873"><ele>0.0</ele></trkpt>
      <trkpt lat="37.62272" lon="-111.85803"><ele>0.0</ele></trkpt>
      <trkpt lat="37.62305" lon="-111.85702"><ele>0.0</ele></trkpt>
      <trkpt lat="37.62317" lon="-111.85659"><ele>0.0</ele></trkpt>
      <trkpt lat="37.62326" lon="-111.85615"><ele>0.0</ele></trkpt>
      <trkpt lat="37.62332" lon="-111.8558"><ele>0.0</ele></trkpt>
      <trkpt lat="37.62332" lon="-111.85577"><ele>0.0</ele></trkpt>
      <trkpt lat="37.62333" lon="-111.85575"><ele>0.0</ele></trkpt>
      <trkpt lat="37.62336" lon="-111.85546"><ele>0.0</ele></trkpt>
      <trkpt lat="37.62338" lon="-111.85535"><ele>0.0</ele></trkpt>
      <trkpt lat="37.62351" lon="-111.85409"><ele>0.0</ele></trkpt>
      <trkpt lat="37.62359" lon="-111.85357"><ele>0.0</ele></trkpt>
      <trkpt lat="37.62363" lon="-111.85342"><ele>0.0</ele></trkpt>
      <trkpt lat="37.62368" lon="-111.85328"><ele>0.0</ele></trkpt>
      <trkpt lat="37.62374" lon="-111.85314"><ele>0.0</ele></trkpt>
      <trkpt lat="37.62374" lon="-111.85313"><ele>0.0</ele></trkpt>
      <trkpt lat="37.62388" lon="-111.85285"><ele>0.0</ele></trkpt>
      <trkpt lat="37.62406" lon="-111.85258"><ele>0.0</ele></trkpt>
      <trkpt lat="37.62413" lon="-111.8525"><ele>0.0</ele></trkpt>
      <trkpt lat="37.62419" lon="-111.85244"><ele>0.0</ele></trkpt>
      <trkpt lat="37.62432" lon="-111.85229"><ele>0.0</ele></trkpt>
      <trkpt lat="37.62477" lon="-111.85188"><ele>0.0</ele></trkpt>
      <trkpt lat="37.62515" lon="-111.85159"><ele>0.0</ele></trkpt>
      <trkpt lat="37.6254" lon="-111.85142"><ele>0.0</ele></trkpt>
      <trkpt lat="37.62542" lon="-111.8514"><ele>0.0</ele></trkpt>
      <trkpt lat="37.62556" lon="-111.85132"><ele>0.0</ele></trkpt>
      <trkpt lat="37.62583" lon="-111.85115"><ele>0.0</ele></trkpt>
      <trkpt lat="37.62638" lon="-111.85078"><ele>0.0</ele></trkpt>
      <trkpt lat="37.62668" lon="-111.8506"><ele>0.0</ele></trkpt>
      <trkpt lat="37.6267" lon="-111.85058"><ele>0.0</ele></trkpt>
      <trkpt lat="37.62697" lon="-111.8504"><ele>0.0</ele></trkpt>
      <trkpt lat="37.62702" lon="-111.85036"><ele>0.0</ele></trkpt>
      <trkpt lat="37.62704" lon="-111.85035"><ele>0.0</ele></trkpt>
      <trkpt lat="37.62709" lon="-111.8503"><ele>0.0</ele></trkpt>
      <trkpt lat="37.6273" lon="-111.85013"><ele>0.0</ele></trkpt>
      <trkpt lat="37.62789" lon="-111.84957"><ele>0.0</ele></trkpt>
      <trkpt lat="37.62792" lon="-111.84955"><ele>0.0</ele></trkpt>
      <trkpt lat="37.62819" lon="-111.8493"><ele>0.0</ele></trkpt>
      <trkpt lat="37.62821" lon="-111.84929"><ele>0.0</ele></trkpt>
      <trkpt lat="37.62826" lon="-111.84924"><ele>0.0</ele></trkpt>
      <trkpt lat="37.62834" lon="-111.84918"><ele>0.0</ele></trkpt>
      <trkpt lat="37.62839" lon="-111.84913"><ele>0.0</ele></trkpt>
      <trkpt lat="37.62861" lon="-111.84894"><ele>0.0</ele></trkpt>
      <trkpt lat="37.62862" lon="-111.84894"><ele>0.0</ele></trkpt>
      <trkpt lat="37.62865" lon="-111.84891"><ele>0.0</ele></trkpt>
      <trkpt lat="37.62867" lon="-111.8489"><ele>0.0</ele></trkpt>
      <trkpt lat="37.62869" lon="-111.84888"><ele>0.0</ele></trkpt>
      <trkpt lat="37.62871" lon="-111.84887"><ele>0.0</ele></trkpt>
      <trkpt lat="37.62879" lon="-111.84881"><ele>0.0</ele></trkpt>
      <trkpt lat="37.62883" lon="-111.84877"><ele>0.0</ele></trkpt>
      <trkpt lat="37.62894" lon="-111.84869"><ele>0.0</ele></trkpt>
      <trkpt lat="37.62898" lon="-111.84867"><ele>0.0</ele></trkpt>
      <trkpt lat="37.62899" lon="-111.84866"><ele>0.0</ele></trkpt>
      <trkpt lat="37.62906" lon="-111.84861"><ele>0.0</ele></trkpt>
      <trkpt lat="37.62924" lon="-111.8485"><ele>0.0</ele></trkpt>
      <trkpt lat="37.62926" lon="-111.84848"><ele>0.0</ele></trkpt>
      <trkpt lat="37.6294" lon="-111.8484"><ele>0.0</ele></trkpt>
      <trkpt lat="37.62943" lon="-111.84839"><ele>0.0</ele></trkpt>
      <trkpt lat="37.62945" lon="-111.84838"><ele>0.0</ele></trkpt>
      <trkpt lat="37.62946" lon="-111.84837"><ele>0.0</ele></trkpt>
      <trkpt lat="37.62948" lon="-111.84837"><ele>0.0</ele></trkpt>
      <trkpt lat="37.62956" lon="-111.84832"><ele>0.0</ele></trkpt>
      <trkpt lat="37.62959" lon="-111.84831"><ele>0.0</ele></trkpt>
      <trkpt lat="37.62961" lon="-111.8483"><ele>0.0</ele></trkpt>
      <trkpt lat="37.62963" lon="-111.84828"><ele>0.0</ele></trkpt>
      <trkpt lat="37.62972" lon="-111.84824"><ele>0.0</ele></trkpt>
      <trkpt lat="37.62975" lon="-111.84822"><ele>0.0</ele></trkpt>
      <trkpt lat="37.62977" lon="-111.84821"><ele>0.0</ele></trkpt>
      <trkpt lat="37.62988" lon="-111.84814"><ele>0.0</ele></trkpt>
      <trkpt lat="37.62999" lon="-111.84808"><ele>0.0</ele></trkpt>
      <trkpt lat="37.63019" lon="-111.84795"><ele>0.0</ele></trkpt>
      <trkpt lat="37.63023" lon="-111.84792"><ele>0.0</ele></trkpt>
      <trkpt lat="37.63024" lon="-111.84791"><ele>0.0</ele></trkpt>
      <trkpt lat="37.6305" lon="-111.84771"><ele>0.0</ele></trkpt>
      <trkpt lat="37.6306" lon="-111.84762"><ele>0.0</ele></trkpt>
      <trkpt lat="37.63068" lon="-111.84752"><ele>0.0</ele></trkpt>
      <trkpt lat="37.63071" lon="-111.84749"><ele>0.0</ele></trkpt>
      <trkpt lat="37.6308" lon="-111.84737"><ele>0.0</ele></trkpt>
      <trkpt lat="37.63086" lon="-111.8473"><ele>0.0</ele></trkpt>
      <trkpt lat="37.63095" lon="-111.84716"><ele>0.0</ele></trkpt>
      <trkpt lat="37.63104" lon="-111.84699"><ele>0.0</ele></trkpt>
      <trkpt lat="37.6311" lon="-111.84686"><ele>0.0</ele></trkpt>
      <trkpt lat="37.6311" lon="-111.84685"><ele>0.0</ele></trkpt>
      <trkpt lat="37.63138" lon="-111.84623"><ele>0.0</ele></trkpt>
      <trkpt lat="37.6314" lon="-111.84621"><ele>0.0</ele></trkpt>
      <trkpt lat="37.63146" lon="-111.84611"><ele>0.0</ele></trkpt>
      <trkpt lat="37.63148" lon="-111.84609"><ele>0.0</ele></trkpt>
      <trkpt lat="37.6315" lon="-111.84606"><ele>0.0</ele></trkpt>
      <trkpt lat="37.63158" lon="-111.84598"><ele>0.0</ele></trkpt>
      <trkpt lat="37.63161" lon="-111.84594"><ele>0.0</ele></trkpt>
      <trkpt lat="37.63163" lon="-111.84593"><ele>0.0</ele></trkpt>
      <trkpt lat="37.63167" lon="-111.84589"><ele>0.0</ele></trkpt>
      <trkpt lat="37.63181" lon="-111.84579"><ele>0.0</ele></trkpt>
      <trkpt lat="37.63209" lon="-111.84563"><ele>0.0</ele></trkpt>
      <trkpt lat="37.63236" lon="-111.84552"><ele>0.0</ele></trkpt>
      <trkpt lat="37.63282" lon="-111.84536"><ele>0.0</ele></trkpt>
      <trkpt lat="37.63296" lon="-111.84533"><ele>0.0</ele></trkpt>
      <trkpt lat="37.63305" lon="-111.8453"><ele>0.0</ele></trkpt>
      <trkpt lat="37.63369" lon="-111.84518"><ele>0.0</ele></trkpt>
      <trkpt lat="37.63376" lon="-111.84516"><ele>0.0</ele></trkpt>
      <trkpt lat="37.63384" lon="-111.84513"><ele>0.0</ele></trkpt>
      <trkpt lat="37.63385" lon="-111.84513"><ele>0.0</ele></trkpt>
      <trkpt lat="37.63396" lon="-111.84509"><ele>0.0</ele></trkpt>
      <trkpt lat="37.63418" lon="-111.84498"><ele>0.0</ele></trkpt>
      <trkpt lat="37.63452" lon="-111.84477"><ele>0.0</ele></trkpt>
      <trkpt lat="37.63454" lon="-111.84475"><ele>0.0</ele></trkpt>
      <trkpt lat="37.63461" lon="-111.84471"><ele>0.0</ele></trkpt>
      <trkpt lat="37.63501" lon="-111.84444"><ele>0.0</ele></trkpt>
      <trkpt lat="37.63502" lon="-111.84444"><ele>0.0</ele></trkpt>
      <trkpt lat="37.63504" lon="-111.84443"><ele>0.0</ele></trkpt>
      <trkpt lat="37.63517" lon="-111.84434"><ele>0.0</ele></trkpt>
      <trkpt lat="37.63518" lon="-111.84434"><ele>0.0</ele></trkpt>
      <trkpt lat="37.63519" lon="-111.84433"><ele>0.0</ele></trkpt>
      <trkpt lat="37.63535" lon="-111.84424"><ele>0.0</ele></trkpt>
      <trkpt lat="37.63536" lon="-111.84423"><ele>0.0</ele></trkpt>
      <trkpt lat="37.63551" lon="-111.84415"><ele>0.0</ele></trkpt>
      <trkpt lat="37.63563" lon="-111.84407"><ele>0.0</ele></trkpt>
      <trkpt lat="37.63567" lon="-111.84405"><ele>0.0</ele></trkpt>
      <trkpt lat="37.6357" lon="-111.84404"><ele>0.0</ele></trkpt>
      <trkpt lat="37.6359" lon="-111.84392"><ele>0.0</ele></trkpt>
      <trkpt lat="37.63601" lon="-111.84381"><ele>0.0</ele></trkpt>
      <trkpt lat="37.63608" lon="-111.84371"><ele>0.0</ele></trkpt>
      <trkpt lat="37.63612" lon="-111.84363"><ele>0.0</ele></trkpt>
      <trkpt lat="37.63616" lon="-111.84345"><ele>0.0</ele></trkpt>
      <trkpt lat="37.63616" lon="-111.84331"><ele>0.0</ele></trkpt>
      <trkpt lat="37.63613" lon="-111.84293"><ele>0.0</ele></trkpt>
      <trkpt lat="37.63613" lon="-111.84273"><ele>0.0</ele></trkpt>
      <trkpt lat="37.63615" lon="-111.8426"><ele>0.0</ele></trkpt>
      <trkpt lat="37.63616" lon="-111.84256"><ele>0.0</ele></trkpt>
      <trkpt lat="37.63616" lon="-111.84254"><ele>0.0</ele></trkpt>
      <trkpt lat="37.63619" lon="-111.84246"><ele>0.0</ele></trkpt>
      <trkpt lat="37.63623" lon="-111.84239"><ele>0.0</ele></trkpt>
      <trkpt lat="37.63623" lon="-111.84238"><ele>0.0</ele></trkpt>
      <trkpt lat="37.63626" lon="-111.84235"><ele>0.0</ele></trkpt>
      <trkpt lat="37.63629" lon="-111.84229"><ele>0.0</ele></trkpt>
      <trkpt lat="37.63637" lon="-111.84221"><ele>0.0</ele></trkpt>
      <trkpt lat="37.63639" lon="-111.8422"><ele>0.0</ele></trkpt>
      <trkpt lat="37.63641" lon="-111.84218"><ele>0.0</ele></trkpt>
      <trkpt lat="37.63649" lon="-111.84214"><ele>0.0</ele></trkpt>
      <trkpt lat="37.63651" lon="-111.84212"><ele>0.0</ele></trkpt>
      <trkpt lat="37.63655" lon="-111.84211"><ele>0.0</ele></trkpt>
      <trkpt lat="37.63659" lon="-111.84209"><ele>0.0</ele></trkpt>
      <trkpt lat="37.63666" lon="-111.84207"><ele>0.0</ele></trkpt>
      <trkpt lat="37.63668" lon="-111.84207"><ele>0.0</ele></trkpt>
      <trkpt lat="37.63686" lon="-111.84203"><ele>0.0</ele></trkpt>
      <trkpt lat="37.63691" lon="-111.84203"><ele>0.0</ele></trkpt>
      <trkpt lat="37.63702" lon="-111.84202"><ele>0.0</ele></trkpt>
      <trkpt lat="37.6371" lon="-111.84202"><ele>0.0</ele></trkpt>
      <trkpt lat="37.63716" lon="-111.84203"><ele>0.0</ele></trkpt>
      <trkpt lat="37.63721" lon="-111.84205"><ele>0.0</ele></trkpt>
      <trkpt lat="37.63727" lon="-111.84208"><ele>0.0</ele></trkpt>
      <trkpt lat="37.63732" lon="-111.84212"><ele>0.0</ele></trkpt>
      <trkpt lat="37.63737" lon="-111.84217"><ele>0.0</ele></trkpt>
      <trkpt lat="37.63737" lon="-111.84218"><ele>0.0</ele></trkpt>
      <trkpt lat="37.6374" lon="-111.84221"><ele>0.0</ele></trkpt>
      <trkpt lat="37.63744" lon="-111.84228"><ele>0.0</ele></trkpt>
      <trkpt lat="37.63749" lon="-111.84239"><ele>0.0</ele></trkpt>
      <trkpt lat="37.63772" lon="-111.84298"><ele>0.0</ele></trkpt>
      <trkpt lat="37.63774" lon="-111.84301"><ele>0.0</ele></trkpt>
      <trkpt lat="37.6378" lon="-111.84316"><ele>0.0</ele></trkpt>
      <trkpt lat="37.63781" lon="-111.84316"><ele>0.0</ele></trkpt>
      <trkpt lat="37.63782" lon="-111.84319"><ele>0.0</ele></trkpt>
      <trkpt lat="37.63793" lon="-111.84339"><ele>0.0</ele></trkpt>
      <trkpt lat="37.63794" lon="-111.8434"><ele>0.0</ele></trkpt>
      <trkpt lat="37.63801" lon="-111.84349"><ele>0.0</ele></trkpt>
      <trkpt lat="37.63809" lon="-111.84357"><ele>0.0</ele></trkpt>
      <trkpt lat="37.63814" lon="-111.84361"><ele>0.0</ele></trkpt>
      <trkpt lat="37.63818" lon="-111.84363"><ele>0.0</ele></trkpt>
      <trkpt lat="37.63821" lon="-111.84365"><ele>0.0</ele></trkpt>
      <trkpt lat="37.63822" lon="-111.84366"><ele>0.0</ele></trkpt>
      <trkpt lat="37.63823" lon="-111.84366"><ele>0.0</ele></trkpt>
      <trkpt lat="37.6383" lon="-111.8437"><ele>0.0</ele></trkpt>
      <trkpt lat="37.63838" lon="-111.84373"><ele>0.0</ele></trkpt>
      <trkpt lat="37.63839" lon="-111.84373"><ele>0.0</ele></trkpt>
      <trkpt lat="37.63841" lon="-111.84374"><ele>0.0</ele></trkpt>
      <trkpt lat="37.63855" lon="-111.84378"><ele>0.0</ele></trkpt>
      <trkpt lat="37.63857" lon="-111.84379"><ele>0.0</ele></trkpt>
      <trkpt lat="37.6387" lon="-111.84382"><ele>0.0</ele></trkpt>
      <trkpt lat="37.63873" lon="-111.84383"><ele>0.0</ele></trkpt>
      <trkpt lat="37.63874" lon="-111.84384"><ele>0.0</ele></trkpt>
      <trkpt lat="37.63887" lon="-111.84387"><ele>0.0</ele></trkpt>
      <trkpt lat="37.6389" lon="-111.84388"><ele>0.0</ele></trkpt>
      <trkpt lat="37.63891" lon="-111.84388"><ele>0.0</ele></trkpt>
      <trkpt lat="37.63892" lon="-111.84389"><ele>0.0</ele></trkpt>
      <trkpt lat="37.63908" lon="-111.84394"><ele>0.0</ele></trkpt>
      <trkpt lat="37.63909" lon="-111.84394"><ele>0.0</ele></trkpt>
      <trkpt lat="37.63911" lon="-111.84395"><ele>0.0</ele></trkpt>
      <trkpt lat="37.63917" lon="-111.84396"><ele>0.0</ele></trkpt>
      <trkpt lat="37.63925" lon="-111.84399"><ele>0.0</ele></trkpt>
      <trkpt lat="37.63927" lon="-111.84399"><ele>0.0</ele></trkpt>
      <trkpt lat="37.63943" lon="-111.84404"><ele>0.0</ele></trkpt>
      <trkpt lat="37.63944" lon="-111.84405"><ele>0.0</ele></trkpt>
      <trkpt lat="37.63949" lon="-111.84406"><ele>0.0</ele></trkpt>
      <trkpt lat="37.6396" lon="-111.8441"><ele>0.0</ele></trkpt>
      <trkpt lat="37.63969" lon="-111.84412"><ele>0.0</ele></trkpt>
      <trkpt lat="37.63992" lon="-111.84419"><ele>0.0</ele></trkpt>
      <trkpt lat="37.63997" lon="-111.8442"><ele>0.0</ele></trkpt>
      <trkpt lat="37.6401" lon="-111.84424"><ele>0.0</ele></trkpt>
      <trkpt lat="37.64014" lon="-111.84426"><ele>0.0</ele></trkpt>
      <trkpt lat="37.64027" lon="-111.8443"><ele>0.0</ele></trkpt>
      <trkpt lat="37.64028" lon="-111.8443"><ele>0.0</ele></trkpt>
      <trkpt lat="37.6403" lon="-111.84431"><ele>0.0</ele></trkpt>
      <trkpt lat="37.64036" lon="-111.84432"><ele>0.0</ele></trkpt>
      <trkpt lat="37.64065" lon="-111.84442"><ele>0.0</ele></trkpt>
      <trkpt lat="37.64114" lon="-111.84456"><ele>0.0</ele></trkpt>
      <trkpt lat="37.64155" lon="-111.84465"><ele>0.0</ele></trkpt>
      <trkpt lat="37.64168" lon="-111.84467"><ele>0.0</ele></trkpt>
      <trkpt lat="37.6417" lon="-111.84468"><ele>0.0</ele></trkpt>
      <trkpt lat="37.64172" lon="-111.84468"><ele>0.0</ele></trkpt>
      <trkpt lat="37.64176" lon="-111.84469"><ele>0.0</ele></trkpt>
      <trkpt lat="37.64186" lon="-111.8447"><ele>0.0</ele></trkpt>
      <trkpt lat="37.64189" lon="-111.84471"><ele>0.0</ele></trkpt>
      <trkpt lat="37.64239" lon="-111.84479"><ele>0.0</ele></trkpt>
      <trkpt lat="37.64243" lon="-111.84479"><ele>0.0</ele></trkpt>
      <trkpt lat="37.64257" lon="-111.84482"><ele>0.0</ele></trkpt>
      <trkpt lat="37.64262" lon="-111.84482"><ele>0.0</ele></trkpt>
      <trkpt lat="37.64266" lon="-111.84483"><ele>0.0</ele></trkpt>
      <trkpt lat="37.64292" lon="-111.84486"><ele>0.0</ele></trkpt>
      <trkpt lat="37.64296" lon="-111.84487"><ele>0.0</ele></trkpt>
      <trkpt lat="37.64346" lon="-111.84495"><ele>0.0</ele></trkpt>
      <trkpt lat="37.64364" lon="-111.84497"><ele>0.0</ele></trkpt>
      <trkpt lat="37.644" lon="-111.84503"><ele>0.0</ele></trkpt>
      <trkpt lat="37.64403" lon="-111.84503"><ele>0.0</ele></trkpt>
      <trkpt lat="37.64409" lon="-111.84504"><ele>0.0</ele></trkpt>
      <trkpt lat="37.64411" lon="-111.84504"><ele>0.0</ele></trkpt>
      <trkpt lat="37.64427" lon="-111.84507"><ele>0.0</ele></trkpt>
      <trkpt lat="37.64483" lon="-111.84514"><ele>0.0</ele></trkpt>
      <trkpt lat="37.64498" lon="-111.84517"><ele>0.0</ele></trkpt>
      <trkpt lat="37.64507" lon="-111.84518"><ele>0.0</ele></trkpt>
      <trkpt lat="37.64511" lon="-111.84518"><ele>0.0</ele></trkpt>
      <trkpt lat="37.64515" lon="-111.84519"><ele>0.0</ele></trkpt>
      <trkpt lat="37.64525" lon="-111.8452"><ele>0.0</ele></trkpt>
      <trkpt lat="37.64528" lon="-111.8452"><ele>0.0</ele></trkpt>
      <trkpt lat="37.64534" lon="-111.84521"><ele>0.0</ele></trkpt>
      <trkpt lat="37.64543" lon="-111.84521"><ele>0.0</ele></trkpt>
      <trkpt lat="37.64546" lon="-111.84522"><ele>0.0</ele></trkpt>
      <trkpt lat="37.64552" lon="-111.84522"><ele>0.0</ele></trkpt>
      <trkpt lat="37.64559" lon="-111.84523"><ele>0.0</ele></trkpt>
      <trkpt lat="37.64597" lon="-111.84523"><ele>0.0</ele></trkpt>
      <trkpt lat="37.646" lon="-111.84522"><ele>0.0</ele></trkpt>
      <trkpt lat="37.64615" lon="-111.84522"><ele>0.0</ele></trkpt>
      <trkpt lat="37.64633" lon="-111.8452"><ele>0.0</ele></trkpt>
      <trkpt lat="37.64637" lon="-111.84519"><ele>0.0</ele></trkpt>
      <trkpt lat="37.64649" lon="-111.84517"><ele>0.0</ele></trkpt>
      <trkpt lat="37.64663" lon="-111.84513"><ele>0.0</ele></trkpt>
      <trkpt lat="37.64668" lon="-111.84512"><ele>0.0</ele></trkpt>
      <trkpt lat="37.64716" lon="-111.84498"><ele>0.0</ele></trkpt>
      <trkpt lat="37.64742" lon="-111.84488"><ele>0.0</ele></trkpt>
      <trkpt lat="37.64795" lon="-111.84462"><ele>0.0</ele></trkpt>
      <trkpt lat="37.64813" lon="-111.8445"><ele>0.0</ele></trkpt>
      <trkpt lat="37.6482" lon="-111.84446"><ele>0.0</ele></trkpt>
      <trkpt lat="37.64822" lon="-111.84444"><ele>0.0</ele></trkpt>
      <trkpt lat="37.64829" lon="-111.8444"><ele>0.0</ele></trkpt>
      <trkpt lat="37.64863" lon="-111.84414"><ele>0.0</ele></trkpt>
      <trkpt lat="37.64879" lon="-111.84399"><ele>0.0</ele></trkpt>
      <trkpt lat="37.64926" lon="-111.84358"><ele>0.0</ele></trkpt>
      <trkpt lat="37.64941" lon="-111.84346"><ele>0.0</ele></trkpt>
      <trkpt lat="37.65323" lon="-111.84014"><ele>0.0</ele></trkpt>
      <trkpt lat="37.65337" lon="-111.84001"><ele>0.0</ele></trkpt>
      <trkpt lat="37.65456" lon="-111.83898"><ele>0.0</ele></trkpt>
      <trkpt lat="37.65472" lon="-111.83883"><ele>0.0</ele></trkpt>
      <trkpt lat="37.65736" lon="-111.83651"><ele>0.0</ele></trkpt>
      <trkpt lat="37.659" lon="-111.83511"><ele>0.0</ele></trkpt>
      <trkpt lat="37.65902" lon="-111.8351"><ele>0.0</ele></trkpt>
      <trkpt lat="37.65907" lon="-111.83505"><ele>0.0</ele></trkpt>
      <trkpt lat="37.65971" lon="-111.83456"><ele>0.0</ele></trkpt>
      <trkpt lat="37.66049" lon="-111.83404"><ele>0.0</ele></trkpt>
      <trkpt lat="37.66084" lon="-111.83383"><ele>0.0</ele></trkpt>
      <trkpt lat="37.66136" lon="-111.83354"><ele>0.0</ele></trkpt>
      <trkpt lat="37.66175" lon="-111.83334"><ele>0.0</ele></trkpt>
      <trkpt lat="37.66273" lon="-111.83288"><ele>0.0</ele></trkpt>
      <trkpt lat="37.6629" lon="-111.83281"><ele>0.0</ele></trkpt>
      <trkpt lat="37.66291" lon="-111.8328"><ele>0.0</ele></trkpt>
      <trkpt lat="37.6651" lon="-111.83181"><ele>0.0</ele></trkpt>
      <trkpt lat="37.66527" lon="-111.83174"><ele>0.0</ele></trkpt>
      <trkpt lat="37.66747" lon="-111.83074"><ele>0.0</ele></trkpt>
      <trkpt lat="37.66764" lon="-111.83067"><ele>0.0</ele></trkpt>
      <trkpt lat="37.66849" lon="-111.83028"><ele>0.0</ele></trkpt>
      <trkpt lat="37.66866" lon="-111.83021"><ele>0.0</ele></trkpt>
      <trkpt lat="37.67171" lon="-111.82883"><ele>0.0</ele></trkpt>
      <trkpt lat="37.67188" lon="-111.82876"><ele>0.0</ele></trkpt>
      <trkpt lat="37.67239" lon="-111.82852"><ele>0.0</ele></trkpt>
      <trkpt lat="37.67265" lon="-111.82838"><ele>0.0</ele></trkpt>
      <trkpt lat="37.67285" lon="-111.82825"><ele>0.0</ele></trkpt>
      <trkpt lat="37.67304" lon="-111.8281"><ele>0.0</ele></trkpt>
      <trkpt lat="37.67323" lon="-111.82793"><ele>0.0</ele></trkpt>
      <trkpt lat="37.67372" lon="-111.82744"><ele>0.0</ele></trkpt>
      <trkpt lat="37.67394" lon="-111.82719"><ele>0.0</ele></trkpt>
      <trkpt lat="37.67398" lon="-111.82713"><ele>0.0</ele></trkpt>
      <trkpt lat="37.67411" lon="-111.82697"><ele>0.0</ele></trkpt>
      <trkpt lat="37.67419" lon="-111.82686"><ele>0.0</ele></trkpt>
      <trkpt lat="37.67439" lon="-111.82655"><ele>0.0</ele></trkpt>
      <trkpt lat="37.67464" lon="-111.82612"><ele>0.0</ele></trkpt>
      <trkpt lat="37.67578" lon="-111.82384"><ele>0.0</ele></trkpt>
      <trkpt lat="37.67616" lon="-111.82312"><ele>0.0</ele></trkpt>
      <trkpt lat="37.67667" lon="-111.82226"><ele>0.0</ele></trkpt>
      <trkpt lat="37.67688" lon="-111.82196"><ele>0.0</ele></trkpt>
      <trkpt lat="37.67688" lon="-111.82195"><ele>0.0</ele></trkpt>
      <trkpt lat="37.68044" lon="-111.8167"><ele>0.0</ele></trkpt>
      <trkpt lat="37.68048" lon="-111.81665"><ele>0.0</ele></trkpt>
      <trkpt lat="37.68275" lon="-111.81331"><ele>0.0</ele></trkpt>
      <trkpt lat="37.68291" lon="-111.81309"><ele>0.0</ele></trkpt>
      <trkpt lat="37.68373" lon="-111.81188"><ele>0.0</ele></trkpt>
      <trkpt lat="37.68379" lon="-111.81178"><ele>0.0</ele></trkpt>
      <trkpt lat="37.68706" lon="-111.80697"><ele>0.0</ele></trkpt>
      <trkpt lat="37.68707" lon="-111.80695"><ele>0.0</ele></trkpt>
      <trkpt lat="37.69025" lon="-111.80227"><ele>0.0</ele></trkpt>
      <trkpt lat="37.69043" lon="-111.80202"><ele>0.0</ele></trkpt>
      <trkpt lat="37.69076" lon="-111.80152"><ele>0.0</ele></trkpt>
      <trkpt lat="37.69131" lon="-111.80073"><ele>0.0</ele></trkpt>
      <trkpt lat="37.69134" lon="-111.80068"><ele>0.0</ele></trkpt>
      <trkpt lat="37.69137" lon="-111.80064"><ele>0.0</ele></trkpt>
      <trkpt lat="37.69142" lon="-111.80055"><ele>0.0</ele></trkpt>
      <trkpt lat="37.69384" lon="-111.797"><ele>0.0</ele></trkpt>
      <trkpt lat="37.69385" lon="-111.79697"><ele>0.0</ele></trkpt>
      <trkpt lat="37.69519" lon="-111.795"><ele>0.0</ele></trkpt>
      <trkpt lat="37.6953" lon="-111.79486"><ele>0.0</ele></trkpt>
      <trkpt lat="37.69549" lon="-111.79459"><ele>0.0</ele></trkpt>
      <trkpt lat="37.69583" lon="-111.79415"><ele>0.0</ele></trkpt>
      <trkpt lat="37.69608" lon="-111.79387"><ele>0.0</ele></trkpt>
      <trkpt lat="37.69652" lon="-111.79342"><ele>0.0</ele></trkpt>
      <trkpt lat="37.69662" lon="-111.79334"><ele>0.0</ele></trkpt>
      <trkpt lat="37.69676" lon="-111.79321"><ele>0.0</ele></trkpt>
      <trkpt lat="37.69706" lon="-111.79296"><ele>0.0</ele></trkpt>
      <trkpt lat="37.69707" lon="-111.79296"><ele>0.0</ele></trkpt>
      <trkpt lat="37.69731" lon="-111.79278"><ele>0.0</ele></trkpt>
      <trkpt lat="37.69777" lon="-111.79246"><ele>0.0</ele></trkpt>
      <trkpt lat="37.69794" lon="-111.79236"><ele>0.0</ele></trkpt>
      <trkpt lat="37.69802" lon="-111.79232"><ele>0.0</ele></trkpt>
      <trkpt lat="37.69812" lon="-111.79226"><ele>0.0</ele></trkpt>
      <trkpt lat="37.69829" lon="-111.79218"><ele>0.0</ele></trkpt>
      <trkpt lat="37.69842" lon="-111.79211"><ele>0.0</ele></trkpt>
      <trkpt lat="37.6992" lon="-111.79178"><ele>0.0</ele></trkpt>
      <trkpt lat="37.70075" lon="-111.79119"><ele>0.0</ele></trkpt>
      <trkpt lat="37.70081" lon="-111.79116"><ele>0.0</ele></trkpt>
      <trkpt lat="37.70144" lon="-111.79093"><ele>0.0</ele></trkpt>
      <trkpt lat="37.70155" lon="-111.79088"><ele>0.0</ele></trkpt>
      <trkpt lat="37.70178" lon="-111.79079"><ele>0.0</ele></trkpt>
      <trkpt lat="37.70196" lon="-111.79073"><ele>0.0</ele></trkpt>
      <trkpt lat="37.7023" lon="-111.79059"><ele>0.0</ele></trkpt>
      <trkpt lat="37.70232" lon="-111.79059"><ele>0.0</ele></trkpt>
      <trkpt lat="37.70281" lon="-111.79039"><ele>0.0</ele></trkpt>
      <trkpt lat="37.7031" lon="-111.79029"><ele>0.0</ele></trkpt>
      <trkpt lat="37.70333" lon="-111.79019"><ele>0.0</ele></trkpt>
      <trkpt lat="37.7035" lon="-111.79013"><ele>0.0</ele></trkpt>
      <trkpt lat="37.70356" lon="-111.7901"><ele>0.0</ele></trkpt>
      <trkpt lat="37.70692" lon="-111.78881"><ele>0.0</ele></trkpt>
      <trkpt lat="37.70693" lon="-111.7888"><ele>0.0</ele></trkpt>
      <trkpt lat="37.70713" lon="-111.78873"><ele>0.0</ele></trkpt>
      <trkpt lat="37.71033" lon="-111.78749"><ele>0.0</ele></trkpt>
      <trkpt lat="37.71037" lon="-111.78747"><ele>0.0</ele></trkpt>
      <trkpt lat="37.7122" lon="-111.78676"><ele>0.0</ele></trkpt>
      <trkpt lat="37.71298" lon="-111.78644"><ele>0.0</ele></trkpt>
      <trkpt lat="37.71313" lon="-111.78637"><ele>0.0</ele></trkpt>
      <trkpt lat="37.71344" lon="-111.7862"><ele>0.0</ele></trkpt>
      <trkpt lat="37.71374" lon="-111.78605"><ele>0.0</ele></trkpt>
      <trkpt lat="37.7143" lon="-111.78571"><ele>0.0</ele></trkpt>
      <trkpt lat="37.71519" lon="-111.78513"><ele>0.0</ele></trkpt>
      <trkpt lat="37.7152" lon="-111.78512"><ele>0.0</ele></trkpt>
      <trkpt lat="37.71544" lon="-111.78495"><ele>0.0</ele></trkpt>
      <trkpt lat="37.71596" lon="-111.78454"><ele>0.0</ele></trkpt>
      <trkpt lat="37.71659" lon="-111.78399"><ele>0.0</ele></trkpt>
      <trkpt lat="37.7166" lon="-111.78397"><ele>0.0</ele></trkpt>
      <trkpt lat="37.71661" lon="-111.78397"><ele>0.0</ele></trkpt>
      <trkpt lat="37.71711" lon="-111.78351"><ele>0.0</ele></trkpt>
      <trkpt lat="37.71747" lon="-111.78316"><ele>0.0</ele></trkpt>
      <trkpt lat="37.71747" lon="-111.78315"><ele>0.0</ele></trkpt>
      <trkpt lat="37.7176" lon="-111.78301"><ele>0.0</ele></trkpt>
      <trkpt lat="37.71766" lon="-111.78296"><ele>0.0</ele></trkpt>
      <trkpt lat="37.71792" lon="-111.78269"><ele>0.0</ele></trkpt>
      <trkpt lat="37.71803" lon="-111.78259"><ele>0.0</ele></trkpt>
      <trkpt lat="37.71815" lon="-111.78246"><ele>0.0</ele></trkpt>
      <trkpt lat="37.71832" lon="-111.7823"><ele>0.0</ele></trkpt>
      <trkpt lat="37.71846" lon="-111.78218"><ele>0.0</ele></trkpt>
      <trkpt lat="37.71847" lon="-111.78218"><ele>0.0</ele></trkpt>
      <trkpt lat="37.7185" lon="-111.78215"><ele>0.0</ele></trkpt>
      <trkpt lat="37.71888" lon="-111.78187"><ele>0.0</ele></trkpt>
      <trkpt lat="37.71909" lon="-111.78173"><ele>0.0</ele></trkpt>
      <trkpt lat="37.71978" lon="-111.78133"><ele>0.0</ele></trkpt>
      <trkpt lat="37.71979" lon="-111.78132"><ele>0.0</ele></trkpt>
      <trkpt lat="37.72197" lon="-111.78009"><ele>0.0</ele></trkpt>
      <trkpt lat="37.72199" lon="-111.78007"><ele>0.0</ele></trkpt>
      <trkpt lat="37.72243" lon="-111.77977"><ele>0.0</ele></trkpt>
      <trkpt lat="37.72281" lon="-111.77947"><ele>0.0</ele></trkpt>
      <trkpt lat="37.72304" lon="-111.77925"><ele>0.0</ele></trkpt>
      <trkpt lat="37.72334" lon="-111.77894"><ele>0.0</ele></trkpt>
      <trkpt lat="37.72357" lon="-111.77867"><ele>0.0</ele></trkpt>
      <trkpt lat="37.72371" lon="-111.77849"><ele>0.0</ele></trkpt>
      <trkpt lat="37.72403" lon="-111.77804"><ele>0.0</ele></trkpt>
      <trkpt lat="37.72433" lon="-111.77753"><ele>0.0</ele></trkpt>
      <trkpt lat="37.72485" lon="-111.77654"><ele>0.0</ele></trkpt>
      <trkpt lat="37.72526" lon="-111.77572"><ele>0.0</ele></trkpt>
      <trkpt lat="37.72586" lon="-111.7746"><ele>0.0</ele></trkpt>
      <trkpt lat="37.72606" lon="-111.7742"><ele>0.0</ele></trkpt>
      <trkpt lat="37.72608" lon="-111.77417"><ele>0.0</ele></trkpt>
      <trkpt lat="37.72635" lon="-111.77362"><ele>0.0</ele></trkpt>
      <trkpt lat="37.72639" lon="-111.77355"><ele>0.0</ele></trkpt>
      <trkpt lat="37.72652" lon="-111.77327"><ele>0.0</ele></trkpt>
      <trkpt lat="37.72663" lon="-111.773"><ele>0.0</ele></trkpt>
      <trkpt lat="37.72696" lon="-111.77205"><ele>0.0</ele></trkpt>
      <trkpt lat="37.72754" lon="-111.76983"><ele>0.0</ele></trkpt>
      <trkpt lat="37.72775" lon="-111.76896"><ele>0.0</ele></trkpt>
      <trkpt lat="37.72787" lon="-111.76852"><ele>0.0</ele></trkpt>
      <trkpt lat="37.72838" lon="-111.76647"><ele>0.0</ele></trkpt>
      <trkpt lat="37.72849" lon="-111.76607"><ele>0.0</ele></trkpt>
      <trkpt lat="37.72849" lon="-111.76606"><ele>0.0</ele></trkpt>
      <trkpt lat="37.72871" lon="-111.7652"><ele>0.0</ele></trkpt>
      <trkpt lat="37.72871" lon="-111.76519"><ele>0.0</ele></trkpt>
      <trkpt lat="37.72898" lon="-111.7641"><ele>0.0</ele></trkpt>
      <trkpt lat="37.72912" lon="-111.76361"><ele>0.0</ele></trkpt>
      <trkpt lat="37.72933" lon="-111.76277"><ele>0.0</ele></trkpt>
      <trkpt lat="37.72942" lon="-111.76247"><ele>0.0</ele></trkpt>
      <trkpt lat="37.72977" lon="-111.76144"><ele>0.0</ele></trkpt>
      <trkpt lat="37.72981" lon="-111.76135"><ele>0.0</ele></trkpt>
      <trkpt lat="37.72991" lon="-111.76106"><ele>0.0</ele></trkpt>
      <trkpt lat="37.7302" lon="-111.76034"><ele>0.0</ele></trkpt>
      <trkpt lat="37.73056" lon="-111.75954"><ele>0.0</ele></trkpt>
      <trkpt lat="37.7306" lon="-111.75947"><ele>0.0</ele></trkpt>
      <trkpt lat="37.73131" lon="-111.75799"><ele>0.0</ele></trkpt>
      <trkpt lat="37.73132" lon="-111.75798"><ele>0.0</ele></trkpt>
      <trkpt lat="37.73244" lon="-111.75567"><ele>0.0</ele></trkpt>
      <trkpt lat="37.73245" lon="-111.75566"><ele>0.0</ele></trkpt>
      <trkpt lat="37.73466" lon="-111.75111"><ele>0.0</ele></trkpt>
      <trkpt lat="37.73487" lon="-111.7507"><ele>0.0</ele></trkpt>
      <trkpt lat="37.73524" lon="-111.74992"><ele>0.0</ele></trkpt>
      <trkpt lat="37.73544" lon="-111.74953"><ele>0.0</ele></trkpt>
      <trkpt lat="37.73695" lon="-111.7464"><ele>0.0</ele></trkpt>
      <trkpt lat="37.73702" lon="-111.74623"><ele>0.0</ele></trkpt>
      <trkpt lat="37.73706" lon="-111.74615"><ele>0.0</ele></trkpt>
      <trkpt lat="37.73709" lon="-111.74607"><ele>0.0</ele></trkpt>
      <trkpt lat="37.73711" lon="-111.74603"><ele>0.0</ele></trkpt>
      <trkpt lat="37.73724" lon="-111.7457"><ele>0.0</ele></trkpt>
      <trkpt lat="37.7373" lon="-111.74551"><ele>0.0</ele></trkpt>
      <trkpt lat="37.73739" lon="-111.74528"><ele>0.0</ele></trkpt>
      <trkpt lat="37.73754" lon="-111.7448"><ele>0.0</ele></trkpt>
      <trkpt lat="37.73755" lon="-111.74478"><ele>0.0</ele></trkpt>
      <trkpt lat="37.7377" lon="-111.74429"><ele>0.0</ele></trkpt>
      <trkpt lat="37.73782" lon="-111.74379"><ele>0.0</ele></trkpt>
      <trkpt lat="37.73804" lon="-111.74273"><ele>0.0</ele></trkpt>
      <trkpt lat="37.73818" lon="-111.74171"><ele>0.0</ele></trkpt>
      <trkpt lat="37.73821" lon="-111.74139"><ele>0.0</ele></trkpt>
      <trkpt lat="37.73825" lon="-111.74063"><ele>0.0</ele></trkpt>
      <trkpt lat="37.73825" lon="-111.74007"><ele>0.0</ele></trkpt>
      <trkpt lat="37.73821" lon="-111.73861"><ele>0.0</ele></trkpt>
      <trkpt lat="37.73812" lon="-111.73669"><ele>0.0</ele></trkpt>
      <trkpt lat="37.73814" lon="-111.73627"><ele>0.0</ele></trkpt>
      <trkpt lat="37.73816" lon="-111.73606"><ele>0.0</ele></trkpt>
      <trkpt lat="37.73817" lon="-111.73581"><ele>0.0</ele></trkpt>
      <trkpt lat="37.7382" lon="-111.73553"><ele>0.0</ele></trkpt>
      <trkpt lat="37.73822" lon="-111.73523"><ele>0.0</ele></trkpt>
      <trkpt lat="37.73865" lon="-111.73174"><ele>0.0</ele></trkpt>
      <trkpt lat="37.73884" lon="-111.73059"><ele>0.0</ele></trkpt>
      <trkpt lat="37.73899" lon="-111.72999"><ele>0.0</ele></trkpt>
      <trkpt lat="37.73925" lon="-111.72916"><ele>0.0</ele></trkpt>
      <trkpt lat="37.73945" lon="-111.72865"><ele>0.0</ele></trkpt>
      <trkpt lat="37.73981" lon="-111.72784"><ele>0.0</ele></trkpt>
      <trkpt lat="37.73995" lon="-111.72755"><ele>0.0</ele></trkpt>
      <trkpt lat="37.74002" lon="-111.72742"><ele>0.0</ele></trkpt>
      <trkpt lat="37.74135" lon="-111.72464"><ele>0.0</ele></trkpt>
      <trkpt lat="37.74136" lon="-111.72461"><ele>0.0</ele></trkpt>
      <trkpt lat="37.74175" lon="-111.72379"><ele>0.0</ele></trkpt>
      <trkpt lat="37.74187" lon="-111.72349"><ele>0.0</ele></trkpt>
      <trkpt lat="37.74201" lon="-111.72303"><ele>0.0</ele></trkpt>
      <trkpt lat="37.7421" lon="-111.7226"><ele>0.0</ele></trkpt>
      <trkpt lat="37.74213" lon="-111.72237"><ele>0.0</ele></trkpt>
      <trkpt lat="37.74217" lon="-111.72183"><ele>0.0</ele></trkpt>
      <trkpt lat="37.74217" lon="-111.72147"><ele>0.0</ele></trkpt>
      <trkpt lat="37.74215" lon="-111.72133"><ele>0.0</ele></trkpt>
      <trkpt lat="37.74212" lon="-111.721"><ele>0.0</ele></trkpt>
      <trkpt lat="37.74208" lon="-111.72074"><ele>0.0</ele></trkpt>
      <trkpt lat="37.74197" lon="-111.72025"><ele>0.0</ele></trkpt>
      <trkpt lat="37.74189" lon="-111.71998"><ele>0.0</ele></trkpt>
      <trkpt lat="37.74177" lon="-111.71968"><ele>0.0</ele></trkpt>
      <trkpt lat="37.74154" lon="-111.71918"><ele>0.0</ele></trkpt>
      <trkpt lat="37.74138" lon="-111.71892"><ele>0.0</ele></trkpt>
      <trkpt lat="37.74085" lon="-111.7182"><ele>0.0</ele></trkpt>
      <trkpt lat="37.74068" lon="-111.71793"><ele>0.0</ele></trkpt>
      <trkpt lat="37.74063" lon="-111.71784"><ele>0.0</ele></trkpt>
      <trkpt lat="37.74049" lon="-111.71752"><ele>0.0</ele></trkpt>
      <trkpt lat="37.74041" lon="-111.71731"><ele>0.0</ele></trkpt>
      <trkpt lat="37.74033" lon="-111.71705"><ele>0.0</ele></trkpt>
      <trkpt lat="37.74027" lon="-111.71675"><ele>0.0</ele></trkpt>
      <trkpt lat="37.74023" lon="-111.71648"><ele>0.0</ele></trkpt>
      <trkpt lat="37.74009" lon="-111.71426"><ele>0.0</ele></trkpt>
      <trkpt lat="37.74008" lon="-111.71372"><ele>0.0</ele></trkpt>
      <trkpt lat="37.74011" lon="-111.71326"><ele>0.0</ele></trkpt>
      <trkpt lat="37.74016" lon="-111.71283"><ele>0.0</ele></trkpt>
      <trkpt lat="37.74025" lon="-111.71234"><ele>0.0</ele></trkpt>
      <trkpt lat="37.74037" lon="-111.71182"><ele>0.0</ele></trkpt>
      <trkpt lat="37.74056" lon="-111.71124"><ele>0.0</ele></trkpt>
      <trkpt lat="37.74096" lon="-111.71021"><ele>0.0</ele></trkpt>
      <trkpt lat="37.74105" lon="-111.70995"><ele>0.0</ele></trkpt>
      <trkpt lat="37.74145" lon="-111.70897"><ele>0.0</ele></trkpt>
      <trkpt lat="37.74175" lon="-111.7084"><ele>0.0</ele></trkpt>
      <trkpt lat="37.74185" lon="-111.70824"><ele>0.0</ele></trkpt>
      <trkpt lat="37.74192" lon="-111.70815"><ele>0.0</ele></trkpt>
      <trkpt lat="37.7421" lon="-111.70789"><ele>0.0</ele></trkpt>
      <trkpt lat="37.7422" lon="-111.70778"><ele>0.0</ele></trkpt>
      <trkpt lat="37.74242" lon="-111.70751"><ele>0.0</ele></trkpt>
      <trkpt lat="37.74256" lon="-111.70737"><ele>0.0</ele></trkpt>
      <trkpt lat="37.74265" lon="-111.70727"><ele>0.0</ele></trkpt>
      <trkpt lat="37.74309" lon="-111.70691"><ele>0.0</ele></trkpt>
      <trkpt lat="37.74322" lon="-111.70684"><ele>0.0</ele></trkpt>
      <trkpt lat="37.7433" lon="-111.70678"><ele>0.0</ele></trkpt>
      <trkpt lat="37.74366" lon="-111.70657"><ele>0.0</ele></trkpt>
      <trkpt lat="37.74383" lon="-111.70649"><ele>0.0</ele></trkpt>
      <trkpt lat="37.74387" lon="-111.70648"><ele>0.0</ele></trkpt>
      <trkpt lat="37.74404" lon="-111.70641"><ele>0.0</ele></trkpt>
      <trkpt lat="37.74421" lon="-111.70633"><ele>0.0</ele></trkpt>
      <trkpt lat="37.74574" lon="-111.70569"><ele>0.0</ele></trkpt>
      <trkpt lat="37.74648" lon="-111.70535"><ele>0.0</ele></trkpt>
      <trkpt lat="37.74707" lon="-111.70505"><ele>0.0</ele></trkpt>
      <trkpt lat="37.74776" lon="-111.70466"><ele>0.0</ele></trkpt>
      <trkpt lat="37.74788" lon="-111.70458"><ele>0.0</ele></trkpt>
      <trkpt lat="37.74847" lon="-111.70424"><ele>0.0</ele></trkpt>
      <trkpt lat="37.74998" lon="-111.70332"><ele>0.0</ele></trkpt>
      <trkpt lat="37.75049" lon="-111.70298"><ele>0.0</ele></trkpt>
      <trkpt lat="37.7508" lon="-111.70275"><ele>0.0</ele></trkpt>
      <trkpt lat="37.75099" lon="-111.70262"><ele>0.0</ele></trkpt>
      <trkpt lat="37.75128" lon="-111.70245"><ele>0.0</ele></trkpt>
      <trkpt lat="37.75135" lon="-111.70242"><ele>0.0</ele></trkpt>
      <trkpt lat="37.75155" lon="-111.70232"><ele>0.0</ele></trkpt>
      <trkpt lat="37.752" lon="-111.70212"><ele>0.0</ele></trkpt>
      <trkpt lat="37.75236" lon="-111.70199"><ele>0.0</ele></trkpt>
      <trkpt lat="37.75248" lon="-111.70196"><ele>0.0</ele></trkpt>
      <trkpt lat="37.75322" lon="-111.70174"><ele>0.0</ele></trkpt>
      <trkpt lat="37.7533" lon="-111.70171"><ele>0.0</ele></trkpt>
      <trkpt lat="37.75336" lon="-111.7017"><ele>0.0</ele></trkpt>
      <trkpt lat="37.7534" lon="-111.70168"><ele>0.0</ele></trkpt>
      <trkpt lat="37.75372" lon="-111.70155"><ele>0.0</ele></trkpt>
      <trkpt lat="37.75415" lon="-111.70135"><ele>0.0</ele></trkpt>
      <trkpt lat="37.7542" lon="-111.70132"><ele>0.0</ele></trkpt>
      <trkpt lat="37.75438" lon="-111.70123"><ele>0.0</ele></trkpt>
      <trkpt lat="37.75466" lon="-111.70106"><ele>0.0</ele></trkpt>
      <trkpt lat="37.75516" lon="-111.70072"><ele>0.0</ele></trkpt>
      <trkpt lat="37.75517" lon="-111.70072"><ele>0.0</ele></trkpt>
      <trkpt lat="37.75729" lon="-111.69924"><ele>0.0</ele></trkpt>
      <trkpt lat="37.75737" lon="-111.69917"><ele>0.0</ele></trkpt>
      <trkpt lat="37.7597" lon="-111.69753"><ele>0.0</ele></trkpt>
      <trkpt lat="37.75991" lon="-111.69737"><ele>0.0</ele></trkpt>
      <trkpt lat="37.76011" lon="-111.69719"><ele>0.0</ele></trkpt>
      <trkpt lat="37.7603" lon="-111.69696"><ele>0.0</ele></trkpt>
      <trkpt lat="37.76034" lon="-111.69692"><ele>0.0</ele></trkpt>
      <trkpt lat="37.76065" lon="-111.69646"><ele>0.0</ele></trkpt>
      <trkpt lat="37.76079" lon="-111.69617"><ele>0.0</ele></trkpt>
      <trkpt lat="37.76083" lon="-111.69605"><ele>0.0</ele></trkpt>
      <trkpt lat="37.7609" lon="-111.69588"><ele>0.0</ele></trkpt>
      <trkpt lat="37.76094" lon="-111.69576"><ele>0.0</ele></trkpt>
      <trkpt lat="37.76121" lon="-111.69477"><ele>0.0</ele></trkpt>
      <trkpt lat="37.76122" lon="-111.6947"><ele>0.0</ele></trkpt>
      <trkpt lat="37.76159" lon="-111.69333"><ele>0.0</ele></trkpt>
      <trkpt lat="37.7616" lon="-111.69326"><ele>0.0</ele></trkpt>
      <trkpt lat="37.76203" lon="-111.6917"><ele>0.0</ele></trkpt>
      <trkpt lat="37.76239" lon="-111.6903"><ele>0.0</ele></trkpt>
      <trkpt lat="37.76256" lon="-111.68975"><ele>0.0</ele></trkpt>
      <trkpt lat="37.76278" lon="-111.68912"><ele>0.0</ele></trkpt>
      <trkpt lat="37.76301" lon="-111.68854"><ele>0.0</ele></trkpt>
      <trkpt lat="37.76303" lon="-111.6885"><ele>0.0</ele></trkpt>
      <trkpt lat="37.76317" lon="-111.68813"><ele>0.0</ele></trkpt>
      <trkpt lat="37.76318" lon="-111.68809"><ele>0.0</ele></trkpt>
      <trkpt lat="37.76326" lon="-111.68788"><ele>0.0</ele></trkpt>
      <trkpt lat="37.7633" lon="-111.68779"><ele>0.0</ele></trkpt>
      <trkpt lat="37.76357" lon="-111.68708"><ele>0.0</ele></trkpt>
      <trkpt lat="37.76357" lon="-111.68706"><ele>0.0</ele></trkpt>
      <trkpt lat="37.76363" lon="-111.6869"><ele>0.0</ele></trkpt>
      <trkpt lat="37.76365" lon="-111.68686"><ele>0.0</ele></trkpt>
      <trkpt lat="37.76387" lon="-111.68623"><ele>0.0</ele></trkpt>
      <trkpt lat="37.76442" lon="-111.6848"><ele>0.0</ele></trkpt>
      <trkpt lat="37.76463" lon="-111.6842"><ele>0.0</ele></trkpt>
      <trkpt lat="37.76464" lon="-111.68418"><ele>0.0</ele></trkpt>
      <trkpt lat="37.76467" lon="-111.68409"><ele>0.0</ele></trkpt>
      <trkpt lat="37.76472" lon="-111.6839"><ele>0.0</ele></trkpt>
      <trkpt lat="37.7648" lon="-111.68339"><ele>0.0</ele></trkpt>
      <trkpt lat="37.7648" lon="-111.68335"><ele>0.0</ele></trkpt>
      <trkpt lat="37.76496" lon="-111.68149"><ele>0.0</ele></trkpt>
      <trkpt lat="37.76497" lon="-111.68126"><ele>0.0</ele></trkpt>
      <trkpt lat="37.76523" lon="-111.67849"><ele>0.0</ele></trkpt>
      <trkpt lat="37.76533" lon="-111.67772"><ele>0.0</ele></trkpt>
      <trkpt lat="37.76534" lon="-111.6777"><ele>0.0</ele></trkpt>
      <trkpt lat="37.76546" lon="-111.67706"><ele>0.0</ele></trkpt>
      <trkpt lat="37.76547" lon="-111.67703"><ele>0.0</ele></trkpt>
      <trkpt lat="37.76553" lon="-111.67672"><ele>0.0</ele></trkpt>
      <trkpt lat="37.76573" lon="-111.67595"><ele>0.0</ele></trkpt>
      <trkpt lat="37.76598" lon="-111.67512"><ele>0.0</ele></trkpt>
      <trkpt lat="37.76623" lon="-111.6744"><ele>0.0</ele></trkpt>
      <trkpt lat="37.76636" lon="-111.67406"><ele>0.0</ele></trkpt>
      <trkpt lat="37.76636" lon="-111.67403"><ele>0.0</ele></trkpt>
      <trkpt lat="37.76644" lon="-111.67385"><ele>0.0</ele></trkpt>
      <trkpt lat="37.76663" lon="-111.67337"><ele>0.0</ele></trkpt>
      <trkpt lat="37.76669" lon="-111.67325"><ele>0.0</ele></trkpt>
      <trkpt lat="37.76672" lon="-111.67317"><ele>0.0</ele></trkpt>
      <trkpt lat="37.76763" lon="-111.67127"><ele>0.0</ele></trkpt>
      <trkpt lat="37.7677" lon="-111.6711"><ele>0.0</ele></trkpt>
      <trkpt lat="37.76775" lon="-111.671"><ele>0.0</ele></trkpt>
      <trkpt lat="37.76787" lon="-111.6707"><ele>0.0</ele></trkpt>
      <trkpt lat="37.76788" lon="-111.67069"><ele>0.0</ele></trkpt>
      <trkpt lat="37.76801" lon="-111.67032"><ele>0.0</ele></trkpt>
      <trkpt lat="37.76817" lon="-111.6698"><ele>0.0</ele></trkpt>
      <trkpt lat="37.76893" lon="-111.66703"><ele>0.0</ele></trkpt>
      <trkpt lat="37.76936" lon="-111.66564"><ele>0.0</ele></trkpt>
      <trkpt lat="37.77046" lon="-111.66253"><ele>0.0</ele></trkpt>
      <trkpt lat="37.7707" lon="-111.6619"><ele>0.0</ele></trkpt>
      <trkpt lat="37.77189" lon="-111.65933"><ele>0.0</ele></trkpt>
      <trkpt lat="37.77206" lon="-111.65893"><ele>0.0</ele></trkpt>
      <trkpt lat="37.77214" lon="-111.65872"><ele>0.0</ele></trkpt>
      <trkpt lat="37.77216" lon="-111.65863"><ele>0.0</ele></trkpt>
      <trkpt lat="37.77221" lon="-111.65847"><ele>0.0</ele></trkpt>
      <trkpt lat="37.77228" lon="-111.6581"><ele>0.0</ele></trkpt>
      <trkpt lat="37.7723" lon="-111.65792"><ele>0.0</ele></trkpt>
      <trkpt lat="37.7723" lon="-111.65784"><ele>0.0</ele></trkpt>
      <trkpt lat="37.77231" lon="-111.65775"><ele>0.0</ele></trkpt>
      <trkpt lat="37.77231" lon="-111.65753"><ele>0.0</ele></trkpt>
      <trkpt lat="37.77232" lon="-111.65739"><ele>0.0</ele></trkpt>
      <trkpt lat="37.7722" lon="-111.65602"><ele>0.0</ele></trkpt>
      <trkpt lat="37.77215" lon="-111.65518"><ele>0.0</ele></trkpt>
      <trkpt lat="37.77216" lon="-111.65449"><ele>0.0</ele></trkpt>
      <trkpt lat="37.77227" lon="-111.65223"><ele>0.0</ele></trkpt>
      <trkpt lat="37.77232" lon="-111.65154"><ele>0.0</ele></trkpt>
      <trkpt lat="37.77232" lon="-111.65149"><ele>0.0</ele></trkpt>
      <trkpt lat="37.77239" lon="-111.6508"><ele>0.0</ele></trkpt>
      <trkpt lat="37.77246" lon="-111.65031"><ele>0.0</ele></trkpt>
      <trkpt lat="37.77253" lon="-111.64992"><ele>0.0</ele></trkpt>
      <trkpt lat="37.77268" lon="-111.64926"><ele>0.0</ele></trkpt>
      <trkpt lat="37.77285" lon="-111.64867"><ele>0.0</ele></trkpt>
      <trkpt lat="37.773" lon="-111.64824"><ele>0.0</ele></trkpt>
      <trkpt lat="37.77345" lon="-111.64712"><ele>0.0</ele></trkpt>
      <trkpt lat="37.77415" lon="-111.64553"><ele>0.0</ele></trkpt>
      <trkpt lat="37.7742" lon="-111.64539"><ele>0.0</ele></trkpt>
      <trkpt lat="37.77426" lon="-111.64526"><ele>0.0</ele></trkpt>
      <trkpt lat="37.77436" lon="-111.64499"><ele>0.0</ele></trkpt>
      <trkpt lat="37.77438" lon="-111.64491"><ele>0.0</ele></trkpt>
      <trkpt lat="37.77448" lon="-111.64459"><ele>0.0</ele></trkpt>
      <trkpt lat="37.77457" lon="-111.64417"><ele>0.0</ele></trkpt>
      <trkpt lat="37.77463" lon="-111.64382"><ele>0.0</ele></trkpt>
      <trkpt lat="37.77463" lon="-111.6438"><ele>0.0</ele></trkpt>
      <trkpt lat="37.77472" lon="-111.64323"><ele>0.0</ele></trkpt>
      <trkpt lat="37.77474" lon="-111.64315"><ele>0.0</ele></trkpt>
      <trkpt lat="37.77477" lon="-111.64293"><ele>0.0</ele></trkpt>
      <trkpt lat="37.77481" lon="-111.64271"><ele>0.0</ele></trkpt>
      <trkpt lat="37.77483" lon="-111.64256"><ele>0.0</ele></trkpt>
      <trkpt lat="37.77485" lon="-111.64248"><ele>0.0</ele></trkpt>
      <trkpt lat="37.77486" lon="-111.6424"><ele>0.0</ele></trkpt>
      <trkpt lat="37.77495" lon="-111.64191"><ele>0.0</ele></trkpt>
      <trkpt lat="37.77519" lon="-111.64095"><ele>0.0</ele></trkpt>
      <trkpt lat="37.77525" lon="-111.64074"><ele>0.0</ele></trkpt>
      <trkpt lat="37.77532" lon="-111.64044"><ele>0.0</ele></trkpt>
      <trkpt lat="37.77542" lon="-111.64009"><ele>0.0</ele></trkpt>
      <trkpt lat="37.77558" lon="-111.63944"><ele>0.0</ele></trkpt>
      <trkpt lat="37.77561" lon="-111.63929"><ele>0.0</ele></trkpt>
      <trkpt lat="37.77565" lon="-111.63915"><ele>0.0</ele></trkpt>
      <trkpt lat="37.77569" lon="-111.63896"><ele>0.0</ele></trkpt>
      <trkpt lat="37.77573" lon="-111.63869"><ele>0.0</ele></trkpt>
      <trkpt lat="37.77579" lon="-111.63838"><ele>0.0</ele></trkpt>
      <trkpt lat="37.77584" lon="-111.63801"><ele>0.0</ele></trkpt>
      <trkpt lat="37.77588" lon="-111.6376"><ele>0.0</ele></trkpt>
      <trkpt lat="37.77591" lon="-111.6371"><ele>0.0</ele></trkpt>
      <trkpt lat="37.77592" lon="-111.63658"><ele>0.0</ele></trkpt>
      <trkpt lat="37.77582" lon="-111.63346"><ele>0.0</ele></trkpt>
      <trkpt lat="37.77585" lon="-111.63283"><ele>0.0</ele></trkpt>
      <trkpt lat="37.77595" lon="-111.6322"><ele>0.0</ele></trkpt>
      <trkpt lat="37.77596" lon="-111.63218"><ele>0.0</ele></trkpt>
      <trkpt lat="37.776" lon="-111.63197"><ele>0.0</ele></trkpt>
      <trkpt lat="37.77614" lon="-111.63149"><ele>0.0</ele></trkpt>
      <trkpt lat="37.77636" lon="-111.63092"><ele>0.0</ele></trkpt>
      <trkpt lat="37.77709" lon="-111.62929"><ele>0.0</ele></trkpt>
      <trkpt lat="37.77719" lon="-111.62904"><ele>0.0</ele></trkpt>
      <trkpt lat="37.77742" lon="-111.62815"><ele>0.0</ele></trkpt>
      <trkpt lat="37.77748" lon="-111.62777"><ele>0.0</ele></trkpt>
      <trkpt lat="37.7775" lon="-111.62755"><ele>0.0</ele></trkpt>
      <trkpt lat="37.7775" lon="-111.62732"><ele>0.0</ele></trkpt>
      <trkpt lat="37.77749" lon="-111.62725"><ele>0.0</ele></trkpt>
      <trkpt lat="37.77749" lon="-111.62664"><ele>0.0</ele></trkpt>
      <trkpt lat="37.77753" lon="-111.62563"><ele>0.0</ele></trkpt>
      <trkpt lat="37.77753" lon="-111.6254"><ele>0.0</ele></trkpt>
      <trkpt lat="37.77754" lon="-111.6253"><ele>0.0</ele></trkpt>
      <trkpt lat="37.77758" lon="-111.62336"><ele>0.0</ele></trkpt>
      <trkpt lat="37.77759" lon="-111.62322"><ele>0.0</ele></trkpt>
      <trkpt lat="37.7776" lon="-111.62273"><ele>0.0</ele></trkpt>
      <trkpt lat="37.77759" lon="-111.6225"><ele>0.0</ele></trkpt>
      <trkpt lat="37.7775" lon="-111.62179"><ele>0.0</ele></trkpt>
      <trkpt lat="37.77734" lon="-111.62124"><ele>0.0</ele></trkpt>
      <trkpt lat="37.77723" lon="-111.62097"><ele>0.0</ele></trkpt>
      <trkpt lat="37.777" lon="-111.6205"><ele>0.0</ele></trkpt>
      <trkpt lat="37.77687" lon="-111.62028"><ele>0.0</ele></trkpt>
      <trkpt lat="37.77471" lon="-111.61706"><ele>0.0</ele></trkpt>
      <trkpt lat="37.77433" lon="-111.61646"><ele>0.0</ele></trkpt>
      <trkpt lat="37.77422" lon="-111.61627"><ele>0.0</ele></trkpt>
      <trkpt lat="37.77416" lon="-111.61618"><ele>0.0</ele></trkpt>
      <trkpt lat="37.77376" lon="-111.61547"><ele>0.0</ele></trkpt>
      <trkpt lat="37.7737" lon="-111.61535"><ele>0.0</ele></trkpt>
      <trkpt lat="37.77366" lon="-111.61529"><ele>0.0</ele></trkpt>
      <trkpt lat="37.77315" lon="-111.61437"><ele>0.0</ele></trkpt>
      <trkpt lat="37.77279" lon="-111.61368"><ele>0.0</ele></trkpt>
      <trkpt lat="37.77201" lon="-111.61234"><ele>0.0</ele></trkpt>
      <trkpt lat="37.7716" lon="-111.61159"><ele>0.0</ele></trkpt>
      <trkpt lat="37.77159" lon="-111.61155"><ele>0.0</ele></trkpt>
      <trkpt lat="37.77154" lon="-111.61147"><ele>0.0</ele></trkpt>
      <trkpt lat="37.77129" lon="-111.611"><ele>0.0</ele></trkpt>
      <trkpt lat="37.77114" lon="-111.61074"><ele>0.0</ele></trkpt>
      <trkpt lat="37.77113" lon="-111.61073"><ele>0.0</ele></trkpt>
      <trkpt lat="37.77077" lon="-111.61006"><ele>0.0</ele></trkpt>
      <trkpt lat="37.77069" lon="-111.60989"><ele>0.0</ele></trkpt>
      <trkpt lat="37.77057" lon="-111.60958"><ele>0.0</ele></trkpt>
      <trkpt lat="37.77055" lon="-111.60951"><ele>0.0</ele></trkpt>
      <trkpt lat="37.77045" lon="-111.60904"><ele>0.0</ele></trkpt>
      <trkpt lat="37.77043" lon="-111.60852"><ele>0.0</ele></trkpt>
      <trkpt lat="37.77038" lon="-111.60463"><ele>0.0</ele></trkpt>
      <trkpt lat="37.77037" lon="-111.6044"><ele>0.0</ele></trkpt>
      <trkpt lat="37.77038" lon="-111.60391"><ele>0.0</ele></trkpt>
      <trkpt lat="37.77035" lon="-111.60226"><ele>0.0</ele></trkpt>
      <trkpt lat="37.77036" lon="-111.60165"><ele>0.0</ele></trkpt>
      <trkpt lat="37.77035" lon="-111.6015"><ele>0.0</ele></trkpt>
      <trkpt lat="37.77033" lon="-111.59937"><ele>0.0</ele></trkpt>
      <trkpt lat="37.7703" lon="-111.59834"><ele>0.0</ele></trkpt>
      <trkpt lat="37.7703" lon="-111.59707"><ele>0.0</ele></trkpt>
      <trkpt lat="37.77027" lon="-111.59618"><ele>0.0</ele></trkpt>
      <trkpt lat="37.77023" lon="-111.59592"><ele>0.0</ele></trkpt>
      <trkpt lat="37.77015" lon="-111.59562"><ele>0.0</ele></trkpt>
      <trkpt lat="37.77006" lon="-111.59537"><ele>0.0</ele></trkpt>
      <trkpt lat="37.76996" lon="-111.59514"><ele>0.0</ele></trkpt>
      <trkpt lat="37.76985" lon="-111.59495"><ele>0.0</ele></trkpt>
      <trkpt lat="37.76971" lon="-111.59474"><ele>0.0</ele></trkpt>
      <trkpt lat="37.76947" lon="-111.59442"><ele>0.0</ele></trkpt>
      <trkpt lat="37.76859" lon="-111.59352"><ele>0.0</ele></trkpt>
      <trkpt lat="37.76844" lon="-111.59335"><ele>0.0</ele></trkpt>
      <trkpt lat="37.76836" lon="-111.59327"><ele>0.0</ele></trkpt>
      <trkpt lat="37.76836" lon="-111.59326"><ele>0.0</ele></trkpt>
      <trkpt lat="37.76829" lon="-111.59319"><ele>0.0</ele></trkpt>
      <trkpt lat="37.76769" lon="-111.59252"><ele>0.0</ele></trkpt>
      <trkpt lat="37.76766" lon="-111.59248"><ele>0.0</ele></trkpt>
      <trkpt lat="37.76765" lon="-111.59247"><ele>0.0</ele></trkpt>
      <trkpt lat="37.76756" lon="-111.59234"><ele>0.0</ele></trkpt>
      <trkpt lat="37.76744" lon="-111.59219"><ele>0.0</ele></trkpt>
      <trkpt lat="37.76744" lon="-111.59218"><ele>0.0</ele></trkpt>
      <trkpt lat="37.76723" lon="-111.59188"><ele>0.0</ele></trkpt>
      <trkpt lat="37.76701" lon="-111.59153"><ele>0.0</ele></trkpt>
      <trkpt lat="37.7668" lon="-111.59117"><ele>0.0</ele></trkpt>
      <trkpt lat="37.76663" lon="-111.59084"><ele>0.0</ele></trkpt>
      <trkpt lat="37.76648" lon="-111.59052"><ele>0.0</ele></trkpt>
      <trkpt lat="37.76615" lon="-111.58974"><ele>0.0</ele></trkpt>
      <trkpt lat="37.76521" lon="-111.58712"><ele>0.0</ele></trkpt>
      <trkpt lat="37.76518" lon="-111.58702"><ele>0.0</ele></trkpt>
      <trkpt lat="37.76423" lon="-111.58437"><ele>0.0</ele></trkpt>
      <trkpt lat="37.76386" lon="-111.58339"><ele>0.0</ele></trkpt>
      <trkpt lat="37.76353" lon="-111.58265"><ele>0.0</ele></trkpt>
      <trkpt lat="37.76348" lon="-111.58252"><ele>0.0</ele></trkpt>
      <trkpt lat="37.76331" lon="-111.5822"><ele>0.0</ele></trkpt>
      <trkpt lat="37.76327" lon="-111.58209"><ele>0.0</ele></trkpt>
      <trkpt lat="37.76312" lon="-111.58176"><ele>0.0</ele></trkpt>
      <trkpt lat="37.76205" lon="-111.57991"><ele>0.0</ele></trkpt>
      <trkpt lat="37.76201" lon="-111.57985"><ele>0.0</ele></trkpt>
      <trkpt lat="37.75912" lon="-111.57492"><ele>0.0</ele></trkpt>
      <trkpt lat="37.75906" lon="-111.57483"><ele>0.0</ele></trkpt>
      <trkpt lat="37.75897" lon="-111.57466"><ele>0.0</ele></trkpt>
      <trkpt lat="37.75786" lon="-111.5728"><ele>0.0</ele></trkpt>
      <trkpt lat="37.75783" lon="-111.57274"><ele>0.0</ele></trkpt>
      <trkpt lat="37.75745" lon="-111.5722"><ele>0.0</ele></trkpt>
      <trkpt lat="37.75735" lon="-111.57208"><ele>0.0</ele></trkpt>
      <trkpt lat="37.75726" lon="-111.57196"><ele>0.0</ele></trkpt>
      <trkpt lat="37.75723" lon="-111.57193"><ele>0.0</ele></trkpt>
      <trkpt lat="37.75708" lon="-111.57173"><ele>0.0</ele></trkpt>
      <trkpt lat="37.75649" lon="-111.57105"><ele>0.0</ele></trkpt>
      <trkpt lat="37.75613" lon="-111.57069"><ele>0.0</ele></trkpt>
      <trkpt lat="37.75576" lon="-111.57037"><ele>0.0</ele></trkpt>
      <trkpt lat="37.75521" lon="-111.56994"><ele>0.0</ele></trkpt>
      <trkpt lat="37.75518" lon="-111.56991"><ele>0.0</ele></trkpt>
      <trkpt lat="37.7526" lon="-111.56793"><ele>0.0</ele></trkpt>
      <trkpt lat="37.75259" lon="-111.56792"><ele>0.0</ele></trkpt>
      <trkpt lat="37.75195" lon="-111.56743"><ele>0.0</ele></trkpt>
      <trkpt lat="37.75191" lon="-111.56739"><ele>0.0</ele></trkpt>
      <trkpt lat="37.74899" lon="-111.56514"><ele>0.0</ele></trkpt>
      <trkpt lat="37.74892" lon="-111.56508"><ele>0.0</ele></trkpt>
      <trkpt lat="37.74873" lon="-111.56494"><ele>0.0</ele></trkpt>
      <trkpt lat="37.74781" lon="-111.5642"><ele>0.0</ele></trkpt>
      <trkpt lat="37.74736" lon="-111.56381"><ele>0.0</ele></trkpt>
      <trkpt lat="37.74667" lon="-111.56318"><ele>0.0</ele></trkpt>
      <trkpt lat="37.74564" lon="-111.56218"><ele>0.0</ele></trkpt>
      <trkpt lat="37.7456" lon="-111.56215"><ele>0.0</ele></trkpt>
      <trkpt lat="37.74402" lon="-111.56058"><ele>0.0</ele></trkpt>
      <trkpt lat="37.74353" lon="-111.56005"><ele>0.0</ele></trkpt>
      <trkpt lat="37.743" lon="-111.55939"><ele>0.0</ele></trkpt>
      <trkpt lat="37.74261" lon="-111.55876"><ele>0.0</ele></trkpt>
      <trkpt lat="37.74238" lon="-111.55835"><ele>0.0</ele></trkpt>
      <trkpt lat="37.74219" lon="-111.55797"><ele>0.0</ele></trkpt>
      <trkpt lat="37.74185" lon="-111.55723"><ele>0.0</ele></trkpt>
      <trkpt lat="37.74151" lon="-111.55637"><ele>0.0</ele></trkpt>
      <trkpt lat="37.74148" lon="-111.55631"><ele>0.0</ele></trkpt>
      <trkpt lat="37.7414" lon="-111.55611"><ele>0.0</ele></trkpt>
      <trkpt lat="37.74134" lon="-111.55599"><ele>0.0</ele></trkpt>
      <trkpt lat="37.74118" lon="-111.55556"><ele>0.0</ele></trkpt>
      <trkpt lat="37.73778" lon="-111.5473"><ele>0.0</ele></trkpt>
      <trkpt lat="37.73768" lon="-111.5471"><ele>0.0</ele></trkpt>
      <trkpt lat="37.73759" lon="-111.5469"><ele>0.0</ele></trkpt>
      <trkpt lat="37.73732" lon="-111.54638"><ele>0.0</ele></trkpt>
      <trkpt lat="37.73687" lon="-111.54561"><ele>0.0</ele></trkpt>
      <trkpt lat="37.73667" lon="-111.54529"><ele>0.0</ele></trkpt>
      <trkpt lat="37.73346" lon="-111.54042"><ele>0.0</ele></trkpt>
      <trkpt lat="37.73329" lon="-111.54014"><ele>0.0</ele></trkpt>
      <trkpt lat="37.73248" lon="-111.53895"><ele>0.0</ele></trkpt>
      <trkpt lat="37.73242" lon="-111.53885"><ele>0.0</ele></trkpt>
      <trkpt lat="37.73036" lon="-111.53594"><ele>0.0</ele></trkpt>
      <trkpt lat="37.7295" lon="-111.53469"><ele>0.0</ele></trkpt>
      <trkpt lat="37.72943" lon="-111.5346"><ele>0.0</ele></trkpt>
      <trkpt lat="37.72938" lon="-111.53452"><ele>0.0</ele></trkpt>
      <trkpt lat="37.72888" lon="-111.53381"><ele>0.0</ele></trkpt>
      <trkpt lat="37.72861" lon="-111.53339"><ele>0.0</ele></trkpt>
      <trkpt lat="37.72825" lon="-111.53269"><ele>0.0</ele></trkpt>
      <trkpt lat="37.728" lon="-111.53215"><ele>0.0</ele></trkpt>
      <trkpt lat="37.72771" lon="-111.53146"><ele>0.0</ele></trkpt>
      <trkpt lat="37.72734" lon="-111.53023"><ele>0.0</ele></trkpt>
      <trkpt lat="37.72715" lon="-111.52951"><ele>0.0</ele></trkpt>
      <trkpt lat="37.72699" lon="-111.52896"><ele>0.0</ele></trkpt>
      <trkpt lat="37.72676" lon="-111.52807"><ele>0.0</ele></trkpt>
      <trkpt lat="37.72667" lon="-111.52764"><ele>0.0</ele></trkpt>
      <trkpt lat="37.72662" lon="-111.52731"><ele>0.0</ele></trkpt>
      <trkpt lat="37.72659" lon="-111.52701"><ele>0.0</ele></trkpt>
      <trkpt lat="37.72658" lon="-111.52696"><ele>0.0</ele></trkpt>
      <trkpt lat="37.72657" lon="-111.52672"><ele>0.0</ele></trkpt>
      <trkpt lat="37.72656" lon="-111.52662"><ele>0.0</ele></trkpt>
      <trkpt lat="37.72655" lon="-111.52633"><ele>0.0</ele></trkpt>
      <trkpt lat="37.72656" lon="-111.52594"><ele>0.0</ele></trkpt>
      <trkpt lat="37.72659" lon="-111.52565"><ele>0.0</ele></trkpt>
      <trkpt lat="37.72659" lon="-111.5256"><ele>0.0</ele></trkpt>
      <trkpt lat="37.72662" lon="-111.52529"><ele>0.0</ele></trkpt>
      <trkpt lat="37.72673" lon="-111.52462"><ele>0.0</ele></trkpt>
      <trkpt lat="37.7268" lon="-111.5243"><ele>0.0</ele></trkpt>
      <trkpt lat="37.72696" lon="-111.52377"><ele>0.0</ele></trkpt>
      <trkpt lat="37.72715" lon="-111.52324"><ele>0.0</ele></trkpt>
      <trkpt lat="37.72728" lon="-111.52295"><ele>0.0</ele></trkpt>
      <trkpt lat="37.72744" lon="-111.52264"><ele>0.0</ele></trkpt>
      <trkpt lat="37.72762" lon="-111.52232"><ele>0.0</ele></trkpt>
      <trkpt lat="37.72776" lon="-111.5221"><ele>0.0</ele></trkpt>
      <trkpt lat="37.72804" lon="-111.5217"><ele>0.0</ele></trkpt>
      <trkpt lat="37.73202" lon="-111.51632"><ele>0.0</ele></trkpt>
      <trkpt lat="37.73207" lon="-111.51624"><ele>0.0</ele></trkpt>
      <trkpt lat="37.73214" lon="-111.51615"><ele>0.0</ele></trkpt>
      <trkpt lat="37.73219" lon="-111.51607"><ele>0.0</ele></trkpt>
      <trkpt lat="37.7449" lon="-111.49867"><ele>0.0</ele></trkpt>
      <trkpt lat="37.74573" lon="-111.49747"><ele>0.0</ele></trkpt>
      <trkpt lat="37.74615" lon="-111.49678"><ele>0.0</ele></trkpt>
      <trkpt lat="37.7465" lon="-111.49616"><ele>0.0</ele></trkpt>
      <trkpt lat="37.74689" lon="-111.49539"><ele>0.0</ele></trkpt>
      <trkpt lat="37.7473" lon="-111.49451"><ele>0.0</ele></trkpt>
      <trkpt lat="37.74746" lon="-111.49413"><ele>0.0</ele></trkpt>
      <trkpt lat="37.74798" lon="-111.49274"><ele>0.0</ele></trkpt>
      <trkpt lat="37.7483" lon="-111.49167"><ele>0.0</ele></trkpt>
      <trkpt lat="37.74853" lon="-111.4908"><ele>0.0</ele></trkpt>
      <trkpt lat="37.74853" lon="-111.49079"><ele>0.0</ele></trkpt>
      <trkpt lat="37.74863" lon="-111.49037"><ele>0.0</ele></trkpt>
      <trkpt lat="37.74895" lon="-111.48862"><ele>0.0</ele></trkpt>
      <trkpt lat="37.74901" lon="-111.48814"><ele>0.0</ele></trkpt>
      <trkpt lat="37.74918" lon="-111.48611"><ele>0.0</ele></trkpt>
      <trkpt lat="37.7492" lon="-111.48595"><ele>0.0</ele></trkpt>
      <trkpt lat="37.74929" lon="-111.48475"><ele>0.0</ele></trkpt>
      <trkpt lat="37.74929" lon="-111.48467"><ele>0.0</ele></trkpt>
      <trkpt lat="37.7494" lon="-111.48326"><ele>0.0</ele></trkpt>
      <trkpt lat="37.7494" lon="-111.48315"><ele>0.0</ele></trkpt>
      <trkpt lat="37.74972" lon="-111.47886"><ele>0.0</ele></trkpt>
      <trkpt lat="37.74973" lon="-111.47879"><ele>0.0</ele></trkpt>
      <trkpt lat="37.75025" lon="-111.47184"><ele>0.0</ele></trkpt>
      <trkpt lat="37.75026" lon="-111.47162"><ele>0.0</ele></trkpt>
      <trkpt lat="37.75028" lon="-111.47146"><ele>0.0</ele></trkpt>
      <trkpt lat="37.75033" lon="-111.47078"><ele>0.0</ele></trkpt>
      <trkpt lat="37.75033" lon="-111.47071"><ele>0.0</ele></trkpt>
      <trkpt lat="37.75037" lon="-111.47026"><ele>0.0</ele></trkpt>
      <trkpt lat="37.75038" lon="-111.47001"><ele>0.0</ele></trkpt>
      <trkpt lat="37.75042" lon="-111.46958"><ele>0.0</ele></trkpt>
      <trkpt lat="37.75043" lon="-111.46935"><ele>0.0</ele></trkpt>
      <trkpt lat="37.75047" lon="-111.4689"><ele>0.0</ele></trkpt>
      <trkpt lat="37.75047" lon="-111.46882"><ele>0.0</ele></trkpt>
      <trkpt lat="37.75049" lon="-111.46867"><ele>0.0</ele></trkpt>
      <trkpt lat="37.75064" lon="-111.46667"><ele>0.0</ele></trkpt>
      <trkpt lat="37.75066" lon="-111.46618"><ele>0.0</ele></trkpt>
      <trkpt lat="37.75068" lon="-111.46594"><ele>0.0</ele></trkpt>
      <trkpt lat="37.75069" lon="-111.46527"><ele>0.0</ele></trkpt>
      <trkpt lat="37.7507" lon="-111.46511"><ele>0.0</ele></trkpt>
      <trkpt lat="37.75069" lon="-111.46398"><ele>0.0</ele></trkpt>
      <trkpt lat="37.75068" lon="-111.46389"><ele>0.0</ele></trkpt>
      <trkpt lat="37.75062" lon="-111.45985"><ele>0.0</ele></trkpt>
      <trkpt lat="37.75061" lon="-111.45975"><ele>0.0</ele></trkpt>
      <trkpt lat="37.75061" lon="-111.45884"><ele>0.0</ele></trkpt>
      <trkpt lat="37.75059" lon="-111.45839"><ele>0.0</ele></trkpt>
      <trkpt lat="37.75057" lon="-111.45816"><ele>0.0</ele></trkpt>
      <trkpt lat="37.75057" lon="-111.45808"><ele>0.0</ele></trkpt>
      <trkpt lat="37.75053" lon="-111.45788"><ele>0.0</ele></trkpt>
      <trkpt lat="37.75048" lon="-111.45769"><ele>0.0</ele></trkpt>
      <trkpt lat="37.75042" lon="-111.45753"><ele>0.0</ele></trkpt>
      <trkpt lat="37.75041" lon="-111.45751"><ele>0.0</ele></trkpt>
      <trkpt lat="37.75035" lon="-111.45735"><ele>0.0</ele></trkpt>
      <trkpt lat="37.75026" lon="-111.45721"><ele>0.0</ele></trkpt>
      <trkpt lat="37.75011" lon="-111.457"><ele>0.0</ele></trkpt>
      <trkpt lat="37.74998" lon="-111.45685"><ele>0.0</ele></trkpt>
      <trkpt lat="37.74984" lon="-111.45673"><ele>0.0</ele></trkpt>
      <trkpt lat="37.74966" lon="-111.45661"><ele>0.0</ele></trkpt>
      <trkpt lat="37.74951" lon="-111.45653"><ele>0.0</ele></trkpt>
      <trkpt lat="37.74947" lon="-111.45652"><ele>0.0</ele></trkpt>
      <trkpt lat="37.7493" lon="-111.45646"><ele>0.0</ele></trkpt>
      <trkpt lat="37.74928" lon="-111.45645"><ele>0.0</ele></trkpt>
      <trkpt lat="37.74861" lon="-111.45627"><ele>0.0</ele></trkpt>
      <trkpt lat="37.74833" lon="-111.45616"><ele>0.0</ele></trkpt>
      <trkpt lat="37.74825" lon="-111.45611"><ele>0.0</ele></trkpt>
      <trkpt lat="37.74819" lon="-111.45608"><ele>0.0</ele></trkpt>
      <trkpt lat="37.74809" lon="-111.45601"><ele>0.0</ele></trkpt>
      <trkpt lat="37.74795" lon="-111.45588"><ele>0.0</ele></trkpt>
      <trkpt lat="37.74792" lon="-111.45586"><ele>0.0</ele></trkpt>
      <trkpt lat="37.74778" lon="-111.45569"><ele>0.0</ele></trkpt>
      <trkpt lat="37.7477" lon="-111.45556"><ele>0.0</ele></trkpt>
      <trkpt lat="37.74764" lon="-111.45548"><ele>0.0</ele></trkpt>
      <trkpt lat="37.74749" lon="-111.45519"><ele>0.0</ele></trkpt>
      <trkpt lat="37.74727" lon="-111.45482"><ele>0.0</ele></trkpt>
      <trkpt lat="37.74719" lon="-111.45471"><ele>0.0</ele></trkpt>
      <trkpt lat="37.74701" lon="-111.45452"><ele>0.0</ele></trkpt>
      <trkpt lat="37.74695" lon="-111.45447"><ele>0.0</ele></trkpt>
      <trkpt lat="37.74688" lon="-111.45442"><ele>0.0</ele></trkpt>
      <trkpt lat="37.74682" lon="-111.45437"><ele>0.0</ele></trkpt>
      <trkpt lat="37.74657" lon="-111.45424"><ele>0.0</ele></trkpt>
      <trkpt lat="37.74631" lon="-111.45418"><ele>0.0</ele></trkpt>
      <trkpt lat="37.7462" lon="-111.45417"><ele>0.0</ele></trkpt>
      <trkpt lat="37.74616" lon="-111.45417"><ele>0.0</ele></trkpt>
      <trkpt lat="37.74594" lon="-111.45422"><ele>0.0</ele></trkpt>
      <trkpt lat="37.74572" lon="-111.45431"><ele>0.0</ele></trkpt>
      <trkpt lat="37.74569" lon="-111.45433"><ele>0.0</ele></trkpt>
      <trkpt lat="37.74568" lon="-111.45434"><ele>0.0</ele></trkpt>
      <trkpt lat="37.74565" lon="-111.45436"><ele>0.0</ele></trkpt>
      <trkpt lat="37.7454" lon="-111.4545"><ele>0.0</ele></trkpt>
      <trkpt lat="37.74523" lon="-111.45458"><ele>0.0</ele></trkpt>
      <trkpt lat="37.74519" lon="-111.45459"><ele>0.0</ele></trkpt>
      <trkpt lat="37.74518" lon="-111.4546"><ele>0.0</ele></trkpt>
      <trkpt lat="37.74501" lon="-111.45467"><ele>0.0</ele></trkpt>
      <trkpt lat="37.74488" lon="-111.4547"><ele>0.0</ele></trkpt>
      <trkpt lat="37.74485" lon="-111.45471"><ele>0.0</ele></trkpt>
      <trkpt lat="37.74469" lon="-111.45474"><ele>0.0</ele></trkpt>
      <trkpt lat="37.74462" lon="-111.45474"><ele>0.0</ele></trkpt>
      <trkpt lat="37.74449" lon="-111.45475"><ele>0.0</ele></trkpt>
      <trkpt lat="37.74427" lon="-111.45471"><ele>0.0</ele></trkpt>
      <trkpt lat="37.74406" lon="-111.45466"><ele>0.0</ele></trkpt>
      <trkpt lat="37.74367" lon="-111.45455"><ele>0.0</ele></trkpt>
      <trkpt lat="37.74329" lon="-111.45442"><ele>0.0</ele></trkpt>
      <trkpt lat="37.74296" lon="-111.45432"><ele>0.0</ele></trkpt>
      <trkpt lat="37.74294" lon="-111.45431"><ele>0.0</ele></trkpt>
      <trkpt lat="37.7429" lon="-111.4543"><ele>0.0</ele></trkpt>
      <trkpt lat="37.74277" lon="-111.45425"><ele>0.0</ele></trkpt>
      <trkpt lat="37.74269" lon="-111.45423"><ele>0.0</ele></trkpt>
      <trkpt lat="37.74254" lon="-111.45417"><ele>0.0</ele></trkpt>
      <trkpt lat="37.74242" lon="-111.45413"><ele>0.0</ele></trkpt>
      <trkpt lat="37.74238" lon="-111.45412"><ele>0.0</ele></trkpt>
      <trkpt lat="37.74227" lon="-111.45406"><ele>0.0</ele></trkpt>
      <trkpt lat="37.74217" lon="-111.45399"><ele>0.0</ele></trkpt>
      <trkpt lat="37.74209" lon="-111.45392"><ele>0.0</ele></trkpt>
      <trkpt lat="37.74203" lon="-111.45388"><ele>0.0</ele></trkpt>
      <trkpt lat="37.74201" lon="-111.45386"><ele>0.0</ele></trkpt>
      <trkpt lat="37.74196" lon="-111.45379"><ele>0.0</ele></trkpt>
      <trkpt lat="37.74192" lon="-111.45375"><ele>0.0</ele></trkpt>
      <trkpt lat="37.74182" lon="-111.4536"><ele>0.0</ele></trkpt>
      <trkpt lat="37.74174" lon="-111.45339"><ele>0.0</ele></trkpt>
      <trkpt lat="37.74174" lon="-111.45337"><ele>0.0</ele></trkpt>
      <trkpt lat="37.74173" lon="-111.45336"><ele>0.0</ele></trkpt>
      <trkpt lat="37.74173" lon="-111.45333"><ele>0.0</ele></trkpt>
      <trkpt lat="37.74171" lon="-111.45327"><ele>0.0</ele></trkpt>
      <trkpt lat="37.74169" lon="-111.4531"><ele>0.0</ele></trkpt>
      <trkpt lat="37.7417" lon="-111.45298"><ele>0.0</ele></trkpt>
      <trkpt lat="37.7417" lon="-111.45292"><ele>0.0</ele></trkpt>
      <trkpt lat="37.74171" lon="-111.45288"><ele>0.0</ele></trkpt>
      <trkpt lat="37.74174" lon="-111.45267"><ele>0.0</ele></trkpt>
      <trkpt lat="37.74181" lon="-111.45236"><ele>0.0</ele></trkpt>
      <trkpt lat="37.74196" lon="-111.45184"><ele>0.0</ele></trkpt>
      <trkpt lat="37.74197" lon="-111.45179"><ele>0.0</ele></trkpt>
      <trkpt lat="37.74256" lon="-111.44965"><ele>0.0</ele></trkpt>
      <trkpt lat="37.7426" lon="-111.44953"><ele>0.0</ele></trkpt>
      <trkpt lat="37.74265" lon="-111.44935"><ele>0.0</ele></trkpt>
      <trkpt lat="37.74266" lon="-111.4493"><ele>0.0</ele></trkpt>
      <trkpt lat="37.74278" lon="-111.44889"><ele>0.0</ele></trkpt>
      <trkpt lat="37.74279" lon="-111.44882"><ele>0.0</ele></trkpt>
      <trkpt lat="37.74284" lon="-111.44867"><ele>0.0</ele></trkpt>
      <trkpt lat="37.74302" lon="-111.44803"><ele>0.0</ele></trkpt>
      <trkpt lat="37.74311" lon="-111.44775"><ele>0.0</ele></trkpt>
      <trkpt lat="37.74318" lon="-111.44758"><ele>0.0</ele></trkpt>
      <trkpt lat="37.74325" lon="-111.44747"><ele>0.0</ele></trkpt>
      <trkpt lat="37.74328" lon="-111.44744"><ele>0.0</ele></trkpt>
      <trkpt lat="37.7433" lon="-111.44741"><ele>0.0</ele></trkpt>
      <trkpt lat="37.74332" lon="-111.44739"><ele>0.0</ele></trkpt>
      <trkpt lat="37.74344" lon="-111.44729"><ele>0.0</ele></trkpt>
      <trkpt lat="37.74356" lon="-111.44725"><ele>0.0</ele></trkpt>
      <trkpt lat="37.74375" lon="-111.44725"><ele>0.0</ele></trkpt>
      <trkpt lat="37.74388" lon="-111.44729"><ele>0.0</ele></trkpt>
      <trkpt lat="37.74397" lon="-111.44735"><ele>0.0</ele></trkpt>
      <trkpt lat="37.74402" lon="-111.44737"><ele>0.0</ele></trkpt>
      <trkpt lat="37.7444" lon="-111.44769"><ele>0.0</ele></trkpt>
      <trkpt lat="37.74441" lon="-111.44769"><ele>0.0</ele></trkpt>
      <trkpt lat="37.74459" lon="-111.44787"><ele>0.0</ele></trkpt>
      <trkpt lat="37.74468" lon="-111.44799"><ele>0.0</ele></trkpt>
      <trkpt lat="37.74477" lon="-111.44818"><ele>0.0</ele></trkpt>
      <trkpt lat="37.7448" lon="-111.44834"><ele>0.0</ele></trkpt>
      <trkpt lat="37.7448" lon="-111.44856"><ele>0.0</ele></trkpt>
      <trkpt lat="37.74476" lon="-111.44885"><ele>0.0</ele></trkpt>
      <trkpt lat="37.74475" lon="-111.44889"><ele>0.0</ele></trkpt>
      <trkpt lat="37.74471" lon="-111.44929"><ele>0.0</ele></trkpt>
      <trkpt lat="37.74475" lon="-111.44977"><ele>0.0</ele></trkpt>
      <trkpt lat="37.74478" lon="-111.44996"><ele>0.0</ele></trkpt>
      <trkpt lat="37.74479" lon="-111.44998"><ele>0.0</ele></trkpt>
      <trkpt lat="37.74481" lon="-111.45012"><ele>0.0</ele></trkpt>
      <trkpt lat="37.74493" lon="-111.45054"><ele>0.0</ele></trkpt>
      <trkpt lat="37.74496" lon="-111.45062"><ele>0.0</ele></trkpt>
      <trkpt lat="37.74498" lon="-111.45066"><ele>0.0</ele></trkpt>
      <trkpt lat="37.74512" lon="-111.45105"><ele>0.0</ele></trkpt>
      <trkpt lat="37.7452" lon="-111.45124"><ele>0.0</ele></trkpt>
      <trkpt lat="37.74522" lon="-111.45131"><ele>0.0</ele></trkpt>
      <trkpt lat="37.74532" lon="-111.45155"><ele>0.0</ele></trkpt>
      <trkpt lat="37.74535" lon="-111.45165"><ele>0.0</ele></trkpt>
      <trkpt lat="37.74545" lon="-111.45186"><ele>0.0</ele></trkpt>
      <trkpt lat="37.74551" lon="-111.45194"><ele>0.0</ele></trkpt>
      <trkpt lat="37.74558" lon="-111.45199"><ele>0.0</ele></trkpt>
      <trkpt lat="37.74565" lon="-111.45203"><ele>0.0</ele></trkpt>
      <trkpt lat="37.74571" lon="-111.45203"><ele>0.0</ele></trkpt>
      <trkpt lat="37.74582" lon="-111.452"><ele>0.0</ele></trkpt>
      <trkpt lat="37.74592" lon="-111.45194"><ele>0.0</ele></trkpt>
      <trkpt lat="37.74594" lon="-111.45191"><ele>0.0</ele></trkpt>
      <trkpt lat="37.74595" lon="-111.4519"><ele>0.0</ele></trkpt>
      <trkpt lat="37.74602" lon="-111.45181"><ele>0.0</ele></trkpt>
      <trkpt lat="37.74607" lon="-111.45173"><ele>0.0</ele></trkpt>
      <trkpt lat="37.7461" lon="-111.45162"><ele>0.0</ele></trkpt>
      <trkpt lat="37.74613" lon="-111.45143"><ele>0.0</ele></trkpt>
      <trkpt lat="37.74614" lon="-111.45118"><ele>0.0</ele></trkpt>
      <trkpt lat="37.74616" lon="-111.45098"><ele>0.0</ele></trkpt>
      <trkpt lat="37.74617" lon="-111.45077"><ele>0.0</ele></trkpt>
      <trkpt lat="37.74619" lon="-111.45062"><ele>0.0</ele></trkpt>
      <trkpt lat="37.74622" lon="-111.45047"><ele>0.0</ele></trkpt>
      <trkpt lat="37.74627" lon="-111.45029"><ele>0.0</ele></trkpt>
      <trkpt lat="37.74633" lon="-111.45011"><ele>0.0</ele></trkpt>
      <trkpt lat="37.74639" lon="-111.44996"><ele>0.0</ele></trkpt>
      <trkpt lat="37.74648" lon="-111.4498"><ele>0.0</ele></trkpt>
      <trkpt lat="37.7466" lon="-111.44963"><ele>0.0</ele></trkpt>
      <trkpt lat="37.74672" lon="-111.44949"><ele>0.0</ele></trkpt>
      <trkpt lat="37.74685" lon="-111.44936"><ele>0.0</ele></trkpt>
      <trkpt lat="37.74687" lon="-111.44933"><ele>0.0</ele></trkpt>
      <trkpt lat="37.74713" lon="-111.44907"><ele>0.0</ele></trkpt>
      <trkpt lat="37.74715" lon="-111.44904"><ele>0.0</ele></trkpt>
      <trkpt lat="37.74755" lon="-111.44864"><ele>0.0</ele></trkpt>
      <trkpt lat="37.74756" lon="-111.44864"><ele>0.0</ele></trkpt>
      <trkpt lat="37.74799" lon="-111.44825"><ele>0.0</ele></trkpt>
      <trkpt lat="37.74813" lon="-111.4481"><ele>0.0</ele></trkpt>
      <trkpt lat="37.74815" lon="-111.44807"><ele>0.0</ele></trkpt>
      <trkpt lat="37.74831" lon="-111.44791"><ele>0.0</ele></trkpt>
      <trkpt lat="37.74914" lon="-111.44715"><ele>0.0</ele></trkpt>
      <trkpt lat="37.74944" lon="-111.4469"><ele>0.0</ele></trkpt>
      <trkpt lat="37.74946" lon="-111.44688"><ele>0.0</ele></trkpt>
      <trkpt lat="37.74949" lon="-111.44686"><ele>0.0</ele></trkpt>
      <trkpt lat="37.74987" lon="-111.4465"><ele>0.0</ele></trkpt>
      <trkpt lat="37.74993" lon="-111.44645"><ele>0.0</ele></trkpt>
      <trkpt lat="37.75001" lon="-111.44636"><ele>0.0</ele></trkpt>
      <trkpt lat="37.75012" lon="-111.44621"><ele>0.0</ele></trkpt>
      <trkpt lat="37.75015" lon="-111.44616"><ele>0.0</ele></trkpt>
      <trkpt lat="37.75021" lon="-111.44608"><ele>0.0</ele></trkpt>
      <trkpt lat="37.75027" lon="-111.44595"><ele>0.0</ele></trkpt>
      <trkpt lat="37.75033" lon="-111.44578"><ele>0.0</ele></trkpt>
      <trkpt lat="37.75035" lon="-111.44562"><ele>0.0</ele></trkpt>
      <trkpt lat="37.75036" lon="-111.44544"><ele>0.0</ele></trkpt>
      <trkpt lat="37.75033" lon="-111.44525"><ele>0.0</ele></trkpt>
      <trkpt lat="37.75028" lon="-111.44505"><ele>0.0</ele></trkpt>
      <trkpt lat="37.75022" lon="-111.44489"><ele>0.0</ele></trkpt>
      <trkpt lat="37.7501" lon="-111.44465"><ele>0.0</ele></trkpt>
      <trkpt lat="37.74987" lon="-111.44435"><ele>0.0</ele></trkpt>
      <trkpt lat="37.74977" lon="-111.44424"><ele>0.0</ele></trkpt>
      <trkpt lat="37.74967" lon="-111.4441"><ele>0.0</ele></trkpt>
      <trkpt lat="37.74955" lon="-111.44391"><ele>0.0</ele></trkpt>
      <trkpt lat="37.74949" lon="-111.44373"><ele>0.0</ele></trkpt>
      <trkpt lat="37.74948" lon="-111.44364"><ele>0.0</ele></trkpt>
      <trkpt lat="37.74949" lon="-111.44351"><ele>0.0</ele></trkpt>
      <trkpt lat="37.74952" lon="-111.44341"><ele>0.0</ele></trkpt>
      <trkpt lat="37.74952" lon="-111.4434"><ele>0.0</ele></trkpt>
      <trkpt lat="37.74958" lon="-111.4433"><ele>0.0</ele></trkpt>
      <trkpt lat="37.74966" lon="-111.44322"><ele>0.0</ele></trkpt>
      <trkpt lat="37.74977" lon="-111.44316"><ele>0.0</ele></trkpt>
      <trkpt lat="37.74992" lon="-111.44312"><ele>0.0</ele></trkpt>
      <trkpt lat="37.74995" lon="-111.44312"><ele>0.0</ele></trkpt>
      <trkpt lat="37.74998" lon="-111.44311"><ele>0.0</ele></trkpt>
      <trkpt lat="37.75011" lon="-111.44309"><ele>0.0</ele></trkpt>
      <trkpt lat="37.75028" lon="-111.44309"><ele>0.0</ele></trkpt>
      <trkpt lat="37.7503" lon="-111.44308"><ele>0.0</ele></trkpt>
      <trkpt lat="37.75033" lon="-111.44308"><ele>0.0</ele></trkpt>
      <trkpt lat="37.75038" lon="-111.44307"><ele>0.0</ele></trkpt>
      <trkpt lat="37.75048" lon="-111.44303"><ele>0.0</ele></trkpt>
      <trkpt lat="37.75049" lon="-111.44303"><ele>0.0</ele></trkpt>
      <trkpt lat="37.75051" lon="-111.44301"><ele>0.0</ele></trkpt>
      <trkpt lat="37.75058" lon="-111.44297"><ele>0.0</ele></trkpt>
      <trkpt lat="37.75063" lon="-111.44292"><ele>0.0</ele></trkpt>
      <trkpt lat="37.75064" lon="-111.44292"><ele>0.0</ele></trkpt>
      <trkpt lat="37.75069" lon="-111.44285"><ele>0.0</ele></trkpt>
      <trkpt lat="37.75075" lon="-111.44274"><ele>0.0</ele></trkpt>
      <trkpt lat="37.75076" lon="-111.44271"><ele>0.0</ele></trkpt>
      <trkpt lat="37.75077" lon="-111.4427"><ele>0.0</ele></trkpt>
      <trkpt lat="37.75082" lon="-111.44254"><ele>0.0</ele></trkpt>
      <trkpt lat="37.75083" lon="-111.44253"><ele>0.0</ele></trkpt>
      <trkpt lat="37.75083" lon="-111.4425"><ele>0.0</ele></trkpt>
      <trkpt lat="37.75107" lon="-111.44164"><ele>0.0</ele></trkpt>
      <trkpt lat="37.7512" lon="-111.44126"><ele>0.0</ele></trkpt>
      <trkpt lat="37.75123" lon="-111.44115"><ele>0.0</ele></trkpt>
      <trkpt lat="37.75162" lon="-111.44019"><ele>0.0</ele></trkpt>
      <trkpt lat="37.75178" lon="-111.43985"><ele>0.0</ele></trkpt>
      <trkpt lat="37.7518" lon="-111.43982"><ele>0.0</ele></trkpt>
      <trkpt lat="37.75199" lon="-111.43943"><ele>0.0</ele></trkpt>
      <trkpt lat="37.75201" lon="-111.4394"><ele>0.0</ele></trkpt>
      <trkpt lat="37.75227" lon="-111.4389"><ele>0.0</ele></trkpt>
      <trkpt lat="37.75251" lon="-111.43851"><ele>0.0</ele></trkpt>
      <trkpt lat="37.75263" lon="-111.43833"><ele>0.0</ele></trkpt>
      <trkpt lat="37.75268" lon="-111.43824"><ele>0.0</ele></trkpt>
      <trkpt lat="37.75272" lon="-111.43818"><ele>0.0</ele></trkpt>
      <trkpt lat="37.75274" lon="-111.43816"><ele>0.0</ele></trkpt>
      <trkpt lat="37.75308" lon="-111.43767"><ele>0.0</ele></trkpt>
      <trkpt lat="37.75309" lon="-111.43766"><ele>0.0</ele></trkpt>
      <trkpt lat="37.75335" lon="-111.43732"><ele>0.0</ele></trkpt>
      <trkpt lat="37.75346" lon="-111.43719"><ele>0.0</ele></trkpt>
      <trkpt lat="37.75348" lon="-111.43716"><ele>0.0</ele></trkpt>
      <trkpt lat="37.75385" lon="-111.43672"><ele>0.0</ele></trkpt>
      <trkpt lat="37.75388" lon="-111.4367"><ele>0.0</ele></trkpt>
      <trkpt lat="37.75401" lon="-111.43655"><ele>0.0</ele></trkpt>
      <trkpt lat="37.75413" lon="-111.43643"><ele>0.0</ele></trkpt>
      <trkpt lat="37.75415" lon="-111.4364"><ele>0.0</ele></trkpt>
      <trkpt lat="37.75485" lon="-111.43569"><ele>0.0</ele></trkpt>
      <trkpt lat="37.75529" lon="-111.43528"><ele>0.0</ele></trkpt>
      <trkpt lat="37.75588" lon="-111.43477"><ele>0.0</ele></trkpt>
      <trkpt lat="37.75593" lon="-111.43472"><ele>0.0</ele></trkpt>
      <trkpt lat="37.75623" lon="-111.43448"><ele>0.0</ele></trkpt>
      <trkpt lat="37.75634" lon="-111.43441"><ele>0.0</ele></trkpt>
      <trkpt lat="37.75649" lon="-111.4343"><ele>0.0</ele></trkpt>
      <trkpt lat="37.75745" lon="-111.43368"><ele>0.0</ele></trkpt>
      <trkpt lat="37.75749" lon="-111.43365"><ele>0.0</ele></trkpt>
      <trkpt lat="37.75751" lon="-111.43364"><ele>0.0</ele></trkpt>
      <trkpt lat="37.75761" lon="-111.43357"><ele>0.0</ele></trkpt>
      <trkpt lat="37.75782" lon="-111.43344"><ele>0.0</ele></trkpt>
      <trkpt lat="37.75783" lon="-111.43344"><ele>0.0</ele></trkpt>
      <trkpt lat="37.75825" lon="-111.43315"><ele>0.0</ele></trkpt>
      <trkpt lat="37.75831" lon="-111.43312"><ele>0.0</ele></trkpt>
      <trkpt lat="37.75953" lon="-111.43231"><ele>0.0</ele></trkpt>
      <trkpt lat="37.75954" lon="-111.43231"><ele>0.0</ele></trkpt>
      <trkpt lat="37.75958" lon="-111.43227"><ele>0.0</ele></trkpt>
      <trkpt lat="37.76016" lon="-111.43187"><ele>0.0</ele></trkpt>
      <trkpt lat="37.76032" lon="-111.43177"><ele>0.0</ele></trkpt>
      <trkpt lat="37.76037" lon="-111.43173"><ele>0.0</ele></trkpt>
      <trkpt lat="37.76118" lon="-111.43122"><ele>0.0</ele></trkpt>
      <trkpt lat="37.76126" lon="-111.43118"><ele>0.0</ele></trkpt>
      <trkpt lat="37.76128" lon="-111.43116"><ele>0.0</ele></trkpt>
      <trkpt lat="37.76173" lon="-111.43087"><ele>0.0</ele></trkpt>
      <trkpt lat="37.76208" lon="-111.43063"><ele>0.0</ele></trkpt>
      <trkpt lat="37.76214" lon="-111.4306"><ele>0.0</ele></trkpt>
      <trkpt lat="37.76218" lon="-111.43057"><ele>0.0</ele></trkpt>
      <trkpt lat="37.76288" lon="-111.43011"><ele>0.0</ele></trkpt>
      <trkpt lat="37.76293" lon="-111.43007"><ele>0.0</ele></trkpt>
      <trkpt lat="37.7632" lon="-111.4299"><ele>0.0</ele></trkpt>
      <trkpt lat="37.76336" lon="-111.42979"><ele>0.0</ele></trkpt>
      <trkpt lat="37.76352" lon="-111.42969"><ele>0.0</ele></trkpt>
      <trkpt lat="37.76357" lon="-111.42965"><ele>0.0</ele></trkpt>
      <trkpt lat="37.764" lon="-111.42938"><ele>0.0</ele></trkpt>
      <trkpt lat="37.76405" lon="-111.42934"><ele>0.0</ele></trkpt>
      <trkpt lat="37.76432" lon="-111.42917"><ele>0.0</ele></trkpt>
      <trkpt lat="37.76437" lon="-111.42913"><ele>0.0</ele></trkpt>
      <trkpt lat="37.7649" lon="-111.42879"><ele>0.0</ele></trkpt>
      <trkpt lat="37.76512" lon="-111.42866"><ele>0.0</ele></trkpt>
      <trkpt lat="37.7656" lon="-111.42835"><ele>0.0</ele></trkpt>
      <trkpt lat="37.7658" lon="-111.42821"><ele>0.0</ele></trkpt>
      <trkpt lat="37.76615" lon="-111.42799"><ele>0.0</ele></trkpt>
      <trkpt lat="37.76619" lon="-111.42796"><ele>0.0</ele></trkpt>
      <trkpt lat="37.76624" lon="-111.42793"><ele>0.0</ele></trkpt>
      <trkpt lat="37.76632" lon="-111.42787"><ele>0.0</ele></trkpt>
      <trkpt lat="37.76674" lon="-111.42759"><ele>0.0</ele></trkpt>
      <trkpt lat="37.76688" lon="-111.42751"><ele>0.0</ele></trkpt>
      <trkpt lat="37.76695" lon="-111.42746"><ele>0.0</ele></trkpt>
      <trkpt lat="37.76721" lon="-111.4273"><ele>0.0</ele></trkpt>
      <trkpt lat="37.76723" lon="-111.42728"><ele>0.0</ele></trkpt>
      <trkpt lat="37.76727" lon="-111.42726"><ele>0.0</ele></trkpt>
      <trkpt lat="37.76736" lon="-111.42719"><ele>0.0</ele></trkpt>
      <trkpt lat="37.76799" lon="-111.42676"><ele>0.0</ele></trkpt>
      <trkpt lat="37.76806" lon="-111.42672"><ele>0.0</ele></trkpt>
      <trkpt lat="37.76818" lon="-111.42664"><ele>0.0</ele></trkpt>
      <trkpt lat="37.7682" lon="-111.42662"><ele>0.0</ele></trkpt>
      <trkpt lat="37.76824" lon="-111.42659"><ele>0.0</ele></trkpt>
      <trkpt lat="37.76854" lon="-111.42641"><ele>0.0</ele></trkpt>
      <trkpt lat="37.77048" lon="-111.42514"><ele>0.0</ele></trkpt>
      <trkpt lat="37.77065" lon="-111.42501"><ele>0.0</ele></trkpt>
      <trkpt lat="37.77075" lon="-111.42491"><ele>0.0</ele></trkpt>
      <trkpt lat="37.77084" lon="-111.42477"><ele>0.0</ele></trkpt>
      <trkpt lat="37.77093" lon="-111.42458"><ele>0.0</ele></trkpt>
      <trkpt lat="37.77098" lon="-111.42446"><ele>0.0</ele></trkpt>
      <trkpt lat="37.77103" lon="-111.42431"><ele>0.0</ele></trkpt>
      <trkpt lat="37.77109" lon="-111.42407"><ele>0.0</ele></trkpt>
      <trkpt lat="37.77123" lon="-111.42365"><ele>0.0</ele></trkpt>
      <trkpt lat="37.7713" lon="-111.42347"><ele>0.0</ele></trkpt>
      <trkpt lat="37.77139" lon="-111.42329"><ele>0.0</ele></trkpt>
      <trkpt lat="37.77153" lon="-111.42313"><ele>0.0</ele></trkpt>
      <trkpt lat="37.77173" lon="-111.42293"><ele>0.0</ele></trkpt>
      <trkpt lat="37.77245" lon="-111.42241"><ele>0.0</ele></trkpt>
      <trkpt lat="37.77256" lon="-111.42229"><ele>0.0</ele></trkpt>
      <trkpt lat="37.77263" lon="-111.42218"><ele>0.0</ele></trkpt>
      <trkpt lat="37.77268" lon="-111.42208"><ele>0.0</ele></trkpt>
      <trkpt lat="37.77273" lon="-111.42188"><ele>0.0</ele></trkpt>
      <trkpt lat="37.77273" lon="-111.42186"><ele>0.0</ele></trkpt>
      <trkpt lat="37.77275" lon="-111.42173"><ele>0.0</ele></trkpt>
      <trkpt lat="37.7727" lon="-111.42103"><ele>0.0</ele></trkpt>
      <trkpt lat="37.77268" lon="-111.42095"><ele>0.0</ele></trkpt>
      <trkpt lat="37.77265" lon="-111.42073"><ele>0.0</ele></trkpt>
      <trkpt lat="37.77259" lon="-111.42047"><ele>0.0</ele></trkpt>
      <trkpt lat="37.77253" lon="-111.4203"><ele>0.0</ele></trkpt>
      <trkpt lat="37.77251" lon="-111.42027"><ele>0.0</ele></trkpt>
      <trkpt lat="37.7721" lon="-111.41925"><ele>0.0</ele></trkpt>
      <trkpt lat="37.77161" lon="-111.4181"><ele>0.0</ele></trkpt>
      <trkpt lat="37.77154" lon="-111.41789"><ele>0.0</ele></trkpt>
      <trkpt lat="37.77153" lon="-111.41788"><ele>0.0</ele></trkpt>
      <trkpt lat="37.77148" lon="-111.41767"><ele>0.0</ele></trkpt>
      <trkpt lat="37.77146" lon="-111.4175"><ele>0.0</ele></trkpt>
      <trkpt lat="37.77146" lon="-111.41735"><ele>0.0</ele></trkpt>
      <trkpt lat="37.77147" lon="-111.41722"><ele>0.0</ele></trkpt>
      <trkpt lat="37.77148" lon="-111.41717"><ele>0.0</ele></trkpt>
      <trkpt lat="37.77153" lon="-111.417"><ele>0.0</ele></trkpt>
      <trkpt lat="37.77172" lon="-111.41662"><ele>0.0</ele></trkpt>
      <trkpt lat="37.77189" lon="-111.41631"><ele>0.0</ele></trkpt>
      <trkpt lat="37.77193" lon="-111.41625"><ele>0.0</ele></trkpt>
      <trkpt lat="37.77228" lon="-111.41565"><ele>0.0</ele></trkpt>
      <trkpt lat="37.77237" lon="-111.41552"><ele>0.0</ele></trkpt>
      <trkpt lat="37.7725" lon="-111.41531"><ele>0.0</ele></trkpt>
      <trkpt lat="37.77269" lon="-111.41508"><ele>0.0</ele></trkpt>
      <trkpt lat="37.7728" lon="-111.41498"><ele>0.0</ele></trkpt>
      <trkpt lat="37.7729" lon="-111.41492"><ele>0.0</ele></trkpt>
      <trkpt lat="37.77307" lon="-111.41486"><ele>0.0</ele></trkpt>
      <trkpt lat="37.77308" lon="-111.41485"><ele>0.0</ele></trkpt>
      <trkpt lat="37.77322" lon="-111.41484"><ele>0.0</ele></trkpt>
      <trkpt lat="37.7734" lon="-111.41485"><ele>0.0</ele></trkpt>
      <trkpt lat="37.77357" lon="-111.41489"><ele>0.0</ele></trkpt>
      <trkpt lat="37.77376" lon="-111.41495"><ele>0.0</ele></trkpt>
      <trkpt lat="37.77395" lon="-111.41504"><ele>0.0</ele></trkpt>
      <trkpt lat="37.7741" lon="-111.41515"><ele>0.0</ele></trkpt>
      <trkpt lat="37.77425" lon="-111.41529"><ele>0.0</ele></trkpt>
      <trkpt lat="37.7744" lon="-111.41545"><ele>0.0</ele></trkpt>
      <trkpt lat="37.77452" lon="-111.41559"><ele>0.0</ele></trkpt>
      <trkpt lat="37.77469" lon="-111.41586"><ele>0.0</ele></trkpt>
      <trkpt lat="37.77482" lon="-111.41614"><ele>0.0</ele></trkpt>
      <trkpt lat="37.77513" lon="-111.41694"><ele>0.0</ele></trkpt>
      <trkpt lat="37.77514" lon="-111.41696"><ele>0.0</ele></trkpt>
      <trkpt lat="37.77585" lon="-111.41881"><ele>0.0</ele></trkpt>
      <trkpt lat="37.77605" lon="-111.41922"><ele>0.0</ele></trkpt>
      <trkpt lat="37.77612" lon="-111.41932"><ele>0.0</ele></trkpt>
      <trkpt lat="37.77623" lon="-111.41943"><ele>0.0</ele></trkpt>
      <trkpt lat="37.77636" lon="-111.4195"><ele>0.0</ele></trkpt>
      <trkpt lat="37.77646" lon="-111.41953"><ele>0.0</ele></trkpt>
      <trkpt lat="37.77659" lon="-111.41953"><ele>0.0</ele></trkpt>
      <trkpt lat="37.77672" lon="-111.41949"><ele>0.0</ele></trkpt>
      <trkpt lat="37.77698" lon="-111.41937"><ele>0.0</ele></trkpt>
      <trkpt lat="37.77708" lon="-111.41931"><ele>0.0</ele></trkpt>
      <trkpt lat="37.77784" lon="-111.41906"><ele>0.0</ele></trkpt>
      <trkpt lat="37.77785" lon="-111.41905"><ele>0.0</ele></trkpt>
      <trkpt lat="37.77851" lon="-111.4188"><ele>0.0</ele></trkpt>
      <trkpt lat="37.77857" lon="-111.41877"><ele>0.0</ele></trkpt>
      <trkpt lat="37.7787" lon="-111.41872"><ele>0.0</ele></trkpt>
      <trkpt lat="37.77874" lon="-111.4187"><ele>0.0</ele></trkpt>
      <trkpt lat="37.77887" lon="-111.41865"><ele>0.0</ele></trkpt>
      <trkpt lat="37.77891" lon="-111.41863"><ele>0.0</ele></trkpt>
      <trkpt lat="37.77917" lon="-111.41853"><ele>0.0</ele></trkpt>
      <trkpt lat="37.77934" lon="-111.41853"><ele>0.0</ele></trkpt>
      <trkpt lat="37.77953" lon="-111.41859"><ele>0.0</ele></trkpt>
      <trkpt lat="37.77963" lon="-111.41864"><ele>0.0</ele></trkpt>
      <trkpt lat="37.77979" lon="-111.41868"><ele>0.0</ele></trkpt>
      <trkpt lat="37.77988" lon="-111.41868"><ele>0.0</ele></trkpt>
      <trkpt lat="37.77994" lon="-111.41867"><ele>0.0</ele></trkpt>
      <trkpt lat="37.78005" lon="-111.41863"><ele>0.0</ele></trkpt>
      <trkpt lat="37.78018" lon="-111.41855"><ele>0.0</ele></trkpt>
      <trkpt lat="37.78034" lon="-111.41839"><ele>0.0</ele></trkpt>
      <trkpt lat="37.78041" lon="-111.4183"><ele>0.0</ele></trkpt>
      <trkpt lat="37.78044" lon="-111.41828"><ele>0.0</ele></trkpt>
      <trkpt lat="37.78051" lon="-111.41819"><ele>0.0</ele></trkpt>
      <trkpt lat="37.78057" lon="-111.41813"><ele>0.0</ele></trkpt>
      <trkpt lat="37.78063" lon="-111.41806"><ele>0.0</ele></trkpt>
      <trkpt lat="37.78065" lon="-111.41805"><ele>0.0</ele></trkpt>
      <trkpt lat="37.78069" lon="-111.41802"><ele>0.0</ele></trkpt>
      <trkpt lat="37.7807" lon="-111.41802"><ele>0.0</ele></trkpt>
      <trkpt lat="37.78077" lon="-111.418"><ele>0.0</ele></trkpt>
      <trkpt lat="37.78087" lon="-111.418"><ele>0.0</ele></trkpt>
      <trkpt lat="37.78097" lon="-111.41803"><ele>0.0</ele></trkpt>
      <trkpt lat="37.78103" lon="-111.41807"><ele>0.0</ele></trkpt>
      <trkpt lat="37.78108" lon="-111.41811"><ele>0.0</ele></trkpt>
      <trkpt lat="37.78117" lon="-111.4182"><ele>0.0</ele></trkpt>
      <trkpt lat="37.78129" lon="-111.41835"><ele>0.0</ele></trkpt>
      <trkpt lat="37.78139" lon="-111.41851"><ele>0.0</ele></trkpt>
      <trkpt lat="37.78152" lon="-111.41866"><ele>0.0</ele></trkpt>
      <trkpt lat="37.78165" lon="-111.41879"><ele>0.0</ele></trkpt>
      <trkpt lat="37.78167" lon="-111.4188"><ele>0.0</ele></trkpt>
      <trkpt lat="37.78173" lon="-111.41884"><ele>0.0</ele></trkpt>
      <trkpt lat="37.78183" lon="-111.41889"><ele>0.0</ele></trkpt>
      <trkpt lat="37.78192" lon="-111.41892"><ele>0.0</ele></trkpt>
      <trkpt lat="37.78198" lon="-111.41893"><ele>0.0</ele></trkpt>
      <trkpt lat="37.78201" lon="-111.41894"><ele>0.0</ele></trkpt>
      <trkpt lat="37.7821" lon="-111.41895"><ele>0.0</ele></trkpt>
      <trkpt lat="37.78223" lon="-111.41893"><ele>0.0</ele></trkpt>
      <trkpt lat="37.78226" lon="-111.41893"><ele>0.0</ele></trkpt>
      <trkpt lat="37.78244" lon="-111.41888"><ele>0.0</ele></trkpt>
      <trkpt lat="37.78271" lon="-111.41878"><ele>0.0</ele></trkpt>
      <trkpt lat="37.78275" lon="-111.41876"><ele>0.0</ele></trkpt>
      <trkpt lat="37.78295" lon="-111.41872"><ele>0.0</ele></trkpt>
      <trkpt lat="37.7832" lon="-111.41864"><ele>0.0</ele></trkpt>
      <trkpt lat="37.78341" lon="-111.41859"><ele>0.0</ele></trkpt>
      <trkpt lat="37.78344" lon="-111.41859"><ele>0.0</ele></trkpt>
      <trkpt lat="37.78366" lon="-111.41851"><ele>0.0</ele></trkpt>
      <trkpt lat="37.78368" lon="-111.4185"><ele>0.0</ele></trkpt>
      <trkpt lat="37.78376" lon="-111.41848"><ele>0.0</ele></trkpt>
      <trkpt lat="37.78434" lon="-111.41829"><ele>0.0</ele></trkpt>
      <trkpt lat="37.78473" lon="-111.4182"><ele>0.0</ele></trkpt>
      <trkpt lat="37.78522" lon="-111.41803"><ele>0.0</ele></trkpt>
      <trkpt lat="37.78526" lon="-111.41801"><ele>0.0</ele></trkpt>
      <trkpt lat="37.7855" lon="-111.41792"><ele>0.0</ele></trkpt>
      <trkpt lat="37.78556" lon="-111.41789"><ele>0.0</ele></trkpt>
      <trkpt lat="37.78576" lon="-111.41781"><ele>0.0</ele></trkpt>
      <trkpt lat="37.78596" lon="-111.41769"><ele>0.0</ele></trkpt>
      <trkpt lat="37.78621" lon="-111.41751"><ele>0.0</ele></trkpt>
      <trkpt lat="37.78623" lon="-111.4175"><ele>0.0</ele></trkpt>
      <trkpt lat="37.78644" lon="-111.41733"><ele>0.0</ele></trkpt>
      <trkpt lat="37.78672" lon="-111.41708"><ele>0.0</ele></trkpt>
      <trkpt lat="37.78711" lon="-111.4167"><ele>0.0</ele></trkpt>
      <trkpt lat="37.78722" lon="-111.41656"><ele>0.0</ele></trkpt>
      <trkpt lat="37.78731" lon="-111.41637"><ele>0.0</ele></trkpt>
      <trkpt lat="37.78733" lon="-111.41634"><ele>0.0</ele></trkpt>
      <trkpt lat="37.78744" lon="-111.41613"><ele>0.0</ele></trkpt>
      <trkpt lat="37.78756" lon="-111.41595"><ele>0.0</ele></trkpt>
      <trkpt lat="37.78765" lon="-111.41584"><ele>0.0</ele></trkpt>
      <trkpt lat="37.78766" lon="-111.41584"><ele>0.0</ele></trkpt>
      <trkpt lat="37.78777" lon="-111.41574"><ele>0.0</ele></trkpt>
      <trkpt lat="37.78787" lon="-111.41567"><ele>0.0</ele></trkpt>
      <trkpt lat="37.78805" lon="-111.41558"><ele>0.0</ele></trkpt>
      <trkpt lat="37.78828" lon="-111.41548"><ele>0.0</ele></trkpt>
      <trkpt lat="37.78842" lon="-111.41543"><ele>0.0</ele></trkpt>
      <trkpt lat="37.78849" lon="-111.41541"><ele>0.0</ele></trkpt>
      <trkpt lat="37.78863" lon="-111.41538"><ele>0.0</ele></trkpt>
      <trkpt lat="37.78876" lon="-111.41536"><ele>0.0</ele></trkpt>
      <trkpt lat="37.78891" lon="-111.41538"><ele>0.0</ele></trkpt>
      <trkpt lat="37.78909" lon="-111.41542"><ele>0.0</ele></trkpt>
      <trkpt lat="37.78929" lon="-111.41548"><ele>0.0</ele></trkpt>
      <trkpt lat="37.78937" lon="-111.41549"><ele>0.0</ele></trkpt>
      <trkpt lat="37.78945" lon="-111.41551"><ele>0.0</ele></trkpt>
      <trkpt lat="37.78965" lon="-111.41552"><ele>0.0</ele></trkpt>
      <trkpt lat="37.7898" lon="-111.41551"><ele>0.0</ele></trkpt>
      <trkpt lat="37.7899" lon="-111.41549"><ele>0.0</ele></trkpt>
      <trkpt lat="37.78996" lon="-111.41547"><ele>0.0</ele></trkpt>
      <trkpt lat="37.79007" lon="-111.41542"><ele>0.0</ele></trkpt>
      <trkpt lat="37.7901" lon="-111.41541"><ele>0.0</ele></trkpt>
      <trkpt lat="37.79027" lon="-111.41531"><ele>0.0</ele></trkpt>
      <trkpt lat="37.79048" lon="-111.41515"><ele>0.0</ele></trkpt>
      <trkpt lat="37.79069" lon="-111.41495"><ele>0.0</ele></trkpt>
      <trkpt lat="37.79082" lon="-111.4148"><ele>0.0</ele></trkpt>
      <trkpt lat="37.79096" lon="-111.41466"><ele>0.0</ele></trkpt>
      <trkpt lat="37.79096" lon="-111.41465"><ele>0.0</ele></trkpt>
      <trkpt lat="37.7911" lon="-111.41451"><ele>0.0</ele></trkpt>
      <trkpt lat="37.7915" lon="-111.41415"><ele>0.0</ele></trkpt>
      <trkpt lat="37.79165" lon="-111.41406"><ele>0.0</ele></trkpt>
      <trkpt lat="37.79169" lon="-111.41405"><ele>0.0</ele></trkpt>
      <trkpt lat="37.79171" lon="-111.41404"><ele>0.0</ele></trkpt>
      <trkpt lat="37.79174" lon="-111.41402"><ele>0.0</ele></trkpt>
      <trkpt lat="37.7918" lon="-111.414"><ele>0.0</ele></trkpt>
      <trkpt lat="37.79199" lon="-111.41392"><ele>0.0</ele></trkpt>
      <trkpt lat="37.79203" lon="-111.41391"><ele>0.0</ele></trkpt>
      <trkpt lat="37.79205" lon="-111.4139"><ele>0.0</ele></trkpt>
      <trkpt lat="37.79206" lon="-111.4139"><ele>0.0</ele></trkpt>
      <trkpt lat="37.79241" lon="-111.41378"><ele>0.0</ele></trkpt>
      <trkpt lat="37.79255" lon="-111.41374"><ele>0.0</ele></trkpt>
      <trkpt lat="37.79257" lon="-111.41373"><ele>0.0</ele></trkpt>
      <trkpt lat="37.79265" lon="-111.4137"><ele>0.0</ele></trkpt>
      <trkpt lat="37.79288" lon="-111.41363"><ele>0.0</ele></trkpt>
      <trkpt lat="37.79296" lon="-111.4136"><ele>0.0</ele></trkpt>
      <trkpt lat="37.79301" lon="-111.41359"><ele>0.0</ele></trkpt>
      <trkpt lat="37.79301" lon="-111.41358"><ele>0.0</ele></trkpt>
      <trkpt lat="37.79337" lon="-111.41344"><ele>0.0</ele></trkpt>
      <trkpt lat="37.79344" lon="-111.41339"><ele>0.0</ele></trkpt>
      <trkpt lat="37.79351" lon="-111.41335"><ele>0.0</ele></trkpt>
      <trkpt lat="37.79352" lon="-111.41334"><ele>0.0</ele></trkpt>
      <trkpt lat="37.7936" lon="-111.41328"><ele>0.0</ele></trkpt>
      <trkpt lat="37.79367" lon="-111.41321"><ele>0.0</ele></trkpt>
      <trkpt lat="37.79384" lon="-111.41299"><ele>0.0</ele></trkpt>
      <trkpt lat="37.79385" lon="-111.41296"><ele>0.0</ele></trkpt>
      <trkpt lat="37.7939" lon="-111.41288"><ele>0.0</ele></trkpt>
      <trkpt lat="37.79393" lon="-111.41282"><ele>0.0</ele></trkpt>
      <trkpt lat="37.79405" lon="-111.41267"><ele>0.0</ele></trkpt>
      <trkpt lat="37.79418" lon="-111.41256"><ele>0.0</ele></trkpt>
      <trkpt lat="37.79425" lon="-111.41252"><ele>0.0</ele></trkpt>
      <trkpt lat="37.79432" lon="-111.41247"><ele>0.0</ele></trkpt>
      <trkpt lat="37.79434" lon="-111.41245"><ele>0.0</ele></trkpt>
      <trkpt lat="37.79454" lon="-111.4123"><ele>0.0</ele></trkpt>
      <trkpt lat="37.79456" lon="-111.41229"><ele>0.0</ele></trkpt>
      <trkpt lat="37.79486" lon="-111.41204"><ele>0.0</ele></trkpt>
      <trkpt lat="37.79512" lon="-111.41184"><ele>0.0</ele></trkpt>
      <trkpt lat="37.79524" lon="-111.41178"><ele>0.0</ele></trkpt>
      <trkpt lat="37.79535" lon="-111.41174"><ele>0.0</ele></trkpt>
      <trkpt lat="37.79536" lon="-111.41173"><ele>0.0</ele></trkpt>
      <trkpt lat="37.79542" lon="-111.41173"><ele>0.0</ele></trkpt>
      <trkpt lat="37.79549" lon="-111.41172"><ele>0.0</ele></trkpt>
      <trkpt lat="37.79552" lon="-111.41173"><ele>0.0</ele></trkpt>
      <trkpt lat="37.7956" lon="-111.41173"><ele>0.0</ele></trkpt>
      <trkpt lat="37.79582" lon="-111.41178"><ele>0.0</ele></trkpt>
      <trkpt lat="37.79588" lon="-111.4118"><ele>0.0</ele></trkpt>
      <trkpt lat="37.79606" lon="-111.41184"><ele>0.0</ele></trkpt>
      <trkpt lat="37.79608" lon="-111.41184"><ele>0.0</ele></trkpt>
      <trkpt lat="37.79613" lon="-111.41185"><ele>0.0</ele></trkpt>
      <trkpt lat="37.79616" lon="-111.41185"><ele>0.0</ele></trkpt>
      <trkpt lat="37.79627" lon="-111.41184"><ele>0.0</ele></trkpt>
      <trkpt lat="37.79638" lon="-111.41179"><ele>0.0</ele></trkpt>
      <trkpt lat="37.79641" lon="-111.41178"><ele>0.0</ele></trkpt>
      <trkpt lat="37.79647" lon="-111.41174"><ele>0.0</ele></trkpt>
      <trkpt lat="37.79656" lon="-111.41166"><ele>0.0</ele></trkpt>
      <trkpt lat="37.79664" lon="-111.41156"><ele>0.0</ele></trkpt>
      <trkpt lat="37.79671" lon="-111.4114"><ele>0.0</ele></trkpt>
      <trkpt lat="37.79673" lon="-111.4113"><ele>0.0</ele></trkpt>
      <trkpt lat="37.79674" lon="-111.41127"><ele>0.0</ele></trkpt>
      <trkpt lat="37.79683" lon="-111.41014"><ele>0.0</ele></trkpt>
      <trkpt lat="37.79684" lon="-111.40989"><ele>0.0</ele></trkpt>
      <trkpt lat="37.79688" lon="-111.4095"><ele>0.0</ele></trkpt>
      <trkpt lat="37.79689" lon="-111.40946"><ele>0.0</ele></trkpt>
      <trkpt lat="37.79691" lon="-111.40924"><ele>0.0</ele></trkpt>
      <trkpt lat="37.79694" lon="-111.40903"><ele>0.0</ele></trkpt>
      <trkpt lat="37.79694" lon="-111.40901"><ele>0.0</ele></trkpt>
      <trkpt lat="37.79704" lon="-111.40863"><ele>0.0</ele></trkpt>
      <trkpt lat="37.79709" lon="-111.4085"><ele>0.0</ele></trkpt>
      <trkpt lat="37.7971" lon="-111.4085"><ele>0.0</ele></trkpt>
      <trkpt lat="37.79717" lon="-111.40836"><ele>0.0</ele></trkpt>
      <trkpt lat="37.79729" lon="-111.40825"><ele>0.0</ele></trkpt>
      <trkpt lat="37.79739" lon="-111.40819"><ele>0.0</ele></trkpt>
      <trkpt lat="37.79805" lon="-111.40792"><ele>0.0</ele></trkpt>
      <trkpt lat="37.79824" lon="-111.40785"><ele>0.0</ele></trkpt>
      <trkpt lat="37.79839" lon="-111.40781"><ele>0.0</ele></trkpt>
      <trkpt lat="37.79858" lon="-111.40772"><ele>0.0</ele></trkpt>
      <trkpt lat="37.79865" lon="-111.40767"><ele>0.0</ele></trkpt>
      <trkpt lat="37.79872" lon="-111.40763"><ele>0.0</ele></trkpt>
      <trkpt lat="37.79881" lon="-111.40756"><ele>0.0</ele></trkpt>
      <trkpt lat="37.79895" lon="-111.40742"><ele>0.0</ele></trkpt>
      <trkpt lat="37.79911" lon="-111.40724"><ele>0.0</ele></trkpt>
      <trkpt lat="37.79934" lon="-111.40702"><ele>0.0</ele></trkpt>
      <trkpt lat="37.79938" lon="-111.407"><ele>0.0</ele></trkpt>
      <trkpt lat="37.79944" lon="-111.40695"><ele>0.0</ele></trkpt>
      <trkpt lat="37.79952" lon="-111.4069"><ele>0.0</ele></trkpt>
      <trkpt lat="37.79954" lon="-111.4069"><ele>0.0</ele></trkpt>
      <trkpt lat="37.79966" lon="-111.40684"><ele>0.0</ele></trkpt>
      <trkpt lat="37.79978" lon="-111.4068"><ele>0.0</ele></trkpt>
      <trkpt lat="37.79987" lon="-111.40676"><ele>0.0</ele></trkpt>
      <trkpt lat="37.79988" lon="-111.40676"><ele>0.0</ele></trkpt>
      <trkpt lat="37.80045" lon="-111.40658"><ele>0.0</ele></trkpt>
      <trkpt lat="37.80065" lon="-111.40653"><ele>0.0</ele></trkpt>
      <trkpt lat="37.80076" lon="-111.40651"><ele>0.0</ele></trkpt>
      <trkpt lat="37.80091" lon="-111.40647"><ele>0.0</ele></trkpt>
      <trkpt lat="37.80093" lon="-111.40647"><ele>0.0</ele></trkpt>
      <trkpt lat="37.80111" lon="-111.40643"><ele>0.0</ele></trkpt>
      <trkpt lat="37.80119" lon="-111.40642"><ele>0.0</ele></trkpt>
      <trkpt lat="37.80182" lon="-111.40628"><ele>0.0</ele></trkpt>
      <trkpt lat="37.802" lon="-111.40625"><ele>0.0</ele></trkpt>
      <trkpt lat="37.80206" lon="-111.40623"><ele>0.0</ele></trkpt>
      <trkpt lat="37.80223" lon="-111.4062"><ele>0.0</ele></trkpt>
      <trkpt lat="37.80225" lon="-111.40619"><ele>0.0</ele></trkpt>
      <trkpt lat="37.80243" lon="-111.40614"><ele>0.0</ele></trkpt>
      <trkpt lat="37.80273" lon="-111.40602"><ele>0.0</ele></trkpt>
      <trkpt lat="37.80284" lon="-111.40594"><ele>0.0</ele></trkpt>
      <trkpt lat="37.80307" lon="-111.40572"><ele>0.0</ele></trkpt>
      <trkpt lat="37.8032" lon="-111.40553"><ele>0.0</ele></trkpt>
      <trkpt lat="37.80328" lon="-111.40537"><ele>0.0</ele></trkpt>
      <trkpt lat="37.8033" lon="-111.40534"><ele>0.0</ele></trkpt>
      <trkpt lat="37.80337" lon="-111.40515"><ele>0.0</ele></trkpt>
      <trkpt lat="37.80342" lon="-111.40495"><ele>0.0</ele></trkpt>
      <trkpt lat="37.80344" lon="-111.40483"><ele>0.0</ele></trkpt>
      <trkpt lat="37.80346" lon="-111.40475"><ele>0.0</ele></trkpt>
      <trkpt lat="37.80348" lon="-111.4046"><ele>0.0</ele></trkpt>
      <trkpt lat="37.80348" lon="-111.40451"><ele>0.0</ele></trkpt>
      <trkpt lat="37.80349" lon="-111.40443"><ele>0.0</ele></trkpt>
      <trkpt lat="37.80348" lon="-111.40438"><ele>0.0</ele></trkpt>
      <trkpt lat="37.80348" lon="-111.40422"><ele>0.0</ele></trkpt>
      <trkpt lat="37.80346" lon="-111.40415"><ele>0.0</ele></trkpt>
      <trkpt lat="37.80344" lon="-111.40403"><ele>0.0</ele></trkpt>
      <trkpt lat="37.80335" lon="-111.40364"><ele>0.0</ele></trkpt>
      <trkpt lat="37.80335" lon="-111.40362"><ele>0.0</ele></trkpt>
      <trkpt lat="37.80333" lon="-111.40349"><ele>0.0</ele></trkpt>
      <trkpt lat="37.80331" lon="-111.40342"><ele>0.0</ele></trkpt>
      <trkpt lat="37.8033" lon="-111.40327"><ele>0.0</ele></trkpt>
      <trkpt lat="37.8033" lon="-111.4032"><ele>0.0</ele></trkpt>
      <trkpt lat="37.80332" lon="-111.40293"><ele>0.0</ele></trkpt>
      <trkpt lat="37.80334" lon="-111.40284"><ele>0.0</ele></trkpt>
      <trkpt lat="37.80339" lon="-111.40271"><ele>0.0</ele></trkpt>
      <trkpt lat="37.80345" lon="-111.40263"><ele>0.0</ele></trkpt>
      <trkpt lat="37.80349" lon="-111.40256"><ele>0.0</ele></trkpt>
      <trkpt lat="37.80349" lon="-111.40255"><ele>0.0</ele></trkpt>
      <trkpt lat="37.8037" lon="-111.40226"><ele>0.0</ele></trkpt>
      <trkpt lat="37.80409" lon="-111.40176"><ele>0.0</ele></trkpt>
      <trkpt lat="37.80425" lon="-111.40158"><ele>0.0</ele></trkpt>
      <trkpt lat="37.80433" lon="-111.4015"><ele>0.0</ele></trkpt>
      <trkpt lat="37.80453" lon="-111.40133"><ele>0.0</ele></trkpt>
      <trkpt lat="37.80471" lon="-111.40121"><ele>0.0</ele></trkpt>
      <trkpt lat="37.80484" lon="-111.40115"><ele>0.0</ele></trkpt>
      <trkpt lat="37.80495" lon="-111.40111"><ele>0.0</ele></trkpt>
      <trkpt lat="37.80497" lon="-111.40111"><ele>0.0</ele></trkpt>
      <trkpt lat="37.80514" lon="-111.40108"><ele>0.0</ele></trkpt>
      <trkpt lat="37.80522" lon="-111.40108"><ele>0.0</ele></trkpt>
      <trkpt lat="37.80537" lon="-111.40109"><ele>0.0</ele></trkpt>
      <trkpt lat="37.80558" lon="-111.40115"><ele>0.0</ele></trkpt>
      <trkpt lat="37.80558" lon="-111.40116"><ele>0.0</ele></trkpt>
      <trkpt lat="37.80568" lon="-111.40119"><ele>0.0</ele></trkpt>
      <trkpt lat="37.80601" lon="-111.40138"><ele>0.0</ele></trkpt>
      <trkpt lat="37.80607" lon="-111.40141"><ele>0.0</ele></trkpt>
      <trkpt lat="37.80608" lon="-111.40142"><ele>0.0</ele></trkpt>
      <trkpt lat="37.80639" lon="-111.40163"><ele>0.0</ele></trkpt>
      <trkpt lat="37.80639" lon="-111.40164"><ele>0.0</ele></trkpt>
      <trkpt lat="37.80649" lon="-111.4017"><ele>0.0</ele></trkpt>
      <trkpt lat="37.80655" lon="-111.40175"><ele>0.0</ele></trkpt>
      <trkpt lat="37.8068" lon="-111.40192"><ele>0.0</ele></trkpt>
      <trkpt lat="37.80754" lon="-111.40246"><ele>0.0</ele></trkpt>
      <trkpt lat="37.80765" lon="-111.40253"><ele>0.0</ele></trkpt>
      <trkpt lat="37.8078" lon="-111.40265"><ele>0.0</ele></trkpt>
      <trkpt lat="37.80837" lon="-111.40304"><ele>0.0</ele></trkpt>
      <trkpt lat="37.80843" lon="-111.40309"><ele>0.0</ele></trkpt>
      <trkpt lat="37.80868" lon="-111.40326"><ele>0.0</ele></trkpt>
      <trkpt lat="37.80875" lon="-111.4033"><ele>0.0</ele></trkpt>
      <trkpt lat="37.80884" lon="-111.40337"><ele>0.0</ele></trkpt>
      <trkpt lat="37.809" lon="-111.40348"><ele>0.0</ele></trkpt>
      <trkpt lat="37.80927" lon="-111.40369"><ele>0.0</ele></trkpt>
      <trkpt lat="37.80936" lon="-111.40378"><ele>0.0</ele></trkpt>
      <trkpt lat="37.80938" lon="-111.40379"><ele>0.0</ele></trkpt>
      <trkpt lat="37.80959" lon="-111.404"><ele>0.0</ele></trkpt>
      <trkpt lat="37.80985" lon="-111.40431"><ele>0.0</ele></trkpt>
      <trkpt lat="37.80991" lon="-111.40437"><ele>0.0</ele></trkpt>
      <trkpt lat="37.80998" lon="-111.40446"><ele>0.0</ele></trkpt>
      <trkpt lat="37.81007" lon="-111.40456"><ele>0.0</ele></trkpt>
      <trkpt lat="37.81075" lon="-111.40542"><ele>0.0</ele></trkpt>
      <trkpt lat="37.81078" lon="-111.40545"><ele>0.0</ele></trkpt>
      <trkpt lat="37.81101" lon="-111.40574"><ele>0.0</ele></trkpt>
      <trkpt lat="37.81103" lon="-111.40576"><ele>0.0</ele></trkpt>
      <trkpt lat="37.81106" lon="-111.40581"><ele>0.0</ele></trkpt>
      <trkpt lat="37.81133" lon="-111.40612"><ele>0.0</ele></trkpt>
      <trkpt lat="37.81141" lon="-111.4062"><ele>0.0</ele></trkpt>
      <trkpt lat="37.81144" lon="-111.40624"><ele>0.0</ele></trkpt>
      <trkpt lat="37.81165" lon="-111.40644"><ele>0.0</ele></trkpt>
      <trkpt lat="37.81181" lon="-111.40657"><ele>0.0</ele></trkpt>
      <trkpt lat="37.81201" lon="-111.40681"><ele>0.0</ele></trkpt>
      <trkpt lat="37.81212" lon="-111.407"><ele>0.0</ele></trkpt>
      <trkpt lat="37.81224" lon="-111.40723"><ele>0.0</ele></trkpt>
      <trkpt lat="37.81239" lon="-111.40756"><ele>0.0</ele></trkpt>
      <trkpt lat="37.81257" lon="-111.4079"><ele>0.0</ele></trkpt>
      <trkpt lat="37.8126" lon="-111.40797"><ele>0.0</ele></trkpt>
      <trkpt lat="37.81275" lon="-111.40821"><ele>0.0</ele></trkpt>
      <trkpt lat="37.81292" lon="-111.40841"><ele>0.0</ele></trkpt>
      <trkpt lat="37.81295" lon="-111.40843"><ele>0.0</ele></trkpt>
      <trkpt lat="37.81298" lon="-111.40847"><ele>0.0</ele></trkpt>
      <trkpt lat="37.81307" lon="-111.40854"><ele>0.0</ele></trkpt>
      <trkpt lat="37.81312" lon="-111.40857"><ele>0.0</ele></trkpt>
      <trkpt lat="37.81314" lon="-111.40859"><ele>0.0</ele></trkpt>
      <trkpt lat="37.8133" lon="-111.40868"><ele>0.0</ele></trkpt>
      <trkpt lat="37.81337" lon="-111.40871"><ele>0.0</ele></trkpt>
      <trkpt lat="37.81355" lon="-111.40877"><ele>0.0</ele></trkpt>
      <trkpt lat="37.81357" lon="-111.40878"><ele>0.0</ele></trkpt>
      <trkpt lat="37.81392" lon="-111.40888"><ele>0.0</ele></trkpt>
      <trkpt lat="37.81398" lon="-111.40889"><ele>0.0</ele></trkpt>
      <trkpt lat="37.8141" lon="-111.40894"><ele>0.0</ele></trkpt>
      <trkpt lat="37.81417" lon="-111.40896"><ele>0.0</ele></trkpt>
      <trkpt lat="37.8142" lon="-111.40898"><ele>0.0</ele></trkpt>
      <trkpt lat="37.81434" lon="-111.40904"><ele>0.0</ele></trkpt>
      <trkpt lat="37.81435" lon="-111.40905"><ele>0.0</ele></trkpt>
      <trkpt lat="37.81443" lon="-111.40909"><ele>0.0</ele></trkpt>
      <trkpt lat="37.81446" lon="-111.40911"><ele>0.0</ele></trkpt>
      <trkpt lat="37.81459" lon="-111.40918"><ele>0.0</ele></trkpt>
      <trkpt lat="37.8146" lon="-111.40919"><ele>0.0</ele></trkpt>
      <trkpt lat="37.81467" lon="-111.40923"><ele>0.0</ele></trkpt>
      <trkpt lat="37.81493" lon="-111.40941"><ele>0.0</ele></trkpt>
      <trkpt lat="37.81515" lon="-111.40955"><ele>0.0</ele></trkpt>
      <trkpt lat="37.81523" lon="-111.40961"><ele>0.0</ele></trkpt>
      <trkpt lat="37.81562" lon="-111.40987"><ele>0.0</ele></trkpt>
      <trkpt lat="37.81571" lon="-111.40992"><ele>0.0</ele></trkpt>
      <trkpt lat="37.81606" lon="-111.41016"><ele>0.0</ele></trkpt>
      <trkpt lat="37.81619" lon="-111.41024"><ele>0.0</ele></trkpt>
      <trkpt lat="37.81648" lon="-111.41044"><ele>0.0</ele></trkpt>
      <trkpt lat="37.81664" lon="-111.41054"><ele>0.0</ele></trkpt>
      <trkpt lat="37.81696" lon="-111.41076"><ele>0.0</ele></trkpt>
      <trkpt lat="37.81776" lon="-111.41128"><ele>0.0</ele></trkpt>
      <trkpt lat="37.81935" lon="-111.41221"><ele>0.0</ele></trkpt>
      <trkpt lat="37.81939" lon="-111.41222"><ele>0.0</ele></trkpt>
      <trkpt lat="37.81957" lon="-111.41229"><ele>0.0</ele></trkpt>
      <trkpt lat="37.81969" lon="-111.41233"><ele>0.0</ele></trkpt>
      <trkpt lat="37.81994" lon="-111.41236"><ele>0.0</ele></trkpt>
      <trkpt lat="37.82023" lon="-111.41238"><ele>0.0</ele></trkpt>
      <trkpt lat="37.82065" lon="-111.41223"><ele>0.0</ele></trkpt>
      <trkpt lat="37.82091" lon="-111.41197"><ele>0.0</ele></trkpt>
      <trkpt lat="37.82102" lon="-111.41187"><ele>0.0</ele></trkpt>
      <trkpt lat="37.82122" lon="-111.4116"><ele>0.0</ele></trkpt>
      <trkpt lat="37.82141" lon="-111.41132"><ele>0.0</ele></trkpt>
      <trkpt lat="37.82151" lon="-111.41119"><ele>0.0</ele></trkpt>
      <trkpt lat="37.82154" lon="-111.41116"><ele>0.0</ele></trkpt>
      <trkpt lat="37.82165" lon="-111.41102"><ele>0.0</ele></trkpt>
      <trkpt lat="37.82167" lon="-111.411"><ele>0.0</ele></trkpt>
      <trkpt lat="37.82184" lon="-111.41079"><ele>0.0</ele></trkpt>
      <trkpt lat="37.82212" lon="-111.41056"><ele>0.0</ele></trkpt>
      <trkpt lat="37.82258" lon="-111.41029"><ele>0.0</ele></trkpt>
      <trkpt lat="37.8231" lon="-111.41016"><ele>0.0</ele></trkpt>
      <trkpt lat="37.82322" lon="-111.41015"><ele>0.0</ele></trkpt>
      <trkpt lat="37.8236" lon="-111.4102"><ele>0.0</ele></trkpt>
      <trkpt lat="37.82364" lon="-111.41022"><ele>0.0</ele></trkpt>
      <trkpt lat="37.82403" lon="-111.41038"><ele>0.0</ele></trkpt>
      <trkpt lat="37.82449" lon="-111.41061"><ele>0.0</ele></trkpt>
      <trkpt lat="37.82455" lon="-111.41065"><ele>0.0</ele></trkpt>
      <trkpt lat="37.82481" lon="-111.41075"><ele>0.0</ele></trkpt>
      <trkpt lat="37.82516" lon="-111.41098"><ele>0.0</ele></trkpt>
      <trkpt lat="37.82532" lon="-111.41104"><ele>0.0</ele></trkpt>
      <trkpt lat="37.82605" lon="-111.41126"><ele>0.0</ele></trkpt>
      <trkpt lat="37.8267" lon="-111.41149"><ele>0.0</ele></trkpt>
      <trkpt lat="37.82671" lon="-111.41149"><ele>0.0</ele></trkpt>
      <trkpt lat="37.82708" lon="-111.41166"><ele>0.0</ele></trkpt>
      <trkpt lat="37.82747" lon="-111.41188"><ele>0.0</ele></trkpt>
      <trkpt lat="37.82819" lon="-111.41235"><ele>0.0</ele></trkpt>
      <trkpt lat="37.82863" lon="-111.41273"><ele>0.0</ele></trkpt>
      <trkpt lat="37.82887" lon="-111.41295"><ele>0.0</ele></trkpt>
      <trkpt lat="37.82934" lon="-111.41342"><ele>0.0</ele></trkpt>
      <trkpt lat="37.82998" lon="-111.41399"><ele>0.0</ele></trkpt>
      <trkpt lat="37.8304" lon="-111.41442"><ele>0.0</ele></trkpt>
      <trkpt lat="37.83042" lon="-111.41445"><ele>0.0</ele></trkpt>
      <trkpt lat="37.83053" lon="-111.41455"><ele>0.0</ele></trkpt>
      <trkpt lat="37.83054" lon="-111.41455"><ele>0.0</ele></trkpt>
      <trkpt lat="37.83102" lon="-111.41488"><ele>0.0</ele></trkpt>
      <trkpt lat="37.83155" lon="-111.41521"><ele>0.0</ele></trkpt>
      <trkpt lat="37.83219" lon="-111.41546"><ele>0.0</ele></trkpt>
      <trkpt lat="37.83236" lon="-111.41554"><ele>0.0</ele></trkpt>
      <trkpt lat="37.83299" lon="-111.4158"><ele>0.0</ele></trkpt>
      <trkpt lat="37.83373" lon="-111.41615"><ele>0.0</ele></trkpt>
      <trkpt lat="37.83392" lon="-111.41628"><ele>0.0</ele></trkpt>
      <trkpt lat="37.83419" lon="-111.4165"><ele>0.0</ele></trkpt>
      <trkpt lat="37.83441" lon="-111.41674"><ele>0.0</ele></trkpt>
      <trkpt lat="37.83515" lon="-111.4175"><ele>0.0</ele></trkpt>
      <trkpt lat="37.83552" lon="-111.41794"><ele>0.0</ele></trkpt>
      <trkpt lat="37.83576" lon="-111.41829"><ele>0.0</ele></trkpt>
      <trkpt lat="37.836" lon="-111.41871"><ele>0.0</ele></trkpt>
      <trkpt lat="37.83616" lon="-111.41891"><ele>0.0</ele></trkpt>
      <trkpt lat="37.83623" lon="-111.41897"><ele>0.0</ele></trkpt>
      <trkpt lat="37.83635" lon="-111.41909"><ele>0.0</ele></trkpt>
      <trkpt lat="37.83675" lon="-111.41932"><ele>0.0</ele></trkpt>
      <trkpt lat="37.83699" lon="-111.41943"><ele>0.0</ele></trkpt>
      <trkpt lat="37.83719" lon="-111.41957"><ele>0.0</ele></trkpt>
      <trkpt lat="37.83722" lon="-111.41958"><ele>0.0</ele></trkpt>
      <trkpt lat="37.83735" lon="-111.41972"><ele>0.0</ele></trkpt>
      <trkpt lat="37.83746" lon="-111.41988"><ele>0.0</ele></trkpt>
      <trkpt lat="37.83766" lon="-111.42025"><ele>0.0</ele></trkpt>
      <trkpt lat="37.83772" lon="-111.4204"><ele>0.0</ele></trkpt>
      <trkpt lat="37.83779" lon="-111.42053"><ele>0.0</ele></trkpt>
      <trkpt lat="37.83793" lon="-111.42068"><ele>0.0</ele></trkpt>
      <trkpt lat="37.83807" lon="-111.42073"><ele>0.0</ele></trkpt>
      <trkpt lat="37.83838" lon="-111.42075"><ele>0.0</ele></trkpt>
      <trkpt lat="37.83856" lon="-111.42078"><ele>0.0</ele></trkpt>
      <trkpt lat="37.83885" lon="-111.42081"><ele>0.0</ele></trkpt>
      <trkpt lat="37.83898" lon="-111.42088"><ele>0.0</ele></trkpt>
      <trkpt lat="37.83928" lon="-111.42108"><ele>0.0</ele></trkpt>
      <trkpt lat="37.83939" lon="-111.42117"><ele>0.0</ele></trkpt>
      <trkpt lat="37.83959" lon="-111.42137"><ele>0.0</ele></trkpt>
      <trkpt lat="37.83979" lon="-111.42151"><ele>0.0</ele></trkpt>
      <trkpt lat="37.84" lon="-111.42159"><ele>0.0</ele></trkpt>
      <trkpt lat="37.84039" lon="-111.4217"><ele>0.0</ele></trkpt>
      <trkpt lat="37.84072" lon="-111.42175"><ele>0.0</ele></trkpt>
      <trkpt lat="37.84126" lon="-111.42187"><ele>0.0</ele></trkpt>
      <trkpt lat="37.84129" lon="-111.42187"><ele>0.0</ele></trkpt>
      <trkpt lat="37.84145" lon="-111.4219"><ele>0.0</ele></trkpt>
      <trkpt lat="37.84161" lon="-111.42197"><ele>0.0</ele></trkpt>
      <trkpt lat="37.84179" lon="-111.42207"><ele>0.0</ele></trkpt>
      <trkpt lat="37.84201" lon="-111.42221"><ele>0.0</ele></trkpt>
      <trkpt lat="37.8423" lon="-111.42247"><ele>0.0</ele></trkpt>
      <trkpt lat="37.84237" lon="-111.42256"><ele>0.0</ele></trkpt>
      <trkpt lat="37.8425" lon="-111.42271"><ele>0.0</ele></trkpt>
      <trkpt lat="37.84286" lon="-111.42318"><ele>0.0</ele></trkpt>
      <trkpt lat="37.84395" lon="-111.42471"><ele>0.0</ele></trkpt>
      <trkpt lat="37.84443" lon="-111.42544"><ele>0.0</ele></trkpt>
      <trkpt lat="37.8452" lon="-111.42675"><ele>0.0</ele></trkpt>
      <trkpt lat="37.84547" lon="-111.42703"><ele>0.0</ele></trkpt>
      <trkpt lat="37.84568" lon="-111.42717"><ele>0.0</ele></trkpt>
      <trkpt lat="37.84594" lon="-111.42733"><ele>0.0</ele></trkpt>
      <trkpt lat="37.84645" lon="-111.42758"><ele>0.0</ele></trkpt>
      <trkpt lat="37.84739" lon="-111.4279"><ele>0.0</ele></trkpt>
      <trkpt lat="37.84813" lon="-111.42819"><ele>0.0</ele></trkpt>
      <trkpt lat="37.84849" lon="-111.42832"><ele>0.0</ele></trkpt>
      <trkpt lat="37.84893" lon="-111.42853"><ele>0.0</ele></trkpt>
      <trkpt lat="37.84913" lon="-111.42864"><ele>0.0</ele></trkpt>
      <trkpt lat="37.84933" lon="-111.42877"><ele>0.0</ele></trkpt>
      <trkpt lat="37.85013" lon="-111.42936"><ele>0.0</ele></trkpt>
      <trkpt lat="37.85329" lon="-111.4318"><ele>0.0</ele></trkpt>
      <trkpt lat="37.85332" lon="-111.43183"><ele>0.0</ele></trkpt>
      <trkpt lat="37.85368" lon="-111.4321"><ele>0.0</ele></trkpt>
      <trkpt lat="37.85375" lon="-111.43216"><ele>0.0</ele></trkpt>
      <trkpt lat="37.85652" lon="-111.43427"><ele>0.0</ele></trkpt>
      <trkpt lat="37.8566" lon="-111.43434"><ele>0.0</ele></trkpt>
      <trkpt lat="37.85737" lon="-111.43492"><ele>0.0</ele></trkpt>
      <trkpt lat="37.85744" lon="-111.43498"><ele>0.0</ele></trkpt>
      <trkpt lat="37.85753" lon="-111.43504"><ele>0.0</ele></trkpt>
      <trkpt lat="37.8576" lon="-111.4351"><ele>0.0</ele></trkpt>
      <trkpt lat="37.85852" lon="-111.4358"><ele>0.0</ele></trkpt>
      <trkpt lat="37.8586" lon="-111.43587"><ele>0.0</ele></trkpt>
      <trkpt lat="37.85879" lon="-111.436"><ele>0.0</ele></trkpt>
      <trkpt lat="37.85983" lon="-111.43681"><ele>0.0</ele></trkpt>
      <trkpt lat="37.85991" lon="-111.43686"><ele>0.0</ele></trkpt>
      <trkpt lat="37.8603" lon="-111.43716"><ele>0.0</ele></trkpt>
      <trkpt lat="37.86037" lon="-111.43722"><ele>0.0</ele></trkpt>
      <trkpt lat="37.86107" lon="-111.43775"><ele>0.0</ele></trkpt>
      <trkpt lat="37.86114" lon="-111.43781"><ele>0.0</ele></trkpt>
      <trkpt lat="37.86153" lon="-111.4381"><ele>0.0</ele></trkpt>
      <trkpt lat="37.86232" lon="-111.43865"><ele>0.0</ele></trkpt>
      <trkpt lat="37.86239" lon="-111.43871"><ele>0.0</ele></trkpt>
      <trkpt lat="37.86333" lon="-111.43938"><ele>0.0</ele></trkpt>
      <trkpt lat="37.86341" lon="-111.43943"><ele>0.0</ele></trkpt>
      <trkpt lat="37.8638" lon="-111.43971"><ele>0.0</ele></trkpt>
      <trkpt lat="37.86397" lon="-111.4398"><ele>0.0</ele></trkpt>
      <trkpt lat="37.86405" lon="-111.43985"><ele>0.0</ele></trkpt>
      <trkpt lat="37.86413" lon="-111.43989"><ele>0.0</ele></trkpt>
      <trkpt lat="37.86416" lon="-111.43991"><ele>0.0</ele></trkpt>
      <trkpt lat="37.86439" lon="-111.44003"><ele>0.0</ele></trkpt>
      <trkpt lat="37.86444" lon="-111.44005"><ele>0.0</ele></trkpt>
      <trkpt lat="37.86447" lon="-111.44007"><ele>0.0</ele></trkpt>
      <trkpt lat="37.86514" lon="-111.44038"><ele>0.0</ele></trkpt>
      <trkpt lat="37.86523" lon="-111.44043"><ele>0.0</ele></trkpt>
      <trkpt lat="37.86531" lon="-111.44046"><ele>0.0</ele></trkpt>
      <trkpt lat="37.86534" lon="-111.44048"><ele>0.0</ele></trkpt>
      <trkpt lat="37.86582" lon="-111.44068"><ele>0.0</ele></trkpt>
      <trkpt lat="37.86592" lon="-111.44073"><ele>0.0</ele></trkpt>
      <trkpt lat="37.86684" lon="-111.44111"><ele>0.0</ele></trkpt>
      <trkpt lat="37.86701" lon="-111.44119"><ele>0.0</ele></trkpt>
      <trkpt lat="37.86713" lon="-111.44123"><ele>0.0</ele></trkpt>
      <trkpt lat="37.86895" lon="-111.442"><ele>0.0</ele></trkpt>
      <trkpt lat="37.86954" lon="-111.44228"><ele>0.0</ele></trkpt>
      <trkpt lat="37.87004" lon="-111.44258"><ele>0.0</ele></trkpt>
      <trkpt lat="37.87005" lon="-111.44259"><ele>0.0</ele></trkpt>
      <trkpt lat="37.87013" lon="-111.44265"><ele>0.0</ele></trkpt>
      <trkpt lat="37.87021" lon="-111.4427"><ele>0.0</ele></trkpt>
      <trkpt lat="37.87057" lon="-111.44298"><ele>0.0</ele></trkpt>
      <trkpt lat="37.87078" lon="-111.44316"><ele>0.0</ele></trkpt>
      <trkpt lat="37.87095" lon="-111.44332"><ele>0.0</ele></trkpt>
      <trkpt lat="37.87113" lon="-111.44351"><ele>0.0</ele></trkpt>
      <trkpt lat="37.87123" lon="-111.44363"><ele>0.0</ele></trkpt>
      <trkpt lat="37.87127" lon="-111.44369"><ele>0.0</ele></trkpt>
      <trkpt lat="37.87129" lon="-111.44371"><ele>0.0</ele></trkpt>
      <trkpt lat="37.87142" lon="-111.44388"><ele>0.0</ele></trkpt>
      <trkpt lat="37.87146" lon="-111.44394"><ele>0.0</ele></trkpt>
      <trkpt lat="37.87148" lon="-111.44396"><ele>0.0</ele></trkpt>
      <trkpt lat="37.87167" lon="-111.44423"><ele>0.0</ele></trkpt>
      <trkpt lat="37.87185" lon="-111.44452"><ele>0.0</ele></trkpt>
      <trkpt lat="37.87214" lon="-111.44504"><ele>0.0</ele></trkpt>
      <trkpt lat="37.87219" lon="-111.44514"><ele>0.0</ele></trkpt>
      <trkpt lat="37.87319" lon="-111.44688"><ele>0.0</ele></trkpt>
      <trkpt lat="37.8732" lon="-111.44689"><ele>0.0</ele></trkpt>
      <trkpt lat="37.87374" lon="-111.44779"><ele>0.0</ele></trkpt>
      <trkpt lat="37.87379" lon="-111.44789"><ele>0.0</ele></trkpt>
      <trkpt lat="37.87395" lon="-111.44816"><ele>0.0</ele></trkpt>
      <trkpt lat="37.87401" lon="-111.44825"><ele>0.0</ele></trkpt>
      <trkpt lat="37.87476" lon="-111.44951"><ele>0.0</ele></trkpt>
      <trkpt lat="37.87487" lon="-111.44971"><ele>0.0</ele></trkpt>
      <trkpt lat="37.87498" lon="-111.44989"><ele>0.0</ele></trkpt>
      <trkpt lat="37.87504" lon="-111.44997"><ele>0.0</ele></trkpt>
      <trkpt lat="37.87515" lon="-111.45015"><ele>0.0</ele></trkpt>
      <trkpt lat="37.8752" lon="-111.45025"><ele>0.0</ele></trkpt>
      <trkpt lat="37.87578" lon="-111.4512"><ele>0.0</ele></trkpt>
      <trkpt lat="37.87835" lon="-111.455"><ele>0.0</ele></trkpt>
      <trkpt lat="37.87872" lon="-111.45557"><ele>0.0</ele></trkpt>
      <trkpt lat="37.8789" lon="-111.45583"><ele>0.0</ele></trkpt>
      <trkpt lat="37.87921" lon="-111.45623"><ele>0.0</ele></trkpt>
      <trkpt lat="37.87943" lon="-111.45647"><ele>0.0</ele></trkpt>
      <trkpt lat="37.87966" lon="-111.4567"><ele>0.0</ele></trkpt>
      <trkpt lat="37.87978" lon="-111.4568"><ele>0.0</ele></trkpt>
      <trkpt lat="37.87983" lon="-111.45685"><ele>0.0</ele></trkpt>
      <trkpt lat="37.88001" lon="-111.45697"><ele>0.0</ele></trkpt>
      <trkpt lat="37.88024" lon="-111.45711"><ele>0.0</ele></trkpt>
      <trkpt lat="37.88054" lon="-111.45726"><ele>0.0</ele></trkpt>
      <trkpt lat="37.88079" lon="-111.45737"><ele>0.0</ele></trkpt>
      <trkpt lat="37.88098" lon="-111.45743"><ele>0.0</ele></trkpt>
      <trkpt lat="37.88103" lon="-111.45745"><ele>0.0</ele></trkpt>
      <trkpt lat="37.88124" lon="-111.4575"><ele>0.0</ele></trkpt>
      <trkpt lat="37.88218" lon="-111.45762"><ele>0.0</ele></trkpt>
      <trkpt lat="37.88228" lon="-111.45762"><ele>0.0</ele></trkpt>
      <trkpt lat="37.88425" lon="-111.45779"><ele>0.0</ele></trkpt>
      <trkpt lat="37.88451" lon="-111.45782"><ele>0.0</ele></trkpt>
      <trkpt lat="37.88762" lon="-111.45809"><ele>0.0</ele></trkpt>
      <trkpt lat="37.88767" lon="-111.4581"><ele>0.0</ele></trkpt>
      <trkpt lat="37.88779" lon="-111.4581"><ele>0.0</ele></trkpt>
      <trkpt lat="37.88804" lon="-111.45808"><ele>0.0</ele></trkpt>
      <trkpt lat="37.88819" lon="-111.45805"><ele>0.0</ele></trkpt>
      <trkpt lat="37.88853" lon="-111.45795"><ele>0.0</ele></trkpt>
      <trkpt lat="37.88864" lon="-111.45791"><ele>0.0</ele></trkpt>
      <trkpt lat="37.88864" lon="-111.4579"><ele>0.0</ele></trkpt>
      <trkpt lat="37.88881" lon="-111.45784"><ele>0.0</ele></trkpt>
      <trkpt lat="37.88898" lon="-111.45776"><ele>0.0</ele></trkpt>
      <trkpt lat="37.88967" lon="-111.45748"><ele>0.0</ele></trkpt>
      <trkpt lat="37.89" lon="-111.45739"><ele>0.0</ele></trkpt>
      <trkpt lat="37.89021" lon="-111.45739"><ele>0.0</ele></trkpt>
      <trkpt lat="37.89027" lon="-111.4574"><ele>0.0</ele></trkpt>
      <trkpt lat="37.89047" lon="-111.45747"><ele>0.0</ele></trkpt>
      <trkpt lat="37.89054" lon="-111.45751"><ele>0.0</ele></trkpt>
      <trkpt lat="37.89072" lon="-111.45767"><ele>0.0</ele></trkpt>
      <trkpt lat="37.89085" lon="-111.45783"><ele>0.0</ele></trkpt>
      <trkpt lat="37.89102" lon="-111.45802"><ele>0.0</ele></trkpt>
      <trkpt lat="37.89128" lon="-111.45828"><ele>0.0</ele></trkpt>
      <trkpt lat="37.89141" lon="-111.45838"><ele>0.0</ele></trkpt>
      <trkpt lat="37.89157" lon="-111.45849"><ele>0.0</ele></trkpt>
      <trkpt lat="37.89172" lon="-111.45858"><ele>0.0</ele></trkpt>
      <trkpt lat="37.89176" lon="-111.4586"><ele>0.0</ele></trkpt>
      <trkpt lat="37.89203" lon="-111.45869"><ele>0.0</ele></trkpt>
      <trkpt lat="37.89215" lon="-111.45869"><ele>0.0</ele></trkpt>
      <trkpt lat="37.89223" lon="-111.45868"><ele>0.0</ele></trkpt>
      <trkpt lat="37.8923" lon="-111.45866"><ele>0.0</ele></trkpt>
      <trkpt lat="37.89237" lon="-111.45862"><ele>0.0</ele></trkpt>
      <trkpt lat="37.89245" lon="-111.45856"><ele>0.0</ele></trkpt>
      <trkpt lat="37.89247" lon="-111.45853"><ele>0.0</ele></trkpt>
      <trkpt lat="37.89251" lon="-111.45849"><ele>0.0</ele></trkpt>
      <trkpt lat="37.89256" lon="-111.4584"><ele>0.0</ele></trkpt>
      <trkpt lat="37.89266" lon="-111.45816"><ele>0.0</ele></trkpt>
      <trkpt lat="37.89271" lon="-111.45801"><ele>0.0</ele></trkpt>
      <trkpt lat="37.89275" lon="-111.45791"><ele>0.0</ele></trkpt>
      <trkpt lat="37.8928" lon="-111.45781"><ele>0.0</ele></trkpt>
      <trkpt lat="37.8929" lon="-111.45766"><ele>0.0</ele></trkpt>
      <trkpt lat="37.89296" lon="-111.45759"><ele>0.0</ele></trkpt>
      <trkpt lat="37.89305" lon="-111.45752"><ele>0.0</ele></trkpt>
      <trkpt lat="37.89318" lon="-111.45745"><ele>0.0</ele></trkpt>
      <trkpt lat="37.89346" lon="-111.45736"><ele>0.0</ele></trkpt>
      <trkpt lat="37.89368" lon="-111.45731"><ele>0.0</ele></trkpt>
      <trkpt lat="37.89382" lon="-111.45727"><ele>0.0</ele></trkpt>
      <trkpt lat="37.89395" lon="-111.45722"><ele>0.0</ele></trkpt>
      <trkpt lat="37.89404" lon="-111.45716"><ele>0.0</ele></trkpt>
      <trkpt lat="37.89408" lon="-111.45714"><ele>0.0</ele></trkpt>
      <trkpt lat="37.89414" lon="-111.45708"><ele>0.0</ele></trkpt>
      <trkpt lat="37.8942" lon="-111.45701"><ele>0.0</ele></trkpt>
      <trkpt lat="37.8943" lon="-111.4568"><ele>0.0</ele></trkpt>
      <trkpt lat="37.89433" lon="-111.45669"><ele>0.0</ele></trkpt>
      <trkpt lat="37.89435" lon="-111.45658"><ele>0.0</ele></trkpt>
      <trkpt lat="37.89436" lon="-111.45649"><ele>0.0</ele></trkpt>
      <trkpt lat="37.89436" lon="-111.45636"><ele>0.0</ele></trkpt>
      <trkpt lat="37.89435" lon="-111.45632"><ele>0.0</ele></trkpt>
      <trkpt lat="37.89435" lon="-111.45625"><ele>0.0</ele></trkpt>
      <trkpt lat="37.89426" lon="-111.45593"><ele>0.0</ele></trkpt>
      <trkpt lat="37.89421" lon="-111.45582"><ele>0.0</ele></trkpt>
      <trkpt lat="37.89419" lon="-111.45576"><ele>0.0</ele></trkpt>
      <trkpt lat="37.89408" lon="-111.45551"><ele>0.0</ele></trkpt>
      <trkpt lat="37.89405" lon="-111.45546"><ele>0.0</ele></trkpt>
      <trkpt lat="37.89401" lon="-111.45538"><ele>0.0</ele></trkpt>
      <trkpt lat="37.89397" lon="-111.45533"><ele>0.0</ele></trkpt>
      <trkpt lat="37.89388" lon="-111.4552"><ele>0.0</ele></trkpt>
      <trkpt lat="37.89381" lon="-111.45511"><ele>0.0</ele></trkpt>
      <trkpt lat="37.89368" lon="-111.45496"><ele>0.0</ele></trkpt>
      <trkpt lat="37.89351" lon="-111.45483"><ele>0.0</ele></trkpt>
      <trkpt lat="37.89342" lon="-111.45477"><ele>0.0</ele></trkpt>
      <trkpt lat="37.89342" lon="-111.45476"><ele>0.0</ele></trkpt>
      <trkpt lat="37.89336" lon="-111.45472"><ele>0.0</ele></trkpt>
      <trkpt lat="37.89335" lon="-111.45471"><ele>0.0</ele></trkpt>
      <trkpt lat="37.89327" lon="-111.45466"><ele>0.0</ele></trkpt>
      <trkpt lat="37.89326" lon="-111.45464"><ele>0.0</ele></trkpt>
      <trkpt lat="37.89319" lon="-111.45459"><ele>0.0</ele></trkpt>
      <trkpt lat="37.89311" lon="-111.45452"><ele>0.0</ele></trkpt>
      <trkpt lat="37.89308" lon="-111.45448"><ele>0.0</ele></trkpt>
      <trkpt lat="37.89303" lon="-111.45443"><ele>0.0</ele></trkpt>
      <trkpt lat="37.89287" lon="-111.4542"><ele>0.0</ele></trkpt>
      <trkpt lat="37.89275" lon="-111.45393"><ele>0.0</ele></trkpt>
      <trkpt lat="37.89272" lon="-111.45385"><ele>0.0</ele></trkpt>
      <trkpt lat="37.89269" lon="-111.45379"><ele>0.0</ele></trkpt>
      <trkpt lat="37.89266" lon="-111.45369"><ele>0.0</ele></trkpt>
      <trkpt lat="37.89264" lon="-111.45365"><ele>0.0</ele></trkpt>
      <trkpt lat="37.89262" lon="-111.45358"><ele>0.0</ele></trkpt>
      <trkpt lat="37.89254" lon="-111.45336"><ele>0.0</ele></trkpt>
      <trkpt lat="37.89236" lon="-111.45296"><ele>0.0</ele></trkpt>
      <trkpt lat="37.89226" lon="-111.45277"><ele>0.0</ele></trkpt>
      <trkpt lat="37.89216" lon="-111.4526"><ele>0.0</ele></trkpt>
      <trkpt lat="37.89215" lon="-111.45259"><ele>0.0</ele></trkpt>
      <trkpt lat="37.89202" lon="-111.45239"><ele>0.0</ele></trkpt>
      <trkpt lat="37.89187" lon="-111.45218"><ele>0.0</ele></trkpt>
      <trkpt lat="37.89172" lon="-111.45199"><ele>0.0</ele></trkpt>
      <trkpt lat="37.89145" lon="-111.4517"><ele>0.0</ele></trkpt>
      <trkpt lat="37.89132" lon="-111.4516"><ele>0.0</ele></trkpt>
      <trkpt lat="37.89125" lon="-111.45153"><ele>0.0</ele></trkpt>
      <trkpt lat="37.89106" lon="-111.45139"><ele>0.0</ele></trkpt>
      <trkpt lat="37.89086" lon="-111.45126"><ele>0.0</ele></trkpt>
      <trkpt lat="37.89086" lon="-111.45125"><ele>0.0</ele></trkpt>
      <trkpt lat="37.8907" lon="-111.45114"><ele>0.0</ele></trkpt>
      <trkpt lat="37.89061" lon="-111.45109"><ele>0.0</ele></trkpt>
      <trkpt lat="37.89061" lon="-111.45108"><ele>0.0</ele></trkpt>
      <trkpt lat="37.89041" lon="-111.45094"><ele>0.0</ele></trkpt>
      <trkpt lat="37.8903" lon="-111.45085"><ele>0.0</ele></trkpt>
      <trkpt lat="37.8902" lon="-111.45078"><ele>0.0</ele></trkpt>
      <trkpt lat="37.89008" lon="-111.45068"><ele>0.0</ele></trkpt>
      <trkpt lat="37.89001" lon="-111.45063"><ele>0.0</ele></trkpt>
      <trkpt lat="37.88961" lon="-111.45029"><ele>0.0</ele></trkpt>
      <trkpt lat="37.88955" lon="-111.45023"><ele>0.0</ele></trkpt>
      <trkpt lat="37.88919" lon="-111.44991"><ele>0.0</ele></trkpt>
      <trkpt lat="37.88919" lon="-111.4499"><ele>0.0</ele></trkpt>
      <trkpt lat="37.88911" lon="-111.44983"><ele>0.0</ele></trkpt>
      <trkpt lat="37.88904" lon="-111.44978"><ele>0.0</ele></trkpt>
      <trkpt lat="37.88888" lon="-111.44962"><ele>0.0</ele></trkpt>
      <trkpt lat="37.88877" lon="-111.44949"><ele>0.0</ele></trkpt>
      <trkpt lat="37.88869" lon="-111.44934"><ele>0.0</ele></trkpt>
      <trkpt lat="37.88866" lon="-111.44927"><ele>0.0</ele></trkpt>
      <trkpt lat="37.88865" lon="-111.44923"><ele>0.0</ele></trkpt>
      <trkpt lat="37.88863" lon="-111.44918"><ele>0.0</ele></trkpt>
      <trkpt lat="37.8886" lon="-111.44907"><ele>0.0</ele></trkpt>
      <trkpt lat="37.88857" lon="-111.44885"><ele>0.0</ele></trkpt>
      <trkpt lat="37.88858" lon="-111.44876"><ele>0.0</ele></trkpt>
      <trkpt lat="37.88858" lon="-111.44867"><ele>0.0</ele></trkpt>
      <trkpt lat="37.88859" lon="-111.4486"><ele>0.0</ele></trkpt>
      <trkpt lat="37.88861" lon="-111.44851"><ele>0.0</ele></trkpt>
      <trkpt lat="37.88861" lon="-111.44849"><ele>0.0</ele></trkpt>
      <trkpt lat="37.88865" lon="-111.44835"><ele>0.0</ele></trkpt>
      <trkpt lat="37.88868" lon="-111.4483"><ele>0.0</ele></trkpt>
      <trkpt lat="37.88875" lon="-111.44814"><ele>0.0</ele></trkpt>
      <trkpt lat="37.88889" lon="-111.44795"><ele>0.0</ele></trkpt>
      <trkpt lat="37.88904" lon="-111.4478"><ele>0.0</ele></trkpt>
      <trkpt lat="37.88929" lon="-111.44758"><ele>0.0</ele></trkpt>
      <trkpt lat="37.88958" lon="-111.44736"><ele>0.0</ele></trkpt>
      <trkpt lat="37.89006" lon="-111.44697"><ele>0.0</ele></trkpt>
      <trkpt lat="37.89054" lon="-111.4466"><ele>0.0</ele></trkpt>
      <trkpt lat="37.89056" lon="-111.44658"><ele>0.0</ele></trkpt>
      <trkpt lat="37.89086" lon="-111.44633"><ele>0.0</ele></trkpt>
      <trkpt lat="37.89117" lon="-111.44609"><ele>0.0</ele></trkpt>
      <trkpt lat="37.89146" lon="-111.44588"><ele>0.0</ele></trkpt>
      <trkpt lat="37.89148" lon="-111.44588"><ele>0.0</ele></trkpt>
      <trkpt lat="37.89159" lon="-111.44583"><ele>0.0</ele></trkpt>
      <trkpt lat="37.89165" lon="-111.44581"><ele>0.0</ele></trkpt>
      <trkpt lat="37.89171" lon="-111.4458"><ele>0.0</ele></trkpt>
      <trkpt lat="37.89183" lon="-111.4458"><ele>0.0</ele></trkpt>
      <trkpt lat="37.89194" lon="-111.44582"><ele>0.0</ele></trkpt>
      <trkpt lat="37.8921" lon="-111.4459"><ele>0.0</ele></trkpt>
      <trkpt lat="37.89223" lon="-111.44598"><ele>0.0</ele></trkpt>
      <trkpt lat="37.89234" lon="-111.44603"><ele>0.0</ele></trkpt>
      <trkpt lat="37.89237" lon="-111.44605"><ele>0.0</ele></trkpt>
      <trkpt lat="37.89269" lon="-111.44621"><ele>0.0</ele></trkpt>
      <trkpt lat="37.89317" lon="-111.44648"><ele>0.0</ele></trkpt>
      <trkpt lat="37.8932" lon="-111.4465"><ele>0.0</ele></trkpt>
      <trkpt lat="37.89386" lon="-111.44686"><ele>0.0</ele></trkpt>
      <trkpt lat="37.89409" lon="-111.447"><ele>0.0</ele></trkpt>
      <trkpt lat="37.89415" lon="-111.44705"><ele>0.0</ele></trkpt>
      <trkpt lat="37.8943" lon="-111.44716"><ele>0.0</ele></trkpt>
      <trkpt lat="37.89433" lon="-111.44717"><ele>0.0</ele></trkpt>
      <trkpt lat="37.89448" lon="-111.44729"><ele>0.0</ele></trkpt>
      <trkpt lat="37.89462" lon="-111.44738"><ele>0.0</ele></trkpt>
      <trkpt lat="37.89463" lon="-111.44739"><ele>0.0</ele></trkpt>
      <trkpt lat="37.89472" lon="-111.44746"><ele>0.0</ele></trkpt>
      <trkpt lat="37.89477" lon="-111.44751"><ele>0.0</ele></trkpt>
      <trkpt lat="37.89485" lon="-111.44758"><ele>0.0</ele></trkpt>
      <trkpt lat="37.89494" lon="-111.44765"><ele>0.0</ele></trkpt>
      <trkpt lat="37.8951" lon="-111.44775"><ele>0.0</ele></trkpt>
      <trkpt lat="37.89525" lon="-111.44782"><ele>0.0</ele></trkpt>
      <trkpt lat="37.89531" lon="-111.44784"><ele>0.0</ele></trkpt>
      <trkpt lat="37.89537" lon="-111.44785"><ele>0.0</ele></trkpt>
      <trkpt lat="37.89549" lon="-111.44785"><ele>0.0</ele></trkpt>
      <trkpt lat="37.8958" lon="-111.44778"><ele>0.0</ele></trkpt>
      <trkpt lat="37.89608" lon="-111.44769"><ele>0.0</ele></trkpt>
      <trkpt lat="37.89621" lon="-111.44764"><ele>0.0</ele></trkpt>
      <trkpt lat="37.89637" lon="-111.44755"><ele>0.0</ele></trkpt>
      <trkpt lat="37.89645" lon="-111.44748"><ele>0.0</ele></trkpt>
      <trkpt lat="37.89647" lon="-111.44747"><ele>0.0</ele></trkpt>
      <trkpt lat="37.8966" lon="-111.44736"><ele>0.0</ele></trkpt>
      <trkpt lat="37.8966" lon="-111.44735"><ele>0.0</ele></trkpt>
      <trkpt lat="37.89667" lon="-111.44729"><ele>0.0</ele></trkpt>
      <trkpt lat="37.89684" lon="-111.44705"><ele>0.0</ele></trkpt>
      <trkpt lat="37.89692" lon="-111.44692"><ele>0.0</ele></trkpt>
      <trkpt lat="37.89701" lon="-111.44671"><ele>0.0</ele></trkpt>
      <trkpt lat="37.89709" lon="-111.44645"><ele>0.0</ele></trkpt>
      <trkpt lat="37.89775" lon="-111.44247"><ele>0.0</ele></trkpt>
      <trkpt lat="37.89776" lon="-111.44245"><ele>0.0</ele></trkpt>
      <trkpt lat="37.89777" lon="-111.4424"><ele>0.0</ele></trkpt>
      <trkpt lat="37.89779" lon="-111.44223"><ele>0.0</ele></trkpt>
      <trkpt lat="37.89812" lon="-111.44027"><ele>0.0</ele></trkpt>
      <trkpt lat="37.89812" lon="-111.44026"><ele>0.0</ele></trkpt>
      <trkpt lat="37.89816" lon="-111.44004"><ele>0.0</ele></trkpt>
      <trkpt lat="37.89817" lon="-111.43993"><ele>0.0</ele></trkpt>
      <trkpt lat="37.89821" lon="-111.4397"><ele>0.0</ele></trkpt>
      <trkpt lat="37.89829" lon="-111.43938"><ele>0.0</ele></trkpt>
      <trkpt lat="37.89839" lon="-111.43912"><ele>0.0</ele></trkpt>
      <trkpt lat="37.89846" lon="-111.43899"><ele>0.0</ele></trkpt>
      <trkpt lat="37.89851" lon="-111.43891"><ele>0.0</ele></trkpt>
      <trkpt lat="37.89867" lon="-111.4387"><ele>0.0</ele></trkpt>
      <trkpt lat="37.89875" lon="-111.43861"><ele>0.0</ele></trkpt>
      <trkpt lat="37.89882" lon="-111.43856"><ele>0.0</ele></trkpt>
      <trkpt lat="37.89886" lon="-111.43852"><ele>0.0</ele></trkpt>
      <trkpt lat="37.89899" lon="-111.43842"><ele>0.0</ele></trkpt>
      <trkpt lat="37.89908" lon="-111.43836"><ele>0.0</ele></trkpt>
      <trkpt lat="37.89929" lon="-111.43825"><ele>0.0</ele></trkpt>
      <trkpt lat="37.8995" lon="-111.43819"><ele>0.0</ele></trkpt>
      <trkpt lat="37.89952" lon="-111.43819"><ele>0.0</ele></trkpt>
      <trkpt lat="37.8997" lon="-111.43813"><ele>0.0</ele></trkpt>
      <trkpt lat="37.89975" lon="-111.43812"><ele>0.0</ele></trkpt>
      <trkpt lat="37.90008" lon="-111.43798"><ele>0.0</ele></trkpt>
      <trkpt lat="37.90022" lon="-111.43789"><ele>0.0</ele></trkpt>
      <trkpt lat="37.90036" lon="-111.43778"><ele>0.0</ele></trkpt>
      <trkpt lat="37.90045" lon="-111.4377"><ele>0.0</ele></trkpt>
      <trkpt lat="37.90053" lon="-111.43761"><ele>0.0</ele></trkpt>
      <trkpt lat="37.90061" lon="-111.4375"><ele>0.0</ele></trkpt>
      <trkpt lat="37.90076" lon="-111.43726"><ele>0.0</ele></trkpt>
      <trkpt lat="37.90084" lon="-111.43711"><ele>0.0</ele></trkpt>
      <trkpt lat="37.90091" lon="-111.43694"><ele>0.0</ele></trkpt>
      <trkpt lat="37.90097" lon="-111.43674"><ele>0.0</ele></trkpt>
      <trkpt lat="37.90098" lon="-111.43672"><ele>0.0</ele></trkpt>
      <trkpt lat="37.90098" lon="-111.43669"><ele>0.0</ele></trkpt>
      <trkpt lat="37.90101" lon="-111.43657"><ele>0.0</ele></trkpt>
      <trkpt lat="37.90103" lon="-111.43644"><ele>0.0</ele></trkpt>
      <trkpt lat="37.90105" lon="-111.43614"><ele>0.0</ele></trkpt>
      <trkpt lat="37.90106" lon="-111.43566"><ele>0.0</ele></trkpt>
      <trkpt lat="37.90105" lon="-111.43071"><ele>0.0</ele></trkpt>
      <trkpt lat="37.90106" lon="-111.43029"><ele>0.0</ele></trkpt>
      <trkpt lat="37.90106" lon="-111.42801"><ele>0.0</ele></trkpt>
      <trkpt lat="37.90107" lon="-111.42785"><ele>0.0</ele></trkpt>
      <trkpt lat="37.90107" lon="-111.42588"><ele>0.0</ele></trkpt>
      <trkpt lat="37.90108" lon="-111.42578"><ele>0.0</ele></trkpt>
      <trkpt lat="37.90108" lon="-111.42571"><ele>0.0</ele></trkpt>
      <trkpt lat="37.90112" lon="-111.42548"><ele>0.0</ele></trkpt>
      <trkpt lat="37.90113" lon="-111.42539"><ele>0.0</ele></trkpt>
      <trkpt lat="37.90116" lon="-111.42529"><ele>0.0</ele></trkpt>
      <trkpt lat="37.90119" lon="-111.42523"><ele>0.0</ele></trkpt>
      <trkpt lat="37.90136" lon="-111.42496"><ele>0.0</ele></trkpt>
      <trkpt lat="37.90144" lon="-111.42489"><ele>0.0</ele></trkpt>
      <trkpt lat="37.90153" lon="-111.42482"><ele>0.0</ele></trkpt>
      <trkpt lat="37.9016" lon="-111.42478"><ele>0.0</ele></trkpt>
      <trkpt lat="37.9017" lon="-111.42474"><ele>0.0</ele></trkpt>
      <trkpt lat="37.90194" lon="-111.42471"><ele>0.0</ele></trkpt>
      <trkpt lat="37.90352" lon="-111.42473"><ele>0.0</ele></trkpt>
      <trkpt lat="37.90365" lon="-111.42472"><ele>0.0</ele></trkpt>
      <trkpt lat="37.90388" lon="-111.42473"><ele>0.0</ele></trkpt>
      <trkpt lat="37.90407" lon="-111.42472"><ele>0.0</ele></trkpt>
      <trkpt lat="37.90443" lon="-111.42467"><ele>0.0</ele></trkpt>
      <trkpt lat="37.90459" lon="-111.42463"><ele>0.0</ele></trkpt>
      <trkpt lat="37.90494" lon="-111.42452"><ele>0.0</ele></trkpt>
      <trkpt lat="37.90495" lon="-111.42452"><ele>0.0</ele></trkpt>
      <trkpt lat="37.90512" lon="-111.42447"><ele>0.0</ele></trkpt>
      <trkpt lat="37.90513" lon="-111.42447"><ele>0.0</ele></trkpt>
      <trkpt lat="37.90515" lon="-111.42446"><ele>0.0</ele></trkpt>
      <trkpt lat="37.90529" lon="-111.42442"><ele>0.0</ele></trkpt>
      <trkpt lat="37.90563" lon="-111.42434"><ele>0.0</ele></trkpt>
      <trkpt lat="37.90566" lon="-111.42434"><ele>0.0</ele></trkpt>
      <trkpt lat="37.90583" lon="-111.42431"><ele>0.0</ele></trkpt>
      <trkpt lat="37.90627" lon="-111.42427"><ele>0.0</ele></trkpt>
      <trkpt lat="37.91413" lon="-111.42427"><ele>0.0</ele></trkpt>
      <trkpt lat="37.91436" lon="-111.42428"><ele>0.0</ele></trkpt>
      <trkpt lat="37.91463" lon="-111.42428"><ele>0.0</ele></trkpt>
      <trkpt lat="37.91479" lon="-111.4243"><ele>0.0</ele></trkpt>
      <trkpt lat="37.91484" lon="-111.4243"><ele>0.0</ele></trkpt>
      <trkpt lat="37.91489" lon="-111.42431"><ele>0.0</ele></trkpt>
      <trkpt lat="37.91764" lon="-111.42463"><ele>0.0</ele></trkpt>
      <trkpt lat="37.91768" lon="-111.42464"><ele>0.0</ele></trkpt>
      <trkpt lat="37.91772" lon="-111.42464"><ele>0.0</ele></trkpt>
      <trkpt lat="37.91816" lon="-111.42469"><ele>0.0</ele></trkpt>
      <trkpt lat="37.91834" lon="-111.42472"><ele>0.0</ele></trkpt>
      <trkpt lat="37.9184" lon="-111.42472"><ele>0.0</ele></trkpt>
      <trkpt lat="37.91852" lon="-111.42474"><ele>0.0</ele></trkpt>
      <trkpt lat="37.91859" lon="-111.42474"><ele>0.0</ele></trkpt>
      <trkpt lat="37.91871" lon="-111.42476"><ele>0.0</ele></trkpt>
      <trkpt lat="37.91924" lon="-111.42482"><ele>0.0</ele></trkpt>
      <trkpt lat="37.91927" lon="-111.42482"><ele>0.0</ele></trkpt>
      <trkpt lat="37.92086" lon="-111.42501"><ele>0.0</ele></trkpt>
      <trkpt lat="37.92128" lon="-111.42509"><ele>0.0</ele></trkpt>
      <trkpt lat="37.92173" lon="-111.42523"><ele>0.0</ele></trkpt>
      <trkpt lat="37.92215" lon="-111.42539"><ele>0.0</ele></trkpt>
      <trkpt lat="37.92297" lon="-111.42575"><ele>0.0</ele></trkpt>
      <trkpt lat="37.92305" lon="-111.42579"><ele>0.0</ele></trkpt>
      <trkpt lat="37.92774" lon="-111.42787"><ele>0.0</ele></trkpt>
      <trkpt lat="37.92796" lon="-111.42796"><ele>0.0</ele></trkpt>
      <trkpt lat="37.92808" lon="-111.42802"><ele>0.0</ele></trkpt>
      <trkpt lat="37.92859" lon="-111.42824"><ele>0.0</ele></trkpt>
      <trkpt lat="37.92882" lon="-111.42833"><ele>0.0</ele></trkpt>
      <trkpt lat="37.9294" lon="-111.42859"><ele>0.0</ele></trkpt>
      <trkpt lat="37.92991" lon="-111.42885"><ele>0.0</ele></trkpt>
      <trkpt lat="37.93004" lon="-111.42893"><ele>0.0</ele></trkpt>
      <trkpt lat="37.93034" lon="-111.42917"><ele>0.0</ele></trkpt>
      <trkpt lat="37.9304" lon="-111.42921"><ele>0.0</ele></trkpt>
      <trkpt lat="37.93121" lon="-111.42985"><ele>0.0</ele></trkpt>
      <trkpt lat="37.93132" lon="-111.42993"><ele>0.0</ele></trkpt>
      <trkpt lat="37.9316" lon="-111.43009"><ele>0.0</ele></trkpt>
      <trkpt lat="37.93204" lon="-111.4303"><ele>0.0</ele></trkpt>
      <trkpt lat="37.93227" lon="-111.43039"><ele>0.0</ele></trkpt>
      <trkpt lat="37.93271" lon="-111.43052"><ele>0.0</ele></trkpt>
      <trkpt lat="37.93346" lon="-111.43079"><ele>0.0</ele></trkpt>
      <trkpt lat="37.93374" lon="-111.43088"><ele>0.0</ele></trkpt>
      <trkpt lat="37.93401" lon="-111.43095"><ele>0.0</ele></trkpt>
      <trkpt lat="37.93421" lon="-111.43099"><ele>0.0</ele></trkpt>
      <trkpt lat="37.93456" lon="-111.43103"><ele>0.0</ele></trkpt>
      <trkpt lat="37.93562" lon="-111.4311"><ele>0.0</ele></trkpt>
      <trkpt lat="37.93578" lon="-111.43112"><ele>0.0</ele></trkpt>
      <trkpt lat="37.9358" lon="-111.43112"><ele>0.0</ele></trkpt>
      <trkpt lat="37.93601" lon="-111.43115"><ele>0.0</ele></trkpt>
      <trkpt lat="37.93633" lon="-111.43121"><ele>0.0</ele></trkpt>
      <trkpt lat="37.93638" lon="-111.43123"><ele>0.0</ele></trkpt>
      <trkpt lat="37.93648" lon="-111.43125"><ele>0.0</ele></trkpt>
      <trkpt lat="37.93669" lon="-111.43131"><ele>0.0</ele></trkpt>
      <trkpt lat="37.93911" lon="-111.43213"><ele>0.0</ele></trkpt>
      <trkpt lat="37.93924" lon="-111.43218"><ele>0.0</ele></trkpt>
      <trkpt lat="37.94013" lon="-111.43248"><ele>0.0</ele></trkpt>
      <trkpt lat="37.9403" lon="-111.43253"><ele>0.0</ele></trkpt>
      <trkpt lat="37.94135" lon="-111.43289"><ele>0.0</ele></trkpt>
      <trkpt lat="37.94146" lon="-111.43292"><ele>0.0</ele></trkpt>
      <trkpt lat="37.94166" lon="-111.43299"><ele>0.0</ele></trkpt>
      <trkpt lat="37.94188" lon="-111.43305"><ele>0.0</ele></trkpt>
      <trkpt lat="37.94215" lon="-111.4331"><ele>0.0</ele></trkpt>
      <trkpt lat="37.94239" lon="-111.43312"><ele>0.0</ele></trkpt>
      <trkpt lat="37.94259" lon="-111.43312"><ele>0.0</ele></trkpt>
      <trkpt lat="37.94288" lon="-111.43308"><ele>0.0</ele></trkpt>
      <trkpt lat="37.94304" lon="-111.43305"><ele>0.0</ele></trkpt>
      <trkpt lat="37.94523" lon="-111.43255"><ele>0.0</ele></trkpt>
      <trkpt lat="37.94526" lon="-111.43255"><ele>0.0</ele></trkpt>
      <trkpt lat="37.94543" lon="-111.43253"><ele>0.0</ele></trkpt>
      <trkpt lat="37.94574" lon="-111.43251"><ele>0.0</ele></trkpt>
      <trkpt lat="37.94626" lon="-111.43251"><ele>0.0</ele></trkpt>
      <trkpt lat="37.94652" lon="-111.43252"><ele>0.0</ele></trkpt>
      <trkpt lat="37.94672" lon="-111.43254"><ele>0.0</ele></trkpt>
      <trkpt lat="37.94681" lon="-111.43256"><ele>0.0</ele></trkpt>
      <trkpt lat="37.94705" lon="-111.4326"><ele>0.0</ele></trkpt>
      <trkpt lat="37.94741" lon="-111.43269"><ele>0.0</ele></trkpt>
      <trkpt lat="37.94779" lon="-111.43281"><ele>0.0</ele></trkpt>
      <trkpt lat="37.94819" lon="-111.43297"><ele>0.0</ele></trkpt>
      <trkpt lat="37.94844" lon="-111.43308"><ele>0.0</ele></trkpt>
      <trkpt lat="37.94953" lon="-111.4335"><ele>0.0</ele></trkpt>
      <trkpt lat="37.94954" lon="-111.43351"><ele>0.0</ele></trkpt>
      <trkpt lat="37.94987" lon="-111.43365"><ele>0.0</ele></trkpt>
      <trkpt lat="37.94988" lon="-111.43365"><ele>0.0</ele></trkpt>
      <trkpt lat="37.95089" lon="-111.43407"><ele>0.0</ele></trkpt>
      <trkpt lat="37.95179" lon="-111.43441"><ele>0.0</ele></trkpt>
      <trkpt lat="37.95277" lon="-111.43482"><ele>0.0</ele></trkpt>
      <trkpt lat="37.95356" lon="-111.4351"><ele>0.0</ele></trkpt>
      <trkpt lat="37.95416" lon="-111.43528"><ele>0.0</ele></trkpt>
      <trkpt lat="37.95417" lon="-111.43528"><ele>0.0</ele></trkpt>
      <trkpt lat="37.95449" lon="-111.43536"><ele>0.0</ele></trkpt>
      <trkpt lat="37.95522" lon="-111.43551"><ele>0.0</ele></trkpt>
      <trkpt lat="37.95524" lon="-111.43551"><ele>0.0</ele></trkpt>
      <trkpt lat="37.95533" lon="-111.43553"><ele>0.0</ele></trkpt>
      <trkpt lat="37.9554" lon="-111.43554"><ele>0.0</ele></trkpt>
      <trkpt lat="37.95542" lon="-111.43554"><ele>0.0</ele></trkpt>
      <trkpt lat="37.95563" lon="-111.43557"><ele>0.0</ele></trkpt>
      <trkpt lat="37.95592" lon="-111.4356"><ele>0.0</ele></trkpt>
      <trkpt lat="37.95612" lon="-111.43561"><ele>0.0</ele></trkpt>
      <trkpt lat="37.95631" lon="-111.43563"><ele>0.0</ele></trkpt>
      <trkpt lat="37.95667" lon="-111.43565"><ele>0.0</ele></trkpt>
      <trkpt lat="37.95788" lon="-111.43555"><ele>0.0</ele></trkpt>
      <trkpt lat="37.95849" lon="-111.43547"><ele>0.0</ele></trkpt>
      <trkpt lat="37.95883" lon="-111.43541"><ele>0.0</ele></trkpt>
      <trkpt lat="37.95942" lon="-111.43526"><ele>0.0</ele></trkpt>
      <trkpt lat="37.96019" lon="-111.43502"><ele>0.0</ele></trkpt>
      <trkpt lat="37.96075" lon="-111.4348"><ele>0.0</ele></trkpt>
      <trkpt lat="37.96104" lon="-111.43467"><ele>0.0</ele></trkpt>
      <trkpt lat="37.96147" lon="-111.43446"><ele>0.0</ele></trkpt>
      <trkpt lat="37.96233" lon="-111.43407"><ele>0.0</ele></trkpt>
      <trkpt lat="37.96351" lon="-111.43349"><ele>0.0</ele></trkpt>
      <trkpt lat="37.96354" lon="-111.43347"><ele>0.0</ele></trkpt>
      <trkpt lat="37.96368" lon="-111.43341"><ele>0.0</ele></trkpt>
      <trkpt lat="37.96485" lon="-111.43285"><ele>0.0</ele></trkpt>
      <trkpt lat="37.96502" lon="-111.43276"><ele>0.0</ele></trkpt>
      <trkpt lat="37.96688" lon="-111.43189"><ele>0.0</ele></trkpt>
      <trkpt lat="37.9669" lon="-111.43189"><ele>0.0</ele></trkpt>
      <trkpt lat="37.96722" lon="-111.43177"><ele>0.0</ele></trkpt>
      <trkpt lat="37.96723" lon="-111.43176"><ele>0.0</ele></trkpt>
      <trkpt lat="37.96738" lon="-111.43171"><ele>0.0</ele></trkpt>
      <trkpt lat="37.9674" lon="-111.43171"><ele>0.0</ele></trkpt>
      <trkpt lat="37.96756" lon="-111.43166"><ele>0.0</ele></trkpt>
      <trkpt lat="37.96794" lon="-111.4316"><ele>0.0</ele></trkpt>
      <trkpt lat="37.96909" lon="-111.43152"><ele>0.0</ele></trkpt>
      <trkpt lat="37.96955" lon="-111.4315"><ele>0.0</ele></trkpt>
      <trkpt lat="37.96972" lon="-111.43148"><ele>0.0</ele></trkpt>
      <trkpt lat="37.97417" lon="-111.43118"><ele>0.0</ele></trkpt>
      <trkpt lat="37.97459" lon="-111.43114"><ele>0.0</ele></trkpt>
      <trkpt lat="37.98234" lon="-111.43066"><ele>0.0</ele></trkpt>
      <trkpt lat="37.9824" lon="-111.43065"><ele>0.0</ele></trkpt>
      <trkpt lat="37.98474" lon="-111.43052"><ele>0.0</ele></trkpt>
      <trkpt lat="37.98492" lon="-111.4305"><ele>0.0</ele></trkpt>
      <trkpt lat="37.98571" lon="-111.43046"><ele>0.0</ele></trkpt>
      <trkpt lat="37.98707" lon="-111.43035"><ele>0.0</ele></trkpt>
      <trkpt lat="37.98718" lon="-111.43033"><ele>0.0</ele></trkpt>
      <trkpt lat="37.98737" lon="-111.43028"><ele>0.0</ele></trkpt>
      <trkpt lat="37.98749" lon="-111.43024"><ele>0.0</ele></trkpt>
      <trkpt lat="37.98786" lon="-111.43008"><ele>0.0</ele></trkpt>
      <trkpt lat="37.98859" lon="-111.42965"><ele>0.0</ele></trkpt>
      <trkpt lat="37.98889" lon="-111.42949"><ele>0.0</ele></trkpt>
      <trkpt lat="37.9892" lon="-111.42938"><ele>0.0</ele></trkpt>
      <trkpt lat="37.9894" lon="-111.42937"><ele>0.0</ele></trkpt>
      <trkpt lat="37.98944" lon="-111.42936"><ele>0.0</ele></trkpt>
      <trkpt lat="37.98981" lon="-111.42938"><ele>0.0</ele></trkpt>
      <trkpt lat="37.99005" lon="-111.42943"><ele>0.0</ele></trkpt>
      <trkpt lat="37.99097" lon="-111.42956"><ele>0.0</ele></trkpt>
      <trkpt lat="37.99137" lon="-111.42965"><ele>0.0</ele></trkpt>
      <trkpt lat="37.99208" lon="-111.42979"><ele>0.0</ele></trkpt>
      <trkpt lat="37.99225" lon="-111.42983"><ele>0.0</ele></trkpt>
      <trkpt lat="37.99238" lon="-111.42985"><ele>0.0</ele></trkpt>
      <trkpt lat="37.99261" lon="-111.4299"><ele>0.0</ele></trkpt>
      <trkpt lat="37.99297" lon="-111.42996"><ele>0.0</ele></trkpt>
      <trkpt lat="37.99299" lon="-111.42997"><ele>0.0</ele></trkpt>
      <trkpt lat="37.99347" lon="-111.43004"><ele>0.0</ele></trkpt>
      <trkpt lat="37.9935" lon="-111.43005"><ele>0.0</ele></trkpt>
      <trkpt lat="37.99389" lon="-111.4301"><ele>0.0</ele></trkpt>
      <trkpt lat="37.99405" lon="-111.43011"><ele>0.0</ele></trkpt>
      <trkpt lat="37.99421" lon="-111.43008"><ele>0.0</ele></trkpt>
      <trkpt lat="37.99432" lon="-111.43004"><ele>0.0</ele></trkpt>
      <trkpt lat="37.99438" lon="-111.43"><ele>0.0</ele></trkpt>
      <trkpt lat="37.99439" lon="-111.43"><ele>0.0</ele></trkpt>
      <trkpt lat="37.99442" lon="-111.42998"><ele>0.0</ele></trkpt>
      <trkpt lat="37.99452" lon="-111.4299"><ele>0.0</ele></trkpt>
      <trkpt lat="37.99462" lon="-111.42979"><ele>0.0</ele></trkpt>
      <trkpt lat="37.99468" lon="-111.42968"><ele>0.0</ele></trkpt>
      <trkpt lat="37.99473" lon="-111.4296"><ele>0.0</ele></trkpt>
      <trkpt lat="37.99476" lon="-111.42952"><ele>0.0</ele></trkpt>
      <trkpt lat="37.99478" lon="-111.42948"><ele>0.0</ele></trkpt>
      <trkpt lat="37.99483" lon="-111.4292"><ele>0.0</ele></trkpt>
      <trkpt lat="37.99483" lon="-111.42905"><ele>0.0</ele></trkpt>
      <trkpt lat="37.99482" lon="-111.42892"><ele>0.0</ele></trkpt>
      <trkpt lat="37.9948" lon="-111.42881"><ele>0.0</ele></trkpt>
      <trkpt lat="37.99475" lon="-111.42864"><ele>0.0</ele></trkpt>
      <trkpt lat="37.99469" lon="-111.42851"><ele>0.0</ele></trkpt>
      <trkpt lat="37.99466" lon="-111.42846"><ele>0.0</ele></trkpt>
      <trkpt lat="37.99459" lon="-111.42836"><ele>0.0</ele></trkpt>
      <trkpt lat="37.99449" lon="-111.42825"><ele>0.0</ele></trkpt>
      <trkpt lat="37.99441" lon="-111.42819"><ele>0.0</ele></trkpt>
      <trkpt lat="37.99434" lon="-111.42815"><ele>0.0</ele></trkpt>
      <trkpt lat="37.99434" lon="-111.42814"><ele>0.0</ele></trkpt>
      <trkpt lat="37.99419" lon="-111.42809"><ele>0.0</ele></trkpt>
      <trkpt lat="37.99417" lon="-111.42809"><ele>0.0</ele></trkpt>
      <trkpt lat="37.99378" lon="-111.42805"><ele>0.0</ele></trkpt>
      <trkpt lat="37.99359" lon="-111.42801"><ele>0.0</ele></trkpt>
      <trkpt lat="37.99343" lon="-111.42796"><ele>0.0</ele></trkpt>
      <trkpt lat="37.99329" lon="-111.42789"><ele>0.0</ele></trkpt>
      <trkpt lat="37.99328" lon="-111.42789"><ele>0.0</ele></trkpt>
      <trkpt lat="37.99319" lon="-111.42783"><ele>0.0</ele></trkpt>
      <trkpt lat="37.99313" lon="-111.42778"><ele>0.0</ele></trkpt>
      <trkpt lat="37.99311" lon="-111.42777"><ele>0.0</ele></trkpt>
      <trkpt lat="37.99299" lon="-111.42765"><ele>0.0</ele></trkpt>
      <trkpt lat="37.99298" lon="-111.42765"><ele>0.0</ele></trkpt>
      <trkpt lat="37.99287" lon="-111.42752"><ele>0.0</ele></trkpt>
      <trkpt lat="37.99274" lon="-111.42734"><ele>0.0</ele></trkpt>
      <trkpt lat="37.99269" lon="-111.42724"><ele>0.0</ele></trkpt>
      <trkpt lat="37.99266" lon="-111.42719"><ele>0.0</ele></trkpt>
      <trkpt lat="37.99255" lon="-111.42691"><ele>0.0</ele></trkpt>
      <trkpt lat="37.99251" lon="-111.42676"><ele>0.0</ele></trkpt>
      <trkpt lat="37.99245" lon="-111.42644"><ele>0.0</ele></trkpt>
      <trkpt lat="37.99237" lon="-111.42511"><ele>0.0</ele></trkpt>
      <trkpt lat="37.99233" lon="-111.42489"><ele>0.0</ele></trkpt>
      <trkpt lat="37.99233" lon="-111.42486"><ele>0.0</ele></trkpt>
      <trkpt lat="37.99227" lon="-111.42465"><ele>0.0</ele></trkpt>
      <trkpt lat="37.99227" lon="-111.42464"><ele>0.0</ele></trkpt>
      <trkpt lat="37.99225" lon="-111.42457"><ele>0.0</ele></trkpt>
      <trkpt lat="37.99223" lon="-111.42452"><ele>0.0</ele></trkpt>
      <trkpt lat="37.99219" lon="-111.42445"><ele>0.0</ele></trkpt>
      <trkpt lat="37.99214" lon="-111.42433"><ele>0.0</ele></trkpt>
      <trkpt lat="37.9921" lon="-111.42428"><ele>0.0</ele></trkpt>
      <trkpt lat="37.99209" lon="-111.42425"><ele>0.0</ele></trkpt>
      <trkpt lat="37.9919" lon="-111.424"><ele>0.0</ele></trkpt>
      <trkpt lat="37.99183" lon="-111.42393"><ele>0.0</ele></trkpt>
      <trkpt lat="37.99174" lon="-111.42382"><ele>0.0</ele></trkpt>
      <trkpt lat="37.99172" lon="-111.42379"><ele>0.0</ele></trkpt>
      <trkpt lat="37.9917" lon="-111.42377"><ele>0.0</ele></trkpt>
      <trkpt lat="37.99158" lon="-111.4236"><ele>0.0</ele></trkpt>
      <trkpt lat="37.99153" lon="-111.42351"><ele>0.0</ele></trkpt>
      <trkpt lat="37.99146" lon="-111.42336"><ele>0.0</ele></trkpt>
      <trkpt lat="37.99141" lon="-111.42321"><ele>0.0</ele></trkpt>
      <trkpt lat="37.99141" lon="-111.4232"><ele>0.0</ele></trkpt>
      <trkpt lat="37.99138" lon="-111.42303"><ele>0.0</ele></trkpt>
      <trkpt lat="37.99137" lon="-111.423"><ele>0.0</ele></trkpt>
      <trkpt lat="37.99137" lon="-111.42298"><ele>0.0</ele></trkpt>
      <trkpt lat="37.99136" lon="-111.4229"><ele>0.0</ele></trkpt>
      <trkpt lat="37.99136" lon="-111.42272"><ele>0.0</ele></trkpt>
      <trkpt lat="37.99137" lon="-111.42253"><ele>0.0</ele></trkpt>
      <trkpt lat="37.9914" lon="-111.4223"><ele>0.0</ele></trkpt>
      <trkpt lat="37.99148" lon="-111.4219"><ele>0.0</ele></trkpt>
      <trkpt lat="37.99148" lon="-111.42185"><ele>0.0</ele></trkpt>
      <trkpt lat="37.99156" lon="-111.42144"><ele>0.0</ele></trkpt>
      <trkpt lat="37.99156" lon="-111.42141"><ele>0.0</ele></trkpt>
      <trkpt lat="37.9916" lon="-111.42125"><ele>0.0</ele></trkpt>
      <trkpt lat="37.99166" lon="-111.42105"><ele>0.0</ele></trkpt>
      <trkpt lat="37.99167" lon="-111.42098"><ele>0.0</ele></trkpt>
      <trkpt lat="37.99168" lon="-111.42098"><ele>0.0</ele></trkpt>
      <trkpt lat="37.99178" lon="-111.42073"><ele>0.0</ele></trkpt>
      <trkpt lat="37.99201" lon="-111.42034"><ele>0.0</ele></trkpt>
      <trkpt lat="37.99253" lon="-111.41962"><ele>0.0</ele></trkpt>
      <trkpt lat="37.99258" lon="-111.41956"><ele>0.0</ele></trkpt>
      <trkpt lat="37.99281" lon="-111.41924"><ele>0.0</ele></trkpt>
      <trkpt lat="37.99282" lon="-111.41924"><ele>0.0</ele></trkpt>
      <trkpt lat="37.99282" lon="-111.41923"><ele>0.0</ele></trkpt>
      <trkpt lat="37.9929" lon="-111.41913"><ele>0.0</ele></trkpt>
      <trkpt lat="37.99294" lon="-111.41909"><ele>0.0</ele></trkpt>
      <trkpt lat="37.99295" lon="-111.41907"><ele>0.0</ele></trkpt>
      <trkpt lat="37.99297" lon="-111.41906"><ele>0.0</ele></trkpt>
      <trkpt lat="37.99309" lon="-111.41894"><ele>0.0</ele></trkpt>
      <trkpt lat="37.99317" lon="-111.41887"><ele>0.0</ele></trkpt>
      <trkpt lat="37.99322" lon="-111.41884"><ele>0.0</ele></trkpt>
      <trkpt lat="37.99325" lon="-111.41881"><ele>0.0</ele></trkpt>
      <trkpt lat="37.99329" lon="-111.41879"><ele>0.0</ele></trkpt>
      <trkpt lat="37.99341" lon="-111.41871"><ele>0.0</ele></trkpt>
      <trkpt lat="37.99356" lon="-111.41863"><ele>0.0</ele></trkpt>
      <trkpt lat="37.99357" lon="-111.41862"><ele>0.0</ele></trkpt>
      <trkpt lat="37.99376" lon="-111.41852"><ele>0.0</ele></trkpt>
      <trkpt lat="37.99393" lon="-111.41844"><ele>0.0</ele></trkpt>
      <trkpt lat="37.99407" lon="-111.41836"><ele>0.0</ele></trkpt>
      <trkpt lat="37.99464" lon="-111.41808"><ele>0.0</ele></trkpt>
      <trkpt lat="37.99474" lon="-111.41802"><ele>0.0</ele></trkpt>
      <trkpt lat="37.99496" lon="-111.41791"><ele>0.0</ele></trkpt>
      <trkpt lat="37.99504" lon="-111.41788"><ele>0.0</ele></trkpt>
      <trkpt lat="37.99533" lon="-111.41774"><ele>0.0</ele></trkpt>
      <trkpt lat="37.99576" lon="-111.41757"><ele>0.0</ele></trkpt>
      <trkpt lat="37.99687" lon="-111.41717"><ele>0.0</ele></trkpt>
      <trkpt lat="37.99708" lon="-111.41708"><ele>0.0</ele></trkpt>
      <trkpt lat="37.99719" lon="-111.41702"><ele>0.0</ele></trkpt>
      <trkpt lat="37.99729" lon="-111.41695"><ele>0.0</ele></trkpt>
      <trkpt lat="37.9973" lon="-111.41694"><ele>0.0</ele></trkpt>
      <trkpt lat="37.99739" lon="-111.41687"><ele>0.0</ele></trkpt>
      <trkpt lat="37.99748" lon="-111.41679"><ele>0.0</ele></trkpt>
      <trkpt lat="37.99763" lon="-111.41661"><ele>0.0</ele></trkpt>
      <trkpt lat="37.99776" lon="-111.41643"><ele>0.0</ele></trkpt>
      <trkpt lat="37.99782" lon="-111.41632"><ele>0.0</ele></trkpt>
      <trkpt lat="37.99791" lon="-111.41613"><ele>0.0</ele></trkpt>
      <trkpt lat="37.99795" lon="-111.41602"><ele>0.0</ele></trkpt>
      <trkpt lat="37.99803" lon="-111.41573"><ele>0.0</ele></trkpt>
      <trkpt lat="37.99803" lon="-111.4157"><ele>0.0</ele></trkpt>
      <trkpt lat="37.99807" lon="-111.41548"><ele>0.0</ele></trkpt>
      <trkpt lat="37.99819" lon="-111.414"><ele>0.0</ele></trkpt>
      <trkpt lat="37.99824" lon="-111.41358"><ele>0.0</ele></trkpt>
      <trkpt lat="37.99828" lon="-111.41339"><ele>0.0</ele></trkpt>
      <trkpt lat="37.99836" lon="-111.41309"><ele>0.0</ele></trkpt>
      <trkpt lat="37.99847" lon="-111.41282"><ele>0.0</ele></trkpt>
      <trkpt lat="37.99848" lon="-111.41281"><ele>0.0</ele></trkpt>
      <trkpt lat="37.99853" lon="-111.4127"><ele>0.0</ele></trkpt>
      <trkpt lat="37.99865" lon="-111.41248"><ele>0.0</ele></trkpt>
      <trkpt lat="37.9987" lon="-111.41241"><ele>0.0</ele></trkpt>
      <trkpt lat="37.99877" lon="-111.41233"><ele>0.0</ele></trkpt>
      <trkpt lat="37.99883" lon="-111.41225"><ele>0.0</ele></trkpt>
      <trkpt lat="37.99947" lon="-111.41152"><ele>0.0</ele></trkpt>
      <trkpt lat="37.99957" lon="-111.41142"><ele>0.0</ele></trkpt>
      <trkpt lat="37.99975" lon="-111.41121"><ele>0.0</ele></trkpt>
      <trkpt lat="38.00043" lon="-111.41047"><ele>0.0</ele></trkpt>
      <trkpt lat="38.00043" lon="-111.41046"><ele>0.0</ele></trkpt>
      <trkpt lat="38.00122" lon="-111.40959"><ele>0.0</ele></trkpt>
      <trkpt lat="38.00157" lon="-111.40923"><ele>0.0</ele></trkpt>
      <trkpt lat="38.00185" lon="-111.40897"><ele>0.0</ele></trkpt>
      <trkpt lat="38.00196" lon="-111.40889"><ele>0.0</ele></trkpt>
      <trkpt lat="38.00247" lon="-111.40848"><ele>0.0</ele></trkpt>
      <trkpt lat="38.00257" lon="-111.40839"><ele>0.0</ele></trkpt>
      <trkpt lat="38.00277" lon="-111.40819"><ele>0.0</ele></trkpt>
      <trkpt lat="38.00289" lon="-111.40808"><ele>0.0</ele></trkpt>
      <trkpt lat="38.0031" lon="-111.40779"><ele>0.0</ele></trkpt>
      <trkpt lat="38.0031" lon="-111.40778"><ele>0.0</ele></trkpt>
      <trkpt lat="38.00321" lon="-111.40761"><ele>0.0</ele></trkpt>
      <trkpt lat="38.00321" lon="-111.4076"><ele>0.0</ele></trkpt>
      <trkpt lat="38.00324" lon="-111.40755"><ele>0.0</ele></trkpt>
      <trkpt lat="38.00331" lon="-111.40741"><ele>0.0</ele></trkpt>
      <trkpt lat="38.00337" lon="-111.40727"><ele>0.0</ele></trkpt>
      <trkpt lat="38.00353" lon="-111.40681"><ele>0.0</ele></trkpt>
      <trkpt lat="38.00369" lon="-111.40641"><ele>0.0</ele></trkpt>
      <trkpt lat="38.00371" lon="-111.40639"><ele>0.0</ele></trkpt>
      <trkpt lat="38.00377" lon="-111.40627"><ele>0.0</ele></trkpt>
      <trkpt lat="38.00388" lon="-111.40608"><ele>0.0</ele></trkpt>
      <trkpt lat="38.00397" lon="-111.40594"><ele>0.0</ele></trkpt>
      <trkpt lat="38.00418" lon="-111.40571"><ele>0.0</ele></trkpt>
      <trkpt lat="38.00432" lon="-111.40557"><ele>0.0</ele></trkpt>
      <trkpt lat="38.00439" lon="-111.40551"><ele>0.0</ele></trkpt>
      <trkpt lat="38.00455" lon="-111.40539"><ele>0.0</ele></trkpt>
      <trkpt lat="38.00468" lon="-111.40531"><ele>0.0</ele></trkpt>
      <trkpt lat="38.0048" lon="-111.40525"><ele>0.0</ele></trkpt>
      <trkpt lat="38.00491" lon="-111.40521"><ele>0.0</ele></trkpt>
      <trkpt lat="38.00497" lon="-111.40518"><ele>0.0</ele></trkpt>
      <trkpt lat="38.00522" lon="-111.40511"><ele>0.0</ele></trkpt>
      <trkpt lat="38.00532" lon="-111.40509"><ele>0.0</ele></trkpt>
      <trkpt lat="38.00561" lon="-111.40506"><ele>0.0</ele></trkpt>
      <trkpt lat="38.00604" lon="-111.4051"><ele>0.0</ele></trkpt>
      <trkpt lat="38.0061" lon="-111.40511"><ele>0.0</ele></trkpt>
      <trkpt lat="38.0064" lon="-111.40514"><ele>0.0</ele></trkpt>
      <trkpt lat="38.00658" lon="-111.40515"><ele>0.0</ele></trkpt>
      <trkpt lat="38.00679" lon="-111.40514"><ele>0.0</ele></trkpt>
      <trkpt lat="38.00707" lon="-111.40508"><ele>0.0</ele></trkpt>
      <trkpt lat="38.00711" lon="-111.40506"><ele>0.0</ele></trkpt>
      <trkpt lat="38.00717" lon="-111.40504"><ele>0.0</ele></trkpt>
      <trkpt lat="38.00739" lon="-111.40493"><ele>0.0</ele></trkpt>
      <trkpt lat="38.00744" lon="-111.4049"><ele>0.0</ele></trkpt>
      <trkpt lat="38.00746" lon="-111.40488"><ele>0.0</ele></trkpt>
      <trkpt lat="38.00749" lon="-111.40486"><ele>0.0</ele></trkpt>
      <trkpt lat="38.00774" lon="-111.40465"><ele>0.0</ele></trkpt>
      <trkpt lat="38.00775" lon="-111.40465"><ele>0.0</ele></trkpt>
      <trkpt lat="38.00777" lon="-111.40462"><ele>0.0</ele></trkpt>
      <trkpt lat="38.00783" lon="-111.40456"><ele>0.0</ele></trkpt>
      <trkpt lat="38.00795" lon="-111.40439"><ele>0.0</ele></trkpt>
      <trkpt lat="38.00799" lon="-111.40432"><ele>0.0</ele></trkpt>
      <trkpt lat="38.008" lon="-111.40432"><ele>0.0</ele></trkpt>
      <trkpt lat="38.00802" lon="-111.40427"><ele>0.0</ele></trkpt>
      <trkpt lat="38.00808" lon="-111.40417"><ele>0.0</ele></trkpt>
      <trkpt lat="38.00818" lon="-111.40397"><ele>0.0</ele></trkpt>
      <trkpt lat="38.00819" lon="-111.40394"><ele>0.0</ele></trkpt>
      <trkpt lat="38.00821" lon="-111.40391"><ele>0.0</ele></trkpt>
      <trkpt lat="38.00824" lon="-111.40384"><ele>0.0</ele></trkpt>
      <trkpt lat="38.00833" lon="-111.40352"><ele>0.0</ele></trkpt>
      <trkpt lat="38.00834" lon="-111.4035"><ele>0.0</ele></trkpt>
      <trkpt lat="38.00838" lon="-111.4033"><ele>0.0</ele></trkpt>
      <trkpt lat="38.00839" lon="-111.4033"><ele>0.0</ele></trkpt>
      <trkpt lat="38.00864" lon="-111.40221"><ele>0.0</ele></trkpt>
      <trkpt lat="38.00864" lon="-111.4022"><ele>0.0</ele></trkpt>
      <trkpt lat="38.00866" lon="-111.40214"><ele>0.0</ele></trkpt>
      <trkpt lat="38.00869" lon="-111.40199"><ele>0.0</ele></trkpt>
      <trkpt lat="38.0087" lon="-111.40199"><ele>0.0</ele></trkpt>
      <trkpt lat="38.00871" lon="-111.40192"><ele>0.0</ele></trkpt>
      <trkpt lat="38.00905" lon="-111.40046"><ele>0.0</ele></trkpt>
      <trkpt lat="38.00909" lon="-111.40032"><ele>0.0</ele></trkpt>
      <trkpt lat="38.0091" lon="-111.40024"><ele>0.0</ele></trkpt>
      <trkpt lat="38.00913" lon="-111.40008"><ele>0.0</ele></trkpt>
      <trkpt lat="38.00913" lon="-111.40002"><ele>0.0</ele></trkpt>
      <trkpt lat="38.00915" lon="-111.3999"><ele>0.0</ele></trkpt>
      <trkpt lat="38.00915" lon="-111.39954"><ele>0.0</ele></trkpt>
      <trkpt lat="38.00914" lon="-111.39946"><ele>0.0</ele></trkpt>
      <trkpt lat="38.00911" lon="-111.39931"><ele>0.0</ele></trkpt>
      <trkpt lat="38.00909" lon="-111.39916"><ele>0.0</ele></trkpt>
      <trkpt lat="38.00907" lon="-111.39912"><ele>0.0</ele></trkpt>
      <trkpt lat="38.00905" lon="-111.39901"><ele>0.0</ele></trkpt>
      <trkpt lat="38.00896" lon="-111.39869"><ele>0.0</ele></trkpt>
      <trkpt lat="38.00889" lon="-111.39849"><ele>0.0</ele></trkpt>
      <trkpt lat="38.00879" lon="-111.39813"><ele>0.0</ele></trkpt>
      <trkpt lat="38.00867" lon="-111.39775"><ele>0.0</ele></trkpt>
      <trkpt lat="38.0086" lon="-111.39748"><ele>0.0</ele></trkpt>
      <trkpt lat="38.00858" lon="-111.39743"><ele>0.0</ele></trkpt>
      <trkpt lat="38.00858" lon="-111.39741"><ele>0.0</ele></trkpt>
      <trkpt lat="38.00851" lon="-111.39721"><ele>0.0</ele></trkpt>
      <trkpt lat="38.00848" lon="-111.39709"><ele>0.0</ele></trkpt>
      <trkpt lat="38.00841" lon="-111.39689"><ele>0.0</ele></trkpt>
      <trkpt lat="38.0084" lon="-111.39685"><ele>0.0</ele></trkpt>
      <trkpt lat="38.00835" lon="-111.39672"><ele>0.0</ele></trkpt>
      <trkpt lat="38.00822" lon="-111.39646"><ele>0.0</ele></trkpt>
      <trkpt lat="38.00809" lon="-111.39625"><ele>0.0</ele></trkpt>
      <trkpt lat="38.00794" lon="-111.39604"><ele>0.0</ele></trkpt>
      <trkpt lat="38.00784" lon="-111.39588"><ele>0.0</ele></trkpt>
      <trkpt lat="38.00694" lon="-111.39461"><ele>0.0</ele></trkpt>
      <trkpt lat="38.00691" lon="-111.39458"><ele>0.0</ele></trkpt>
      <trkpt lat="38.00686" lon="-111.39451"><ele>0.0</ele></trkpt>
      <trkpt lat="38.00676" lon="-111.39435"><ele>0.0</ele></trkpt>
      <trkpt lat="38.00675" lon="-111.39434"><ele>0.0</ele></trkpt>
      <trkpt lat="38.00668" lon="-111.39422"><ele>0.0</ele></trkpt>
      <trkpt lat="38.00654" lon="-111.39395"><ele>0.0</ele></trkpt>
      <trkpt lat="38.00647" lon="-111.39375"><ele>0.0</ele></trkpt>
      <trkpt lat="38.00639" lon="-111.3934"><ele>0.0</ele></trkpt>
      <trkpt lat="38.00637" lon="-111.3931"><ele>0.0</ele></trkpt>
      <trkpt lat="38.00637" lon="-111.39294"><ele>0.0</ele></trkpt>
      <trkpt lat="38.00643" lon="-111.39252"><ele>0.0</ele></trkpt>
      <trkpt lat="38.00644" lon="-111.3925"><ele>0.0</ele></trkpt>
      <trkpt lat="38.00646" lon="-111.39243"><ele>0.0</ele></trkpt>
      <trkpt lat="38.0065" lon="-111.39232"><ele>0.0</ele></trkpt>
      <trkpt lat="38.00666" lon="-111.39195"><ele>0.0</ele></trkpt>
      <trkpt lat="38.00704" lon="-111.39119"><ele>0.0</ele></trkpt>
      <trkpt lat="38.00708" lon="-111.39112"><ele>0.0</ele></trkpt>
      <trkpt lat="38.0071" lon="-111.39106"><ele>0.0</ele></trkpt>
      <trkpt lat="38.00729" lon="-111.39067"><ele>0.0</ele></trkpt>
      <trkpt lat="38.00732" lon="-111.39062"><ele>0.0</ele></trkpt>
      <trkpt lat="38.00746" lon="-111.39033"><ele>0.0</ele></trkpt>
      <trkpt lat="38.00754" lon="-111.39021"><ele>0.0</ele></trkpt>
      <trkpt lat="38.00764" lon="-111.39009"><ele>0.0</ele></trkpt>
      <trkpt lat="38.00772" lon="-111.39002"><ele>0.0</ele></trkpt>
      <trkpt lat="38.00779" lon="-111.38995"><ele>0.0</ele></trkpt>
      <trkpt lat="38.00788" lon="-111.38987"><ele>0.0</ele></trkpt>
      <trkpt lat="38.0079" lon="-111.38986"><ele>0.0</ele></trkpt>
      <trkpt lat="38.00817" lon="-111.38966"><ele>0.0</ele></trkpt>
      <trkpt lat="38.00818" lon="-111.38966"><ele>0.0</ele></trkpt>
      <trkpt lat="38.00833" lon="-111.38956"><ele>0.0</ele></trkpt>
      <trkpt lat="38.00838" lon="-111.38952"><ele>0.0</ele></trkpt>
      <trkpt lat="38.00894" lon="-111.38914"><ele>0.0</ele></trkpt>
      <trkpt lat="38.00901" lon="-111.38907"><ele>0.0</ele></trkpt>
      <trkpt lat="38.00909" lon="-111.389"><ele>0.0</ele></trkpt>
      <trkpt lat="38.00923" lon="-111.38883"><ele>0.0</ele></trkpt>
      <trkpt lat="38.00939" lon="-111.38855"><ele>0.0</ele></trkpt>
      <trkpt lat="38.00948" lon="-111.38837"><ele>0.0</ele></trkpt>
      <trkpt lat="38.00952" lon="-111.38823"><ele>0.0</ele></trkpt>
      <trkpt lat="38.00957" lon="-111.38798"><ele>0.0</ele></trkpt>
      <trkpt lat="38.00959" lon="-111.38783"><ele>0.0</ele></trkpt>
      <trkpt lat="38.00961" lon="-111.38726"><ele>0.0</ele></trkpt>
      <trkpt lat="38.0096" lon="-111.38712"><ele>0.0</ele></trkpt>
      <trkpt lat="38.00958" lon="-111.38598"><ele>0.0</ele></trkpt>
      <trkpt lat="38.00957" lon="-111.38583"><ele>0.0</ele></trkpt>
      <trkpt lat="38.00956" lon="-111.38499"><ele>0.0</ele></trkpt>
      <trkpt lat="38.00954" lon="-111.38461"><ele>0.0</ele></trkpt>
      <trkpt lat="38.00953" lon="-111.38371"><ele>0.0</ele></trkpt>
      <trkpt lat="38.00954" lon="-111.38363"><ele>0.0</ele></trkpt>
      <trkpt lat="38.00954" lon="-111.38355"><ele>0.0</ele></trkpt>
      <trkpt lat="38.00963" lon="-111.38312"><ele>0.0</ele></trkpt>
      <trkpt lat="38.00971" lon="-111.38286"><ele>0.0</ele></trkpt>
      <trkpt lat="38.00976" lon="-111.38276"><ele>0.0</ele></trkpt>
      <trkpt lat="38.00991" lon="-111.38242"><ele>0.0</ele></trkpt>
      <trkpt lat="38.00993" lon="-111.38236"><ele>0.0</ele></trkpt>
      <trkpt lat="38.01" lon="-111.38223"><ele>0.0</ele></trkpt>
      <trkpt lat="38.01001" lon="-111.38219"><ele>0.0</ele></trkpt>
      <trkpt lat="38.0102" lon="-111.38178"><ele>0.0</ele></trkpt>
      <trkpt lat="38.01029" lon="-111.38156"><ele>0.0</ele></trkpt>
      <trkpt lat="38.01035" lon="-111.38136"><ele>0.0</ele></trkpt>
      <trkpt lat="38.01036" lon="-111.38127"><ele>0.0</ele></trkpt>
      <trkpt lat="38.01039" lon="-111.38113"><ele>0.0</ele></trkpt>
      <trkpt lat="38.01039" lon="-111.38105"><ele>0.0</ele></trkpt>
      <trkpt lat="38.0104" lon="-111.38097"><ele>0.0</ele></trkpt>
      <trkpt lat="38.0104" lon="-111.38075"><ele>0.0</ele></trkpt>
      <trkpt lat="38.01001" lon="-111.37864"><ele>0.0</ele></trkpt>
      <trkpt lat="38.01001" lon="-111.37858"><ele>0.0</ele></trkpt>
      <trkpt lat="38.00998" lon="-111.37841"><ele>0.0</ele></trkpt>
      <trkpt lat="38.00996" lon="-111.37819"><ele>0.0</ele></trkpt>
      <trkpt lat="38.00996" lon="-111.37816"><ele>0.0</ele></trkpt>
      <trkpt lat="38.00995" lon="-111.3781"><ele>0.0</ele></trkpt>
      <trkpt lat="38.00995" lon="-111.37786"><ele>0.0</ele></trkpt>
      <trkpt lat="38.00996" lon="-111.37773"><ele>0.0</ele></trkpt>
      <trkpt lat="38.01" lon="-111.3775"><ele>0.0</ele></trkpt>
      <trkpt lat="38.01004" lon="-111.37736"><ele>0.0</ele></trkpt>
      <trkpt lat="38.01013" lon="-111.37711"><ele>0.0</ele></trkpt>
      <trkpt lat="38.01016" lon="-111.37707"><ele>0.0</ele></trkpt>
      <trkpt lat="38.01019" lon="-111.377"><ele>0.0</ele></trkpt>
      <trkpt lat="38.01026" lon="-111.37688"><ele>0.0</ele></trkpt>
      <trkpt lat="38.01027" lon="-111.37688"><ele>0.0</ele></trkpt>
      <trkpt lat="38.01045" lon="-111.37662"><ele>0.0</ele></trkpt>
      <trkpt lat="38.01073" lon="-111.37628"><ele>0.0</ele></trkpt>
      <trkpt lat="38.01077" lon="-111.37624"><ele>0.0</ele></trkpt>
      <trkpt lat="38.0109" lon="-111.37608"><ele>0.0</ele></trkpt>
      <trkpt lat="38.011" lon="-111.37597"><ele>0.0</ele></trkpt>
      <trkpt lat="38.01139" lon="-111.37549"><ele>0.0</ele></trkpt>
      <trkpt lat="38.01151" lon="-111.37533"><ele>0.0</ele></trkpt>
      <trkpt lat="38.01155" lon="-111.37529"><ele>0.0</ele></trkpt>
      <trkpt lat="38.01258" lon="-111.37402"><ele>0.0</ele></trkpt>
      <trkpt lat="38.01268" lon="-111.37391"><ele>0.0</ele></trkpt>
      <trkpt lat="38.01284" lon="-111.3737"><ele>0.0</ele></trkpt>
      <trkpt lat="38.01294" lon="-111.37352"><ele>0.0</ele></trkpt>
      <trkpt lat="38.01295" lon="-111.37351"><ele>0.0</ele></trkpt>
      <trkpt lat="38.01304" lon="-111.37328"><ele>0.0</ele></trkpt>
      <trkpt lat="38.01308" lon="-111.37312"><ele>0.0</ele></trkpt>
      <trkpt lat="38.0131" lon="-111.37297"><ele>0.0</ele></trkpt>
      <trkpt lat="38.01311" lon="-111.37283"><ele>0.0</ele></trkpt>
      <trkpt lat="38.01311" lon="-111.37268"><ele>0.0</ele></trkpt>
      <trkpt lat="38.01309" lon="-111.37255"><ele>0.0</ele></trkpt>
      <trkpt lat="38.01303" lon="-111.37228"><ele>0.0</ele></trkpt>
      <trkpt lat="38.013" lon="-111.37221"><ele>0.0</ele></trkpt>
      <trkpt lat="38.01298" lon="-111.37215"><ele>0.0</ele></trkpt>
      <trkpt lat="38.01292" lon="-111.37204"><ele>0.0</ele></trkpt>
      <trkpt lat="38.01291" lon="-111.37201"><ele>0.0</ele></trkpt>
      <trkpt lat="38.01283" lon="-111.37189"><ele>0.0</ele></trkpt>
      <trkpt lat="38.01241" lon="-111.37135"><ele>0.0</ele></trkpt>
      <trkpt lat="38.01237" lon="-111.37128"><ele>0.0</ele></trkpt>
      <trkpt lat="38.01206" lon="-111.37089"><ele>0.0</ele></trkpt>
      <trkpt lat="38.01191" lon="-111.37066"><ele>0.0</ele></trkpt>
      <trkpt lat="38.01183" lon="-111.37052"><ele>0.0</ele></trkpt>
      <trkpt lat="38.01178" lon="-111.3704"><ele>0.0</ele></trkpt>
      <trkpt lat="38.01171" lon="-111.37019"><ele>0.0</ele></trkpt>
      <trkpt lat="38.01165" lon="-111.36998"><ele>0.0</ele></trkpt>
      <trkpt lat="38.01163" lon="-111.36986"><ele>0.0</ele></trkpt>
      <trkpt lat="38.01155" lon="-111.36949"><ele>0.0</ele></trkpt>
      <trkpt lat="38.01153" lon="-111.36942"><ele>0.0</ele></trkpt>
      <trkpt lat="38.0114" lon="-111.36877"><ele>0.0</ele></trkpt>
      <trkpt lat="38.01138" lon="-111.36858"><ele>0.0</ele></trkpt>
      <trkpt lat="38.01138" lon="-111.3683"><ele>0.0</ele></trkpt>
      <trkpt lat="38.01139" lon="-111.36824"><ele>0.0</ele></trkpt>
      <trkpt lat="38.0114" lon="-111.36809"><ele>0.0</ele></trkpt>
      <trkpt lat="38.01145" lon="-111.36785"><ele>0.0</ele></trkpt>
      <trkpt lat="38.01147" lon="-111.36781"><ele>0.0</ele></trkpt>
      <trkpt lat="38.01152" lon="-111.36764"><ele>0.0</ele></trkpt>
      <trkpt lat="38.01169" lon="-111.36718"><ele>0.0</ele></trkpt>
      <trkpt lat="38.012" lon="-111.36642"><ele>0.0</ele></trkpt>
      <trkpt lat="38.012" lon="-111.36641"><ele>0.0</ele></trkpt>
      <trkpt lat="38.01233" lon="-111.36561"><ele>0.0</ele></trkpt>
      <trkpt lat="38.01233" lon="-111.3656"><ele>0.0</ele></trkpt>
      <trkpt lat="38.01257" lon="-111.365"><ele>0.0</ele></trkpt>
      <trkpt lat="38.01258" lon="-111.36499"><ele>0.0</ele></trkpt>
      <trkpt lat="38.01263" lon="-111.36485"><ele>0.0</ele></trkpt>
      <trkpt lat="38.01266" lon="-111.36478"><ele>0.0</ele></trkpt>
      <trkpt lat="38.01286" lon="-111.36419"><ele>0.0</ele></trkpt>
      <trkpt lat="38.01292" lon="-111.36386"><ele>0.0</ele></trkpt>
      <trkpt lat="38.01293" lon="-111.36371"><ele>0.0</ele></trkpt>
      <trkpt lat="38.01293" lon="-111.36349"><ele>0.0</ele></trkpt>
      <trkpt lat="38.01289" lon="-111.36234"><ele>0.0</ele></trkpt>
      <trkpt lat="38.01289" lon="-111.36211"><ele>0.0</ele></trkpt>
      <trkpt lat="38.01288" lon="-111.36204"><ele>0.0</ele></trkpt>
      <trkpt lat="38.01287" lon="-111.3612"><ele>0.0</ele></trkpt>
      <trkpt lat="38.01289" lon="-111.36097"><ele>0.0</ele></trkpt>
      <trkpt lat="38.01293" lon="-111.36073"><ele>0.0</ele></trkpt>
      <trkpt lat="38.01297" lon="-111.36054"><ele>0.0</ele></trkpt>
      <trkpt lat="38.01303" lon="-111.36037"><ele>0.0</ele></trkpt>
      <trkpt lat="38.01304" lon="-111.36032"><ele>0.0</ele></trkpt>
      <trkpt lat="38.01305" lon="-111.36032"><ele>0.0</ele></trkpt>
      <trkpt lat="38.01309" lon="-111.36021"><ele>0.0</ele></trkpt>
      <trkpt lat="38.01319" lon="-111.35998"><ele>0.0</ele></trkpt>
      <trkpt lat="38.01341" lon="-111.35953"><ele>0.0</ele></trkpt>
      <trkpt lat="38.01351" lon="-111.35935"><ele>0.0</ele></trkpt>
      <trkpt lat="38.01351" lon="-111.35934"><ele>0.0</ele></trkpt>
      <trkpt lat="38.01402" lon="-111.35838"><ele>0.0</ele></trkpt>
      <trkpt lat="38.01417" lon="-111.35817"><ele>0.0</ele></trkpt>
      <trkpt lat="38.01425" lon="-111.35807"><ele>0.0</ele></trkpt>
      <trkpt lat="38.01425" lon="-111.35806"><ele>0.0</ele></trkpt>
      <trkpt lat="38.0143" lon="-111.35801"><ele>0.0</ele></trkpt>
      <trkpt lat="38.01436" lon="-111.35794"><ele>0.0</ele></trkpt>
      <trkpt lat="38.01445" lon="-111.35786"><ele>0.0</ele></trkpt>
      <trkpt lat="38.01454" lon="-111.35777"><ele>0.0</ele></trkpt>
      <trkpt lat="38.01467" lon="-111.35767"><ele>0.0</ele></trkpt>
      <trkpt lat="38.01482" lon="-111.35757"><ele>0.0</ele></trkpt>
      <trkpt lat="38.01484" lon="-111.35755"><ele>0.0</ele></trkpt>
      <trkpt lat="38.01485" lon="-111.35755"><ele>0.0</ele></trkpt>
      <trkpt lat="38.01503" lon="-111.35743"><ele>0.0</ele></trkpt>
      <trkpt lat="38.01533" lon="-111.35725"><ele>0.0</ele></trkpt>
      <trkpt lat="38.01533" lon="-111.35724"><ele>0.0</ele></trkpt>
      <trkpt lat="38.01616" lon="-111.35671"><ele>0.0</ele></trkpt>
      <trkpt lat="38.01756" lon="-111.35578"><ele>0.0</ele></trkpt>
      <trkpt lat="38.01757" lon="-111.35577"><ele>0.0</ele></trkpt>
      <trkpt lat="38.01772" lon="-111.35567"><ele>0.0</ele></trkpt>
      <trkpt lat="38.01773" lon="-111.35567"><ele>0.0</ele></trkpt>
      <trkpt lat="38.01776" lon="-111.35565"><ele>0.0</ele></trkpt>
      <trkpt lat="38.01799" lon="-111.35543"><ele>0.0</ele></trkpt>
      <trkpt lat="38.01809" lon="-111.35532"><ele>0.0</ele></trkpt>
      <trkpt lat="38.01818" lon="-111.35519"><ele>0.0</ele></trkpt>
      <trkpt lat="38.01826" lon="-111.35506"><ele>0.0</ele></trkpt>
      <trkpt lat="38.01833" lon="-111.35493"><ele>0.0</ele></trkpt>
      <trkpt lat="38.01839" lon="-111.35479"><ele>0.0</ele></trkpt>
      <trkpt lat="38.0185" lon="-111.35446"><ele>0.0</ele></trkpt>
      <trkpt lat="38.01853" lon="-111.35439"><ele>0.0</ele></trkpt>
      <trkpt lat="38.01857" lon="-111.35424"><ele>0.0</ele></trkpt>
      <trkpt lat="38.0188" lon="-111.35357"><ele>0.0</ele></trkpt>
      <trkpt lat="38.01892" lon="-111.35332"><ele>0.0</ele></trkpt>
      <trkpt lat="38.01908" lon="-111.35306"><ele>0.0</ele></trkpt>
      <trkpt lat="38.01909" lon="-111.35306"><ele>0.0</ele></trkpt>
      <trkpt lat="38.0191" lon="-111.35304"><ele>0.0</ele></trkpt>
      <trkpt lat="38.01919" lon="-111.35294"><ele>0.0</ele></trkpt>
      <trkpt lat="38.0193" lon="-111.35283"><ele>0.0</ele></trkpt>
      <trkpt lat="38.01938" lon="-111.35278"><ele>0.0</ele></trkpt>
      <trkpt lat="38.01943" lon="-111.35273"><ele>0.0</ele></trkpt>
      <trkpt lat="38.01953" lon="-111.35268"><ele>0.0</ele></trkpt>
      <trkpt lat="38.01953" lon="-111.35267"><ele>0.0</ele></trkpt>
      <trkpt lat="38.01955" lon="-111.35267"><ele>0.0</ele></trkpt>
      <trkpt lat="38.01972" lon="-111.35259"><ele>0.0</ele></trkpt>
      <trkpt lat="38.01987" lon="-111.35254"><ele>0.0</ele></trkpt>
      <trkpt lat="38.01992" lon="-111.35253"><ele>0.0</ele></trkpt>
      <trkpt lat="38.02001" lon="-111.3525"><ele>0.0</ele></trkpt>
      <trkpt lat="38.02033" lon="-111.35242"><ele>0.0</ele></trkpt>
      <trkpt lat="38.02053" lon="-111.35238"><ele>0.0</ele></trkpt>
      <trkpt lat="38.02068" lon="-111.35237"><ele>0.0</ele></trkpt>
      <trkpt lat="38.0208" lon="-111.35237"><ele>0.0</ele></trkpt>
      <trkpt lat="38.02094" lon="-111.35238"><ele>0.0</ele></trkpt>
      <trkpt lat="38.0211" lon="-111.35241"><ele>0.0</ele></trkpt>
      <trkpt lat="38.02112" lon="-111.35242"><ele>0.0</ele></trkpt>
      <trkpt lat="38.02138" lon="-111.35248"><ele>0.0</ele></trkpt>
      <trkpt lat="38.02151" lon="-111.3525"><ele>0.0</ele></trkpt>
      <trkpt lat="38.02164" lon="-111.35251"><ele>0.0</ele></trkpt>
      <trkpt lat="38.02171" lon="-111.35251"><ele>0.0</ele></trkpt>
      <trkpt lat="38.02184" lon="-111.3525"><ele>0.0</ele></trkpt>
      <trkpt lat="38.02209" lon="-111.35246"><ele>0.0</ele></trkpt>
      <trkpt lat="38.02236" lon="-111.3524"><ele>0.0</ele></trkpt>
      <trkpt lat="38.02237" lon="-111.3524"><ele>0.0</ele></trkpt>
      <trkpt lat="38.02264" lon="-111.3523"><ele>0.0</ele></trkpt>
      <trkpt lat="38.02271" lon="-111.35226"><ele>0.0</ele></trkpt>
      <trkpt lat="38.02272" lon="-111.35225"><ele>0.0</ele></trkpt>
      <trkpt lat="38.0228" lon="-111.3522"><ele>0.0</ele></trkpt>
      <trkpt lat="38.02291" lon="-111.35207"><ele>0.0</ele></trkpt>
      <trkpt lat="38.02296" lon="-111.352"><ele>0.0</ele></trkpt>
      <trkpt lat="38.02323" lon="-111.35142"><ele>0.0</ele></trkpt>
      <trkpt lat="38.02326" lon="-111.35138"><ele>0.0</ele></trkpt>
      <trkpt lat="38.02338" lon="-111.35118"><ele>0.0</ele></trkpt>
      <trkpt lat="38.02354" lon="-111.35097"><ele>0.0</ele></trkpt>
      <trkpt lat="38.02376" lon="-111.35074"><ele>0.0</ele></trkpt>
      <trkpt lat="38.02378" lon="-111.35073"><ele>0.0</ele></trkpt>
      <trkpt lat="38.02387" lon="-111.35065"><ele>0.0</ele></trkpt>
      <trkpt lat="38.02399" lon="-111.35057"><ele>0.0</ele></trkpt>
      <trkpt lat="38.02411" lon="-111.3505"><ele>0.0</ele></trkpt>
      <trkpt lat="38.02429" lon="-111.35042"><ele>0.0</ele></trkpt>
      <trkpt lat="38.02459" lon="-111.35033"><ele>0.0</ele></trkpt>
      <trkpt lat="38.0246" lon="-111.35033"><ele>0.0</ele></trkpt>
      <trkpt lat="38.02465" lon="-111.35031"><ele>0.0</ele></trkpt>
      <trkpt lat="38.02477" lon="-111.35028"><ele>0.0</ele></trkpt>
      <trkpt lat="38.0249" lon="-111.35024"><ele>0.0</ele></trkpt>
      <trkpt lat="38.02519" lon="-111.35011"><ele>0.0</ele></trkpt>
      <trkpt lat="38.02528" lon="-111.35005"><ele>0.0</ele></trkpt>
      <trkpt lat="38.02528" lon="-111.35004"><ele>0.0</ele></trkpt>
      <trkpt lat="38.02534" lon="-111.35"><ele>0.0</ele></trkpt>
      <trkpt lat="38.02543" lon="-111.34993"><ele>0.0</ele></trkpt>
      <trkpt lat="38.02553" lon="-111.34984"><ele>0.0</ele></trkpt>
      <trkpt lat="38.02564" lon="-111.34973"><ele>0.0</ele></trkpt>
      <trkpt lat="38.02576" lon="-111.34958"><ele>0.0</ele></trkpt>
      <trkpt lat="38.02589" lon="-111.34938"><ele>0.0</ele></trkpt>
      <trkpt lat="38.02595" lon="-111.34927"><ele>0.0</ele></trkpt>
      <trkpt lat="38.02596" lon="-111.34924"><ele>0.0</ele></trkpt>
      <trkpt lat="38.02603" lon="-111.34911"><ele>0.0</ele></trkpt>
      <trkpt lat="38.02603" lon="-111.3491"><ele>0.0</ele></trkpt>
      <trkpt lat="38.02605" lon="-111.34907"><ele>0.0</ele></trkpt>
      <trkpt lat="38.02611" lon="-111.3489"><ele>0.0</ele></trkpt>
      <trkpt lat="38.02611" lon="-111.34889"><ele>0.0</ele></trkpt>
      <trkpt lat="38.02612" lon="-111.34887"><ele>0.0</ele></trkpt>
      <trkpt lat="38.02613" lon="-111.34883"><ele>0.0</ele></trkpt>
      <trkpt lat="38.02617" lon="-111.34871"><ele>0.0</ele></trkpt>
      <trkpt lat="38.02621" lon="-111.34853"><ele>0.0</ele></trkpt>
      <trkpt lat="38.02622" lon="-111.34846"><ele>0.0</ele></trkpt>
      <trkpt lat="38.02622" lon="-111.34843"><ele>0.0</ele></trkpt>
      <trkpt lat="38.02623" lon="-111.34838"><ele>0.0</ele></trkpt>
      <trkpt lat="38.02626" lon="-111.34812"><ele>0.0</ele></trkpt>
      <trkpt lat="38.02626" lon="-111.34709"><ele>0.0</ele></trkpt>
      <trkpt lat="38.02627" lon="-111.347"><ele>0.0</ele></trkpt>
      <trkpt lat="38.02627" lon="-111.34691"><ele>0.0</ele></trkpt>
      <trkpt lat="38.02631" lon="-111.3466"><ele>0.0</ele></trkpt>
      <trkpt lat="38.02635" lon="-111.34641"><ele>0.0</ele></trkpt>
      <trkpt lat="38.02637" lon="-111.34636"><ele>0.0</ele></trkpt>
      <trkpt lat="38.02641" lon="-111.3462"><ele>0.0</ele></trkpt>
      <trkpt lat="38.02642" lon="-111.34619"><ele>0.0</ele></trkpt>
      <trkpt lat="38.02646" lon="-111.34607"><ele>0.0</ele></trkpt>
      <trkpt lat="38.0265" lon="-111.34597"><ele>0.0</ele></trkpt>
      <trkpt lat="38.02652" lon="-111.34593"><ele>0.0</ele></trkpt>
      <trkpt lat="38.02661" lon="-111.34571"><ele>0.0</ele></trkpt>
      <trkpt lat="38.02666" lon="-111.34561"><ele>0.0</ele></trkpt>
      <trkpt lat="38.02673" lon="-111.34543"><ele>0.0</ele></trkpt>
      <trkpt lat="38.02675" lon="-111.34539"><ele>0.0</ele></trkpt>
      <trkpt lat="38.02681" lon="-111.34519"><ele>0.0</ele></trkpt>
      <trkpt lat="38.02681" lon="-111.34518"><ele>0.0</ele></trkpt>
      <trkpt lat="38.02682" lon="-111.34515"><ele>0.0</ele></trkpt>
      <trkpt lat="38.02685" lon="-111.34499"><ele>0.0</ele></trkpt>
      <trkpt lat="38.02686" lon="-111.34496"><ele>0.0</ele></trkpt>
      <trkpt lat="38.02692" lon="-111.3446"><ele>0.0</ele></trkpt>
      <trkpt lat="38.02694" lon="-111.34444"><ele>0.0</ele></trkpt>
      <trkpt lat="38.02697" lon="-111.3443"><ele>0.0</ele></trkpt>
      <trkpt lat="38.02701" lon="-111.34419"><ele>0.0</ele></trkpt>
      <trkpt lat="38.02704" lon="-111.34408"><ele>0.0</ele></trkpt>
      <trkpt lat="38.02709" lon="-111.34396"><ele>0.0</ele></trkpt>
      <trkpt lat="38.0272" lon="-111.34374"><ele>0.0</ele></trkpt>
      <trkpt lat="38.02723" lon="-111.3437"><ele>0.0</ele></trkpt>
      <trkpt lat="38.02724" lon="-111.34368"><ele>0.0</ele></trkpt>
      <trkpt lat="38.02732" lon="-111.34356"><ele>0.0</ele></trkpt>
      <trkpt lat="38.02741" lon="-111.34345"><ele>0.0</ele></trkpt>
      <trkpt lat="38.02759" lon="-111.34327"><ele>0.0</ele></trkpt>
      <trkpt lat="38.02763" lon="-111.34324"><ele>0.0</ele></trkpt>
      <trkpt lat="38.02765" lon="-111.34322"><ele>0.0</ele></trkpt>
      <trkpt lat="38.0277" lon="-111.34318"><ele>0.0</ele></trkpt>
      <trkpt lat="38.02779" lon="-111.34312"><ele>0.0</ele></trkpt>
      <trkpt lat="38.02811" lon="-111.34294"><ele>0.0</ele></trkpt>
      <trkpt lat="38.02814" lon="-111.34293"><ele>0.0</ele></trkpt>
      <trkpt lat="38.02819" lon="-111.3429"><ele>0.0</ele></trkpt>
      <trkpt lat="38.02828" lon="-111.34286"><ele>0.0</ele></trkpt>
      <trkpt lat="38.02829" lon="-111.34286"><ele>0.0</ele></trkpt>
      <trkpt lat="38.02843" lon="-111.34279"><ele>0.0</ele></trkpt>
      <trkpt lat="38.02846" lon="-111.34278"><ele>0.0</ele></trkpt>
      <trkpt lat="38.029" lon="-111.34255"><ele>0.0</ele></trkpt>
      <trkpt lat="38.02919" lon="-111.34248"><ele>0.0</ele></trkpt>
      <trkpt lat="38.02932" lon="-111.34244"><ele>0.0</ele></trkpt>
      <trkpt lat="38.02938" lon="-111.34243"><ele>0.0</ele></trkpt>
      <trkpt lat="38.02958" lon="-111.34238"><ele>0.0</ele></trkpt>
      <trkpt lat="38.02967" lon="-111.34237"><ele>0.0</ele></trkpt>
      <trkpt lat="38.02984" lon="-111.34233"><ele>0.0</ele></trkpt>
      <trkpt lat="38.02986" lon="-111.34233"><ele>0.0</ele></trkpt>
      <trkpt lat="38.0299" lon="-111.34231"><ele>0.0</ele></trkpt>
      <trkpt lat="38.03" lon="-111.34228"><ele>0.0</ele></trkpt>
      <trkpt lat="38.03014" lon="-111.34221"><ele>0.0</ele></trkpt>
      <trkpt lat="38.03024" lon="-111.34213"><ele>0.0</ele></trkpt>
      <trkpt lat="38.03033" lon="-111.34204"><ele>0.0</ele></trkpt>
      <trkpt lat="38.03043" lon="-111.34192"><ele>0.0</ele></trkpt>
      <trkpt lat="38.03051" lon="-111.34179"><ele>0.0</ele></trkpt>
      <trkpt lat="38.03061" lon="-111.34158"><ele>0.0</ele></trkpt>
      <trkpt lat="38.03084" lon="-111.34102"><ele>0.0</ele></trkpt>
      <trkpt lat="38.03098" lon="-111.34071"><ele>0.0</ele></trkpt>
      <trkpt lat="38.03137" lon="-111.33997"><ele>0.0</ele></trkpt>
      <trkpt lat="38.03164" lon="-111.3395"><ele>0.0</ele></trkpt>
      <trkpt lat="38.03172" lon="-111.33939"><ele>0.0</ele></trkpt>
      <trkpt lat="38.03175" lon="-111.33934"><ele>0.0</ele></trkpt>
      <trkpt lat="38.03184" lon="-111.33924"><ele>0.0</ele></trkpt>
      <trkpt lat="38.03184" lon="-111.33923"><ele>0.0</ele></trkpt>
      <trkpt lat="38.03218" lon="-111.33884"><ele>0.0</ele></trkpt>
      <trkpt lat="38.0324" lon="-111.33856"><ele>0.0</ele></trkpt>
      <trkpt lat="38.03247" lon="-111.33844"><ele>0.0</ele></trkpt>
      <trkpt lat="38.03257" lon="-111.33823"><ele>0.0</ele></trkpt>
      <trkpt lat="38.03271" lon="-111.33781"><ele>0.0</ele></trkpt>
      <trkpt lat="38.03271" lon="-111.3378"><ele>0.0</ele></trkpt>
      <trkpt lat="38.03287" lon="-111.33726"><ele>0.0</ele></trkpt>
      <trkpt lat="38.03299" lon="-111.33699"><ele>0.0</ele></trkpt>
      <trkpt lat="38.033" lon="-111.33698"><ele>0.0</ele></trkpt>
      <trkpt lat="38.03303" lon="-111.33691"><ele>0.0</ele></trkpt>
      <trkpt lat="38.03326" lon="-111.33649"><ele>0.0</ele></trkpt>
      <trkpt lat="38.03336" lon="-111.33628"><ele>0.0</ele></trkpt>
      <trkpt lat="38.03347" lon="-111.33597"><ele>0.0</ele></trkpt>
      <trkpt lat="38.03354" lon="-111.33562"><ele>0.0</ele></trkpt>
      <trkpt lat="38.03357" lon="-111.33532"><ele>0.0</ele></trkpt>
      <trkpt lat="38.03364" lon="-111.33485"><ele>0.0</ele></trkpt>
      <trkpt lat="38.03385" lon="-111.33384"><ele>0.0</ele></trkpt>
      <trkpt lat="38.03387" lon="-111.33377"><ele>0.0</ele></trkpt>
      <trkpt lat="38.03398" lon="-111.33326"><ele>0.0</ele></trkpt>
      <trkpt lat="38.03402" lon="-111.33312"><ele>0.0</ele></trkpt>
      <trkpt lat="38.03405" lon="-111.33297"><ele>0.0</ele></trkpt>
      <trkpt lat="38.03418" lon="-111.33255"><ele>0.0</ele></trkpt>
      <trkpt lat="38.03421" lon="-111.33248"><ele>0.0</ele></trkpt>
      <trkpt lat="38.03422" lon="-111.33244"><ele>0.0</ele></trkpt>
      <trkpt lat="38.03429" lon="-111.33228"><ele>0.0</ele></trkpt>
      <trkpt lat="38.0343" lon="-111.33227"><ele>0.0</ele></trkpt>
      <trkpt lat="38.03434" lon="-111.33218"><ele>0.0</ele></trkpt>
      <trkpt lat="38.03451" lon="-111.33192"><ele>0.0</ele></trkpt>
      <trkpt lat="38.03451" lon="-111.33191"><ele>0.0</ele></trkpt>
      <trkpt lat="38.03459" lon="-111.33181"><ele>0.0</ele></trkpt>
      <trkpt lat="38.03476" lon="-111.33162"><ele>0.0</ele></trkpt>
      <trkpt lat="38.03478" lon="-111.33161"><ele>0.0</ele></trkpt>
      <trkpt lat="38.03483" lon="-111.33156"><ele>0.0</ele></trkpt>
      <trkpt lat="38.0349" lon="-111.3315"><ele>0.0</ele></trkpt>
      <trkpt lat="38.03509" lon="-111.33137"><ele>0.0</ele></trkpt>
      <trkpt lat="38.03514" lon="-111.33133"><ele>0.0</ele></trkpt>
      <trkpt lat="38.03531" lon="-111.33123"><ele>0.0</ele></trkpt>
      <trkpt lat="38.0362" lon="-111.33075"><ele>0.0</ele></trkpt>
      <trkpt lat="38.03641" lon="-111.33065"><ele>0.0</ele></trkpt>
      <trkpt lat="38.03903" lon="-111.32927"><ele>0.0</ele></trkpt>
      <trkpt lat="38.0397" lon="-111.32894"><ele>0.0</ele></trkpt>
      <trkpt lat="38.03973" lon="-111.32892"><ele>0.0</ele></trkpt>
      <trkpt lat="38.03987" lon="-111.32885"><ele>0.0</ele></trkpt>
      <trkpt lat="38.04008" lon="-111.32873"><ele>0.0</ele></trkpt>
      <trkpt lat="38.0402" lon="-111.32867"><ele>0.0</ele></trkpt>
      <trkpt lat="38.04036" lon="-111.32858"><ele>0.0</ele></trkpt>
      <trkpt lat="38.04041" lon="-111.32856"><ele>0.0</ele></trkpt>
      <trkpt lat="38.04118" lon="-111.32812"><ele>0.0</ele></trkpt>
      <trkpt lat="38.04193" lon="-111.32773"><ele>0.0</ele></trkpt>
      <trkpt lat="38.04199" lon="-111.32769"><ele>0.0</ele></trkpt>
      <trkpt lat="38.04228" lon="-111.32755"><ele>0.0</ele></trkpt>
      <trkpt lat="38.04261" lon="-111.32737"><ele>0.0</ele></trkpt>
      <trkpt lat="38.04341" lon="-111.3269"><ele>0.0</ele></trkpt>
      <trkpt lat="38.04351" lon="-111.32683"><ele>0.0</ele></trkpt>
      <trkpt lat="38.04384" lon="-111.32669"><ele>0.0</ele></trkpt>
      <trkpt lat="38.044" lon="-111.32666"><ele>0.0</ele></trkpt>
      <trkpt lat="38.04416" lon="-111.32665"><ele>0.0</ele></trkpt>
      <trkpt lat="38.04441" lon="-111.32667"><ele>0.0</ele></trkpt>
      <trkpt lat="38.04454" lon="-111.3267"><ele>0.0</ele></trkpt>
      <trkpt lat="38.04468" lon="-111.32675"><ele>0.0</ele></trkpt>
      <trkpt lat="38.04469" lon="-111.32675"><ele>0.0</ele></trkpt>
      <trkpt lat="38.04484" lon="-111.32684"><ele>0.0</ele></trkpt>
      <trkpt lat="38.04485" lon="-111.32685"><ele>0.0</ele></trkpt>
      <trkpt lat="38.04501" lon="-111.32696"><ele>0.0</ele></trkpt>
      <trkpt lat="38.04583" lon="-111.32763"><ele>0.0</ele></trkpt>
      <trkpt lat="38.04586" lon="-111.32766"><ele>0.0</ele></trkpt>
      <trkpt lat="38.04598" lon="-111.32776"><ele>0.0</ele></trkpt>
      <trkpt lat="38.04607" lon="-111.32782"><ele>0.0</ele></trkpt>
      <trkpt lat="38.04613" lon="-111.32788"><ele>0.0</ele></trkpt>
      <trkpt lat="38.04629" lon="-111.328"><ele>0.0</ele></trkpt>
      <trkpt lat="38.04644" lon="-111.32813"><ele>0.0</ele></trkpt>
      <trkpt lat="38.04737" lon="-111.32888"><ele>0.0</ele></trkpt>
      <trkpt lat="38.04753" lon="-111.32896"><ele>0.0</ele></trkpt>
      <trkpt lat="38.04767" lon="-111.32901"><ele>0.0</ele></trkpt>
      <trkpt lat="38.04771" lon="-111.32903"><ele>0.0</ele></trkpt>
      <trkpt lat="38.04792" lon="-111.32906"><ele>0.0</ele></trkpt>
      <trkpt lat="38.04819" lon="-111.32908"><ele>0.0</ele></trkpt>
      <trkpt lat="38.04832" lon="-111.32908"><ele>0.0</ele></trkpt>
      <trkpt lat="38.0484" lon="-111.32907"><ele>0.0</ele></trkpt>
      <trkpt lat="38.0485" lon="-111.32905"><ele>0.0</ele></trkpt>
      <trkpt lat="38.04852" lon="-111.32905"><ele>0.0</ele></trkpt>
      <trkpt lat="38.04858" lon="-111.32904"><ele>0.0</ele></trkpt>
      <trkpt lat="38.04876" lon="-111.32899"><ele>0.0</ele></trkpt>
      <trkpt lat="38.0491" lon="-111.32887"><ele>0.0</ele></trkpt>
      <trkpt lat="38.04924" lon="-111.32883"><ele>0.0</ele></trkpt>
      <trkpt lat="38.04928" lon="-111.32881"><ele>0.0</ele></trkpt>
      <trkpt lat="38.04988" lon="-111.32856"><ele>0.0</ele></trkpt>
      <trkpt lat="38.04996" lon="-111.32854"><ele>0.0</ele></trkpt>
      <trkpt lat="38.05018" lon="-111.32846"><ele>0.0</ele></trkpt>
      <trkpt lat="38.05031" lon="-111.32842"><ele>0.0</ele></trkpt>
      <trkpt lat="38.05059" lon="-111.32832"><ele>0.0</ele></trkpt>
      <trkpt lat="38.05094" lon="-111.32818"><ele>0.0</ele></trkpt>
      <trkpt lat="38.05129" lon="-111.328"><ele>0.0</ele></trkpt>
      <trkpt lat="38.05143" lon="-111.32789"><ele>0.0</ele></trkpt>
      <trkpt lat="38.05168" lon="-111.32766"><ele>0.0</ele></trkpt>
      <trkpt lat="38.05182" lon="-111.3275"><ele>0.0</ele></trkpt>
      <trkpt lat="38.05192" lon="-111.32737"><ele>0.0</ele></trkpt>
      <trkpt lat="38.05201" lon="-111.32724"><ele>0.0</ele></trkpt>
      <trkpt lat="38.05203" lon="-111.3272"><ele>0.0</ele></trkpt>
      <trkpt lat="38.05212" lon="-111.32705"><ele>0.0</ele></trkpt>
      <trkpt lat="38.05213" lon="-111.32704"><ele>0.0</ele></trkpt>
      <trkpt lat="38.05256" lon="-111.32617"><ele>0.0</ele></trkpt>
      <trkpt lat="38.05272" lon="-111.32591"><ele>0.0</ele></trkpt>
      <trkpt lat="38.05279" lon="-111.32582"><ele>0.0</ele></trkpt>
      <trkpt lat="38.05287" lon="-111.32573"><ele>0.0</ele></trkpt>
      <trkpt lat="38.05299" lon="-111.32562"><ele>0.0</ele></trkpt>
      <trkpt lat="38.05315" lon="-111.32549"><ele>0.0</ele></trkpt>
      <trkpt lat="38.05332" lon="-111.3254"><ele>0.0</ele></trkpt>
      <trkpt lat="38.05349" lon="-111.32533"><ele>0.0</ele></trkpt>
      <trkpt lat="38.05365" lon="-111.3253"><ele>0.0</ele></trkpt>
      <trkpt lat="38.05368" lon="-111.32529"><ele>0.0</ele></trkpt>
      <trkpt lat="38.05384" lon="-111.32529"><ele>0.0</ele></trkpt>
      <trkpt lat="38.05401" lon="-111.32533"><ele>0.0</ele></trkpt>
      <trkpt lat="38.05403" lon="-111.32533"><ele>0.0</ele></trkpt>
      <trkpt lat="38.05418" lon="-111.32538"><ele>0.0</ele></trkpt>
      <trkpt lat="38.05419" lon="-111.32539"><ele>0.0</ele></trkpt>
      <trkpt lat="38.05439" lon="-111.32549"><ele>0.0</ele></trkpt>
      <trkpt lat="38.05484" lon="-111.32577"><ele>0.0</ele></trkpt>
      <trkpt lat="38.05486" lon="-111.32578"><ele>0.0</ele></trkpt>
      <trkpt lat="38.05503" lon="-111.32591"><ele>0.0</ele></trkpt>
      <trkpt lat="38.05521" lon="-111.32607"><ele>0.0</ele></trkpt>
      <trkpt lat="38.05535" lon="-111.32621"><ele>0.0</ele></trkpt>
      <trkpt lat="38.05542" lon="-111.3263"><ele>0.0</ele></trkpt>
      <trkpt lat="38.05546" lon="-111.32633"><ele>0.0</ele></trkpt>
      <trkpt lat="38.05593" lon="-111.32692"><ele>0.0</ele></trkpt>
      <trkpt lat="38.05622" lon="-111.32722"><ele>0.0</ele></trkpt>
      <trkpt lat="38.05652" lon="-111.32747"><ele>0.0</ele></trkpt>
      <trkpt lat="38.05687" lon="-111.32772"><ele>0.0</ele></trkpt>
      <trkpt lat="38.05717" lon="-111.32787"><ele>0.0</ele></trkpt>
      <trkpt lat="38.05723" lon="-111.32789"><ele>0.0</ele></trkpt>
      <trkpt lat="38.05734" lon="-111.32794"><ele>0.0</ele></trkpt>
      <trkpt lat="38.05753" lon="-111.32799"><ele>0.0</ele></trkpt>
      <trkpt lat="38.05785" lon="-111.32805"><ele>0.0</ele></trkpt>
      <trkpt lat="38.05802" lon="-111.32807"><ele>0.0</ele></trkpt>
      <trkpt lat="38.05829" lon="-111.32809"><ele>0.0</ele></trkpt>
      <trkpt lat="38.05841" lon="-111.32811"><ele>0.0</ele></trkpt>
      <trkpt lat="38.05857" lon="-111.32815"><ele>0.0</ele></trkpt>
      <trkpt lat="38.05875" lon="-111.32825"><ele>0.0</ele></trkpt>
      <trkpt lat="38.05883" lon="-111.32831"><ele>0.0</ele></trkpt>
      <trkpt lat="38.05898" lon="-111.3284"><ele>0.0</ele></trkpt>
      <trkpt lat="38.05912" lon="-111.32847"><ele>0.0</ele></trkpt>
      <trkpt lat="38.05922" lon="-111.3285"><ele>0.0</ele></trkpt>
      <trkpt lat="38.05924" lon="-111.32851"><ele>0.0</ele></trkpt>
      <trkpt lat="38.05932" lon="-111.32853"><ele>0.0</ele></trkpt>
      <trkpt lat="38.05954" lon="-111.32855"><ele>0.0</ele></trkpt>
      <trkpt lat="38.05971" lon="-111.32855"><ele>0.0</ele></trkpt>
      <trkpt lat="38.06086" lon="-111.32842"><ele>0.0</ele></trkpt>
      <trkpt lat="38.061" lon="-111.32841"><ele>0.0</ele></trkpt>
      <trkpt lat="38.06104" lon="-111.3284"><ele>0.0</ele></trkpt>
      <trkpt lat="38.06142" lon="-111.32836"><ele>0.0</ele></trkpt>
      <trkpt lat="38.06163" lon="-111.32835"><ele>0.0</ele></trkpt>
      <trkpt lat="38.06181" lon="-111.32837"><ele>0.0</ele></trkpt>
      <trkpt lat="38.06191" lon="-111.32839"><ele>0.0</ele></trkpt>
      <trkpt lat="38.06226" lon="-111.32854"><ele>0.0</ele></trkpt>
      <trkpt lat="38.06227" lon="-111.32855"><ele>0.0</ele></trkpt>
      <trkpt lat="38.0626" lon="-111.32874"><ele>0.0</ele></trkpt>
      <trkpt lat="38.06308" lon="-111.32904"><ele>0.0</ele></trkpt>
      <trkpt lat="38.06311" lon="-111.32905"><ele>0.0</ele></trkpt>
      <trkpt lat="38.06323" lon="-111.32912"><ele>0.0</ele></trkpt>
      <trkpt lat="38.06357" lon="-111.32926"><ele>0.0</ele></trkpt>
      <trkpt lat="38.06484" lon="-111.32965"><ele>0.0</ele></trkpt>
      <trkpt lat="38.06544" lon="-111.32975"><ele>0.0</ele></trkpt>
      <trkpt lat="38.0657" lon="-111.32975"><ele>0.0</ele></trkpt>
      <trkpt lat="38.06586" lon="-111.32973"><ele>0.0</ele></trkpt>
      <trkpt lat="38.06603" lon="-111.32969"><ele>0.0</ele></trkpt>
      <trkpt lat="38.06625" lon="-111.32962"><ele>0.0</ele></trkpt>
      <trkpt lat="38.06651" lon="-111.32956"><ele>0.0</ele></trkpt>
      <trkpt lat="38.06653" lon="-111.32955"><ele>0.0</ele></trkpt>
      <trkpt lat="38.06669" lon="-111.32952"><ele>0.0</ele></trkpt>
      <trkpt lat="38.06694" lon="-111.32952"><ele>0.0</ele></trkpt>
      <trkpt lat="38.06703" lon="-111.32954"><ele>0.0</ele></trkpt>
      <trkpt lat="38.06716" lon="-111.32958"><ele>0.0</ele></trkpt>
      <trkpt lat="38.06769" lon="-111.32979"><ele>0.0</ele></trkpt>
      <trkpt lat="38.06773" lon="-111.32981"><ele>0.0</ele></trkpt>
      <trkpt lat="38.06791" lon="-111.32988"><ele>0.0</ele></trkpt>
      <trkpt lat="38.06807" lon="-111.32997"><ele>0.0</ele></trkpt>
      <trkpt lat="38.06818" lon="-111.33002"><ele>0.0</ele></trkpt>
      <trkpt lat="38.06827" lon="-111.33007"><ele>0.0</ele></trkpt>
      <trkpt lat="38.06851" lon="-111.33024"><ele>0.0</ele></trkpt>
      <trkpt lat="38.06861" lon="-111.33032"><ele>0.0</ele></trkpt>
      <trkpt lat="38.06874" lon="-111.33044"><ele>0.0</ele></trkpt>
      <trkpt lat="38.06877" lon="-111.33046"><ele>0.0</ele></trkpt>
      <trkpt lat="38.06887" lon="-111.33055"><ele>0.0</ele></trkpt>
      <trkpt lat="38.06903" lon="-111.33071"><ele>0.0</ele></trkpt>
      <trkpt lat="38.06914" lon="-111.33081"><ele>0.0</ele></trkpt>
      <trkpt lat="38.06944" lon="-111.33113"><ele>0.0</ele></trkpt>
      <trkpt lat="38.0695" lon="-111.33121"><ele>0.0</ele></trkpt>
      <trkpt lat="38.06956" lon="-111.33131"><ele>0.0</ele></trkpt>
      <trkpt lat="38.06956" lon="-111.33132"><ele>0.0</ele></trkpt>
      <trkpt lat="38.06961" lon="-111.33141"><ele>0.0</ele></trkpt>
      <trkpt lat="38.06961" lon="-111.33142"><ele>0.0</ele></trkpt>
      <trkpt lat="38.06964" lon="-111.3315"><ele>0.0</ele></trkpt>
      <trkpt lat="38.06965" lon="-111.33152"><ele>0.0</ele></trkpt>
      <trkpt lat="38.06966" lon="-111.33159"><ele>0.0</ele></trkpt>
      <trkpt lat="38.06968" lon="-111.33167"><ele>0.0</ele></trkpt>
      <trkpt lat="38.06969" lon="-111.33175"><ele>0.0</ele></trkpt>
      <trkpt lat="38.06969" lon="-111.33185"><ele>0.0</ele></trkpt>
      <trkpt lat="38.06967" lon="-111.33204"><ele>0.0</ele></trkpt>
      <trkpt lat="38.06958" lon="-111.33241"><ele>0.0</ele></trkpt>
      <trkpt lat="38.06946" lon="-111.33298"><ele>0.0</ele></trkpt>
      <trkpt lat="38.06942" lon="-111.33325"><ele>0.0</ele></trkpt>
      <trkpt lat="38.06942" lon="-111.33353"><ele>0.0</ele></trkpt>
      <trkpt lat="38.06943" lon="-111.33364"><ele>0.0</ele></trkpt>
      <trkpt lat="38.06943" lon="-111.33371"><ele>0.0</ele></trkpt>
      <trkpt lat="38.06944" lon="-111.33375"><ele>0.0</ele></trkpt>
      <trkpt lat="38.06945" lon="-111.33389"><ele>0.0</ele></trkpt>
      <trkpt lat="38.06947" lon="-111.33401"><ele>0.0</ele></trkpt>
      <trkpt lat="38.06949" lon="-111.3342"><ele>0.0</ele></trkpt>
      <trkpt lat="38.0695" lon="-111.3342"><ele>0.0</ele></trkpt>
      <trkpt lat="38.06953" lon="-111.3344"><ele>0.0</ele></trkpt>
      <trkpt lat="38.06958" lon="-111.33458"><ele>0.0</ele></trkpt>
      <trkpt lat="38.06969" lon="-111.33487"><ele>0.0</ele></trkpt>
      <trkpt lat="38.06975" lon="-111.33499"><ele>0.0</ele></trkpt>
      <trkpt lat="38.06982" lon="-111.33511"><ele>0.0</ele></trkpt>
      <trkpt lat="38.07002" lon="-111.33538"><ele>0.0</ele></trkpt>
      <trkpt lat="38.07013" lon="-111.33551"><ele>0.0</ele></trkpt>
      <trkpt lat="38.07027" lon="-111.3357"><ele>0.0</ele></trkpt>
      <trkpt lat="38.07032" lon="-111.33579"><ele>0.0</ele></trkpt>
      <trkpt lat="38.07033" lon="-111.3358"><ele>0.0</ele></trkpt>
      <trkpt lat="38.0704" lon="-111.33593"><ele>0.0</ele></trkpt>
      <trkpt lat="38.07042" lon="-111.33599"><ele>0.0</ele></trkpt>
      <trkpt lat="38.07045" lon="-111.33605"><ele>0.0</ele></trkpt>
      <trkpt lat="38.07047" lon="-111.33608"><ele>0.0</ele></trkpt>
      <trkpt lat="38.07054" lon="-111.33626"><ele>0.0</ele></trkpt>
      <trkpt lat="38.07064" lon="-111.33647"><ele>0.0</ele></trkpt>
      <trkpt lat="38.07064" lon="-111.33648"><ele>0.0</ele></trkpt>
      <trkpt lat="38.0707" lon="-111.33659"><ele>0.0</ele></trkpt>
      <trkpt lat="38.07075" lon="-111.33667"><ele>0.0</ele></trkpt>
      <trkpt lat="38.07076" lon="-111.33668"><ele>0.0</ele></trkpt>
      <trkpt lat="38.07082" lon="-111.33677"><ele>0.0</ele></trkpt>
      <trkpt lat="38.07089" lon="-111.33684"><ele>0.0</ele></trkpt>
      <trkpt lat="38.07097" lon="-111.33693"><ele>0.0</ele></trkpt>
      <trkpt lat="38.07107" lon="-111.33701"><ele>0.0</ele></trkpt>
      <trkpt lat="38.07117" lon="-111.33708"><ele>0.0</ele></trkpt>
      <trkpt lat="38.07118" lon="-111.33709"><ele>0.0</ele></trkpt>
      <trkpt lat="38.07139" lon="-111.33723"><ele>0.0</ele></trkpt>
      <trkpt lat="38.07149" lon="-111.33731"><ele>0.0</ele></trkpt>
      <trkpt lat="38.07188" lon="-111.33765"><ele>0.0</ele></trkpt>
      <trkpt lat="38.07213" lon="-111.33785"><ele>0.0</ele></trkpt>
      <trkpt lat="38.07232" lon="-111.33799"><ele>0.0</ele></trkpt>
      <trkpt lat="38.07235" lon="-111.33802"><ele>0.0</ele></trkpt>
      <trkpt lat="38.07239" lon="-111.33805"><ele>0.0</ele></trkpt>
      <trkpt lat="38.07245" lon="-111.33808"><ele>0.0</ele></trkpt>
      <trkpt lat="38.07253" lon="-111.33814"><ele>0.0</ele></trkpt>
      <trkpt lat="38.07276" lon="-111.33825"><ele>0.0</ele></trkpt>
      <trkpt lat="38.07301" lon="-111.33831"><ele>0.0</ele></trkpt>
      <trkpt lat="38.07406" lon="-111.33841"><ele>0.0</ele></trkpt>
      <trkpt lat="38.07415" lon="-111.33841"><ele>0.0</ele></trkpt>
      <trkpt lat="38.07417" lon="-111.33842"><ele>0.0</ele></trkpt>
      <trkpt lat="38.07559" lon="-111.33851"><ele>0.0</ele></trkpt>
      <trkpt lat="38.07564" lon="-111.33852"><ele>0.0</ele></trkpt>
      <trkpt lat="38.07577" lon="-111.33853"><ele>0.0</ele></trkpt>
      <trkpt lat="38.0759" lon="-111.33855"><ele>0.0</ele></trkpt>
      <trkpt lat="38.07599" lon="-111.33857"><ele>0.0</ele></trkpt>
      <trkpt lat="38.0762" lon="-111.33865"><ele>0.0</ele></trkpt>
      <trkpt lat="38.07655" lon="-111.3388"><ele>0.0</ele></trkpt>
      <trkpt lat="38.07656" lon="-111.33881"><ele>0.0</ele></trkpt>
      <trkpt lat="38.07697" lon="-111.33898"><ele>0.0</ele></trkpt>
      <trkpt lat="38.07703" lon="-111.33901"><ele>0.0</ele></trkpt>
      <trkpt lat="38.07713" lon="-111.33905"><ele>0.0</ele></trkpt>
      <trkpt lat="38.07714" lon="-111.33906"><ele>0.0</ele></trkpt>
      <trkpt lat="38.07723" lon="-111.33908"><ele>0.0</ele></trkpt>
      <trkpt lat="38.07749" lon="-111.33917"><ele>0.0</ele></trkpt>
      <trkpt lat="38.07767" lon="-111.33922"><ele>0.0</ele></trkpt>
      <trkpt lat="38.07785" lon="-111.33926"><ele>0.0</ele></trkpt>
      <trkpt lat="38.07789" lon="-111.33928"><ele>0.0</ele></trkpt>
      <trkpt lat="38.07988" lon="-111.33982"><ele>0.0</ele></trkpt>
      <trkpt lat="38.07998" lon="-111.33984"><ele>0.0</ele></trkpt>
      <trkpt lat="38.08008" lon="-111.33985"><ele>0.0</ele></trkpt>
      <trkpt lat="38.08018" lon="-111.33985"><ele>0.0</ele></trkpt>
      <trkpt lat="38.08028" lon="-111.33984"><ele>0.0</ele></trkpt>
      <trkpt lat="38.08034" lon="-111.33984"><ele>0.0</ele></trkpt>
      <trkpt lat="38.08057" lon="-111.33979"><ele>0.0</ele></trkpt>
      <trkpt lat="38.08068" lon="-111.33975"><ele>0.0</ele></trkpt>
      <trkpt lat="38.08086" lon="-111.33963"><ele>0.0</ele></trkpt>
      <trkpt lat="38.08093" lon="-111.33959"><ele>0.0</ele></trkpt>
      <trkpt lat="38.08109" lon="-111.33945"><ele>0.0</ele></trkpt>
      <trkpt lat="38.08111" lon="-111.33942"><ele>0.0</ele></trkpt>
      <trkpt lat="38.08269" lon="-111.3379"><ele>0.0</ele></trkpt>
      <trkpt lat="38.08302" lon="-111.3376"><ele>0.0</ele></trkpt>
      <trkpt lat="38.08331" lon="-111.33731"><ele>0.0</ele></trkpt>
      <trkpt lat="38.08368" lon="-111.33699"><ele>0.0</ele></trkpt>
      <trkpt lat="38.08373" lon="-111.33696"><ele>0.0</ele></trkpt>
      <trkpt lat="38.08385" lon="-111.3369"><ele>0.0</ele></trkpt>
      <trkpt lat="38.08386" lon="-111.33689"><ele>0.0</ele></trkpt>
      <trkpt lat="38.08399" lon="-111.33684"><ele>0.0</ele></trkpt>
      <trkpt lat="38.08419" lon="-111.33678"><ele>0.0</ele></trkpt>
      <trkpt lat="38.08437" lon="-111.33677"><ele>0.0</ele></trkpt>
      <trkpt lat="38.08457" lon="-111.33677"><ele>0.0</ele></trkpt>
      <trkpt lat="38.08473" lon="-111.33681"><ele>0.0</ele></trkpt>
      <trkpt lat="38.08474" lon="-111.33681"><ele>0.0</ele></trkpt>
      <trkpt lat="38.0849" lon="-111.33688"><ele>0.0</ele></trkpt>
      <trkpt lat="38.08504" lon="-111.33695"><ele>0.0</ele></trkpt>
      <trkpt lat="38.08523" lon="-111.33708"><ele>0.0</ele></trkpt>
      <trkpt lat="38.08538" lon="-111.3372"><ele>0.0</ele></trkpt>
      <trkpt lat="38.0854" lon="-111.33722"><ele>0.0</ele></trkpt>
      <trkpt lat="38.08563" lon="-111.33741"><ele>0.0</ele></trkpt>
      <trkpt lat="38.08572" lon="-111.3375"><ele>0.0</ele></trkpt>
      <trkpt lat="38.08589" lon="-111.33771"><ele>0.0</ele></trkpt>
      <trkpt lat="38.08602" lon="-111.33794"><ele>0.0</ele></trkpt>
      <trkpt lat="38.08603" lon="-111.33797"><ele>0.0</ele></trkpt>
      <trkpt lat="38.08606" lon="-111.33803"><ele>0.0</ele></trkpt>
      <trkpt lat="38.08624" lon="-111.33846"><ele>0.0</ele></trkpt>
      <trkpt lat="38.08635" lon="-111.33878"><ele>0.0</ele></trkpt>
      <trkpt lat="38.08637" lon="-111.33882"><ele>0.0</ele></trkpt>
      <trkpt lat="38.08642" lon="-111.33897"><ele>0.0</ele></trkpt>
      <trkpt lat="38.08647" lon="-111.33921"><ele>0.0</ele></trkpt>
      <trkpt lat="38.08647" lon="-111.33922"><ele>0.0</ele></trkpt>
      <trkpt lat="38.08649" lon="-111.33935"><ele>0.0</ele></trkpt>
      <trkpt lat="38.08649" lon="-111.33967"><ele>0.0</ele></trkpt>
      <trkpt lat="38.08648" lon="-111.33982"><ele>0.0</ele></trkpt>
      <trkpt lat="38.08648" lon="-111.3399"><ele>0.0</ele></trkpt>
      <trkpt lat="38.08647" lon="-111.33998"><ele>0.0</ele></trkpt>
      <trkpt lat="38.08647" lon="-111.34031"><ele>0.0</ele></trkpt>
      <trkpt lat="38.0865" lon="-111.34059"><ele>0.0</ele></trkpt>
      <trkpt lat="38.08656" lon="-111.3409"><ele>0.0</ele></trkpt>
      <trkpt lat="38.08659" lon="-111.34102"><ele>0.0</ele></trkpt>
      <trkpt lat="38.08663" lon="-111.34125"><ele>0.0</ele></trkpt>
      <trkpt lat="38.08666" lon="-111.34136"><ele>0.0</ele></trkpt>
      <trkpt lat="38.08675" lon="-111.34192"><ele>0.0</ele></trkpt>
      <trkpt lat="38.08681" lon="-111.3426"><ele>0.0</ele></trkpt>
      <trkpt lat="38.08682" lon="-111.34261"><ele>0.0</ele></trkpt>
      <trkpt lat="38.08688" lon="-111.34328"><ele>0.0</ele></trkpt>
      <trkpt lat="38.08694" lon="-111.34355"><ele>0.0</ele></trkpt>
      <trkpt lat="38.08701" lon="-111.34371"><ele>0.0</ele></trkpt>
      <trkpt lat="38.08706" lon="-111.34379"><ele>0.0</ele></trkpt>
      <trkpt lat="38.08712" lon="-111.34387"><ele>0.0</ele></trkpt>
      <trkpt lat="38.08722" lon="-111.34397"><ele>0.0</ele></trkpt>
      <trkpt lat="38.08732" lon="-111.34404"><ele>0.0</ele></trkpt>
      <trkpt lat="38.08747" lon="-111.34411"><ele>0.0</ele></trkpt>
      <trkpt lat="38.08758" lon="-111.34413"><ele>0.0</ele></trkpt>
      <trkpt lat="38.08769" lon="-111.34413"><ele>0.0</ele></trkpt>
      <trkpt lat="38.08782" lon="-111.34411"><ele>0.0</ele></trkpt>
      <trkpt lat="38.08796" lon="-111.34404"><ele>0.0</ele></trkpt>
      <trkpt lat="38.08808" lon="-111.34396"><ele>0.0</ele></trkpt>
      <trkpt lat="38.08833" lon="-111.34375"><ele>0.0</ele></trkpt>
      <trkpt lat="38.08842" lon="-111.34366"><ele>0.0</ele></trkpt>
      <trkpt lat="38.08852" lon="-111.34358"><ele>0.0</ele></trkpt>
      <trkpt lat="38.08857" lon="-111.34353"><ele>0.0</ele></trkpt>
      <trkpt lat="38.08863" lon="-111.34349"><ele>0.0</ele></trkpt>
      <trkpt lat="38.08874" lon="-111.3434"><ele>0.0</ele></trkpt>
      <trkpt lat="38.08886" lon="-111.34333"><ele>0.0</ele></trkpt>
      <trkpt lat="38.08906" lon="-111.34325"><ele>0.0</ele></trkpt>
      <trkpt lat="38.08913" lon="-111.34323"><ele>0.0</ele></trkpt>
      <trkpt lat="38.08924" lon="-111.34321"><ele>0.0</ele></trkpt>
      <trkpt lat="38.08941" lon="-111.34321"><ele>0.0</ele></trkpt>
      <trkpt lat="38.08956" lon="-111.34324"><ele>0.0</ele></trkpt>
      <trkpt lat="38.08971" lon="-111.3433"><ele>0.0</ele></trkpt>
      <trkpt lat="38.0899" lon="-111.34341"><ele>0.0</ele></trkpt>
      <trkpt lat="38.08993" lon="-111.34344"><ele>0.0</ele></trkpt>
      <trkpt lat="38.09006" lon="-111.34352"><ele>0.0</ele></trkpt>
      <trkpt lat="38.09012" lon="-111.34357"><ele>0.0</ele></trkpt>
      <trkpt lat="38.09053" lon="-111.34386"><ele>0.0</ele></trkpt>
      <trkpt lat="38.09099" lon="-111.34416"><ele>0.0</ele></trkpt>
      <trkpt lat="38.091" lon="-111.34418"><ele>0.0</ele></trkpt>
      <trkpt lat="38.09108" lon="-111.34424"><ele>0.0</ele></trkpt>
      <trkpt lat="38.09118" lon="-111.34433"><ele>0.0</ele></trkpt>
      <trkpt lat="38.09131" lon="-111.34449"><ele>0.0</ele></trkpt>
      <trkpt lat="38.0914" lon="-111.34467"><ele>0.0</ele></trkpt>
      <trkpt lat="38.09151" lon="-111.34495"><ele>0.0</ele></trkpt>
      <trkpt lat="38.09161" lon="-111.34525"><ele>0.0</ele></trkpt>
      <trkpt lat="38.09166" lon="-111.34535"><ele>0.0</ele></trkpt>
      <trkpt lat="38.09173" lon="-111.34547"><ele>0.0</ele></trkpt>
      <trkpt lat="38.0918" lon="-111.34556"><ele>0.0</ele></trkpt>
      <trkpt lat="38.09188" lon="-111.34563"><ele>0.0</ele></trkpt>
      <trkpt lat="38.092" lon="-111.34571"><ele>0.0</ele></trkpt>
      <trkpt lat="38.09201" lon="-111.34572"><ele>0.0</ele></trkpt>
      <trkpt lat="38.09206" lon="-111.34575"><ele>0.0</ele></trkpt>
      <trkpt lat="38.09213" lon="-111.34577"><ele>0.0</ele></trkpt>
      <trkpt lat="38.09221" lon="-111.3458"><ele>0.0</ele></trkpt>
      <trkpt lat="38.09236" lon="-111.34582"><ele>0.0</ele></trkpt>
      <trkpt lat="38.09246" lon="-111.34582"><ele>0.0</ele></trkpt>
      <trkpt lat="38.09269" lon="-111.34578"><ele>0.0</ele></trkpt>
      <trkpt lat="38.09272" lon="-111.34577"><ele>0.0</ele></trkpt>
      <trkpt lat="38.09289" lon="-111.34575"><ele>0.0</ele></trkpt>
      <trkpt lat="38.09307" lon="-111.34572"><ele>0.0</ele></trkpt>
      <trkpt lat="38.09325" lon="-111.34568"><ele>0.0</ele></trkpt>
      <trkpt lat="38.09327" lon="-111.34568"><ele>0.0</ele></trkpt>
      <trkpt lat="38.09363" lon="-111.34562"><ele>0.0</ele></trkpt>
      <trkpt lat="38.09394" lon="-111.34555"><ele>0.0</ele></trkpt>
      <trkpt lat="38.09409" lon="-111.34549"><ele>0.0</ele></trkpt>
      <trkpt lat="38.09435" lon="-111.34535"><ele>0.0</ele></trkpt>
      <trkpt lat="38.09442" lon="-111.3453"><ele>0.0</ele></trkpt>
      <trkpt lat="38.0945" lon="-111.34523"><ele>0.0</ele></trkpt>
      <trkpt lat="38.09464" lon="-111.34508"><ele>0.0</ele></trkpt>
      <trkpt lat="38.09548" lon="-111.34405"><ele>0.0</ele></trkpt>
      <trkpt lat="38.0957" lon="-111.34375"><ele>0.0</ele></trkpt>
      <trkpt lat="38.09584" lon="-111.34353"><ele>0.0</ele></trkpt>
      <trkpt lat="38.09646" lon="-111.34237"><ele>0.0</ele></trkpt>
      <trkpt lat="38.09647" lon="-111.34237"><ele>0.0</ele></trkpt>
      <trkpt lat="38.09719" lon="-111.34097"><ele>0.0</ele></trkpt>
      <trkpt lat="38.09725" lon="-111.34084"><ele>0.0</ele></trkpt>
      <trkpt lat="38.09745" lon="-111.34046"><ele>0.0</ele></trkpt>
      <trkpt lat="38.09747" lon="-111.34043"><ele>0.0</ele></trkpt>
      <trkpt lat="38.09757" lon="-111.34025"><ele>0.0</ele></trkpt>
      <trkpt lat="38.09776" lon="-111.33998"><ele>0.0</ele></trkpt>
      <trkpt lat="38.09788" lon="-111.33983"><ele>0.0</ele></trkpt>
      <trkpt lat="38.09822" lon="-111.33951"><ele>0.0</ele></trkpt>
      <trkpt lat="38.09838" lon="-111.3394"><ele>0.0</ele></trkpt>
      <trkpt lat="38.09843" lon="-111.33936"><ele>0.0</ele></trkpt>
      <trkpt lat="38.0988" lon="-111.33915"><ele>0.0</ele></trkpt>
      <trkpt lat="38.09919" lon="-111.33891"><ele>0.0</ele></trkpt>
      <trkpt lat="38.09936" lon="-111.33875"><ele>0.0</ele></trkpt>
      <trkpt lat="38.09946" lon="-111.3386"><ele>0.0</ele></trkpt>
      <trkpt lat="38.09951" lon="-111.33851"><ele>0.0</ele></trkpt>
      <trkpt lat="38.09954" lon="-111.33844"><ele>0.0</ele></trkpt>
      <trkpt lat="38.09956" lon="-111.33837"><ele>0.0</ele></trkpt>
      <trkpt lat="38.0996" lon="-111.33827"><ele>0.0</ele></trkpt>
      <trkpt lat="38.09967" lon="-111.33804"><ele>0.0</ele></trkpt>
      <trkpt lat="38.0997" lon="-111.33799"><ele>0.0</ele></trkpt>
      <trkpt lat="38.0997" lon="-111.33798"><ele>0.0</ele></trkpt>
      <trkpt lat="38.09975" lon="-111.33788"><ele>0.0</ele></trkpt>
      <trkpt lat="38.09984" lon="-111.33774"><ele>0.0</ele></trkpt>
      <trkpt lat="38.09995" lon="-111.33761"><ele>0.0</ele></trkpt>
      <trkpt lat="38.10007" lon="-111.3375"><ele>0.0</ele></trkpt>
      <trkpt lat="38.10025" lon="-111.3374"><ele>0.0</ele></trkpt>
      <trkpt lat="38.10035" lon="-111.33736"><ele>0.0</ele></trkpt>
      <trkpt lat="38.10046" lon="-111.33734"><ele>0.0</ele></trkpt>
      <trkpt lat="38.10088" lon="-111.3373"><ele>0.0</ele></trkpt>
      <trkpt lat="38.10094" lon="-111.33729"><ele>0.0</ele></trkpt>
      <trkpt lat="38.10207" lon="-111.33717"><ele>0.0</ele></trkpt>
      <trkpt lat="38.10213" lon="-111.33717"><ele>0.0</ele></trkpt>
      <trkpt lat="38.10244" lon="-111.33713"><ele>0.0</ele></trkpt>
      <trkpt lat="38.10253" lon="-111.33711"><ele>0.0</ele></trkpt>
      <trkpt lat="38.10266" lon="-111.33707"><ele>0.0</ele></trkpt>
      <trkpt lat="38.10276" lon="-111.33702"><ele>0.0</ele></trkpt>
      <trkpt lat="38.1029" lon="-111.33693"><ele>0.0</ele></trkpt>
      <trkpt lat="38.10293" lon="-111.3369"><ele>0.0</ele></trkpt>
      <trkpt lat="38.10298" lon="-111.33687"><ele>0.0</ele></trkpt>
      <trkpt lat="38.10306" lon="-111.33679"><ele>0.0</ele></trkpt>
      <trkpt lat="38.10324" lon="-111.33668"><ele>0.0</ele></trkpt>
      <trkpt lat="38.10344" lon="-111.33662"><ele>0.0</ele></trkpt>
      <trkpt lat="38.10359" lon="-111.3366"><ele>0.0</ele></trkpt>
      <trkpt lat="38.10367" lon="-111.3366"><ele>0.0</ele></trkpt>
      <trkpt lat="38.10377" lon="-111.33662"><ele>0.0</ele></trkpt>
      <trkpt lat="38.10379" lon="-111.33663"><ele>0.0</ele></trkpt>
      <trkpt lat="38.10387" lon="-111.33665"><ele>0.0</ele></trkpt>
      <trkpt lat="38.10394" lon="-111.33669"><ele>0.0</ele></trkpt>
      <trkpt lat="38.10395" lon="-111.33669"><ele>0.0</ele></trkpt>
      <trkpt lat="38.10399" lon="-111.33671"><ele>0.0</ele></trkpt>
      <trkpt lat="38.1041" lon="-111.33678"><ele>0.0</ele></trkpt>
      <trkpt lat="38.10426" lon="-111.33691"><ele>0.0</ele></trkpt>
      <trkpt lat="38.10445" lon="-111.3371"><ele>0.0</ele></trkpt>
      <trkpt lat="38.10453" lon="-111.3372"><ele>0.0</ele></trkpt>
      <trkpt lat="38.10457" lon="-111.33724"><ele>0.0</ele></trkpt>
      <trkpt lat="38.10465" lon="-111.33735"><ele>0.0</ele></trkpt>
      <trkpt lat="38.10483" lon="-111.33763"><ele>0.0</ele></trkpt>
      <trkpt lat="38.10496" lon="-111.33788"><ele>0.0</ele></trkpt>
      <trkpt lat="38.10498" lon="-111.33791"><ele>0.0</ele></trkpt>
      <trkpt lat="38.10504" lon="-111.33802"><ele>0.0</ele></trkpt>
      <trkpt lat="38.10509" lon="-111.3381"><ele>0.0</ele></trkpt>
      <trkpt lat="38.10515" lon="-111.33822"><ele>0.0</ele></trkpt>
      <trkpt lat="38.10519" lon="-111.33828"><ele>0.0</ele></trkpt>
      <trkpt lat="38.10519" lon="-111.33829"><ele>0.0</ele></trkpt>
      <trkpt lat="38.10544" lon="-111.3387"><ele>0.0</ele></trkpt>
      <trkpt lat="38.10557" lon="-111.33889"><ele>0.0</ele></trkpt>
      <trkpt lat="38.10563" lon="-111.33895"><ele>0.0</ele></trkpt>
      <trkpt lat="38.10566" lon="-111.33897"><ele>0.0</ele></trkpt>
      <trkpt lat="38.10572" lon="-111.33902"><ele>0.0</ele></trkpt>
      <trkpt lat="38.10578" lon="-111.33906"><ele>0.0</ele></trkpt>
      <trkpt lat="38.10589" lon="-111.33912"><ele>0.0</ele></trkpt>
      <trkpt lat="38.10598" lon="-111.33916"><ele>0.0</ele></trkpt>
      <trkpt lat="38.10608" lon="-111.33918"><ele>0.0</ele></trkpt>
      <trkpt lat="38.10619" lon="-111.33921"><ele>0.0</ele></trkpt>
      <trkpt lat="38.10643" lon="-111.33921"><ele>0.0</ele></trkpt>
      <trkpt lat="38.1065" lon="-111.33919"><ele>0.0</ele></trkpt>
      <trkpt lat="38.10667" lon="-111.33913"><ele>0.0</ele></trkpt>
      <trkpt lat="38.10683" lon="-111.33901"><ele>0.0</ele></trkpt>
      <trkpt lat="38.10695" lon="-111.33891"><ele>0.0</ele></trkpt>
      <trkpt lat="38.10708" lon="-111.33873"><ele>0.0</ele></trkpt>
      <trkpt lat="38.10715" lon="-111.33861"><ele>0.0</ele></trkpt>
      <trkpt lat="38.10723" lon="-111.33843"><ele>0.0</ele></trkpt>
      <trkpt lat="38.10815" lon="-111.33614"><ele>0.0</ele></trkpt>
      <trkpt lat="38.10825" lon="-111.33593"><ele>0.0</ele></trkpt>
      <trkpt lat="38.10849" lon="-111.33534"><ele>0.0</ele></trkpt>
      <trkpt lat="38.10863" lon="-111.33509"><ele>0.0</ele></trkpt>
      <trkpt lat="38.10869" lon="-111.33501"><ele>0.0</ele></trkpt>
      <trkpt lat="38.1087" lon="-111.33501"><ele>0.0</ele></trkpt>
      <trkpt lat="38.10876" lon="-111.33494"><ele>0.0</ele></trkpt>
      <trkpt lat="38.10884" lon="-111.33487"><ele>0.0</ele></trkpt>
      <trkpt lat="38.10899" lon="-111.33476"><ele>0.0</ele></trkpt>
      <trkpt lat="38.10916" lon="-111.33466"><ele>0.0</ele></trkpt>
      <trkpt lat="38.10927" lon="-111.33458"><ele>0.0</ele></trkpt>
      <trkpt lat="38.1093" lon="-111.33457"><ele>0.0</ele></trkpt>
      <trkpt lat="38.1093" lon="-111.33456"><ele>0.0</ele></trkpt>
      <trkpt lat="38.10946" lon="-111.33445"><ele>0.0</ele></trkpt>
      <trkpt lat="38.10955" lon="-111.33438"><ele>0.0</ele></trkpt>
      <trkpt lat="38.1096" lon="-111.33433"><ele>0.0</ele></trkpt>
      <trkpt lat="38.10966" lon="-111.33428"><ele>0.0</ele></trkpt>
      <trkpt lat="38.10973" lon="-111.3342"><ele>0.0</ele></trkpt>
      <trkpt lat="38.10981" lon="-111.33407"><ele>0.0</ele></trkpt>
      <trkpt lat="38.10989" lon="-111.33392"><ele>0.0</ele></trkpt>
      <trkpt lat="38.10994" lon="-111.3338"><ele>0.0</ele></trkpt>
      <trkpt lat="38.10998" lon="-111.33367"><ele>0.0</ele></trkpt>
      <trkpt lat="38.11003" lon="-111.33336"><ele>0.0</ele></trkpt>
      <trkpt lat="38.11003" lon="-111.33327"><ele>0.0</ele></trkpt>
      <trkpt lat="38.11002" lon="-111.33313"><ele>0.0</ele></trkpt>
      <trkpt lat="38.10987" lon="-111.33198"><ele>0.0</ele></trkpt>
      <trkpt lat="38.1098" lon="-111.33156"><ele>0.0</ele></trkpt>
      <trkpt lat="38.1097" lon="-111.33079"><ele>0.0</ele></trkpt>
      <trkpt lat="38.1097" lon="-111.33056"><ele>0.0</ele></trkpt>
      <trkpt lat="38.10971" lon="-111.33043"><ele>0.0</ele></trkpt>
      <trkpt lat="38.10971" lon="-111.33031"><ele>0.0</ele></trkpt>
      <trkpt lat="38.10977" lon="-111.3301"><ele>0.0</ele></trkpt>
      <trkpt lat="38.10981" lon="-111.33"><ele>0.0</ele></trkpt>
      <trkpt lat="38.10988" lon="-111.32985"><ele>0.0</ele></trkpt>
      <trkpt lat="38.10991" lon="-111.3298"><ele>0.0</ele></trkpt>
      <trkpt lat="38.11003" lon="-111.32963"><ele>0.0</ele></trkpt>
      <trkpt lat="38.11022" lon="-111.32945"><ele>0.0</ele></trkpt>
      <trkpt lat="38.1103" lon="-111.3294"><ele>0.0</ele></trkpt>
      <trkpt lat="38.11045" lon="-111.32932"><ele>0.0</ele></trkpt>
      <trkpt lat="38.11066" lon="-111.32925"><ele>0.0</ele></trkpt>
      <trkpt lat="38.11067" lon="-111.32925"><ele>0.0</ele></trkpt>
      <trkpt lat="38.11081" lon="-111.32922"><ele>0.0</ele></trkpt>
      <trkpt lat="38.11094" lon="-111.32923"><ele>0.0</ele></trkpt>
      <trkpt lat="38.11117" lon="-111.3293"><ele>0.0</ele></trkpt>
      <trkpt lat="38.11138" lon="-111.32942"><ele>0.0</ele></trkpt>
      <trkpt lat="38.11178" lon="-111.32985"><ele>0.0</ele></trkpt>
      <trkpt lat="38.11209" lon="-111.33009"><ele>0.0</ele></trkpt>
      <trkpt lat="38.11235" lon="-111.33017"><ele>0.0</ele></trkpt>
      <trkpt lat="38.11267" lon="-111.33021"><ele>0.0</ele></trkpt>
      <trkpt lat="38.113" lon="-111.33011"><ele>0.0</ele></trkpt>
      <trkpt lat="38.11347" lon="-111.32991"><ele>0.0</ele></trkpt>
      <trkpt lat="38.1137" lon="-111.32984"><ele>0.0</ele></trkpt>
      <trkpt lat="38.11399" lon="-111.32983"><ele>0.0</ele></trkpt>
      <trkpt lat="38.11419" lon="-111.32985"><ele>0.0</ele></trkpt>
      <trkpt lat="38.11437" lon="-111.32986"><ele>0.0</ele></trkpt>
      <trkpt lat="38.11455" lon="-111.32985"><ele>0.0</ele></trkpt>
      <trkpt lat="38.11523" lon="-111.32967"><ele>0.0</ele></trkpt>
      <trkpt lat="38.11599" lon="-111.32944"><ele>0.0</ele></trkpt>
      <trkpt lat="38.11624" lon="-111.32934"><ele>0.0</ele></trkpt>
      <trkpt lat="38.11656" lon="-111.32911"><ele>0.0</ele></trkpt>
      <trkpt lat="38.11672" lon="-111.32893"><ele>0.0</ele></trkpt>
      <trkpt lat="38.11683" lon="-111.32878"><ele>0.0</ele></trkpt>
      <trkpt lat="38.11714" lon="-111.32829"><ele>0.0</ele></trkpt>
      <trkpt lat="38.11725" lon="-111.32809"><ele>0.0</ele></trkpt>
      <trkpt lat="38.11735" lon="-111.32785"><ele>0.0</ele></trkpt>
      <trkpt lat="38.11743" lon="-111.32756"><ele>0.0</ele></trkpt>
      <trkpt lat="38.11749" lon="-111.3273"><ele>0.0</ele></trkpt>
      <trkpt lat="38.11758" lon="-111.32703"><ele>0.0</ele></trkpt>
      <trkpt lat="38.11763" lon="-111.32693"><ele>0.0</ele></trkpt>
      <trkpt lat="38.11768" lon="-111.32681"><ele>0.0</ele></trkpt>
      <trkpt lat="38.11773" lon="-111.32674"><ele>0.0</ele></trkpt>
      <trkpt lat="38.11783" lon="-111.32658"><ele>0.0</ele></trkpt>
      <trkpt lat="38.11799" lon="-111.32636"><ele>0.0</ele></trkpt>
      <trkpt lat="38.11824" lon="-111.32608"><ele>0.0</ele></trkpt>
      <trkpt lat="38.11838" lon="-111.32595"><ele>0.0</ele></trkpt>
      <trkpt lat="38.11855" lon="-111.32585"><ele>0.0</ele></trkpt>
      <trkpt lat="38.11882" lon="-111.32575"><ele>0.0</ele></trkpt>
      <trkpt lat="38.119" lon="-111.32571"><ele>0.0</ele></trkpt>
      <trkpt lat="38.11906" lon="-111.32571"><ele>0.0</ele></trkpt>
      <trkpt lat="38.11918" lon="-111.3257"><ele>0.0</ele></trkpt>
      <trkpt lat="38.11939" lon="-111.32574"><ele>0.0</ele></trkpt>
      <trkpt lat="38.11959" lon="-111.32584"><ele>0.0</ele></trkpt>
      <trkpt lat="38.11959" lon="-111.32585"><ele>0.0</ele></trkpt>
      <trkpt lat="38.11974" lon="-111.32596"><ele>0.0</ele></trkpt>
      <trkpt lat="38.1201" lon="-111.32636"><ele>0.0</ele></trkpt>
      <trkpt lat="38.12014" lon="-111.32642"><ele>0.0</ele></trkpt>
      <trkpt lat="38.12029" lon="-111.32661"><ele>0.0</ele></trkpt>
      <trkpt lat="38.12036" lon="-111.32671"><ele>0.0</ele></trkpt>
      <trkpt lat="38.12137" lon="-111.32876"><ele>0.0</ele></trkpt>
      <trkpt lat="38.12157" lon="-111.32912"><ele>0.0</ele></trkpt>
      <trkpt lat="38.12195" lon="-111.32962"><ele>0.0</ele></trkpt>
      <trkpt lat="38.12216" lon="-111.32984"><ele>0.0</ele></trkpt>
      <trkpt lat="38.12253" lon="-111.33013"><ele>0.0</ele></trkpt>
      <trkpt lat="38.12273" lon="-111.33026"><ele>0.0</ele></trkpt>
      <trkpt lat="38.12303" lon="-111.33039"><ele>0.0</ele></trkpt>
      <trkpt lat="38.12333" lon="-111.3305"><ele>0.0</ele></trkpt>
      <trkpt lat="38.12347" lon="-111.33054"><ele>0.0</ele></trkpt>
      <trkpt lat="38.1237" lon="-111.33058"><ele>0.0</ele></trkpt>
      <trkpt lat="38.12388" lon="-111.3306"><ele>0.0</ele></trkpt>
      <trkpt lat="38.12408" lon="-111.33061"><ele>0.0</ele></trkpt>
      <trkpt lat="38.12421" lon="-111.33061"><ele>0.0</ele></trkpt>
      <trkpt lat="38.12434" lon="-111.33059"><ele>0.0</ele></trkpt>
      <trkpt lat="38.12462" lon="-111.33046"><ele>0.0</ele></trkpt>
      <trkpt lat="38.12473" lon="-111.33038"><ele>0.0</ele></trkpt>
      <trkpt lat="38.12482" lon="-111.33028"><ele>0.0</ele></trkpt>
      <trkpt lat="38.12492" lon="-111.33015"><ele>0.0</ele></trkpt>
      <trkpt lat="38.12511" lon="-111.32981"><ele>0.0</ele></trkpt>
      <trkpt lat="38.1252" lon="-111.32967"><ele>0.0</ele></trkpt>
      <trkpt lat="38.12532" lon="-111.32954"><ele>0.0</ele></trkpt>
      <trkpt lat="38.12545" lon="-111.32943"><ele>0.0</ele></trkpt>
      <trkpt lat="38.12556" lon="-111.32939"><ele>0.0</ele></trkpt>
      <trkpt lat="38.12561" lon="-111.32936"><ele>0.0</ele></trkpt>
      <trkpt lat="38.12593" lon="-111.32928"><ele>0.0</ele></trkpt>
      <trkpt lat="38.12627" lon="-111.32922"><ele>0.0</ele></trkpt>
      <trkpt lat="38.12628" lon="-111.32921"><ele>0.0</ele></trkpt>
      <trkpt lat="38.12662" lon="-111.32914"><ele>0.0</ele></trkpt>
      <trkpt lat="38.12665" lon="-111.32914"><ele>0.0</ele></trkpt>
      <trkpt lat="38.12692" lon="-111.32907"><ele>0.0</ele></trkpt>
      <trkpt lat="38.12697" lon="-111.32905"><ele>0.0</ele></trkpt>
      <trkpt lat="38.12715" lon="-111.329"><ele>0.0</ele></trkpt>
      <trkpt lat="38.12717" lon="-111.32899"><ele>0.0</ele></trkpt>
      <trkpt lat="38.12732" lon="-111.32894"><ele>0.0</ele></trkpt>
      <trkpt lat="38.12749" lon="-111.32887"><ele>0.0</ele></trkpt>
      <trkpt lat="38.12755" lon="-111.32885"><ele>0.0</ele></trkpt>
      <trkpt lat="38.12766" lon="-111.3288"><ele>0.0</ele></trkpt>
      <trkpt lat="38.12818" lon="-111.32859"><ele>0.0</ele></trkpt>
      <trkpt lat="38.12851" lon="-111.32849"><ele>0.0</ele></trkpt>
      <trkpt lat="38.12863" lon="-111.32849"><ele>0.0</ele></trkpt>
      <trkpt lat="38.12908" lon="-111.32856"><ele>0.0</ele></trkpt>
      <trkpt lat="38.12939" lon="-111.32858"><ele>0.0</ele></trkpt>
      <trkpt lat="38.13001" lon="-111.32857"><ele>0.0</ele></trkpt>
      <trkpt lat="38.13028" lon="-111.32855"><ele>0.0</ele></trkpt>
      <trkpt lat="38.13032" lon="-111.32855"><ele>0.0</ele></trkpt>
      <trkpt lat="38.13047" lon="-111.32853"><ele>0.0</ele></trkpt>
      <trkpt lat="38.13061" lon="-111.32848"><ele>0.0</ele></trkpt>
      <trkpt lat="38.13076" lon="-111.32839"><ele>0.0</ele></trkpt>
      <trkpt lat="38.13092" lon="-111.32827"><ele>0.0</ele></trkpt>
      <trkpt lat="38.13098" lon="-111.3282"><ele>0.0</ele></trkpt>
      <trkpt lat="38.13102" lon="-111.32816"><ele>0.0</ele></trkpt>
      <trkpt lat="38.13105" lon="-111.32812"><ele>0.0</ele></trkpt>
      <trkpt lat="38.13114" lon="-111.32802"><ele>0.0</ele></trkpt>
      <trkpt lat="38.13135" lon="-111.32776"><ele>0.0</ele></trkpt>
      <trkpt lat="38.13137" lon="-111.32774"><ele>0.0</ele></trkpt>
      <trkpt lat="38.13149" lon="-111.32757"><ele>0.0</ele></trkpt>
      <trkpt lat="38.1317" lon="-111.32732"><ele>0.0</ele></trkpt>
      <trkpt lat="38.13181" lon="-111.32721"><ele>0.0</ele></trkpt>
      <trkpt lat="38.13185" lon="-111.32716"><ele>0.0</ele></trkpt>
      <trkpt lat="38.13195" lon="-111.32708"><ele>0.0</ele></trkpt>
      <trkpt lat="38.132" lon="-111.32705"><ele>0.0</ele></trkpt>
      <trkpt lat="38.13206" lon="-111.32703"><ele>0.0</ele></trkpt>
      <trkpt lat="38.1321" lon="-111.32701"><ele>0.0</ele></trkpt>
      <trkpt lat="38.13224" lon="-111.32697"><ele>0.0</ele></trkpt>
      <trkpt lat="38.13235" lon="-111.32696"><ele>0.0</ele></trkpt>
      <trkpt lat="38.13249" lon="-111.32697"><ele>0.0</ele></trkpt>
      <trkpt lat="38.13263" lon="-111.32701"><ele>0.0</ele></trkpt>
      <trkpt lat="38.13273" lon="-111.32705"><ele>0.0</ele></trkpt>
      <trkpt lat="38.1329" lon="-111.32714"><ele>0.0</ele></trkpt>
      <trkpt lat="38.13391" lon="-111.32761"><ele>0.0</ele></trkpt>
      <trkpt lat="38.13394" lon="-111.32762"><ele>0.0</ele></trkpt>
      <trkpt lat="38.13424" lon="-111.32775"><ele>0.0</ele></trkpt>
      <trkpt lat="38.13491" lon="-111.32807"><ele>0.0</ele></trkpt>
      <trkpt lat="38.13501" lon="-111.32811"><ele>0.0</ele></trkpt>
      <trkpt lat="38.13516" lon="-111.32818"><ele>0.0</ele></trkpt>
      <trkpt lat="38.13517" lon="-111.32819"><ele>0.0</ele></trkpt>
      <trkpt lat="38.13623" lon="-111.32871"><ele>0.0</ele></trkpt>
      <trkpt lat="38.13676" lon="-111.32894"><ele>0.0</ele></trkpt>
      <trkpt lat="38.1371" lon="-111.32902"><ele>0.0</ele></trkpt>
      <trkpt lat="38.13714" lon="-111.32902"><ele>0.0</ele></trkpt>
      <trkpt lat="38.1375" lon="-111.32905"><ele>0.0</ele></trkpt>
      <trkpt lat="38.13756" lon="-111.32905"><ele>0.0</ele></trkpt>
      <trkpt lat="38.13799" lon="-111.32908"><ele>0.0</ele></trkpt>
      <trkpt lat="38.13804" lon="-111.32908"><ele>0.0</ele></trkpt>
      <trkpt lat="38.13822" lon="-111.3291"><ele>0.0</ele></trkpt>
      <trkpt lat="38.13826" lon="-111.3291"><ele>0.0</ele></trkpt>
      <trkpt lat="38.13861" lon="-111.32915"><ele>0.0</ele></trkpt>
      <trkpt lat="38.13889" lon="-111.3292"><ele>0.0</ele></trkpt>
      <trkpt lat="38.13928" lon="-111.32931"><ele>0.0</ele></trkpt>
      <trkpt lat="38.13941" lon="-111.32934"><ele>0.0</ele></trkpt>
      <trkpt lat="38.13958" lon="-111.32935"><ele>0.0</ele></trkpt>
      <trkpt lat="38.1397" lon="-111.32934"><ele>0.0</ele></trkpt>
      <trkpt lat="38.1398" lon="-111.32931"><ele>0.0</ele></trkpt>
      <trkpt lat="38.13982" lon="-111.3293"><ele>0.0</ele></trkpt>
      <trkpt lat="38.14007" lon="-111.32921"><ele>0.0</ele></trkpt>
      <trkpt lat="38.14016" lon="-111.32916"><ele>0.0</ele></trkpt>
      <trkpt lat="38.14033" lon="-111.32908"><ele>0.0</ele></trkpt>
      <trkpt lat="38.1404" lon="-111.32904"><ele>0.0</ele></trkpt>
      <trkpt lat="38.1405" lon="-111.329"><ele>0.0</ele></trkpt>
      <trkpt lat="38.14213" lon="-111.32823"><ele>0.0</ele></trkpt>
      <trkpt lat="38.14219" lon="-111.32822"><ele>0.0</ele></trkpt>
      <trkpt lat="38.1423" lon="-111.32819"><ele>0.0</ele></trkpt>
      <trkpt lat="38.14267" lon="-111.32812"><ele>0.0</ele></trkpt>
      <trkpt lat="38.1429" lon="-111.32811"><ele>0.0</ele></trkpt>
      <trkpt lat="38.14326" lon="-111.32811"><ele>0.0</ele></trkpt>
      <trkpt lat="38.14399" lon="-111.32814"><ele>0.0</ele></trkpt>
      <trkpt lat="38.14416" lon="-111.32813"><ele>0.0</ele></trkpt>
      <trkpt lat="38.14434" lon="-111.3281"><ele>0.0</ele></trkpt>
      <trkpt lat="38.14435" lon="-111.3281"><ele>0.0</ele></trkpt>
      <trkpt lat="38.14457" lon="-111.32803"><ele>0.0</ele></trkpt>
      <trkpt lat="38.1448" lon="-111.3279"><ele>0.0</ele></trkpt>
      <trkpt lat="38.14507" lon="-111.32771"><ele>0.0</ele></trkpt>
      <trkpt lat="38.14515" lon="-111.32764"><ele>0.0</ele></trkpt>
      <trkpt lat="38.14547" lon="-111.32742"><ele>0.0</ele></trkpt>
      <trkpt lat="38.14547" lon="-111.32741"><ele>0.0</ele></trkpt>
      <trkpt lat="38.14576" lon="-111.32712"><ele>0.0</ele></trkpt>
      <trkpt lat="38.14607" lon="-111.32687"><ele>0.0</ele></trkpt>
      <trkpt lat="38.14618" lon="-111.32681"><ele>0.0</ele></trkpt>
      <trkpt lat="38.14629" lon="-111.32676"><ele>0.0</ele></trkpt>
      <trkpt lat="38.14639" lon="-111.32673"><ele>0.0</ele></trkpt>
      <trkpt lat="38.14659" lon="-111.32671"><ele>0.0</ele></trkpt>
      <trkpt lat="38.1467" lon="-111.32673"><ele>0.0</ele></trkpt>
      <trkpt lat="38.14681" lon="-111.32676"><ele>0.0</ele></trkpt>
      <trkpt lat="38.14692" lon="-111.3268"><ele>0.0</ele></trkpt>
      <trkpt lat="38.147" lon="-111.32685"><ele>0.0</ele></trkpt>
      <trkpt lat="38.14713" lon="-111.32696"><ele>0.0</ele></trkpt>
      <trkpt lat="38.14722" lon="-111.32705"><ele>0.0</ele></trkpt>
      <trkpt lat="38.14731" lon="-111.32717"><ele>0.0</ele></trkpt>
      <trkpt lat="38.14745" lon="-111.32741"><ele>0.0</ele></trkpt>
      <trkpt lat="38.14751" lon="-111.32757"><ele>0.0</ele></trkpt>
      <trkpt lat="38.14787" lon="-111.32891"><ele>0.0</ele></trkpt>
      <trkpt lat="38.14788" lon="-111.32893"><ele>0.0</ele></trkpt>
      <trkpt lat="38.14792" lon="-111.32906"><ele>0.0</ele></trkpt>
      <trkpt lat="38.14854" lon="-111.3303"><ele>0.0</ele></trkpt>
      <trkpt lat="38.14918" lon="-111.33167"><ele>0.0</ele></trkpt>
      <trkpt lat="38.14942" lon="-111.33215"><ele>0.0</ele></trkpt>
      <trkpt lat="38.1495" lon="-111.33228"><ele>0.0</ele></trkpt>
      <trkpt lat="38.14961" lon="-111.33242"><ele>0.0</ele></trkpt>
      <trkpt lat="38.1497" lon="-111.33249"><ele>0.0</ele></trkpt>
      <trkpt lat="38.14993" lon="-111.3326"><ele>0.0</ele></trkpt>
      <trkpt lat="38.15016" lon="-111.33264"><ele>0.0</ele></trkpt>
      <trkpt lat="38.15029" lon="-111.33263"><ele>0.0</ele></trkpt>
      <trkpt lat="38.15046" lon="-111.33259"><ele>0.0</ele></trkpt>
      <trkpt lat="38.15047" lon="-111.33259"><ele>0.0</ele></trkpt>
      <trkpt lat="38.15056" lon="-111.33255"><ele>0.0</ele></trkpt>
      <trkpt lat="38.15073" lon="-111.33244"><ele>0.0</ele></trkpt>
      <trkpt lat="38.15108" lon="-111.33217"><ele>0.0</ele></trkpt>
      <trkpt lat="38.1511" lon="-111.33217"><ele>0.0</ele></trkpt>
      <trkpt lat="38.15128" lon="-111.33208"><ele>0.0</ele></trkpt>
      <trkpt lat="38.15137" lon="-111.33205"><ele>0.0</ele></trkpt>
      <trkpt lat="38.15144" lon="-111.33204"><ele>0.0</ele></trkpt>
      <trkpt lat="38.15148" lon="-111.33203"><ele>0.0</ele></trkpt>
      <trkpt lat="38.1516" lon="-111.33202"><ele>0.0</ele></trkpt>
      <trkpt lat="38.1517" lon="-111.33203"><ele>0.0</ele></trkpt>
      <trkpt lat="38.15184" lon="-111.33206"><ele>0.0</ele></trkpt>
      <trkpt lat="38.15194" lon="-111.3321"><ele>0.0</ele></trkpt>
      <trkpt lat="38.15206" lon="-111.33217"><ele>0.0</ele></trkpt>
      <trkpt lat="38.15215" lon="-111.33223"><ele>0.0</ele></trkpt>
      <trkpt lat="38.15235" lon="-111.33246"><ele>0.0</ele></trkpt>
      <trkpt lat="38.15246" lon="-111.33262"><ele>0.0</ele></trkpt>
      <trkpt lat="38.15252" lon="-111.33268"><ele>0.0</ele></trkpt>
      <trkpt lat="38.15257" lon="-111.33274"><ele>0.0</ele></trkpt>
      <trkpt lat="38.15267" lon="-111.33283"><ele>0.0</ele></trkpt>
      <trkpt lat="38.15275" lon="-111.33288"><ele>0.0</ele></trkpt>
      <trkpt lat="38.15292" lon="-111.33297"><ele>0.0</ele></trkpt>
      <trkpt lat="38.15335" lon="-111.33311"><ele>0.0</ele></trkpt>
      <trkpt lat="38.15352" lon="-111.33315"><ele>0.0</ele></trkpt>
      <trkpt lat="38.15356" lon="-111.33317"><ele>0.0</ele></trkpt>
      <trkpt lat="38.15423" lon="-111.33331"><ele>0.0</ele></trkpt>
      <trkpt lat="38.1543" lon="-111.33333"><ele>0.0</ele></trkpt>
      <trkpt lat="38.1544" lon="-111.33335"><ele>0.0</ele></trkpt>
      <trkpt lat="38.15479" lon="-111.33337"><ele>0.0</ele></trkpt>
      <trkpt lat="38.15491" lon="-111.33335"><ele>0.0</ele></trkpt>
      <trkpt lat="38.15495" lon="-111.33334"><ele>0.0</ele></trkpt>
      <trkpt lat="38.15508" lon="-111.33332"><ele>0.0</ele></trkpt>
      <trkpt lat="38.15512" lon="-111.3333"><ele>0.0</ele></trkpt>
      <trkpt lat="38.1553" lon="-111.33325"><ele>0.0</ele></trkpt>
      <trkpt lat="38.15564" lon="-111.33313"><ele>0.0</ele></trkpt>
      <trkpt lat="38.15565" lon="-111.33313"><ele>0.0</ele></trkpt>
      <trkpt lat="38.15615" lon="-111.33295"><ele>0.0</ele></trkpt>
      <trkpt lat="38.15616" lon="-111.33295"><ele>0.0</ele></trkpt>
      <trkpt lat="38.15639" lon="-111.3329"><ele>0.0</ele></trkpt>
      <trkpt lat="38.15652" lon="-111.33288"><ele>0.0</ele></trkpt>
      <trkpt lat="38.15667" lon="-111.33288"><ele>0.0</ele></trkpt>
      <trkpt lat="38.1567" lon="-111.33289"><ele>0.0</ele></trkpt>
      <trkpt lat="38.15684" lon="-111.33292"><ele>0.0</ele></trkpt>
      <trkpt lat="38.15703" lon="-111.33299"><ele>0.0</ele></trkpt>
      <trkpt lat="38.15704" lon="-111.333"><ele>0.0</ele></trkpt>
      <trkpt lat="38.15718" lon="-111.33308"><ele>0.0</ele></trkpt>
      <trkpt lat="38.15735" lon="-111.33323"><ele>0.0</ele></trkpt>
      <trkpt lat="38.15736" lon="-111.33323"><ele>0.0</ele></trkpt>
      <trkpt lat="38.15749" lon="-111.33336"><ele>0.0</ele></trkpt>
      <trkpt lat="38.1577" lon="-111.33354"><ele>0.0</ele></trkpt>
      <trkpt lat="38.15781" lon="-111.33361"><ele>0.0</ele></trkpt>
      <trkpt lat="38.15799" lon="-111.33368"><ele>0.0</ele></trkpt>
      <trkpt lat="38.15809" lon="-111.33371"><ele>0.0</ele></trkpt>
      <trkpt lat="38.15823" lon="-111.33373"><ele>0.0</ele></trkpt>
      <trkpt lat="38.15841" lon="-111.33371"><ele>0.0</ele></trkpt>
      <trkpt lat="38.15852" lon="-111.33369"><ele>0.0</ele></trkpt>
      <trkpt lat="38.15872" lon="-111.33363"><ele>0.0</ele></trkpt>
      <trkpt lat="38.15896" lon="-111.3336"><ele>0.0</ele></trkpt>
      <trkpt lat="38.15913" lon="-111.3336"><ele>0.0</ele></trkpt>
      <trkpt lat="38.15922" lon="-111.33362"><ele>0.0</ele></trkpt>
      <trkpt lat="38.15926" lon="-111.33362"><ele>0.0</ele></trkpt>
      <trkpt lat="38.15942" lon="-111.33369"><ele>0.0</ele></trkpt>
      <trkpt lat="38.15962" lon="-111.33379"><ele>0.0</ele></trkpt>
      <trkpt lat="38.16023" lon="-111.33422"><ele>0.0</ele></trkpt>
      <trkpt lat="38.16096" lon="-111.33479"><ele>0.0</ele></trkpt>
      <trkpt lat="38.161" lon="-111.33481"><ele>0.0</ele></trkpt>
      <trkpt lat="38.1613" lon="-111.33502"><ele>0.0</ele></trkpt>
      <trkpt lat="38.16131" lon="-111.33502"><ele>0.0</ele></trkpt>
      <trkpt lat="38.16152" lon="-111.3351"><ele>0.0</ele></trkpt>
      <trkpt lat="38.16182" lon="-111.33512"><ele>0.0</ele></trkpt>
      <trkpt lat="38.16191" lon="-111.33511"><ele>0.0</ele></trkpt>
      <trkpt lat="38.16201" lon="-111.33509"><ele>0.0</ele></trkpt>
      <trkpt lat="38.16206" lon="-111.33507"><ele>0.0</ele></trkpt>
      <trkpt lat="38.16207" lon="-111.33507"><ele>0.0</ele></trkpt>
      <trkpt lat="38.16227" lon="-111.33499"><ele>0.0</ele></trkpt>
      <trkpt lat="38.16233" lon="-111.33496"><ele>0.0</ele></trkpt>
      <trkpt lat="38.16243" lon="-111.33494"><ele>0.0</ele></trkpt>
      <trkpt lat="38.16254" lon="-111.33491"><ele>0.0</ele></trkpt>
      <trkpt lat="38.16269" lon="-111.33489"><ele>0.0</ele></trkpt>
      <trkpt lat="38.16278" lon="-111.3349"><ele>0.0</ele></trkpt>
      <trkpt lat="38.16289" lon="-111.33492"><ele>0.0</ele></trkpt>
      <trkpt lat="38.16304" lon="-111.33497"><ele>0.0</ele></trkpt>
      <trkpt lat="38.16322" lon="-111.33508"><ele>0.0</ele></trkpt>
      <trkpt lat="38.16351" lon="-111.33532"><ele>0.0</ele></trkpt>
      <trkpt lat="38.16365" lon="-111.33545"><ele>0.0</ele></trkpt>
      <trkpt lat="38.16424" lon="-111.33596"><ele>0.0</ele></trkpt>
      <trkpt lat="38.16455" lon="-111.33621"><ele>0.0</ele></trkpt>
      <trkpt lat="38.16489" lon="-111.33645"><ele>0.0</ele></trkpt>
      <trkpt lat="38.16529" lon="-111.3367"><ele>0.0</ele></trkpt>
      <trkpt lat="38.16584" lon="-111.33702"><ele>0.0</ele></trkpt>
      <trkpt lat="38.16601" lon="-111.33711"><ele>0.0</ele></trkpt>
      <trkpt lat="38.16603" lon="-111.33713"><ele>0.0</ele></trkpt>
      <trkpt lat="38.16621" lon="-111.33726"><ele>0.0</ele></trkpt>
      <trkpt lat="38.16631" lon="-111.33735"><ele>0.0</ele></trkpt>
      <trkpt lat="38.16634" lon="-111.33737"><ele>0.0</ele></trkpt>
      <trkpt lat="38.16645" lon="-111.3375"><ele>0.0</ele></trkpt>
      <trkpt lat="38.16645" lon="-111.33751"><ele>0.0</ele></trkpt>
      <trkpt lat="38.16662" lon="-111.33773"><ele>0.0</ele></trkpt>
      <trkpt lat="38.1668" lon="-111.33802"><ele>0.0</ele></trkpt>
      <trkpt lat="38.16692" lon="-111.33819"><ele>0.0</ele></trkpt>
      <trkpt lat="38.16782" lon="-111.33958"><ele>0.0</ele></trkpt>
      <trkpt lat="38.16784" lon="-111.3396"><ele>0.0</ele></trkpt>
      <trkpt lat="38.16794" lon="-111.33979"><ele>0.0</ele></trkpt>
      <trkpt lat="38.168" lon="-111.33995"><ele>0.0</ele></trkpt>
      <trkpt lat="38.16805" lon="-111.34013"><ele>0.0</ele></trkpt>
      <trkpt lat="38.16809" lon="-111.34031"><ele>0.0</ele></trkpt>
      <trkpt lat="38.16825" lon="-111.3413"><ele>0.0</ele></trkpt>
      <trkpt lat="38.16826" lon="-111.34133"><ele>0.0</ele></trkpt>
      <trkpt lat="38.1683" lon="-111.34151"><ele>0.0</ele></trkpt>
      <trkpt lat="38.16832" lon="-111.34155"><ele>0.0</ele></trkpt>
      <trkpt lat="38.16835" lon="-111.34167"><ele>0.0</ele></trkpt>
      <trkpt lat="38.16839" lon="-111.34176"><ele>0.0</ele></trkpt>
      <trkpt lat="38.1684" lon="-111.34179"><ele>0.0</ele></trkpt>
      <trkpt lat="38.16857" lon="-111.34209"><ele>0.0</ele></trkpt>
      <trkpt lat="38.16865" lon="-111.34219"><ele>0.0</ele></trkpt>
      <trkpt lat="38.16874" lon="-111.34228"><ele>0.0</ele></trkpt>
      <trkpt lat="38.16886" lon="-111.34238"><ele>0.0</ele></trkpt>
      <trkpt lat="38.169" lon="-111.34247"><ele>0.0</ele></trkpt>
      <trkpt lat="38.16911" lon="-111.34253"><ele>0.0</ele></trkpt>
      <trkpt lat="38.16926" lon="-111.3426"><ele>0.0</ele></trkpt>
      <trkpt lat="38.16981" lon="-111.34273"><ele>0.0</ele></trkpt>
      <trkpt lat="38.16982" lon="-111.34274"><ele>0.0</ele></trkpt>
      <trkpt lat="38.17044" lon="-111.34286"><ele>0.0</ele></trkpt>
      <trkpt lat="38.17081" lon="-111.34297"><ele>0.0</ele></trkpt>
      <trkpt lat="38.17102" lon="-111.3431"><ele>0.0</ele></trkpt>
      <trkpt lat="38.17229" lon="-111.34425"><ele>0.0</ele></trkpt>
      <trkpt lat="38.17264" lon="-111.34455"><ele>0.0</ele></trkpt>
      <trkpt lat="38.17278" lon="-111.34468"><ele>0.0</ele></trkpt>
      <trkpt lat="38.17315" lon="-111.34499"><ele>0.0</ele></trkpt>
      <trkpt lat="38.17333" lon="-111.34512"><ele>0.0</ele></trkpt>
      <trkpt lat="38.17352" lon="-111.3452"><ele>0.0</ele></trkpt>
      <trkpt lat="38.17375" lon="-111.34525"><ele>0.0</ele></trkpt>
      <trkpt lat="38.17382" lon="-111.34527"><ele>0.0</ele></trkpt>
      <trkpt lat="38.17414" lon="-111.34533"><ele>0.0</ele></trkpt>
      <trkpt lat="38.1748" lon="-111.3454"><ele>0.0</ele></trkpt>
      <trkpt lat="38.175" lon="-111.34543"><ele>0.0</ele></trkpt>
      <trkpt lat="38.17501" lon="-111.34543"><ele>0.0</ele></trkpt>
      <trkpt lat="38.17526" lon="-111.34552"><ele>0.0</ele></trkpt>
      <trkpt lat="38.17543" lon="-111.34561"><ele>0.0</ele></trkpt>
      <trkpt lat="38.1755" lon="-111.34567"><ele>0.0</ele></trkpt>
      <trkpt lat="38.17566" lon="-111.34579"><ele>0.0</ele></trkpt>
      <trkpt lat="38.17594" lon="-111.34606"><ele>0.0</ele></trkpt>
      <trkpt lat="38.17635" lon="-111.3465"><ele>0.0</ele></trkpt>
      <trkpt lat="38.17651" lon="-111.34665"><ele>0.0</ele></trkpt>
      <trkpt lat="38.17665" lon="-111.34676"><ele>0.0</ele></trkpt>
      <trkpt lat="38.17683" lon="-111.34687"><ele>0.0</ele></trkpt>
      <trkpt lat="38.17698" lon="-111.34694"><ele>0.0</ele></trkpt>
      <trkpt lat="38.177" lon="-111.34696"><ele>0.0</ele></trkpt>
      <trkpt lat="38.17715" lon="-111.34701"><ele>0.0</ele></trkpt>
      <trkpt lat="38.17731" lon="-111.34703"><ele>0.0</ele></trkpt>
      <trkpt lat="38.17751" lon="-111.34703"><ele>0.0</ele></trkpt>
      <trkpt lat="38.17759" lon="-111.34702"><ele>0.0</ele></trkpt>
      <trkpt lat="38.17779" lon="-111.34697"><ele>0.0</ele></trkpt>
      <trkpt lat="38.17792" lon="-111.34693"><ele>0.0</ele></trkpt>
      <trkpt lat="38.17838" lon="-111.34673"><ele>0.0</ele></trkpt>
      <trkpt lat="38.17853" lon="-111.34668"><ele>0.0</ele></trkpt>
      <trkpt lat="38.17864" lon="-111.34666"><ele>0.0</ele></trkpt>
      <trkpt lat="38.17877" lon="-111.34667"><ele>0.0</ele></trkpt>
      <trkpt lat="38.17888" lon="-111.34669"><ele>0.0</ele></trkpt>
      <trkpt lat="38.17898" lon="-111.34672"><ele>0.0</ele></trkpt>
      <trkpt lat="38.1791" lon="-111.34677"><ele>0.0</ele></trkpt>
      <trkpt lat="38.17919" lon="-111.34682"><ele>0.0</ele></trkpt>
      <trkpt lat="38.17933" lon="-111.34696"><ele>0.0</ele></trkpt>
      <trkpt lat="38.17949" lon="-111.34714"><ele>0.0</ele></trkpt>
      <trkpt lat="38.1795" lon="-111.34714"><ele>0.0</ele></trkpt>
      <trkpt lat="38.18096" lon="-111.34891"><ele>0.0</ele></trkpt>
      <trkpt lat="38.18111" lon="-111.34908"><ele>0.0</ele></trkpt>
      <trkpt lat="38.18128" lon="-111.34922"><ele>0.0</ele></trkpt>
      <trkpt lat="38.18146" lon="-111.34935"><ele>0.0</ele></trkpt>
      <trkpt lat="38.18164" lon="-111.34944"><ele>0.0</ele></trkpt>
      <trkpt lat="38.18192" lon="-111.34953"><ele>0.0</ele></trkpt>
      <trkpt lat="38.18205" lon="-111.34955"><ele>0.0</ele></trkpt>
      <trkpt lat="38.18221" lon="-111.34955"><ele>0.0</ele></trkpt>
      <trkpt lat="38.18289" lon="-111.34948"><ele>0.0</ele></trkpt>
      <trkpt lat="38.18338" lon="-111.34947"><ele>0.0</ele></trkpt>
      <trkpt lat="38.1835" lon="-111.3495"><ele>0.0</ele></trkpt>
      <trkpt lat="38.18366" lon="-111.34955"><ele>0.0</ele></trkpt>
      <trkpt lat="38.18389" lon="-111.34967"><ele>0.0</ele></trkpt>
      <trkpt lat="38.18404" lon="-111.34978"><ele>0.0</ele></trkpt>
      <trkpt lat="38.18484" lon="-111.35054"><ele>0.0</ele></trkpt>
      <trkpt lat="38.18508" lon="-111.35075"><ele>0.0</ele></trkpt>
      <trkpt lat="38.18528" lon="-111.35094"><ele>0.0</ele></trkpt>
      <trkpt lat="38.18546" lon="-111.35113"><ele>0.0</ele></trkpt>
      <trkpt lat="38.18591" lon="-111.35175"><ele>0.0</ele></trkpt>
      <trkpt lat="38.18594" lon="-111.3518"><ele>0.0</ele></trkpt>
      <trkpt lat="38.18616" lon="-111.35207"><ele>0.0</ele></trkpt>
      <trkpt lat="38.18636" lon="-111.35226"><ele>0.0</ele></trkpt>
      <trkpt lat="38.18647" lon="-111.35235"><ele>0.0</ele></trkpt>
      <trkpt lat="38.1869" lon="-111.35263"><ele>0.0</ele></trkpt>
      <trkpt lat="38.18694" lon="-111.35265"><ele>0.0</ele></trkpt>
      <trkpt lat="38.18717" lon="-111.35279"><ele>0.0</ele></trkpt>
      <trkpt lat="38.18736" lon="-111.35289"><ele>0.0</ele></trkpt>
      <trkpt lat="38.18752" lon="-111.35295"><ele>0.0</ele></trkpt>
      <trkpt lat="38.1877" lon="-111.35299"><ele>0.0</ele></trkpt>
      <trkpt lat="38.18813" lon="-111.35299"><ele>0.0</ele></trkpt>
      <trkpt lat="38.18837" lon="-111.35297"><ele>0.0</ele></trkpt>
      <trkpt lat="38.18866" lon="-111.35292"><ele>0.0</ele></trkpt>
      <trkpt lat="38.18908" lon="-111.35281"><ele>0.0</ele></trkpt>
      <trkpt lat="38.18919" lon="-111.35277"><ele>0.0</ele></trkpt>
      <trkpt lat="38.18945" lon="-111.35264"><ele>0.0</ele></trkpt>
      <trkpt lat="38.19033" lon="-111.3521"><ele>0.0</ele></trkpt>
      <trkpt lat="38.19033" lon="-111.35209"><ele>0.0</ele></trkpt>
      <trkpt lat="38.19113" lon="-111.35159"><ele>0.0</ele></trkpt>
      <trkpt lat="38.19114" lon="-111.35159"><ele>0.0</ele></trkpt>
      <trkpt lat="38.19236" lon="-111.35082"><ele>0.0</ele></trkpt>
      <trkpt lat="38.19262" lon="-111.35067"><ele>0.0</ele></trkpt>
      <trkpt lat="38.19276" lon="-111.35061"><ele>0.0</ele></trkpt>
      <trkpt lat="38.19276" lon="-111.3506"><ele>0.0</ele></trkpt>
      <trkpt lat="38.19281" lon="-111.35058"><ele>0.0</ele></trkpt>
      <trkpt lat="38.19293" lon="-111.35055"><ele>0.0</ele></trkpt>
      <trkpt lat="38.19302" lon="-111.35052"><ele>0.0</ele></trkpt>
      <trkpt lat="38.19311" lon="-111.3505"><ele>0.0</ele></trkpt>
      <trkpt lat="38.19338" lon="-111.35047"><ele>0.0</ele></trkpt>
      <trkpt lat="38.19353" lon="-111.35047"><ele>0.0</ele></trkpt>
      <trkpt lat="38.19366" lon="-111.35048"><ele>0.0</ele></trkpt>
      <trkpt lat="38.19387" lon="-111.35051"><ele>0.0</ele></trkpt>
      <trkpt lat="38.194" lon="-111.35055"><ele>0.0</ele></trkpt>
      <trkpt lat="38.19401" lon="-111.35055"><ele>0.0</ele></trkpt>
      <trkpt lat="38.19417" lon="-111.35061"><ele>0.0</ele></trkpt>
      <trkpt lat="38.19418" lon="-111.35061"><ele>0.0</ele></trkpt>
      <trkpt lat="38.19434" lon="-111.35067"><ele>0.0</ele></trkpt>
      <trkpt lat="38.19435" lon="-111.35067"><ele>0.0</ele></trkpt>
      <trkpt lat="38.19436" lon="-111.35068"><ele>0.0</ele></trkpt>
      <trkpt lat="38.19572" lon="-111.3512"><ele>0.0</ele></trkpt>
      <trkpt lat="38.19573" lon="-111.3512"><ele>0.0</ele></trkpt>
      <trkpt lat="38.1959" lon="-111.35126"><ele>0.0</ele></trkpt>
      <trkpt lat="38.19601" lon="-111.35131"><ele>0.0</ele></trkpt>
      <trkpt lat="38.19659" lon="-111.35151"><ele>0.0</ele></trkpt>
      <trkpt lat="38.19659" lon="-111.35152"><ele>0.0</ele></trkpt>
      <trkpt lat="38.19691" lon="-111.35163"><ele>0.0</ele></trkpt>
      <trkpt lat="38.19693" lon="-111.35164"><ele>0.0</ele></trkpt>
      <trkpt lat="38.19711" lon="-111.35168"><ele>0.0</ele></trkpt>
      <trkpt lat="38.19729" lon="-111.35169"><ele>0.0</ele></trkpt>
      <trkpt lat="38.19741" lon="-111.35169"><ele>0.0</ele></trkpt>
      <trkpt lat="38.19753" lon="-111.35167"><ele>0.0</ele></trkpt>
      <trkpt lat="38.19765" lon="-111.35166"><ele>0.0</ele></trkpt>
      <trkpt lat="38.19767" lon="-111.35165"><ele>0.0</ele></trkpt>
      <trkpt lat="38.19782" lon="-111.35161"><ele>0.0</ele></trkpt>
      <trkpt lat="38.19787" lon="-111.35159"><ele>0.0</ele></trkpt>
      <trkpt lat="38.19815" lon="-111.3515"><ele>0.0</ele></trkpt>
      <trkpt lat="38.19817" lon="-111.35149"><ele>0.0</ele></trkpt>
      <trkpt lat="38.19818" lon="-111.35149"><ele>0.0</ele></trkpt>
      <trkpt lat="38.19851" lon="-111.35135"><ele>0.0</ele></trkpt>
      <trkpt lat="38.19924" lon="-111.35109"><ele>0.0</ele></trkpt>
      <trkpt lat="38.19955" lon="-111.35103"><ele>0.0</ele></trkpt>
      <trkpt lat="38.19991" lon="-111.35099"><ele>0.0</ele></trkpt>
      <trkpt lat="38.2002" lon="-111.35094"><ele>0.0</ele></trkpt>
      <trkpt lat="38.20038" lon="-111.3509"><ele>0.0</ele></trkpt>
      <trkpt lat="38.2005" lon="-111.35085"><ele>0.0</ele></trkpt>
      <trkpt lat="38.20061" lon="-111.35077"><ele>0.0</ele></trkpt>
      <trkpt lat="38.20062" lon="-111.35077"><ele>0.0</ele></trkpt>
      <trkpt lat="38.20082" lon="-111.35061"><ele>0.0</ele></trkpt>
      <trkpt lat="38.20096" lon="-111.35045"><ele>0.0</ele></trkpt>
      <trkpt lat="38.20114" lon="-111.35021"><ele>0.0</ele></trkpt>
      <trkpt lat="38.20142" lon="-111.34992"><ele>0.0</ele></trkpt>
      <trkpt lat="38.20165" lon="-111.34971"><ele>0.0</ele></trkpt>
      <trkpt lat="38.2019" lon="-111.34954"><ele>0.0</ele></trkpt>
      <trkpt lat="38.20208" lon="-111.34943"><ele>0.0</ele></trkpt>
      <trkpt lat="38.20231" lon="-111.34933"><ele>0.0</ele></trkpt>
      <trkpt lat="38.2024" lon="-111.3493"><ele>0.0</ele></trkpt>
      <trkpt lat="38.20241" lon="-111.3493"><ele>0.0</ele></trkpt>
      <trkpt lat="38.20258" lon="-111.34924"><ele>0.0</ele></trkpt>
      <trkpt lat="38.20258" lon="-111.34923"><ele>0.0</ele></trkpt>
      <trkpt lat="38.2027" lon="-111.34919"><ele>0.0</ele></trkpt>
      <trkpt lat="38.20321" lon="-111.34906"><ele>0.0</ele></trkpt>
      <trkpt lat="38.20358" lon="-111.34894"><ele>0.0</ele></trkpt>
      <trkpt lat="38.2041" lon="-111.34874"><ele>0.0</ele></trkpt>
      <trkpt lat="38.20476" lon="-111.34854"><ele>0.0</ele></trkpt>
      <trkpt lat="38.20516" lon="-111.34837"><ele>0.0</ele></trkpt>
      <trkpt lat="38.20551" lon="-111.34819"><ele>0.0</ele></trkpt>
      <trkpt lat="38.20552" lon="-111.34819"><ele>0.0</ele></trkpt>
      <trkpt lat="38.20585" lon="-111.348"><ele>0.0</ele></trkpt>
      <trkpt lat="38.20618" lon="-111.34784"><ele>0.0</ele></trkpt>
      <trkpt lat="38.20623" lon="-111.34781"><ele>0.0</ele></trkpt>
      <trkpt lat="38.20652" lon="-111.3477"><ele>0.0</ele></trkpt>
      <trkpt lat="38.20653" lon="-111.3477"><ele>0.0</ele></trkpt>
      <trkpt lat="38.20679" lon="-111.34762"><ele>0.0</ele></trkpt>
      <trkpt lat="38.20698" lon="-111.34757"><ele>0.0</ele></trkpt>
      <trkpt lat="38.20721" lon="-111.34753"><ele>0.0</ele></trkpt>
      <trkpt lat="38.20723" lon="-111.34752"><ele>0.0</ele></trkpt>
      <trkpt lat="38.20759" lon="-111.34748"><ele>0.0</ele></trkpt>
      <trkpt lat="38.20787" lon="-111.34747"><ele>0.0</ele></trkpt>
      <trkpt lat="38.20849" lon="-111.34751"><ele>0.0</ele></trkpt>
      <trkpt lat="38.21069" lon="-111.34776"><ele>0.0</ele></trkpt>
      <trkpt lat="38.21089" lon="-111.34779"><ele>0.0</ele></trkpt>
      <trkpt lat="38.21101" lon="-111.3478"><ele>0.0</ele></trkpt>
      <trkpt lat="38.21133" lon="-111.34789"><ele>0.0</ele></trkpt>
      <trkpt lat="38.21142" lon="-111.34791"><ele>0.0</ele></trkpt>
      <trkpt lat="38.21164" lon="-111.34798"><ele>0.0</ele></trkpt>
      <trkpt lat="38.21173" lon="-111.34802"><ele>0.0</ele></trkpt>
      <trkpt lat="38.2121" lon="-111.34812"><ele>0.0</ele></trkpt>
      <trkpt lat="38.21211" lon="-111.34812"><ele>0.0</ele></trkpt>
      <trkpt lat="38.21221" lon="-111.34814"><ele>0.0</ele></trkpt>
      <trkpt lat="38.21223" lon="-111.34814"><ele>0.0</ele></trkpt>
      <trkpt lat="38.21232" lon="-111.34816"><ele>0.0</ele></trkpt>
      <trkpt lat="38.21248" lon="-111.34816"><ele>0.0</ele></trkpt>
      <trkpt lat="38.21256" lon="-111.34815"><ele>0.0</ele></trkpt>
      <trkpt lat="38.21263" lon="-111.34815"><ele>0.0</ele></trkpt>
      <trkpt lat="38.21266" lon="-111.34814"><ele>0.0</ele></trkpt>
      <trkpt lat="38.21276" lon="-111.34812"><ele>0.0</ele></trkpt>
      <trkpt lat="38.21291" lon="-111.34807"><ele>0.0</ele></trkpt>
      <trkpt lat="38.21307" lon="-111.348"><ele>0.0</ele></trkpt>
      <trkpt lat="38.21308" lon="-111.34799"><ele>0.0</ele></trkpt>
      <trkpt lat="38.2132" lon="-111.34793"><ele>0.0</ele></trkpt>
      <trkpt lat="38.21379" lon="-111.3476"><ele>0.0</ele></trkpt>
      <trkpt lat="38.21384" lon="-111.34758"><ele>0.0</ele></trkpt>
      <trkpt lat="38.21386" lon="-111.34756"><ele>0.0</ele></trkpt>
      <trkpt lat="38.21572" lon="-111.34653"><ele>0.0</ele></trkpt>
      <trkpt lat="38.21587" lon="-111.34646"><ele>0.0</ele></trkpt>
      <trkpt lat="38.21645" lon="-111.34613"><ele>0.0</ele></trkpt>
      <trkpt lat="38.21667" lon="-111.34602"><ele>0.0</ele></trkpt>
      <trkpt lat="38.21679" lon="-111.34595"><ele>0.0</ele></trkpt>
      <trkpt lat="38.21691" lon="-111.34589"><ele>0.0</ele></trkpt>
      <trkpt lat="38.21745" lon="-111.34558"><ele>0.0</ele></trkpt>
      <trkpt lat="38.21803" lon="-111.34527"><ele>0.0</ele></trkpt>
      <trkpt lat="38.21804" lon="-111.34526"><ele>0.0</ele></trkpt>
      <trkpt lat="38.2182" lon="-111.34516"><ele>0.0</ele></trkpt>
      <trkpt lat="38.21821" lon="-111.34516"><ele>0.0</ele></trkpt>
      <trkpt lat="38.21823" lon="-111.34515"><ele>0.0</ele></trkpt>
      <trkpt lat="38.21843" lon="-111.34501"><ele>0.0</ele></trkpt>
      <trkpt lat="38.21853" lon="-111.34493"><ele>0.0</ele></trkpt>
      <trkpt lat="38.21875" lon="-111.34473"><ele>0.0</ele></trkpt>
      <trkpt lat="38.21958" lon="-111.34387"><ele>0.0</ele></trkpt>
      <trkpt lat="38.21962" lon="-111.34382"><ele>0.0</ele></trkpt>
      <trkpt lat="38.2198" lon="-111.34364"><ele>0.0</ele></trkpt>
      <trkpt lat="38.2199" lon="-111.34353"><ele>0.0</ele></trkpt>
      <trkpt lat="38.22025" lon="-111.34318"><ele>0.0</ele></trkpt>
      <trkpt lat="38.22041" lon="-111.34304"><ele>0.0</ele></trkpt>
      <trkpt lat="38.22044" lon="-111.34302"><ele>0.0</ele></trkpt>
      <trkpt lat="38.22047" lon="-111.34299"><ele>0.0</ele></trkpt>
      <trkpt lat="38.22063" lon="-111.34288"><ele>0.0</ele></trkpt>
      <trkpt lat="38.2207" lon="-111.34284"><ele>0.0</ele></trkpt>
      <trkpt lat="38.22073" lon="-111.34283"><ele>0.0</ele></trkpt>
      <trkpt lat="38.22082" lon="-111.34278"><ele>0.0</ele></trkpt>
      <trkpt lat="38.22097" lon="-111.34272"><ele>0.0</ele></trkpt>
      <trkpt lat="38.22098" lon="-111.34271"><ele>0.0</ele></trkpt>
      <trkpt lat="38.22107" lon="-111.34268"><ele>0.0</ele></trkpt>
      <trkpt lat="38.22136" lon="-111.34264"><ele>0.0</ele></trkpt>
      <trkpt lat="38.2215" lon="-111.34263"><ele>0.0</ele></trkpt>
      <trkpt lat="38.22179" lon="-111.34265"><ele>0.0</ele></trkpt>
      <trkpt lat="38.22198" lon="-111.34269"><ele>0.0</ele></trkpt>
      <trkpt lat="38.22207" lon="-111.34273"><ele>0.0</ele></trkpt>
      <trkpt lat="38.22223" lon="-111.34279"><ele>0.0</ele></trkpt>
      <trkpt lat="38.22241" lon="-111.34289"><ele>0.0</ele></trkpt>
      <trkpt lat="38.22253" lon="-111.34297"><ele>0.0</ele></trkpt>
      <trkpt lat="38.22254" lon="-111.34298"><ele>0.0</ele></trkpt>
      <trkpt lat="38.2227" lon="-111.3431"><ele>0.0</ele></trkpt>
      <trkpt lat="38.22369" lon="-111.34402"><ele>0.0</ele></trkpt>
      <trkpt lat="38.22384" lon="-111.34415"><ele>0.0</ele></trkpt>
      <trkpt lat="38.22544" lon="-111.34563"><ele>0.0</ele></trkpt>
      <trkpt lat="38.22544" lon="-111.34564"><ele>0.0</ele></trkpt>
      <trkpt lat="38.22559" lon="-111.34577"><ele>0.0</ele></trkpt>
      <trkpt lat="38.22671" lon="-111.34681"><ele>0.0</ele></trkpt>
      <trkpt lat="38.22705" lon="-111.34716"><ele>0.0</ele></trkpt>
      <trkpt lat="38.22722" lon="-111.34738"><ele>0.0</ele></trkpt>
      <trkpt lat="38.22744" lon="-111.3477"><ele>0.0</ele></trkpt>
      <trkpt lat="38.22768" lon="-111.34813"><ele>0.0</ele></trkpt>
      <trkpt lat="38.22779" lon="-111.3484"><ele>0.0</ele></trkpt>
      <trkpt lat="38.22779" lon="-111.34841"><ele>0.0</ele></trkpt>
      <trkpt lat="38.2279" lon="-111.34869"><ele>0.0</ele></trkpt>
      <trkpt lat="38.22797" lon="-111.34893"><ele>0.0</ele></trkpt>
      <trkpt lat="38.22808" lon="-111.34939"><ele>0.0</ele></trkpt>
      <trkpt lat="38.22815" lon="-111.34996"><ele>0.0</ele></trkpt>
      <trkpt lat="38.22816" lon="-111.35009"><ele>0.0</ele></trkpt>
      <trkpt lat="38.22816" lon="-111.35048"><ele>0.0</ele></trkpt>
      <trkpt lat="38.22814" lon="-111.35103"><ele>0.0</ele></trkpt>
      <trkpt lat="38.22796" lon="-111.35397"><ele>0.0</ele></trkpt>
      <trkpt lat="38.22792" lon="-111.35441"><ele>0.0</ele></trkpt>
      <trkpt lat="38.22787" lon="-111.35543"><ele>0.0</ele></trkpt>
      <trkpt lat="38.22787" lon="-111.3557"><ele>0.0</ele></trkpt>
      <trkpt lat="38.22789" lon="-111.35582"><ele>0.0</ele></trkpt>
      <trkpt lat="38.22791" lon="-111.35601"><ele>0.0</ele></trkpt>
      <trkpt lat="38.22797" lon="-111.35623"><ele>0.0</ele></trkpt>
      <trkpt lat="38.22803" lon="-111.35641"><ele>0.0</ele></trkpt>
      <trkpt lat="38.2281" lon="-111.35658"><ele>0.0</ele></trkpt>
      <trkpt lat="38.22826" lon="-111.35684"><ele>0.0</ele></trkpt>
      <trkpt lat="38.22833" lon="-111.35694"><ele>0.0</ele></trkpt>
      <trkpt lat="38.22926" lon="-111.35799"><ele>0.0</ele></trkpt>
      <trkpt lat="38.22933" lon="-111.35806"><ele>0.0</ele></trkpt>
      <trkpt lat="38.22939" lon="-111.35814"><ele>0.0</ele></trkpt>
      <trkpt lat="38.2294" lon="-111.35814"><ele>0.0</ele></trkpt>
      <trkpt lat="38.22993" lon="-111.35875"><ele>0.0</ele></trkpt>
      <trkpt lat="38.22997" lon="-111.35879"><ele>0.0</ele></trkpt>
      <trkpt lat="38.23006" lon="-111.3589"><ele>0.0</ele></trkpt>
      <trkpt lat="38.23011" lon="-111.35895"><ele>0.0</ele></trkpt>
      <trkpt lat="38.23019" lon="-111.35906"><ele>0.0</ele></trkpt>
      <trkpt lat="38.23051" lon="-111.35946"><ele>0.0</ele></trkpt>
      <trkpt lat="38.23057" lon="-111.35955"><ele>0.0</ele></trkpt>
      <trkpt lat="38.23057" lon="-111.35956"><ele>0.0</ele></trkpt>
      <trkpt lat="38.23069" lon="-111.35972"><ele>0.0</ele></trkpt>
      <trkpt lat="38.23092" lon="-111.36007"><ele>0.0</ele></trkpt>
      <trkpt lat="38.23092" lon="-111.36008"><ele>0.0</ele></trkpt>
      <trkpt lat="38.23115" lon="-111.36043"><ele>0.0</ele></trkpt>
      <trkpt lat="38.23187" lon="-111.36174"><ele>0.0</ele></trkpt>
      <trkpt lat="38.23192" lon="-111.36182"><ele>0.0</ele></trkpt>
      <trkpt lat="38.23249" lon="-111.36286"><ele>0.0</ele></trkpt>
      <trkpt lat="38.2325" lon="-111.36287"><ele>0.0</ele></trkpt>
      <trkpt lat="38.23252" lon="-111.36292"><ele>0.0</ele></trkpt>
      <trkpt lat="38.2328" lon="-111.36342"><ele>0.0</ele></trkpt>
      <trkpt lat="38.23281" lon="-111.36343"><ele>0.0</ele></trkpt>
      <trkpt lat="38.23301" lon="-111.36379"><ele>0.0</ele></trkpt>
      <trkpt lat="38.23311" lon="-111.36399"><ele>0.0</ele></trkpt>
      <trkpt lat="38.23317" lon="-111.36409"><ele>0.0</ele></trkpt>
      <trkpt lat="38.23342" lon="-111.3646"><ele>0.0</ele></trkpt>
      <trkpt lat="38.23559" lon="-111.36961"><ele>0.0</ele></trkpt>
      <trkpt lat="38.23559" lon="-111.36962"><ele>0.0</ele></trkpt>
      <trkpt lat="38.2358" lon="-111.37004"><ele>0.0</ele></trkpt>
      <trkpt lat="38.23589" lon="-111.37019"><ele>0.0</ele></trkpt>
      <trkpt lat="38.23599" lon="-111.37038"><ele>0.0</ele></trkpt>
      <trkpt lat="38.23621" lon="-111.37073"><ele>0.0</ele></trkpt>
      <trkpt lat="38.23627" lon="-111.37084"><ele>0.0</ele></trkpt>
      <trkpt lat="38.23643" lon="-111.37109"><ele>0.0</ele></trkpt>
      <trkpt lat="38.23651" lon="-111.3712"><ele>0.0</ele></trkpt>
      <trkpt lat="38.23689" lon="-111.3718"><ele>0.0</ele></trkpt>
      <trkpt lat="38.23701" lon="-111.37197"><ele>0.0</ele></trkpt>
      <trkpt lat="38.23746" lon="-111.37268"><ele>0.0</ele></trkpt>
      <trkpt lat="38.23747" lon="-111.37269"><ele>0.0</ele></trkpt>
      <trkpt lat="38.23901" lon="-111.37505"><ele>0.0</ele></trkpt>
      <trkpt lat="38.23925" lon="-111.3754"><ele>0.0</ele></trkpt>
      <trkpt lat="38.23936" lon="-111.37558"><ele>0.0</ele></trkpt>
      <trkpt lat="38.2396" lon="-111.37591"><ele>0.0</ele></trkpt>
      <trkpt lat="38.2396" lon="-111.37592"><ele>0.0</ele></trkpt>
      <trkpt lat="38.2398" lon="-111.37616"><ele>0.0</ele></trkpt>
      <trkpt lat="38.24003" lon="-111.37639"><ele>0.0</ele></trkpt>
      <trkpt lat="38.24051" lon="-111.37677"><ele>0.0</ele></trkpt>
      <trkpt lat="38.24066" lon="-111.37684"><ele>0.0</ele></trkpt>
      <trkpt lat="38.2408" lon="-111.37689"><ele>0.0</ele></trkpt>
      <trkpt lat="38.24093" lon="-111.37695"><ele>0.0</ele></trkpt>
      <trkpt lat="38.24123" lon="-111.37706"><ele>0.0</ele></trkpt>
      <trkpt lat="38.24151" lon="-111.37711"><ele>0.0</ele></trkpt>
      <trkpt lat="38.24168" lon="-111.37712"><ele>0.0</ele></trkpt>
      <trkpt lat="38.24187" lon="-111.37712"><ele>0.0</ele></trkpt>
      <trkpt lat="38.2421" lon="-111.37711"><ele>0.0</ele></trkpt>
      <trkpt lat="38.24213" lon="-111.3771"><ele>0.0</ele></trkpt>
      <trkpt lat="38.24295" lon="-111.37709"><ele>0.0</ele></trkpt>
      <trkpt lat="38.24313" lon="-111.37711"><ele>0.0</ele></trkpt>
      <trkpt lat="38.24318" lon="-111.37712"><ele>0.0</ele></trkpt>
      <trkpt lat="38.24331" lon="-111.37713"><ele>0.0</ele></trkpt>
      <trkpt lat="38.24337" lon="-111.37713"><ele>0.0</ele></trkpt>
      <trkpt lat="38.2437" lon="-111.37716"><ele>0.0</ele></trkpt>
      <trkpt lat="38.24386" lon="-111.37715"><ele>0.0</ele></trkpt>
      <trkpt lat="38.24404" lon="-111.37713"><ele>0.0</ele></trkpt>
      <trkpt lat="38.2441" lon="-111.37713"><ele>0.0</ele></trkpt>
      <trkpt lat="38.24435" lon="-111.37707"><ele>0.0</ele></trkpt>
      <trkpt lat="38.24496" lon="-111.37689"><ele>0.0</ele></trkpt>
      <trkpt lat="38.2451" lon="-111.37688"><ele>0.0</ele></trkpt>
      <trkpt lat="38.24528" lon="-111.37688"><ele>0.0</ele></trkpt>
      <trkpt lat="38.24548" lon="-111.37691"><ele>0.0</ele></trkpt>
      <trkpt lat="38.24564" lon="-111.37695"><ele>0.0</ele></trkpt>
      <trkpt lat="38.24686" lon="-111.3772"><ele>0.0</ele></trkpt>
      <trkpt lat="38.24688" lon="-111.37721"><ele>0.0</ele></trkpt>
      <trkpt lat="38.24706" lon="-111.37724"><ele>0.0</ele></trkpt>
      <trkpt lat="38.2496" lon="-111.37781"><ele>0.0</ele></trkpt>
      <trkpt lat="38.24971" lon="-111.37785"><ele>0.0</ele></trkpt>
      <trkpt lat="38.24979" lon="-111.37787"><ele>0.0</ele></trkpt>
      <trkpt lat="38.24995" lon="-111.37792"><ele>0.0</ele></trkpt>
      <trkpt lat="38.25023" lon="-111.37804"><ele>0.0</ele></trkpt>
      <trkpt lat="38.2504" lon="-111.3781"><ele>0.0</ele></trkpt>
      <trkpt lat="38.25171" lon="-111.37865"><ele>0.0</ele></trkpt>
      <trkpt lat="38.25219" lon="-111.37883"><ele>0.0</ele></trkpt>
      <trkpt lat="38.25237" lon="-111.37888"><ele>0.0</ele></trkpt>
      <trkpt lat="38.25247" lon="-111.3789"><ele>0.0</ele></trkpt>
      <trkpt lat="38.25254" lon="-111.3789"><ele>0.0</ele></trkpt>
      <trkpt lat="38.25259" lon="-111.37891"><ele>0.0</ele></trkpt>
      <trkpt lat="38.25274" lon="-111.37891"><ele>0.0</ele></trkpt>
      <trkpt lat="38.25283" lon="-111.3789"><ele>0.0</ele></trkpt>
      <trkpt lat="38.25293" lon="-111.3789"><ele>0.0</ele></trkpt>
      <trkpt lat="38.25313" lon="-111.37886"><ele>0.0</ele></trkpt>
      <trkpt lat="38.25328" lon="-111.37882"><ele>0.0</ele></trkpt>
      <trkpt lat="38.25353" lon="-111.37873"><ele>0.0</ele></trkpt>
      <trkpt lat="38.2536" lon="-111.37871"><ele>0.0</ele></trkpt>
      <trkpt lat="38.25436" lon="-111.37833"><ele>0.0</ele></trkpt>
      <trkpt lat="38.25437" lon="-111.37833"><ele>0.0</ele></trkpt>
      <trkpt lat="38.25477" lon="-111.3781"><ele>0.0</ele></trkpt>
      <trkpt lat="38.25487" lon="-111.37805"><ele>0.0</ele></trkpt>
      <trkpt lat="38.2551" lon="-111.37792"><ele>0.0</ele></trkpt>
      <trkpt lat="38.25603" lon="-111.37743"><ele>0.0</ele></trkpt>
      <trkpt lat="38.25626" lon="-111.3773"><ele>0.0</ele></trkpt>
      <trkpt lat="38.25636" lon="-111.37725"><ele>0.0</ele></trkpt>
      <trkpt lat="38.25659" lon="-111.37712"><ele>0.0</ele></trkpt>
      <trkpt lat="38.25669" lon="-111.37707"><ele>0.0</ele></trkpt>
      <trkpt lat="38.25672" lon="-111.37706"><ele>0.0</ele></trkpt>
      <trkpt lat="38.25686" lon="-111.37699"><ele>0.0</ele></trkpt>
      <trkpt lat="38.25703" lon="-111.37692"><ele>0.0</ele></trkpt>
      <trkpt lat="38.25723" lon="-111.37682"><ele>0.0</ele></trkpt>
      <trkpt lat="38.25727" lon="-111.37681"><ele>0.0</ele></trkpt>
      <trkpt lat="38.25744" lon="-111.37674"><ele>0.0</ele></trkpt>
      <trkpt lat="38.2575" lon="-111.37671"><ele>0.0</ele></trkpt>
      <trkpt lat="38.25754" lon="-111.3767"><ele>0.0</ele></trkpt>
      <trkpt lat="38.25771" lon="-111.37663"><ele>0.0</ele></trkpt>
      <trkpt lat="38.25813" lon="-111.37649"><ele>0.0</ele></trkpt>
      <trkpt lat="38.25837" lon="-111.37643"><ele>0.0</ele></trkpt>
      <trkpt lat="38.25867" lon="-111.37638"><ele>0.0</ele></trkpt>
      <trkpt lat="38.25877" lon="-111.37637"><ele>0.0</ele></trkpt>
      <trkpt lat="38.2591" lon="-111.37632"><ele>0.0</ele></trkpt>
      <trkpt lat="38.25911" lon="-111.37632"><ele>0.0</ele></trkpt>
      <trkpt lat="38.25938" lon="-111.37628"><ele>0.0</ele></trkpt>
      <trkpt lat="38.25942" lon="-111.37627"><ele>0.0</ele></trkpt>
      <trkpt lat="38.25971" lon="-111.37624"><ele>0.0</ele></trkpt>
      <trkpt lat="38.25981" lon="-111.37624"><ele>0.0</ele></trkpt>
      <trkpt lat="38.26019" lon="-111.37619"><ele>0.0</ele></trkpt>
      <trkpt lat="38.26028" lon="-111.37617"><ele>0.0</ele></trkpt>
      <trkpt lat="38.26045" lon="-111.37615"><ele>0.0</ele></trkpt>
      <trkpt lat="38.26048" lon="-111.37614"><ele>0.0</ele></trkpt>
      <trkpt lat="38.26079" lon="-111.37609"><ele>0.0</ele></trkpt>
      <trkpt lat="38.26081" lon="-111.37608"><ele>0.0</ele></trkpt>
      <trkpt lat="38.26102" lon="-111.37604"><ele>0.0</ele></trkpt>
      <trkpt lat="38.26134" lon="-111.37596"><ele>0.0</ele></trkpt>
      <trkpt lat="38.26169" lon="-111.37585"><ele>0.0</ele></trkpt>
      <trkpt lat="38.26172" lon="-111.37585"><ele>0.0</ele></trkpt>
      <trkpt lat="38.2622" lon="-111.3757"><ele>0.0</ele></trkpt>
      <trkpt lat="38.26239" lon="-111.37563"><ele>0.0</ele></trkpt>
      <trkpt lat="38.26344" lon="-111.3753"><ele>0.0</ele></trkpt>
      <trkpt lat="38.26517" lon="-111.37479"><ele>0.0</ele></trkpt>
      <trkpt lat="38.26519" lon="-111.37478"><ele>0.0</ele></trkpt>
      <trkpt lat="38.26561" lon="-111.37466"><ele>0.0</ele></trkpt>
      <trkpt lat="38.2659" lon="-111.37461"><ele>0.0</ele></trkpt>
      <trkpt lat="38.26595" lon="-111.37461"><ele>0.0</ele></trkpt>
      <trkpt lat="38.266" lon="-111.3746"><ele>0.0</ele></trkpt>
      <trkpt lat="38.26619" lon="-111.3746"><ele>0.0</ele></trkpt>
      <trkpt lat="38.26626" lon="-111.37461"><ele>0.0</ele></trkpt>
      <trkpt lat="38.26629" lon="-111.37461"><ele>0.0</ele></trkpt>
      <trkpt lat="38.26653" lon="-111.37464"><ele>0.0</ele></trkpt>
      <trkpt lat="38.26669" lon="-111.37468"><ele>0.0</ele></trkpt>
      <trkpt lat="38.26731" lon="-111.37486"><ele>0.0</ele></trkpt>
      <trkpt lat="38.26732" lon="-111.37486"><ele>0.0</ele></trkpt>
      <trkpt lat="38.26749" lon="-111.37492"><ele>0.0</ele></trkpt>
      <trkpt lat="38.26842" lon="-111.3752"><ele>0.0</ele></trkpt>
      <trkpt lat="38.26871" lon="-111.3753"><ele>0.0</ele></trkpt>
      <trkpt lat="38.26906" lon="-111.3754"><ele>0.0</ele></trkpt>
      <trkpt lat="38.2691" lon="-111.37542"><ele>0.0</ele></trkpt>
      <trkpt lat="38.26959" lon="-111.37556"><ele>0.0</ele></trkpt>
      <trkpt lat="38.2696" lon="-111.37557"><ele>0.0</ele></trkpt>
      <trkpt lat="38.26994" lon="-111.37567"><ele>0.0</ele></trkpt>
      <trkpt lat="38.26995" lon="-111.37567"><ele>0.0</ele></trkpt>
      <trkpt lat="38.27029" lon="-111.37578"><ele>0.0</ele></trkpt>
      <trkpt lat="38.27058" lon="-111.3759"><ele>0.0</ele></trkpt>
      <trkpt lat="38.27078" lon="-111.37601"><ele>0.0</ele></trkpt>
      <trkpt lat="38.27079" lon="-111.37602"><ele>0.0</ele></trkpt>
      <trkpt lat="38.27087" lon="-111.37606"><ele>0.0</ele></trkpt>
      <trkpt lat="38.27095" lon="-111.37612"><ele>0.0</ele></trkpt>
      <trkpt lat="38.27097" lon="-111.37613"><ele>0.0</ele></trkpt>
      <trkpt lat="38.27111" lon="-111.37624"><ele>0.0</ele></trkpt>
      <trkpt lat="38.27112" lon="-111.37626"><ele>0.0</ele></trkpt>
      <trkpt lat="38.2712" lon="-111.37633"><ele>0.0</ele></trkpt>
      <trkpt lat="38.27148" lon="-111.37668"><ele>0.0</ele></trkpt>
      <trkpt lat="38.27194" lon="-111.37741"><ele>0.0</ele></trkpt>
      <trkpt lat="38.27195" lon="-111.37742"><ele>0.0</ele></trkpt>
      <trkpt lat="38.27406" lon="-111.38085"><ele>0.0</ele></trkpt>
      <trkpt lat="38.27443" lon="-111.38141"><ele>0.0</ele></trkpt>
      <trkpt lat="38.27473" lon="-111.38182"><ele>0.0</ele></trkpt>
      <trkpt lat="38.27523" lon="-111.38242"><ele>0.0</ele></trkpt>
      <trkpt lat="38.27527" lon="-111.38248"><ele>0.0</ele></trkpt>
      <trkpt lat="38.27587" lon="-111.38322"><ele>0.0</ele></trkpt>
      <trkpt lat="38.2759" lon="-111.38325"><ele>0.0</ele></trkpt>
      <trkpt lat="38.27904" lon="-111.38713"><ele>0.0</ele></trkpt>
      <trkpt lat="38.27916" lon="-111.38729"><ele>0.0</ele></trkpt>
      <trkpt lat="38.27994" lon="-111.38825"><ele>0.0</ele></trkpt>
      <trkpt lat="38.27997" lon="-111.38828"><ele>0.0</ele></trkpt>
      <trkpt lat="38.2802" lon="-111.38856"><ele>0.0</ele></trkpt>
      <trkpt lat="38.28044" lon="-111.38891"><ele>0.0</ele></trkpt>
      <trkpt lat="38.28048" lon="-111.38896"><ele>0.0</ele></trkpt>
      <trkpt lat="38.28151" lon="-111.39075"><ele>0.0</ele></trkpt>
      <trkpt lat="38.28163" lon="-111.39098"><ele>0.0</ele></trkpt>
      <trkpt lat="38.28176" lon="-111.39129"><ele>0.0</ele></trkpt>
      <trkpt lat="38.28191" lon="-111.39177"><ele>0.0</ele></trkpt>
      <trkpt lat="38.28197" lon="-111.39199"><ele>0.0</ele></trkpt>
      <trkpt lat="38.28207" lon="-111.39243"><ele>0.0</ele></trkpt>
      <trkpt lat="38.28211" lon="-111.39256"><ele>0.0</ele></trkpt>
      <trkpt lat="38.28234" lon="-111.39352"><ele>0.0</ele></trkpt>
      <trkpt lat="38.28239" lon="-111.39378"><ele>0.0</ele></trkpt>
      <trkpt lat="38.28243" lon="-111.39394"><ele>0.0</ele></trkpt>
      <trkpt lat="38.28244" lon="-111.39396"><ele>0.0</ele></trkpt>
      <trkpt lat="38.28246" lon="-111.39404"><ele>0.0</ele></trkpt>
      <trkpt lat="38.28252" lon="-111.39423"><ele>0.0</ele></trkpt>
      <trkpt lat="38.28258" lon="-111.39437"><ele>0.0</ele></trkpt>
      <trkpt lat="38.28258" lon="-111.39438"><ele>0.0</ele></trkpt>
      <trkpt lat="38.28267" lon="-111.39458"><ele>0.0</ele></trkpt>
      <trkpt lat="38.28287" lon="-111.39496"><ele>0.0</ele></trkpt>
      <trkpt lat="38.28303" lon="-111.39523"><ele>0.0</ele></trkpt>
      <trkpt lat="38.28313" lon="-111.39537"><ele>0.0</ele></trkpt>
      <trkpt lat="38.28327" lon="-111.39552"><ele>0.0</ele></trkpt>
      <trkpt lat="38.28337" lon="-111.39561"><ele>0.0</ele></trkpt>
      <trkpt lat="38.28354" lon="-111.39571"><ele>0.0</ele></trkpt>
      <trkpt lat="38.28366" lon="-111.39577"><ele>0.0</ele></trkpt>
      <trkpt lat="38.28378" lon="-111.39581"><ele>0.0</ele></trkpt>
      <trkpt lat="38.28389" lon="-111.39583"><ele>0.0</ele></trkpt>
      <trkpt lat="38.28408" lon="-111.39583"><ele>0.0</ele></trkpt>
      <trkpt lat="38.28425" lon="-111.39584"><ele>0.0</ele></trkpt>
      <trkpt lat="38.28462" lon="-111.39583"><ele>0.0</ele></trkpt>
      <trkpt lat="38.285" lon="-111.3958"><ele>0.0</ele></trkpt>
      <trkpt lat="38.28547" lon="-111.39572"><ele>0.0</ele></trkpt>
      <trkpt lat="38.28623" lon="-111.39555"><ele>0.0</ele></trkpt>
      <trkpt lat="38.28626" lon="-111.39555"><ele>0.0</ele></trkpt>
      <trkpt lat="38.28694" lon="-111.3954"><ele>0.0</ele></trkpt>
      <trkpt lat="38.28695" lon="-111.3954"><ele>0.0</ele></trkpt>
      <trkpt lat="38.28697" lon="-111.39539"><ele>0.0</ele></trkpt>
      <trkpt lat="38.28712" lon="-111.39537"><ele>0.0</ele></trkpt>
      <trkpt lat="38.28713" lon="-111.39536"><ele>0.0</ele></trkpt>
      <trkpt lat="38.28715" lon="-111.39536"><ele>0.0</ele></trkpt>
      <trkpt lat="38.28765" lon="-111.39525"><ele>0.0</ele></trkpt>
      <trkpt lat="38.28803" lon="-111.39515"><ele>0.0</ele></trkpt>
      <trkpt lat="38.28809" lon="-111.39513"><ele>0.0</ele></trkpt>
      <trkpt lat="38.28939" lon="-111.39481"><ele>0.0</ele></trkpt>
      <trkpt lat="38.28951" lon="-111.3948"><ele>0.0</ele></trkpt>
      <trkpt lat="38.28963" lon="-111.3948"><ele>0.0</ele></trkpt>
      <trkpt lat="38.28972" lon="-111.39482"><ele>0.0</ele></trkpt>
      <trkpt lat="38.28981" lon="-111.39485"><ele>0.0</ele></trkpt>
      <trkpt lat="38.29012" lon="-111.39503"><ele>0.0</ele></trkpt>
      <trkpt lat="38.29046" lon="-111.39529"><ele>0.0</ele></trkpt>
      <trkpt lat="38.29049" lon="-111.39532"><ele>0.0</ele></trkpt>
      <trkpt lat="38.29057" lon="-111.39538"><ele>0.0</ele></trkpt>
      <trkpt lat="38.29058" lon="-111.39539"><ele>0.0</ele></trkpt>
      <trkpt lat="38.29065" lon="-111.39544"><ele>0.0</ele></trkpt>
      <trkpt lat="38.2916" lon="-111.3962"><ele>0.0</ele></trkpt>
      <trkpt lat="38.29166" lon="-111.39624"><ele>0.0</ele></trkpt>
      <trkpt lat="38.2917" lon="-111.39628"><ele>0.0</ele></trkpt>
      <trkpt lat="38.29275" lon="-111.39712"><ele>0.0</ele></trkpt>
      <trkpt lat="38.29277" lon="-111.39714"><ele>0.0</ele></trkpt>
      <trkpt lat="38.29291" lon="-111.39724"><ele>0.0</ele></trkpt>
      <trkpt lat="38.29293" lon="-111.39727"><ele>0.0</ele></trkpt>
      <trkpt lat="38.2933" lon="-111.39758"><ele>0.0</ele></trkpt>
      <trkpt lat="38.29345" lon="-111.39773"><ele>0.0</ele></trkpt>
      <trkpt lat="38.29369" lon="-111.39801"><ele>0.0</ele></trkpt>
      <trkpt lat="38.29373" lon="-111.39805"><ele>0.0</ele></trkpt>
      <trkpt lat="38.29377" lon="-111.39812"><ele>0.0</ele></trkpt>
      <trkpt lat="38.29387" lon="-111.39824"><ele>0.0</ele></trkpt>
      <trkpt lat="38.2939" lon="-111.39829"><ele>0.0</ele></trkpt>
      <trkpt lat="38.29407" lon="-111.39852"><ele>0.0</ele></trkpt>
      <trkpt lat="38.29408" lon="-111.39853"><ele>0.0</ele></trkpt>
      <trkpt lat="38.29414" lon="-111.39862"><ele>0.0</ele></trkpt>
      <trkpt lat="38.29427" lon="-111.39879"><ele>0.0</ele></trkpt>
      <trkpt lat="38.29432" lon="-111.39887"><ele>0.0</ele></trkpt>
      <trkpt lat="38.29485" lon="-111.3996"><ele>0.0</ele></trkpt>
      <trkpt lat="38.29498" lon="-111.39976"><ele>0.0</ele></trkpt>
      <trkpt lat="38.295" lon="-111.3998"><ele>0.0</ele></trkpt>
      <trkpt lat="38.29562" lon="-111.40062"><ele>0.0</ele></trkpt>
      <trkpt lat="38.29589" lon="-111.40093"><ele>0.0</ele></trkpt>
      <trkpt lat="38.29605" lon="-111.40106"><ele>0.0</ele></trkpt>
      <trkpt lat="38.29641" lon="-111.40133"><ele>0.0</ele></trkpt>
      <trkpt lat="38.29655" lon="-111.4014"><ele>0.0</ele></trkpt>
      <trkpt lat="38.29669" lon="-111.40148"><ele>0.0</ele></trkpt>
      <trkpt lat="38.29682" lon="-111.40154"><ele>0.0</ele></trkpt>
      <trkpt lat="38.29731" lon="-111.40174"><ele>0.0</ele></trkpt>
      <trkpt lat="38.29732" lon="-111.40174"><ele>0.0</ele></trkpt>
      <trkpt lat="38.29733" lon="-111.40175"><ele>0.0</ele></trkpt>
      <trkpt lat="38.29766" lon="-111.40187"><ele>0.0</ele></trkpt>
      <trkpt lat="38.29788" lon="-111.40196"><ele>0.0</ele></trkpt>
      <trkpt lat="38.29789" lon="-111.40196"><ele>0.0</ele></trkpt>
      <trkpt lat="38.2982" lon="-111.40203"><ele>0.0</ele></trkpt>
      <trkpt lat="38.29823" lon="-111.40203"><ele>0.0</ele></trkpt>
      <trkpt lat="38.29843" lon="-111.40205"><ele>0.0</ele></trkpt>
      <trkpt lat="38.29864" lon="-111.40205"><ele>0.0</ele></trkpt>
      <trkpt lat="38.29881" lon="-111.40204"><ele>0.0</ele></trkpt>
      <trkpt lat="38.2989" lon="-111.40204"><ele>0.0</ele></trkpt>
      <trkpt lat="38.29888" lon="-111.4018"><ele>0.0</ele></trkpt>
      <trkpt lat="38.29882" lon="-111.40152"><ele>0.0</ele></trkpt>
      <trkpt lat="38.29882" lon="-111.40149"><ele>0.0</ele></trkpt>
      <trkpt lat="38.29881" lon="-111.40148"><ele>0.0</ele></trkpt>
      <trkpt lat="38.29876" lon="-111.40127"><ele>0.0</ele></trkpt>
      <trkpt lat="38.29876" lon="-111.40126"><ele>0.0</ele></trkpt>
      <trkpt lat="38.29874" lon="-111.40117"><ele>0.0</ele></trkpt>
      <trkpt lat="38.29859" lon="-111.40069"><ele>0.0</ele></trkpt>
      <trkpt lat="38.29836" lon="-111.40015"><ele>0.0</ele></trkpt>
      <trkpt lat="38.29824" lon="-111.39995"><ele>0.0</ele></trkpt>
      <trkpt lat="38.29814" lon="-111.39976"><ele>0.0</ele></trkpt>
      <trkpt lat="38.29801" lon="-111.39954"><ele>0.0</ele></trkpt>
      <trkpt lat="38.29793" lon="-111.39942"><ele>0.0</ele></trkpt>
      <trkpt lat="38.29792" lon="-111.3994"><ele>0.0</ele></trkpt>
      <trkpt lat="38.2979" lon="-111.39937"><ele>0.0</ele></trkpt>
      <trkpt lat="38.29757" lon="-111.39877"><ele>0.0</ele></trkpt>
      <trkpt lat="38.29748" lon="-111.39857"><ele>0.0</ele></trkpt>
      <trkpt lat="38.29737" lon="-111.39827"><ele>0.0</ele></trkpt>
      <trkpt lat="38.29729" lon="-111.39795"><ele>0.0</ele></trkpt>
      <trkpt lat="38.29728" lon="-111.39793"><ele>0.0</ele></trkpt>
      <trkpt lat="38.29726" lon="-111.39782"><ele>0.0</ele></trkpt>
      <trkpt lat="38.29724" lon="-111.39774"><ele>0.0</ele></trkpt>
      <trkpt lat="38.29719" lon="-111.39727"><ele>0.0</ele></trkpt>
      <trkpt lat="38.29719" lon="-111.39685"><ele>0.0</ele></trkpt>
      <trkpt lat="38.2972" lon="-111.39669"><ele>0.0</ele></trkpt>
      <trkpt lat="38.29721" lon="-111.39665"><ele>0.0</ele></trkpt>
      <trkpt lat="38.29721" lon="-111.39659"><ele>0.0</ele></trkpt>
      <trkpt lat="38.29724" lon="-111.39636"><ele>0.0</ele></trkpt>
      <trkpt lat="38.29726" lon="-111.39629"><ele>0.0</ele></trkpt>
      <trkpt lat="38.29729" lon="-111.39614"><ele>0.0</ele></trkpt>
      <trkpt lat="38.29729" lon="-111.39611"><ele>0.0</ele></trkpt>
      <trkpt lat="38.29732" lon="-111.39602"><ele>0.0</ele></trkpt>
      <trkpt lat="38.29734" lon="-111.39592"><ele>0.0</ele></trkpt>
      <trkpt lat="38.29739" lon="-111.39576"><ele>0.0</ele></trkpt>
      <trkpt lat="38.2976" lon="-111.39525"><ele>0.0</ele></trkpt>
      <trkpt lat="38.29802" lon="-111.39435"><ele>0.0</ele></trkpt>
      <trkpt lat="38.29812" lon="-111.39416"><ele>0.0</ele></trkpt>
      <trkpt lat="38.29875" lon="-111.39279"><ele>0.0</ele></trkpt>
      <trkpt lat="38.29903" lon="-111.39228"><ele>0.0</ele></trkpt>
      <trkpt lat="38.29904" lon="-111.39228"><ele>0.0</ele></trkpt>
      <trkpt lat="38.29906" lon="-111.39224"><ele>0.0</ele></trkpt>
      <trkpt lat="38.29922" lon="-111.39205"><ele>0.0</ele></trkpt>
      <trkpt lat="38.29931" lon="-111.39196"><ele>0.0</ele></trkpt>
      <trkpt lat="38.29941" lon="-111.39188"><ele>0.0</ele></trkpt>
      <trkpt lat="38.29961" lon="-111.39174"><ele>0.0</ele></trkpt>
      <trkpt lat="38.29974" lon="-111.39167"><ele>0.0</ele></trkpt>
      <trkpt lat="38.29978" lon="-111.39166"><ele>0.0</ele></trkpt>
      <trkpt lat="38.29999" lon="-111.39157"><ele>0.0</ele></trkpt>
      <trkpt lat="38.30013" lon="-111.39154"><ele>0.0</ele></trkpt>
      <trkpt lat="38.30027" lon="-111.39153"><ele>0.0</ele></trkpt>
      <trkpt lat="38.30056" lon="-111.39155"><ele>0.0</ele></trkpt>
      <trkpt lat="38.3007" lon="-111.39157"><ele>0.0</ele></trkpt>
      <trkpt lat="38.30082" lon="-111.39161"><ele>0.0</ele></trkpt>
      <trkpt lat="38.30084" lon="-111.39162"><ele>0.0</ele></trkpt>
      <trkpt lat="38.30092" lon="-111.39165"><ele>0.0</ele></trkpt>
      <trkpt lat="38.3011" lon="-111.39173"><ele>0.0</ele></trkpt>
      <trkpt lat="38.30125" lon="-111.39181"><ele>0.0</ele></trkpt>
      <trkpt lat="38.30219" lon="-111.39226"><ele>0.0</ele></trkpt>
      <trkpt lat="38.30223" lon="-111.39229"><ele>0.0</ele></trkpt>
      <trkpt lat="38.30252" lon="-111.39243"><ele>0.0</ele></trkpt>
      <trkpt lat="38.30264" lon="-111.39248"><ele>0.0</ele></trkpt>
      <trkpt lat="38.30269" lon="-111.39251"><ele>0.0</ele></trkpt>
      <trkpt lat="38.30331" lon="-111.39282"><ele>0.0</ele></trkpt>
      <trkpt lat="38.30353" lon="-111.39292"><ele>0.0</ele></trkpt>
      <trkpt lat="38.3037" lon="-111.39298"><ele>0.0</ele></trkpt>
      <trkpt lat="38.30381" lon="-111.39301"><ele>0.0</ele></trkpt>
      <trkpt lat="38.30387" lon="-111.39302"><ele>0.0</ele></trkpt>
      <trkpt lat="38.30388" lon="-111.39302"><ele>0.0</ele></trkpt>
      <trkpt lat="38.30395" lon="-111.39304"><ele>0.0</ele></trkpt>
      <trkpt lat="38.30423" lon="-111.39307"><ele>0.0</ele></trkpt>
      <trkpt lat="38.30439" lon="-111.39307"><ele>0.0</ele></trkpt>
      <trkpt lat="38.30441" lon="-111.39306"><ele>0.0</ele></trkpt>
      <trkpt lat="38.30447" lon="-111.39306"><ele>0.0</ele></trkpt>
      <trkpt lat="38.30453" lon="-111.39305"><ele>0.0</ele></trkpt>
      <trkpt lat="38.30457" lon="-111.39305"><ele>0.0</ele></trkpt>
      <trkpt lat="38.30489" lon="-111.39299"><ele>0.0</ele></trkpt>
      <trkpt lat="38.30506" lon="-111.39293"><ele>0.0</ele></trkpt>
      <trkpt lat="38.30512" lon="-111.3929"><ele>0.0</ele></trkpt>
      <trkpt lat="38.30523" lon="-111.39286"><ele>0.0</ele></trkpt>
      <trkpt lat="38.30527" lon="-111.39284"><ele>0.0</ele></trkpt>
      <trkpt lat="38.30531" lon="-111.39281"><ele>0.0</ele></trkpt>
      <trkpt lat="38.30536" lon="-111.39279"><ele>0.0</ele></trkpt>
      <trkpt lat="38.3055" lon="-111.39271"><ele>0.0</ele></trkpt>
      <trkpt lat="38.30553" lon="-111.39268"><ele>0.0</ele></trkpt>
      <trkpt lat="38.30567" lon="-111.39259"><ele>0.0</ele></trkpt>
      <trkpt lat="38.30572" lon="-111.39255"><ele>0.0</ele></trkpt>
      <trkpt lat="38.30577" lon="-111.3925"><ele>0.0</ele></trkpt>
      <trkpt lat="38.30582" lon="-111.39246"><ele>0.0</ele></trkpt>
      <trkpt lat="38.30599" lon="-111.39229"><ele>0.0</ele></trkpt>
      <trkpt lat="38.30603" lon="-111.39224"><ele>0.0</ele></trkpt>
      <trkpt lat="38.30608" lon="-111.39219"><ele>0.0</ele></trkpt>
      <trkpt lat="38.30614" lon="-111.39212"><ele>0.0</ele></trkpt>
      <trkpt lat="38.30618" lon="-111.39208"><ele>0.0</ele></trkpt>
      <trkpt lat="38.30621" lon="-111.39204"><ele>0.0</ele></trkpt>
      <trkpt lat="38.30622" lon="-111.39204"><ele>0.0</ele></trkpt>
      <trkpt lat="38.30626" lon="-111.39198"><ele>0.0</ele></trkpt>
      <trkpt lat="38.30637" lon="-111.39187"><ele>0.0</ele></trkpt>
      <trkpt lat="38.30645" lon="-111.39176"><ele>0.0</ele></trkpt>
      <trkpt lat="38.30656" lon="-111.39164"><ele>0.0</ele></trkpt>
      <trkpt lat="38.30681" lon="-111.39133"><ele>0.0</ele></trkpt>
      <trkpt lat="38.30684" lon="-111.3913"><ele>0.0</ele></trkpt>
      <trkpt lat="38.30724" lon="-111.39082"><ele>0.0</ele></trkpt>
      <trkpt lat="38.30726" lon="-111.39079"><ele>0.0</ele></trkpt>
      <trkpt lat="38.30738" lon="-111.39066"><ele>0.0</ele></trkpt>
      <trkpt lat="38.30778" lon="-111.39016"><ele>0.0</ele></trkpt>
      <trkpt lat="38.30788" lon="-111.39006"><ele>0.0</ele></trkpt>
      <trkpt lat="38.30794" lon="-111.38997"><ele>0.0</ele></trkpt>
      <trkpt lat="38.3081" lon="-111.38981"><ele>0.0</ele></trkpt>
      <trkpt lat="38.30824" lon="-111.38965"><ele>0.0</ele></trkpt>
      <trkpt lat="38.30827" lon="-111.38963"><ele>0.0</ele></trkpt>
      <trkpt lat="38.30828" lon="-111.38961"><ele>0.0</ele></trkpt>
      <trkpt lat="38.30852" lon="-111.38937"><ele>0.0</ele></trkpt>
      <trkpt lat="38.30886" lon="-111.38907"><ele>0.0</ele></trkpt>
      <trkpt lat="38.30929" lon="-111.38873"><ele>0.0</ele></trkpt>
      <trkpt lat="38.30938" lon="-111.38867"><ele>0.0</ele></trkpt>
      <trkpt lat="38.3094" lon="-111.38866"><ele>0.0</ele></trkpt>
      <trkpt lat="38.30953" lon="-111.38856"><ele>0.0</ele></trkpt>
      <trkpt lat="38.30954" lon="-111.38856"><ele>0.0</ele></trkpt>
      <trkpt lat="38.30966" lon="-111.38849"><ele>0.0</ele></trkpt>
      <trkpt lat="38.3099" lon="-111.38833"><ele>0.0</ele></trkpt>
      <trkpt lat="38.30995" lon="-111.38831"><ele>0.0</ele></trkpt>
      <trkpt lat="38.31012" lon="-111.38821"><ele>0.0</ele></trkpt>
      <trkpt lat="38.31019" lon="-111.38818"><ele>0.0</ele></trkpt>
      <trkpt lat="38.31179" lon="-111.38738"><ele>0.0</ele></trkpt>
      <trkpt lat="38.31187" lon="-111.38735"><ele>0.0</ele></trkpt>
      <trkpt lat="38.31277" lon="-111.38691"><ele>0.0</ele></trkpt>
      <trkpt lat="38.3128" lon="-111.3869"><ele>0.0</ele></trkpt>
      <trkpt lat="38.31313" lon="-111.38673"><ele>0.0</ele></trkpt>
      <trkpt lat="38.314" lon="-111.38632"><ele>0.0</ele></trkpt>
      <trkpt lat="38.31496" lon="-111.38583"><ele>0.0</ele></trkpt>
      <trkpt lat="38.31505" lon="-111.38579"><ele>0.0</ele></trkpt>
      <trkpt lat="38.31512" lon="-111.38575"><ele>0.0</ele></trkpt>
      <trkpt lat="38.31545" lon="-111.38559"><ele>0.0</ele></trkpt>
      <trkpt lat="38.31546" lon="-111.38558"><ele>0.0</ele></trkpt>
      <trkpt lat="38.31651" lon="-111.38507"><ele>0.0</ele></trkpt>
      <trkpt lat="38.3169" lon="-111.3849"><ele>0.0</ele></trkpt>
      <trkpt lat="38.31811" lon="-111.38429"><ele>0.0</ele></trkpt>
      <trkpt lat="38.31822" lon="-111.38422"><ele>0.0</ele></trkpt>
      <trkpt lat="38.31828" lon="-111.38419"><ele>0.0</ele></trkpt>
      <trkpt lat="38.31831" lon="-111.38416"><ele>0.0</ele></trkpt>
      <trkpt lat="38.31836" lon="-111.38413"><ele>0.0</ele></trkpt>
      <trkpt lat="38.31838" lon="-111.38411"><ele>0.0</ele></trkpt>
      <trkpt lat="38.31845" lon="-111.38406"><ele>0.0</ele></trkpt>
      <trkpt lat="38.31856" lon="-111.38397"><ele>0.0</ele></trkpt>
      <trkpt lat="38.31859" lon="-111.38395"><ele>0.0</ele></trkpt>
      <trkpt lat="38.31895" lon="-111.38359"><ele>0.0</ele></trkpt>
      <trkpt lat="38.31913" lon="-111.38335"><ele>0.0</ele></trkpt>
      <trkpt lat="38.3192" lon="-111.38322"><ele>0.0</ele></trkpt>
      <trkpt lat="38.31924" lon="-111.38317"><ele>0.0</ele></trkpt>
      <trkpt lat="38.3193" lon="-111.38307"><ele>0.0</ele></trkpt>
      <trkpt lat="38.31941" lon="-111.38285"><ele>0.0</ele></trkpt>
      <trkpt lat="38.31942" lon="-111.38284"><ele>0.0</ele></trkpt>
      <trkpt lat="38.31962" lon="-111.38242"><ele>0.0</ele></trkpt>
      <trkpt lat="38.31978" lon="-111.38204"><ele>0.0</ele></trkpt>
      <trkpt lat="38.31987" lon="-111.38186"><ele>0.0</ele></trkpt>
      <trkpt lat="38.31993" lon="-111.38171"><ele>0.0</ele></trkpt>
      <trkpt lat="38.32004" lon="-111.38148"><ele>0.0</ele></trkpt>
      <trkpt lat="38.32058" lon="-111.38024"><ele>0.0</ele></trkpt>
      <trkpt lat="38.32059" lon="-111.38023"><ele>0.0</ele></trkpt>
      <trkpt lat="38.32075" lon="-111.37986"><ele>0.0</ele></trkpt>
      <trkpt lat="38.3208" lon="-111.37976"><ele>0.0</ele></trkpt>
      <trkpt lat="38.32133" lon="-111.37857"><ele>0.0</ele></trkpt>
      <trkpt lat="38.32136" lon="-111.37852"><ele>0.0</ele></trkpt>
      <trkpt lat="38.32139" lon="-111.37844"><ele>0.0</ele></trkpt>
      <trkpt lat="38.32211" lon="-111.37685"><ele>0.0</ele></trkpt>
      <trkpt lat="38.32224" lon="-111.37653"><ele>0.0</ele></trkpt>
      <trkpt lat="38.32228" lon="-111.37645"><ele>0.0</ele></trkpt>
      <trkpt lat="38.32323" lon="-111.3743"><ele>0.0</ele></trkpt>
      <trkpt lat="38.32331" lon="-111.3741"><ele>0.0</ele></trkpt>
      <trkpt lat="38.3257" lon="-111.36875"><ele>0.0</ele></trkpt>
      <trkpt lat="38.32572" lon="-111.36872"><ele>0.0</ele></trkpt>
      <trkpt lat="38.32602" lon="-111.36802"><ele>0.0</ele></trkpt>
      <trkpt lat="38.32612" lon="-111.36782"><ele>0.0</ele></trkpt>
      <trkpt lat="38.32633" lon="-111.36733"><ele>0.0</ele></trkpt>
      <trkpt lat="38.32633" lon="-111.36732"><ele>0.0</ele></trkpt>
      <trkpt lat="38.32646" lon="-111.36694"><ele>0.0</ele></trkpt>
      <trkpt lat="38.32649" lon="-111.36679"><ele>0.0</ele></trkpt>
      <trkpt lat="38.32652" lon="-111.36648"><ele>0.0</ele></trkpt>
      <trkpt lat="38.32654" lon="-111.3661"><ele>0.0</ele></trkpt>
      <trkpt lat="38.32653" lon="-111.36599"><ele>0.0</ele></trkpt>
      <trkpt lat="38.32653" lon="-111.36585"><ele>0.0</ele></trkpt>
      <trkpt lat="38.3265" lon="-111.36553"><ele>0.0</ele></trkpt>
      <trkpt lat="38.32646" lon="-111.36537"><ele>0.0</ele></trkpt>
      <trkpt lat="38.32645" lon="-111.36531"><ele>0.0</ele></trkpt>
      <trkpt lat="38.32637" lon="-111.36505"><ele>0.0</ele></trkpt>
      <trkpt lat="38.32628" lon="-111.3648"><ele>0.0</ele></trkpt>
      <trkpt lat="38.32558" lon="-111.36312"><ele>0.0</ele></trkpt>
      <trkpt lat="38.32549" lon="-111.36285"><ele>0.0</ele></trkpt>
      <trkpt lat="38.32549" lon="-111.36283"><ele>0.0</ele></trkpt>
      <trkpt lat="38.32545" lon="-111.36269"><ele>0.0</ele></trkpt>
      <trkpt lat="38.32538" lon="-111.36237"><ele>0.0</ele></trkpt>
      <trkpt lat="38.32536" lon="-111.36205"><ele>0.0</ele></trkpt>
      <trkpt lat="38.32536" lon="-111.36175"><ele>0.0</ele></trkpt>
      <trkpt lat="38.32537" lon="-111.36172"><ele>0.0</ele></trkpt>
      <trkpt lat="38.32537" lon="-111.36165"><ele>0.0</ele></trkpt>
      <trkpt lat="38.32539" lon="-111.36152"><ele>0.0</ele></trkpt>
      <trkpt lat="38.3255" lon="-111.36106"><ele>0.0</ele></trkpt>
      <trkpt lat="38.32552" lon="-111.36094"><ele>0.0</ele></trkpt>
      <trkpt lat="38.32555" lon="-111.36084"><ele>0.0</ele></trkpt>
      <trkpt lat="38.32558" lon="-111.3607"><ele>0.0</ele></trkpt>
      <trkpt lat="38.32611" lon="-111.35884"><ele>0.0</ele></trkpt>
      <trkpt lat="38.32616" lon="-111.35861"><ele>0.0</ele></trkpt>
      <trkpt lat="38.32617" lon="-111.35852"><ele>0.0</ele></trkpt>
      <trkpt lat="38.32619" lon="-111.35842"><ele>0.0</ele></trkpt>
      <trkpt lat="38.32619" lon="-111.3584"><ele>0.0</ele></trkpt>
      <trkpt lat="38.32621" lon="-111.35824"><ele>0.0</ele></trkpt>
      <trkpt lat="38.32621" lon="-111.35815"><ele>0.0</ele></trkpt>
      <trkpt lat="38.32622" lon="-111.35806"><ele>0.0</ele></trkpt>
      <trkpt lat="38.32622" lon="-111.35769"><ele>0.0</ele></trkpt>
      <trkpt lat="38.32621" lon="-111.35758"><ele>0.0</ele></trkpt>
      <trkpt lat="38.32621" lon="-111.35748"><ele>0.0</ele></trkpt>
      <trkpt lat="38.32619" lon="-111.35737"><ele>0.0</ele></trkpt>
      <trkpt lat="38.32618" lon="-111.35728"><ele>0.0</ele></trkpt>
      <trkpt lat="38.32618" lon="-111.35726"><ele>0.0</ele></trkpt>
      <trkpt lat="38.32614" lon="-111.35708"><ele>0.0</ele></trkpt>
      <trkpt lat="38.32612" lon="-111.35694"><ele>0.0</ele></trkpt>
      <trkpt lat="38.32609" lon="-111.35681"><ele>0.0</ele></trkpt>
      <trkpt lat="38.32608" lon="-111.35681"><ele>0.0</ele></trkpt>
      <trkpt lat="38.32314" lon="-111.34501"><ele>0.0</ele></trkpt>
      <trkpt lat="38.32303" lon="-111.3445"><ele>0.0</ele></trkpt>
      <trkpt lat="38.32301" lon="-111.34435"><ele>0.0</ele></trkpt>
      <trkpt lat="38.32295" lon="-111.34402"><ele>0.0</ele></trkpt>
      <trkpt lat="38.32294" lon="-111.3439"><ele>0.0</ele></trkpt>
      <trkpt lat="38.32292" lon="-111.34377"><ele>0.0</ele></trkpt>
      <trkpt lat="38.32267" lon="-111.3409"><ele>0.0</ele></trkpt>
      <trkpt lat="38.32266" lon="-111.34085"><ele>0.0</ele></trkpt>
      <trkpt lat="38.32266" lon="-111.34079"><ele>0.0</ele></trkpt>
      <trkpt lat="38.32265" lon="-111.34073"><ele>0.0</ele></trkpt>
      <trkpt lat="38.32233" lon="-111.33702"><ele>0.0</ele></trkpt>
      <trkpt lat="38.3223" lon="-111.33646"><ele>0.0</ele></trkpt>
      <trkpt lat="38.32231" lon="-111.33619"><ele>0.0</ele></trkpt>
      <trkpt lat="38.32233" lon="-111.33592"><ele>0.0</ele></trkpt>
      <trkpt lat="38.32241" lon="-111.33544"><ele>0.0</ele></trkpt>
      <trkpt lat="38.32243" lon="-111.33538"><ele>0.0</ele></trkpt>
      <trkpt lat="38.32248" lon="-111.33519"><ele>0.0</ele></trkpt>
      <trkpt lat="38.32261" lon="-111.33477"><ele>0.0</ele></trkpt>
      <trkpt lat="38.32262" lon="-111.33475"><ele>0.0</ele></trkpt>
      <trkpt lat="38.32279" lon="-111.33426"><ele>0.0</ele></trkpt>
      <trkpt lat="38.32287" lon="-111.33399"><ele>0.0</ele></trkpt>
      <trkpt lat="38.32292" lon="-111.33378"><ele>0.0</ele></trkpt>
      <trkpt lat="38.32296" lon="-111.33357"><ele>0.0</ele></trkpt>
      <trkpt lat="38.32296" lon="-111.33354"><ele>0.0</ele></trkpt>
      <trkpt lat="38.32299" lon="-111.33328"><ele>0.0</ele></trkpt>
      <trkpt lat="38.32299" lon="-111.333"><ele>0.0</ele></trkpt>
      <trkpt lat="38.32298" lon="-111.33291"><ele>0.0</ele></trkpt>
      <trkpt lat="38.32298" lon="-111.33282"><ele>0.0</ele></trkpt>
      <trkpt lat="38.3222" lon="-111.32778"><ele>0.0</ele></trkpt>
      <trkpt lat="38.32218" lon="-111.32769"><ele>0.0</ele></trkpt>
      <trkpt lat="38.32214" lon="-111.32737"><ele>0.0</ele></trkpt>
      <trkpt lat="38.32213" lon="-111.32733"><ele>0.0</ele></trkpt>
      <trkpt lat="38.3221" lon="-111.3271"><ele>0.0</ele></trkpt>
      <trkpt lat="38.32206" lon="-111.32688"><ele>0.0</ele></trkpt>
      <trkpt lat="38.32201" lon="-111.32641"><ele>0.0</ele></trkpt>
      <trkpt lat="38.32199" lon="-111.32628"><ele>0.0</ele></trkpt>
      <trkpt lat="38.32199" lon="-111.3262"><ele>0.0</ele></trkpt>
      <trkpt lat="38.32196" lon="-111.32598"><ele>0.0</ele></trkpt>
      <trkpt lat="38.32194" lon="-111.32574"><ele>0.0</ele></trkpt>
      <trkpt lat="38.32194" lon="-111.32566"><ele>0.0</ele></trkpt>
      <trkpt lat="38.32193" lon="-111.32561"><ele>0.0</ele></trkpt>
      <trkpt lat="38.32189" lon="-111.32506"><ele>0.0</ele></trkpt>
      <trkpt lat="38.32188" lon="-111.32477"><ele>0.0</ele></trkpt>
      <trkpt lat="38.32178" lon="-111.32322"><ele>0.0</ele></trkpt>
      <trkpt lat="38.32177" lon="-111.32316"><ele>0.0</ele></trkpt>
      <trkpt lat="38.3217" lon="-111.32225"><ele>0.0</ele></trkpt>
      <trkpt lat="38.32168" lon="-111.32216"><ele>0.0</ele></trkpt>
      <trkpt lat="38.32167" lon="-111.32204"><ele>0.0</ele></trkpt>
      <trkpt lat="38.32164" lon="-111.3219"><ele>0.0</ele></trkpt>
      <trkpt lat="38.32164" lon="-111.32187"><ele>0.0</ele></trkpt>
      <trkpt lat="38.32162" lon="-111.32179"><ele>0.0</ele></trkpt>
      <trkpt lat="38.32156" lon="-111.32148"><ele>0.0</ele></trkpt>
      <trkpt lat="38.32151" lon="-111.32132"><ele>0.0</ele></trkpt>
      <trkpt lat="38.32149" lon="-111.32121"><ele>0.0</ele></trkpt>
      <trkpt lat="38.32144" lon="-111.32104"><ele>0.0</ele></trkpt>
      <trkpt lat="38.32043" lon="-111.31806"><ele>0.0</ele></trkpt>
      <trkpt lat="38.32036" lon="-111.31783"><ele>0.0</ele></trkpt>
      <trkpt lat="38.31986" lon="-111.31636"><ele>0.0</ele></trkpt>
      <trkpt lat="38.31978" lon="-111.31615"><ele>0.0</ele></trkpt>
      <trkpt lat="38.31836" lon="-111.31194"><ele>0.0</ele></trkpt>
      <trkpt lat="38.31828" lon="-111.31173"><ele>0.0</ele></trkpt>
      <trkpt lat="38.31764" lon="-111.30985"><ele>0.0</ele></trkpt>
      <trkpt lat="38.31764" lon="-111.30984"><ele>0.0</ele></trkpt>
      <trkpt lat="38.31726" lon="-111.30874"><ele>0.0</ele></trkpt>
      <trkpt lat="38.31724" lon="-111.30866"><ele>0.0</ele></trkpt>
      <trkpt lat="38.31689" lon="-111.30761"><ele>0.0</ele></trkpt>
      <trkpt lat="38.31669" lon="-111.30707"><ele>0.0</ele></trkpt>
      <trkpt lat="38.31669" lon="-111.30706"><ele>0.0</ele></trkpt>
      <trkpt lat="38.31644" lon="-111.30646"><ele>0.0</ele></trkpt>
      <trkpt lat="38.31644" lon="-111.30645"><ele>0.0</ele></trkpt>
      <trkpt lat="38.31634" lon="-111.30625"><ele>0.0</ele></trkpt>
      <trkpt lat="38.31633" lon="-111.30624"><ele>0.0</ele></trkpt>
      <trkpt lat="38.31624" lon="-111.30606"><ele>0.0</ele></trkpt>
      <trkpt lat="38.31602" lon="-111.3057"><ele>0.0</ele></trkpt>
      <trkpt lat="38.31592" lon="-111.30556"><ele>0.0</ele></trkpt>
      <trkpt lat="38.31584" lon="-111.30546"><ele>0.0</ele></trkpt>
      <trkpt lat="38.31578" lon="-111.30536"><ele>0.0</ele></trkpt>
      <trkpt lat="38.31565" lon="-111.3052"><ele>0.0</ele></trkpt>
      <trkpt lat="38.31541" lon="-111.30486"><ele>0.0</ele></trkpt>
      <trkpt lat="38.3154" lon="-111.30485"><ele>0.0</ele></trkpt>
      <trkpt lat="38.31512" lon="-111.30447"><ele>0.0</ele></trkpt>
      <trkpt lat="38.31511" lon="-111.30444"><ele>0.0</ele></trkpt>
      <trkpt lat="38.31509" lon="-111.30442"><ele>0.0</ele></trkpt>
      <trkpt lat="38.31508" lon="-111.30442"><ele>0.0</ele></trkpt>
      <trkpt lat="38.31496" lon="-111.30424"><ele>0.0</ele></trkpt>
      <trkpt lat="38.31495" lon="-111.30423"><ele>0.0</ele></trkpt>
      <trkpt lat="38.31462" lon="-111.30377"><ele>0.0</ele></trkpt>
      <trkpt lat="38.31461" lon="-111.30376"><ele>0.0</ele></trkpt>
      <trkpt lat="38.3129" lon="-111.30142"><ele>0.0</ele></trkpt>
      <trkpt lat="38.31288" lon="-111.30138"><ele>0.0</ele></trkpt>
      <trkpt lat="38.31275" lon="-111.30122"><ele>0.0</ele></trkpt>
      <trkpt lat="38.31267" lon="-111.3011"><ele>0.0</ele></trkpt>
      <trkpt lat="38.31266" lon="-111.30109"><ele>0.0</ele></trkpt>
      <trkpt lat="38.31244" lon="-111.30078"><ele>0.0</ele></trkpt>
      <trkpt lat="38.31241" lon="-111.30075"><ele>0.0</ele></trkpt>
      <trkpt lat="38.31241" lon="-111.30074"><ele>0.0</ele></trkpt>
      <trkpt lat="38.31228" lon="-111.30057"><ele>0.0</ele></trkpt>
      <trkpt lat="38.31226" lon="-111.30055"><ele>0.0</ele></trkpt>
      <trkpt lat="38.31219" lon="-111.30046"><ele>0.0</ele></trkpt>
      <trkpt lat="38.31206" lon="-111.30031"><ele>0.0</ele></trkpt>
      <trkpt lat="38.31203" lon="-111.30027"><ele>0.0</ele></trkpt>
      <trkpt lat="38.31186" lon="-111.3001"><ele>0.0</ele></trkpt>
      <trkpt lat="38.31181" lon="-111.30006"><ele>0.0</ele></trkpt>
      <trkpt lat="38.31159" lon="-111.29985"><ele>0.0</ele></trkpt>
      <trkpt lat="38.31156" lon="-111.29983"><ele>0.0</ele></trkpt>
      <trkpt lat="38.31154" lon="-111.29981"><ele>0.0</ele></trkpt>
      <trkpt lat="38.31129" lon="-111.29962"><ele>0.0</ele></trkpt>
      <trkpt lat="38.31128" lon="-111.29961"><ele>0.0</ele></trkpt>
      <trkpt lat="38.31078" lon="-111.29926"><ele>0.0</ele></trkpt>
      <trkpt lat="38.31062" lon="-111.29916"><ele>0.0</ele></trkpt>
      <trkpt lat="38.31035" lon="-111.29897"><ele>0.0</ele></trkpt>
      <trkpt lat="38.3103" lon="-111.29895"><ele>0.0</ele></trkpt>
      <trkpt lat="38.31015" lon="-111.29884"><ele>0.0</ele></trkpt>
      <trkpt lat="38.31014" lon="-111.29884"><ele>0.0</ele></trkpt>
      <trkpt lat="38.31006" lon="-111.29878"><ele>0.0</ele></trkpt>
      <trkpt lat="38.30987" lon="-111.29862"><ele>0.0</ele></trkpt>
      <trkpt lat="38.30984" lon="-111.2986"><ele>0.0</ele></trkpt>
      <trkpt lat="38.30979" lon="-111.29855"><ele>0.0</ele></trkpt>
      <trkpt lat="38.30974" lon="-111.29851"><ele>0.0</ele></trkpt>
      <trkpt lat="38.30972" lon="-111.29848"><ele>0.0</ele></trkpt>
      <trkpt lat="38.30957" lon="-111.29833"><ele>0.0</ele></trkpt>
      <trkpt lat="38.30954" lon="-111.29828"><ele>0.0</ele></trkpt>
      <trkpt lat="38.30946" lon="-111.29818"><ele>0.0</ele></trkpt>
      <trkpt lat="38.30944" lon="-111.29814"><ele>0.0</ele></trkpt>
      <trkpt lat="38.30932" lon="-111.29798"><ele>0.0</ele></trkpt>
      <trkpt lat="38.30932" lon="-111.29797"><ele>0.0</ele></trkpt>
      <trkpt lat="38.30923" lon="-111.29783"><ele>0.0</ele></trkpt>
      <trkpt lat="38.30911" lon="-111.29759"><ele>0.0</ele></trkpt>
      <trkpt lat="38.30902" lon="-111.29739"><ele>0.0</ele></trkpt>
      <trkpt lat="38.30902" lon="-111.29737"><ele>0.0</ele></trkpt>
      <trkpt lat="38.30895" lon="-111.29718"><ele>0.0</ele></trkpt>
      <trkpt lat="38.30892" lon="-111.29706"><ele>0.0</ele></trkpt>
      <trkpt lat="38.30887" lon="-111.2969"><ele>0.0</ele></trkpt>
      <trkpt lat="38.30883" lon="-111.29671"><ele>0.0</ele></trkpt>
      <trkpt lat="38.30862" lon="-111.29548"><ele>0.0</ele></trkpt>
      <trkpt lat="38.30862" lon="-111.29547"><ele>0.0</ele></trkpt>
      <trkpt lat="38.30846" lon="-111.29458"><ele>0.0</ele></trkpt>
      <trkpt lat="38.30846" lon="-111.29457"><ele>0.0</ele></trkpt>
      <trkpt lat="38.30845" lon="-111.29453"><ele>0.0</ele></trkpt>
      <trkpt lat="38.30839" lon="-111.29414"><ele>0.0</ele></trkpt>
      <trkpt lat="38.30838" lon="-111.29413"><ele>0.0</ele></trkpt>
      <trkpt lat="38.30835" lon="-111.2939"><ele>0.0</ele></trkpt>
      <trkpt lat="38.30829" lon="-111.29358"><ele>0.0</ele></trkpt>
      <trkpt lat="38.30826" lon="-111.29335"><ele>0.0</ele></trkpt>
      <trkpt lat="38.30824" lon="-111.29324"><ele>0.0</ele></trkpt>
      <trkpt lat="38.30824" lon="-111.29323"><ele>0.0</ele></trkpt>
      <trkpt lat="38.30823" lon="-111.29318"><ele>0.0</ele></trkpt>
      <trkpt lat="38.30823" lon="-111.29317"><ele>0.0</ele></trkpt>
      <trkpt lat="38.3082" lon="-111.293"><ele>0.0</ele></trkpt>
      <trkpt lat="38.30819" lon="-111.2929"><ele>0.0</ele></trkpt>
      <trkpt lat="38.30817" lon="-111.2928"><ele>0.0</ele></trkpt>
      <trkpt lat="38.30813" lon="-111.29239"><ele>0.0</ele></trkpt>
      <trkpt lat="38.30813" lon="-111.29232"><ele>0.0</ele></trkpt>
      <trkpt lat="38.30811" lon="-111.29211"><ele>0.0</ele></trkpt>
      <trkpt lat="38.30811" lon="-111.29156"><ele>0.0</ele></trkpt>
      <trkpt lat="38.30813" lon="-111.29109"><ele>0.0</ele></trkpt>
      <trkpt lat="38.30815" lon="-111.29095"><ele>0.0</ele></trkpt>
      <trkpt lat="38.30817" lon="-111.29067"><ele>0.0</ele></trkpt>
      <trkpt lat="38.30827" lon="-111.29006"><ele>0.0</ele></trkpt>
      <trkpt lat="38.30827" lon="-111.29005"><ele>0.0</ele></trkpt>
      <trkpt lat="38.30829" lon="-111.28995"><ele>0.0</ele></trkpt>
      <trkpt lat="38.30841" lon="-111.28911"><ele>0.0</ele></trkpt>
      <trkpt lat="38.30845" lon="-111.28829"><ele>0.0</ele></trkpt>
      <trkpt lat="38.30843" lon="-111.28786"><ele>0.0</ele></trkpt>
      <trkpt lat="38.30842" lon="-111.28778"><ele>0.0</ele></trkpt>
      <trkpt lat="38.30841" lon="-111.28756"><ele>0.0</ele></trkpt>
      <trkpt lat="38.30806" lon="-111.28508"><ele>0.0</ele></trkpt>
      <trkpt lat="38.30806" lon="-111.28507"><ele>0.0</ele></trkpt>
      <trkpt lat="38.30783" lon="-111.28349"><ele>0.0</ele></trkpt>
      <trkpt lat="38.30779" lon="-111.28327"><ele>0.0</ele></trkpt>
      <trkpt lat="38.30774" lon="-111.28289"><ele>0.0</ele></trkpt>
      <trkpt lat="38.3077" lon="-111.28267"><ele>0.0</ele></trkpt>
      <trkpt lat="38.30755" lon="-111.28207"><ele>0.0</ele></trkpt>
      <trkpt lat="38.30735" lon="-111.28149"><ele>0.0</ele></trkpt>
      <trkpt lat="38.30711" lon="-111.281"><ele>0.0</ele></trkpt>
      <trkpt lat="38.3069" lon="-111.28066"><ele>0.0</ele></trkpt>
      <trkpt lat="38.30668" lon="-111.28035"><ele>0.0</ele></trkpt>
      <trkpt lat="38.30666" lon="-111.28033"><ele>0.0</ele></trkpt>
      <trkpt lat="38.30656" lon="-111.28019"><ele>0.0</ele></trkpt>
      <trkpt lat="38.3064" lon="-111.28002"><ele>0.0</ele></trkpt>
      <trkpt lat="38.30637" lon="-111.27998"><ele>0.0</ele></trkpt>
      <trkpt lat="38.30616" lon="-111.27977"><ele>0.0</ele></trkpt>
      <trkpt lat="38.30614" lon="-111.27976"><ele>0.0</ele></trkpt>
      <trkpt lat="38.30597" lon="-111.27961"><ele>0.0</ele></trkpt>
      <trkpt lat="38.30594" lon="-111.27959"><ele>0.0</ele></trkpt>
      <trkpt lat="38.30407" lon="-111.27794"><ele>0.0</ele></trkpt>
      <trkpt lat="38.30404" lon="-111.27792"><ele>0.0</ele></trkpt>
      <trkpt lat="38.30402" lon="-111.27789"><ele>0.0</ele></trkpt>
      <trkpt lat="38.30244" lon="-111.2765"><ele>0.0</ele></trkpt>
      <trkpt lat="38.30241" lon="-111.27648"><ele>0.0</ele></trkpt>
      <trkpt lat="38.30239" lon="-111.27646"><ele>0.0</ele></trkpt>
      <trkpt lat="38.30229" lon="-111.27638"><ele>0.0</ele></trkpt>
      <trkpt lat="38.30227" lon="-111.27635"><ele>0.0</ele></trkpt>
      <trkpt lat="38.30184" lon="-111.27599"><ele>0.0</ele></trkpt>
      <trkpt lat="38.30182" lon="-111.27597"><ele>0.0</ele></trkpt>
      <trkpt lat="38.3018" lon="-111.27594"><ele>0.0</ele></trkpt>
      <trkpt lat="38.3017" lon="-111.27585"><ele>0.0</ele></trkpt>
      <trkpt lat="38.30167" lon="-111.27583"><ele>0.0</ele></trkpt>
      <trkpt lat="38.30108" lon="-111.27526"><ele>0.0</ele></trkpt>
      <trkpt lat="38.30085" lon="-111.27501"><ele>0.0</ele></trkpt>
      <trkpt lat="38.30082" lon="-111.27499"><ele>0.0</ele></trkpt>
      <trkpt lat="38.30069" lon="-111.27484"><ele>0.0</ele></trkpt>
      <trkpt lat="38.30066" lon="-111.27482"><ele>0.0</ele></trkpt>
      <trkpt lat="38.30066" lon="-111.27481"><ele>0.0</ele></trkpt>
      <trkpt lat="38.30043" lon="-111.27457"><ele>0.0</ele></trkpt>
      <trkpt lat="38.30041" lon="-111.27454"><ele>0.0</ele></trkpt>
      <trkpt lat="38.3003" lon="-111.27442"><ele>0.0</ele></trkpt>
      <trkpt lat="38.30028" lon="-111.27439"><ele>0.0</ele></trkpt>
      <trkpt lat="38.30025" lon="-111.27437"><ele>0.0</ele></trkpt>
      <trkpt lat="38.30014" lon="-111.27424"><ele>0.0</ele></trkpt>
      <trkpt lat="38.30012" lon="-111.27423"><ele>0.0</ele></trkpt>
      <trkpt lat="38.30012" lon="-111.27422"><ele>0.0</ele></trkpt>
      <trkpt lat="38.29963" lon="-111.27365"><ele>0.0</ele></trkpt>
      <trkpt lat="38.29947" lon="-111.27348"><ele>0.0</ele></trkpt>
      <trkpt lat="38.29945" lon="-111.27345"><ele>0.0</ele></trkpt>
      <trkpt lat="38.29936" lon="-111.27335"><ele>0.0</ele></trkpt>
      <trkpt lat="38.29923" lon="-111.27319"><ele>0.0</ele></trkpt>
      <trkpt lat="38.29918" lon="-111.27314"><ele>0.0</ele></trkpt>
      <trkpt lat="38.29854" lon="-111.2724"><ele>0.0</ele></trkpt>
      <trkpt lat="38.2984" lon="-111.27225"><ele>0.0</ele></trkpt>
      <trkpt lat="38.298" lon="-111.27179"><ele>0.0</ele></trkpt>
      <trkpt lat="38.29798" lon="-111.27176"><ele>0.0</ele></trkpt>
      <trkpt lat="38.29747" lon="-111.27118"><ele>0.0</ele></trkpt>
      <trkpt lat="38.29745" lon="-111.27115"><ele>0.0</ele></trkpt>
      <trkpt lat="38.29735" lon="-111.27105"><ele>0.0</ele></trkpt>
      <trkpt lat="38.29733" lon="-111.27102"><ele>0.0</ele></trkpt>
      <trkpt lat="38.29652" lon="-111.27012"><ele>0.0</ele></trkpt>
      <trkpt lat="38.2965" lon="-111.27009"><ele>0.0</ele></trkpt>
      <trkpt lat="38.29641" lon="-111.26999"><ele>0.0</ele></trkpt>
      <trkpt lat="38.29639" lon="-111.26996"><ele>0.0</ele></trkpt>
      <trkpt lat="38.29615" lon="-111.26967"><ele>0.0</ele></trkpt>
      <trkpt lat="38.29613" lon="-111.26965"><ele>0.0</ele></trkpt>
      <trkpt lat="38.29611" lon="-111.26962"><ele>0.0</ele></trkpt>
      <trkpt lat="38.29573" lon="-111.26918"><ele>0.0</ele></trkpt>
      <trkpt lat="38.29563" lon="-111.26904"><ele>0.0</ele></trkpt>
      <trkpt lat="38.29561" lon="-111.26902"><ele>0.0</ele></trkpt>
      <trkpt lat="38.29538" lon="-111.26872"><ele>0.0</ele></trkpt>
      <trkpt lat="38.29489" lon="-111.26798"><ele>0.0</ele></trkpt>
      <trkpt lat="38.29477" lon="-111.26777"><ele>0.0</ele></trkpt>
      <trkpt lat="38.29474" lon="-111.26773"><ele>0.0</ele></trkpt>
      <trkpt lat="38.29469" lon="-111.26765"><ele>0.0</ele></trkpt>
      <trkpt lat="38.29459" lon="-111.26746"><ele>0.0</ele></trkpt>
      <trkpt lat="38.29457" lon="-111.26743"><ele>0.0</ele></trkpt>
      <trkpt lat="38.29456" lon="-111.26741"><ele>0.0</ele></trkpt>
      <trkpt lat="38.29455" lon="-111.2674"><ele>0.0</ele></trkpt>
      <trkpt lat="38.29417" lon="-111.26671"><ele>0.0</ele></trkpt>
      <trkpt lat="38.29415" lon="-111.26669"><ele>0.0</ele></trkpt>
      <trkpt lat="38.29414" lon="-111.26666"><ele>0.0</ele></trkpt>
      <trkpt lat="38.29375" lon="-111.26597"><ele>0.0</ele></trkpt>
      <trkpt lat="38.29373" lon="-111.26592"><ele>0.0</ele></trkpt>
      <trkpt lat="38.29331" lon="-111.26515"><ele>0.0</ele></trkpt>
      <trkpt lat="38.2933" lon="-111.26515"><ele>0.0</ele></trkpt>
      <trkpt lat="38.29304" lon="-111.2646"><ele>0.0</ele></trkpt>
      <trkpt lat="38.29303" lon="-111.26456"><ele>0.0</ele></trkpt>
      <trkpt lat="38.29175" lon="-111.26169"><ele>0.0</ele></trkpt>
      <trkpt lat="38.29159" lon="-111.26122"><ele>0.0</ele></trkpt>
      <trkpt lat="38.29156" lon="-111.26106"><ele>0.0</ele></trkpt>
      <trkpt lat="38.29151" lon="-111.26087"><ele>0.0</ele></trkpt>
      <trkpt lat="38.29137" lon="-111.25928"><ele>0.0</ele></trkpt>
      <trkpt lat="38.29132" lon="-111.2589"><ele>0.0</ele></trkpt>
      <trkpt lat="38.29129" lon="-111.25875"><ele>0.0</ele></trkpt>
      <trkpt lat="38.29129" lon="-111.25874"><ele>0.0</ele></trkpt>
      <trkpt lat="38.29125" lon="-111.25861"><ele>0.0</ele></trkpt>
      <trkpt lat="38.29122" lon="-111.25848"><ele>0.0</ele></trkpt>
      <trkpt lat="38.29121" lon="-111.25846"><ele>0.0</ele></trkpt>
      <trkpt lat="38.29118" lon="-111.25836"><ele>0.0</ele></trkpt>
      <trkpt lat="38.29116" lon="-111.25832"><ele>0.0</ele></trkpt>
      <trkpt lat="38.29114" lon="-111.25825"><ele>0.0</ele></trkpt>
      <trkpt lat="38.29104" lon="-111.25803"><ele>0.0</ele></trkpt>
      <trkpt lat="38.29064" lon="-111.25739"><ele>0.0</ele></trkpt>
      <trkpt lat="38.29035" lon="-111.25698"><ele>0.0</ele></trkpt>
      <trkpt lat="38.29027" lon="-111.25685"><ele>0.0</ele></trkpt>
      <trkpt lat="38.29014" lon="-111.25661"><ele>0.0</ele></trkpt>
      <trkpt lat="38.29009" lon="-111.25649"><ele>0.0</ele></trkpt>
      <trkpt lat="38.29008" lon="-111.25648"><ele>0.0</ele></trkpt>
      <trkpt lat="38.28994" lon="-111.25609"><ele>0.0</ele></trkpt>
      <trkpt lat="38.28994" lon="-111.25608"><ele>0.0</ele></trkpt>
      <trkpt lat="38.28993" lon="-111.25602"><ele>0.0</ele></trkpt>
      <trkpt lat="38.28989" lon="-111.25586"><ele>0.0</ele></trkpt>
      <trkpt lat="38.28989" lon="-111.2558"><ele>0.0</ele></trkpt>
      <trkpt lat="38.28985" lon="-111.25556"><ele>0.0</ele></trkpt>
      <trkpt lat="38.28983" lon="-111.25521"><ele>0.0</ele></trkpt>
      <trkpt lat="38.28984" lon="-111.25397"><ele>0.0</ele></trkpt>
      <trkpt lat="38.28981" lon="-111.25354"><ele>0.0</ele></trkpt>
      <trkpt lat="38.28972" lon="-111.25283"><ele>0.0</ele></trkpt>
      <trkpt lat="38.28968" lon="-111.25267"><ele>0.0</ele></trkpt>
      <trkpt lat="38.28963" lon="-111.2524"><ele>0.0</ele></trkpt>
      <trkpt lat="38.28963" lon="-111.25239"><ele>0.0</ele></trkpt>
      <trkpt lat="38.28952" lon="-111.25202"><ele>0.0</ele></trkpt>
      <trkpt lat="38.28951" lon="-111.25195"><ele>0.0</ele></trkpt>
      <trkpt lat="38.2893" lon="-111.25132"><ele>0.0</ele></trkpt>
      <trkpt lat="38.28922" lon="-111.25113"><ele>0.0</ele></trkpt>
      <trkpt lat="38.28905" lon="-111.25077"><ele>0.0</ele></trkpt>
      <trkpt lat="38.28791" lon="-111.24854"><ele>0.0</ele></trkpt>
      <trkpt lat="38.28789" lon="-111.24847"><ele>0.0</ele></trkpt>
      <trkpt lat="38.28786" lon="-111.24841"><ele>0.0</ele></trkpt>
      <trkpt lat="38.28771" lon="-111.24801"><ele>0.0</ele></trkpt>
      <trkpt lat="38.28765" lon="-111.24782"><ele>0.0</ele></trkpt>
      <trkpt lat="38.28751" lon="-111.24721"><ele>0.0</ele></trkpt>
      <trkpt lat="38.28747" lon="-111.24696"><ele>0.0</ele></trkpt>
      <trkpt lat="38.28744" lon="-111.24669"><ele>0.0</ele></trkpt>
      <trkpt lat="38.28743" lon="-111.24667"><ele>0.0</ele></trkpt>
      <trkpt lat="38.28741" lon="-111.24632"><ele>0.0</ele></trkpt>
      <trkpt lat="38.28741" lon="-111.24576"><ele>0.0</ele></trkpt>
      <trkpt lat="38.28746" lon="-111.24528"><ele>0.0</ele></trkpt>
      <trkpt lat="38.28753" lon="-111.24487"><ele>0.0</ele></trkpt>
      <trkpt lat="38.28784" lon="-111.24362"><ele>0.0</ele></trkpt>
      <trkpt lat="38.28792" lon="-111.24321"><ele>0.0</ele></trkpt>
      <trkpt lat="38.28795" lon="-111.24287"><ele>0.0</ele></trkpt>
      <trkpt lat="38.28796" lon="-111.24281"><ele>0.0</ele></trkpt>
      <trkpt lat="38.28796" lon="-111.24244"><ele>0.0</ele></trkpt>
      <trkpt lat="38.28794" lon="-111.24215"><ele>0.0</ele></trkpt>
      <trkpt lat="38.28792" lon="-111.242"><ele>0.0</ele></trkpt>
      <trkpt lat="38.28789" lon="-111.24185"><ele>0.0</ele></trkpt>
      <trkpt lat="38.28789" lon="-111.2418"><ele>0.0</ele></trkpt>
      <trkpt lat="38.28768" lon="-111.24069"><ele>0.0</ele></trkpt>
      <trkpt lat="38.28765" lon="-111.24034"><ele>0.0</ele></trkpt>
      <trkpt lat="38.28765" lon="-111.23982"><ele>0.0</ele></trkpt>
      <trkpt lat="38.28767" lon="-111.23968"><ele>0.0</ele></trkpt>
      <trkpt lat="38.28768" lon="-111.23956"><ele>0.0</ele></trkpt>
      <trkpt lat="38.28772" lon="-111.23928"><ele>0.0</ele></trkpt>
      <trkpt lat="38.28778" lon="-111.23895"><ele>0.0</ele></trkpt>
      <trkpt lat="38.28778" lon="-111.23894"><ele>0.0</ele></trkpt>
      <trkpt lat="38.28787" lon="-111.23864"><ele>0.0</ele></trkpt>
      <trkpt lat="38.2879" lon="-111.23852"><ele>0.0</ele></trkpt>
      <trkpt lat="38.28809" lon="-111.23804"><ele>0.0</ele></trkpt>
      <trkpt lat="38.28854" lon="-111.23718"><ele>0.0</ele></trkpt>
      <trkpt lat="38.28872" lon="-111.23677"><ele>0.0</ele></trkpt>
      <trkpt lat="38.28879" lon="-111.23658"><ele>0.0</ele></trkpt>
      <trkpt lat="38.28885" lon="-111.23635"><ele>0.0</ele></trkpt>
      <trkpt lat="38.28893" lon="-111.23595"><ele>0.0</ele></trkpt>
      <trkpt lat="38.28897" lon="-111.23559"><ele>0.0</ele></trkpt>
      <trkpt lat="38.28897" lon="-111.23551"><ele>0.0</ele></trkpt>
      <trkpt lat="38.28898" lon="-111.23544"><ele>0.0</ele></trkpt>
      <trkpt lat="38.28898" lon="-111.23519"><ele>0.0</ele></trkpt>
      <trkpt lat="38.28897" lon="-111.23509"><ele>0.0</ele></trkpt>
      <trkpt lat="38.28897" lon="-111.235"><ele>0.0</ele></trkpt>
      <trkpt lat="38.28882" lon="-111.2336"><ele>0.0</ele></trkpt>
      <trkpt lat="38.28881" lon="-111.23358"><ele>0.0</ele></trkpt>
      <trkpt lat="38.2888" lon="-111.23338"><ele>0.0</ele></trkpt>
      <trkpt lat="38.28876" lon="-111.23303"><ele>0.0</ele></trkpt>
      <trkpt lat="38.28874" lon="-111.23269"><ele>0.0</ele></trkpt>
      <trkpt lat="38.28873" lon="-111.23262"><ele>0.0</ele></trkpt>
      <trkpt lat="38.28873" lon="-111.23246"><ele>0.0</ele></trkpt>
      <trkpt lat="38.28872" lon="-111.23243"><ele>0.0</ele></trkpt>
      <trkpt lat="38.28874" lon="-111.23132"><ele>0.0</ele></trkpt>
      <trkpt lat="38.28875" lon="-111.23126"><ele>0.0</ele></trkpt>
      <trkpt lat="38.2888" lon="-111.23017"><ele>0.0</ele></trkpt>
      <trkpt lat="38.2888" lon="-111.22972"><ele>0.0</ele></trkpt>
      <trkpt lat="38.28878" lon="-111.22941"><ele>0.0</ele></trkpt>
      <trkpt lat="38.28873" lon="-111.22908"><ele>0.0</ele></trkpt>
      <trkpt lat="38.28861" lon="-111.22863"><ele>0.0</ele></trkpt>
      <trkpt lat="38.28827" lon="-111.22773"><ele>0.0</ele></trkpt>
      <trkpt lat="38.28818" lon="-111.22753"><ele>0.0</ele></trkpt>
      <trkpt lat="38.288" lon="-111.22704"><ele>0.0</ele></trkpt>
      <trkpt lat="38.28795" lon="-111.22686"><ele>0.0</ele></trkpt>
      <trkpt lat="38.28792" lon="-111.22671"><ele>0.0</ele></trkpt>
      <trkpt lat="38.28792" lon="-111.22668"><ele>0.0</ele></trkpt>
      <trkpt lat="38.28789" lon="-111.22648"><ele>0.0</ele></trkpt>
      <trkpt lat="38.28788" lon="-111.22631"><ele>0.0</ele></trkpt>
      <trkpt lat="38.28788" lon="-111.22597"><ele>0.0</ele></trkpt>
      <trkpt lat="38.28789" lon="-111.22587"><ele>0.0</ele></trkpt>
      <trkpt lat="38.28802" lon="-111.22526"><ele>0.0</ele></trkpt>
      <trkpt lat="38.28813" lon="-111.2249"><ele>0.0</ele></trkpt>
      <trkpt lat="38.28819" lon="-111.22473"><ele>0.0</ele></trkpt>
      <trkpt lat="38.28819" lon="-111.22472"><ele>0.0</ele></trkpt>
      <trkpt lat="38.28834" lon="-111.22428"><ele>0.0</ele></trkpt>
      <trkpt lat="38.2884" lon="-111.22402"><ele>0.0</ele></trkpt>
      <trkpt lat="38.28844" lon="-111.22378"><ele>0.0</ele></trkpt>
      <trkpt lat="38.28846" lon="-111.22357"><ele>0.0</ele></trkpt>
      <trkpt lat="38.28845" lon="-111.22348"><ele>0.0</ele></trkpt>
      <trkpt lat="38.28845" lon="-111.22338"><ele>0.0</ele></trkpt>
      <trkpt lat="38.28837" lon="-111.22304"><ele>0.0</ele></trkpt>
      <trkpt lat="38.28834" lon="-111.22295"><ele>0.0</ele></trkpt>
      <trkpt lat="38.2883" lon="-111.22286"><ele>0.0</ele></trkpt>
      <trkpt lat="38.28825" lon="-111.22277"><ele>0.0</ele></trkpt>
      <trkpt lat="38.28816" lon="-111.22263"><ele>0.0</ele></trkpt>
      <trkpt lat="38.28803" lon="-111.22248"><ele>0.0</ele></trkpt>
      <trkpt lat="38.28795" lon="-111.22241"><ele>0.0</ele></trkpt>
      <trkpt lat="38.28789" lon="-111.22235"><ele>0.0</ele></trkpt>
      <trkpt lat="38.28527" lon="-111.22021"><ele>0.0</ele></trkpt>
      <trkpt lat="38.28442" lon="-111.21948"><ele>0.0</ele></trkpt>
      <trkpt lat="38.28416" lon="-111.21924"><ele>0.0</ele></trkpt>
      <trkpt lat="38.28376" lon="-111.21883"><ele>0.0</ele></trkpt>
      <trkpt lat="38.28328" lon="-111.21825"><ele>0.0</ele></trkpt>
      <trkpt lat="38.28327" lon="-111.21823"><ele>0.0</ele></trkpt>
      <trkpt lat="38.28287" lon="-111.21766"><ele>0.0</ele></trkpt>
      <trkpt lat="38.2826" lon="-111.21721"><ele>0.0</ele></trkpt>
      <trkpt lat="38.28259" lon="-111.2172"><ele>0.0</ele></trkpt>
      <trkpt lat="38.28242" lon="-111.21689"><ele>0.0</ele></trkpt>
      <trkpt lat="38.28224" lon="-111.21651"><ele>0.0</ele></trkpt>
      <trkpt lat="38.28216" lon="-111.21631"><ele>0.0</ele></trkpt>
      <trkpt lat="38.28209" lon="-111.21604"><ele>0.0</ele></trkpt>
      <trkpt lat="38.28209" lon="-111.21603"><ele>0.0</ele></trkpt>
      <trkpt lat="38.28203" lon="-111.21579"><ele>0.0</ele></trkpt>
      <trkpt lat="38.28201" lon="-111.21555"><ele>0.0</ele></trkpt>
      <trkpt lat="38.282" lon="-111.21549"><ele>0.0</ele></trkpt>
      <trkpt lat="38.282" lon="-111.2152"><ele>0.0</ele></trkpt>
      <trkpt lat="38.28202" lon="-111.21495"><ele>0.0</ele></trkpt>
      <trkpt lat="38.28208" lon="-111.21465"><ele>0.0</ele></trkpt>
      <trkpt lat="38.28218" lon="-111.21435"><ele>0.0</ele></trkpt>
      <trkpt lat="38.28224" lon="-111.21422"><ele>0.0</ele></trkpt>
      <trkpt lat="38.28234" lon="-111.21403"><ele>0.0</ele></trkpt>
      <trkpt lat="38.28241" lon="-111.21393"><ele>0.0</ele></trkpt>
      <trkpt lat="38.28251" lon="-111.21377"><ele>0.0</ele></trkpt>
      <trkpt lat="38.28257" lon="-111.2137"><ele>0.0</ele></trkpt>
      <trkpt lat="38.28297" lon="-111.21314"><ele>0.0</ele></trkpt>
      <trkpt lat="38.28306" lon="-111.213"><ele>0.0</ele></trkpt>
      <trkpt lat="38.28316" lon="-111.21282"><ele>0.0</ele></trkpt>
      <trkpt lat="38.28324" lon="-111.21264"><ele>0.0</ele></trkpt>
      <trkpt lat="38.2833" lon="-111.21248"><ele>0.0</ele></trkpt>
      <trkpt lat="38.28335" lon="-111.21228"><ele>0.0</ele></trkpt>
      <trkpt lat="38.28339" lon="-111.21206"><ele>0.0</ele></trkpt>
      <trkpt lat="38.28341" lon="-111.21168"><ele>0.0</ele></trkpt>
      <trkpt lat="38.28332" lon="-111.21025"><ele>0.0</ele></trkpt>
      <trkpt lat="38.28333" lon="-111.20984"><ele>0.0</ele></trkpt>
      <trkpt lat="38.28335" lon="-111.20954"><ele>0.0</ele></trkpt>
      <trkpt lat="38.2834" lon="-111.20925"><ele>0.0</ele></trkpt>
      <trkpt lat="38.28352" lon="-111.20871"><ele>0.0</ele></trkpt>
      <trkpt lat="38.28377" lon="-111.2078"><ele>0.0</ele></trkpt>
      <trkpt lat="38.28387" lon="-111.20732"><ele>0.0</ele></trkpt>
      <trkpt lat="38.28389" lon="-111.20704"><ele>0.0</ele></trkpt>
      <trkpt lat="38.28389" lon="-111.20679"><ele>0.0</ele></trkpt>
      <trkpt lat="38.28388" lon="-111.20658"><ele>0.0</ele></trkpt>
      <trkpt lat="38.28376" lon="-111.20596"><ele>0.0</ele></trkpt>
      <trkpt lat="38.28376" lon="-111.20595"><ele>0.0</ele></trkpt>
      <trkpt lat="38.28368" lon="-111.20566"><ele>0.0</ele></trkpt>
      <trkpt lat="38.28363" lon="-111.20543"><ele>0.0</ele></trkpt>
      <trkpt lat="38.28356" lon="-111.2049"><ele>0.0</ele></trkpt>
      <trkpt lat="38.28356" lon="-111.2046"><ele>0.0</ele></trkpt>
      <trkpt lat="38.2836" lon="-111.20413"><ele>0.0</ele></trkpt>
      <trkpt lat="38.28369" lon="-111.20367"><ele>0.0</ele></trkpt>
      <trkpt lat="38.28372" lon="-111.20355"><ele>0.0</ele></trkpt>
      <trkpt lat="38.28383" lon="-111.20286"><ele>0.0</ele></trkpt>
      <trkpt lat="38.28384" lon="-111.20282"><ele>0.0</ele></trkpt>
      <trkpt lat="38.28384" lon="-111.20277"><ele>0.0</ele></trkpt>
      <trkpt lat="38.28385" lon="-111.20272"><ele>0.0</ele></trkpt>
      <trkpt lat="38.28386" lon="-111.20257"><ele>0.0</ele></trkpt>
      <trkpt lat="38.28385" lon="-111.2024"><ele>0.0</ele></trkpt>
      <trkpt lat="38.28385" lon="-111.20222"><ele>0.0</ele></trkpt>
      <trkpt lat="38.28381" lon="-111.20193"><ele>0.0</ele></trkpt>
      <trkpt lat="38.28367" lon="-111.20124"><ele>0.0</ele></trkpt>
      <trkpt lat="38.28367" lon="-111.2012"><ele>0.0</ele></trkpt>
      <trkpt lat="38.28366" lon="-111.20118"><ele>0.0</ele></trkpt>
      <trkpt lat="38.28353" lon="-111.20053"><ele>0.0</ele></trkpt>
      <trkpt lat="38.28348" lon="-111.20008"><ele>0.0</ele></trkpt>
      <trkpt lat="38.28348" lon="-111.19986"><ele>0.0</ele></trkpt>
      <trkpt lat="38.28349" lon="-111.19961"><ele>0.0</ele></trkpt>
      <trkpt lat="38.28353" lon="-111.19927"><ele>0.0</ele></trkpt>
      <trkpt lat="38.28357" lon="-111.19912"><ele>0.0</ele></trkpt>
      <trkpt lat="38.2836" lon="-111.19898"><ele>0.0</ele></trkpt>
      <trkpt lat="38.2837" lon="-111.1987"><ele>0.0</ele></trkpt>
      <trkpt lat="38.28376" lon="-111.19857"><ele>0.0</ele></trkpt>
      <trkpt lat="38.28377" lon="-111.19854"><ele>0.0</ele></trkpt>
      <trkpt lat="38.28392" lon="-111.19828"><ele>0.0</ele></trkpt>
      <trkpt lat="38.28407" lon="-111.19807"><ele>0.0</ele></trkpt>
      <trkpt lat="38.28485" lon="-111.19721"><ele>0.0</ele></trkpt>
      <trkpt lat="38.28501" lon="-111.19696"><ele>0.0</ele></trkpt>
      <trkpt lat="38.28505" lon="-111.19688"><ele>0.0</ele></trkpt>
      <trkpt lat="38.28511" lon="-111.19673"><ele>0.0</ele></trkpt>
      <trkpt lat="38.28511" lon="-111.19672"><ele>0.0</ele></trkpt>
      <trkpt lat="38.2852" lon="-111.19638"><ele>0.0</ele></trkpt>
      <trkpt lat="38.2852" lon="-111.19631"><ele>0.0</ele></trkpt>
      <trkpt lat="38.28521" lon="-111.19623"><ele>0.0</ele></trkpt>
      <trkpt lat="38.28521" lon="-111.19598"><ele>0.0</ele></trkpt>
      <trkpt lat="38.28519" lon="-111.19589"><ele>0.0</ele></trkpt>
      <trkpt lat="38.28518" lon="-111.1958"><ele>0.0</ele></trkpt>
      <trkpt lat="38.28516" lon="-111.19571"><ele>0.0</ele></trkpt>
      <trkpt lat="38.28507" lon="-111.19545"><ele>0.0</ele></trkpt>
      <trkpt lat="38.285" lon="-111.1953"><ele>0.0</ele></trkpt>
      <trkpt lat="38.28492" lon="-111.19517"><ele>0.0</ele></trkpt>
      <trkpt lat="38.28488" lon="-111.19512"><ele>0.0</ele></trkpt>
      <trkpt lat="38.28484" lon="-111.19508"><ele>0.0</ele></trkpt>
      <trkpt lat="38.28483" lon="-111.19506"><ele>0.0</ele></trkpt>
      <trkpt lat="38.28477" lon="-111.195"><ele>0.0</ele></trkpt>
      <trkpt lat="38.28466" lon="-111.19491"><ele>0.0</ele></trkpt>
      <trkpt lat="38.28451" lon="-111.19482"><ele>0.0</ele></trkpt>
      <trkpt lat="38.28442" lon="-111.19478"><ele>0.0</ele></trkpt>
      <trkpt lat="38.28425" lon="-111.19472"><ele>0.0</ele></trkpt>
      <trkpt lat="38.284" lon="-111.19467"><ele>0.0</ele></trkpt>
      <trkpt lat="38.28385" lon="-111.19466"><ele>0.0</ele></trkpt>
      <trkpt lat="38.28281" lon="-111.19453"><ele>0.0</ele></trkpt>
      <trkpt lat="38.28273" lon="-111.19453"><ele>0.0</ele></trkpt>
      <trkpt lat="38.28259" lon="-111.19451"><ele>0.0</ele></trkpt>
      <trkpt lat="38.28255" lon="-111.19451"><ele>0.0</ele></trkpt>
      <trkpt lat="38.28224" lon="-111.19448"><ele>0.0</ele></trkpt>
      <trkpt lat="38.28142" lon="-111.19435"><ele>0.0</ele></trkpt>
      <trkpt lat="38.28099" lon="-111.19423"><ele>0.0</ele></trkpt>
      <trkpt lat="38.28073" lon="-111.19414"><ele>0.0</ele></trkpt>
      <trkpt lat="38.28048" lon="-111.19404"><ele>0.0</ele></trkpt>
      <trkpt lat="38.28013" lon="-111.19387"><ele>0.0</ele></trkpt>
      <trkpt lat="38.27978" lon="-111.19367"><ele>0.0</ele></trkpt>
      <trkpt lat="38.27962" lon="-111.19357"><ele>0.0</ele></trkpt>
      <trkpt lat="38.27915" lon="-111.19323"><ele>0.0</ele></trkpt>
      <trkpt lat="38.27898" lon="-111.19309"><ele>0.0</ele></trkpt>
      <trkpt lat="38.27846" lon="-111.1926"><ele>0.0</ele></trkpt>
      <trkpt lat="38.27812" lon="-111.1922"><ele>0.0</ele></trkpt>
      <trkpt lat="38.27811" lon="-111.19218"><ele>0.0</ele></trkpt>
      <trkpt lat="38.27802" lon="-111.19206"><ele>0.0</ele></trkpt>
      <trkpt lat="38.27786" lon="-111.19181"><ele>0.0</ele></trkpt>
      <trkpt lat="38.27777" lon="-111.19164"><ele>0.0</ele></trkpt>
      <trkpt lat="38.27765" lon="-111.19137"><ele>0.0</ele></trkpt>
      <trkpt lat="38.27759" lon="-111.1912"><ele>0.0</ele></trkpt>
      <trkpt lat="38.27747" lon="-111.1908"><ele>0.0</ele></trkpt>
      <trkpt lat="38.27738" lon="-111.19031"><ele>0.0</ele></trkpt>
      <trkpt lat="38.27736" lon="-111.19005"><ele>0.0</ele></trkpt>
      <trkpt lat="38.27736" lon="-111.18965"><ele>0.0</ele></trkpt>
      <trkpt lat="38.27742" lon="-111.18917"><ele>0.0</ele></trkpt>
      <trkpt lat="38.27744" lon="-111.18907"><ele>0.0</ele></trkpt>
      <trkpt lat="38.27744" lon="-111.18905"><ele>0.0</ele></trkpt>
      <trkpt lat="38.27746" lon="-111.18896"><ele>0.0</ele></trkpt>
      <trkpt lat="38.27747" lon="-111.18889"><ele>0.0</ele></trkpt>
      <trkpt lat="38.27749" lon="-111.18883"><ele>0.0</ele></trkpt>
      <trkpt lat="38.2775" lon="-111.18878"><ele>0.0</ele></trkpt>
      <trkpt lat="38.27751" lon="-111.18876"><ele>0.0</ele></trkpt>
      <trkpt lat="38.27752" lon="-111.18871"><ele>0.0</ele></trkpt>
      <trkpt lat="38.2776" lon="-111.18846"><ele>0.0</ele></trkpt>
      <trkpt lat="38.27766" lon="-111.1883"><ele>0.0</ele></trkpt>
      <trkpt lat="38.27774" lon="-111.18812"><ele>0.0</ele></trkpt>
      <trkpt lat="38.27782" lon="-111.18796"><ele>0.0</ele></trkpt>
      <trkpt lat="38.27791" lon="-111.18774"><ele>0.0</ele></trkpt>
      <trkpt lat="38.27793" lon="-111.18771"><ele>0.0</ele></trkpt>
      <trkpt lat="38.27864" lon="-111.1862"><ele>0.0</ele></trkpt>
      <trkpt lat="38.27897" lon="-111.18543"><ele>0.0</ele></trkpt>
      <trkpt lat="38.27904" lon="-111.1852"><ele>0.0</ele></trkpt>
      <trkpt lat="38.27909" lon="-111.18506"><ele>0.0</ele></trkpt>
      <trkpt lat="38.27914" lon="-111.18484"><ele>0.0</ele></trkpt>
      <trkpt lat="38.27917" lon="-111.18466"><ele>0.0</ele></trkpt>
      <trkpt lat="38.27922" lon="-111.18443"><ele>0.0</ele></trkpt>
      <trkpt lat="38.2793" lon="-111.18391"><ele>0.0</ele></trkpt>
      <trkpt lat="38.27931" lon="-111.18389"><ele>0.0</ele></trkpt>
      <trkpt lat="38.27934" lon="-111.18373"><ele>0.0</ele></trkpt>
      <trkpt lat="38.27934" lon="-111.18367"><ele>0.0</ele></trkpt>
      <trkpt lat="38.2797" lon="-111.18149"><ele>0.0</ele></trkpt>
      <trkpt lat="38.27979" lon="-111.18101"><ele>0.0</ele></trkpt>
      <trkpt lat="38.2798" lon="-111.18098"><ele>0.0</ele></trkpt>
      <trkpt lat="38.27981" lon="-111.18092"><ele>0.0</ele></trkpt>
      <trkpt lat="38.27982" lon="-111.18091"><ele>0.0</ele></trkpt>
      <trkpt lat="38.27988" lon="-111.18068"><ele>0.0</ele></trkpt>
      <trkpt lat="38.27992" lon="-111.18057"><ele>0.0</ele></trkpt>
      <trkpt lat="38.27997" lon="-111.1804"><ele>0.0</ele></trkpt>
      <trkpt lat="38.28" lon="-111.18035"><ele>0.0</ele></trkpt>
      <trkpt lat="38.28003" lon="-111.18027"><ele>0.0</ele></trkpt>
      <trkpt lat="38.28016" lon="-111.18"><ele>0.0</ele></trkpt>
      <trkpt lat="38.28017" lon="-111.18"><ele>0.0</ele></trkpt>
      <trkpt lat="38.28019" lon="-111.17995"><ele>0.0</ele></trkpt>
      <trkpt lat="38.28031" lon="-111.17978"><ele>0.0</ele></trkpt>
      <trkpt lat="38.28031" lon="-111.17977"><ele>0.0</ele></trkpt>
      <trkpt lat="38.28047" lon="-111.17955"><ele>0.0</ele></trkpt>
      <trkpt lat="38.28052" lon="-111.1795"><ele>0.0</ele></trkpt>
      <trkpt lat="38.28052" lon="-111.17949"><ele>0.0</ele></trkpt>
      <trkpt lat="38.28062" lon="-111.17937"><ele>0.0</ele></trkpt>
      <trkpt lat="38.28069" lon="-111.1793"><ele>0.0</ele></trkpt>
      <trkpt lat="38.281" lon="-111.17903"><ele>0.0</ele></trkpt>
      <trkpt lat="38.2812" lon="-111.17889"><ele>0.0</ele></trkpt>
      <trkpt lat="38.2818" lon="-111.17855"><ele>0.0</ele></trkpt>
      <trkpt lat="38.28221" lon="-111.1783"><ele>0.0</ele></trkpt>
      <trkpt lat="38.28235" lon="-111.1782"><ele>0.0</ele></trkpt>
      <trkpt lat="38.28241" lon="-111.17815"><ele>0.0</ele></trkpt>
      <trkpt lat="38.28247" lon="-111.17808"><ele>0.0</ele></trkpt>
      <trkpt lat="38.28252" lon="-111.17803"><ele>0.0</ele></trkpt>
      <trkpt lat="38.28257" lon="-111.17797"><ele>0.0</ele></trkpt>
      <trkpt lat="38.28257" lon="-111.17796"><ele>0.0</ele></trkpt>
      <trkpt lat="38.28264" lon="-111.17785"><ele>0.0</ele></trkpt>
      <trkpt lat="38.28266" lon="-111.17781"><ele>0.0</ele></trkpt>
      <trkpt lat="38.28267" lon="-111.17778"><ele>0.0</ele></trkpt>
      <trkpt lat="38.2827" lon="-111.17773"><ele>0.0</ele></trkpt>
      <trkpt lat="38.28276" lon="-111.17758"><ele>0.0</ele></trkpt>
      <trkpt lat="38.28277" lon="-111.17752"><ele>0.0</ele></trkpt>
      <trkpt lat="38.28281" lon="-111.17736"><ele>0.0</ele></trkpt>
      <trkpt lat="38.28281" lon="-111.1773"><ele>0.0</ele></trkpt>
      <trkpt lat="38.28282" lon="-111.17726"><ele>0.0</ele></trkpt>
      <trkpt lat="38.28282" lon="-111.177"><ele>0.0</ele></trkpt>
      <trkpt lat="38.2828" lon="-111.17684"><ele>0.0</ele></trkpt>
      <trkpt lat="38.28276" lon="-111.17669"><ele>0.0</ele></trkpt>
      <trkpt lat="38.28276" lon="-111.17668"><ele>0.0</ele></trkpt>
      <trkpt lat="38.2827" lon="-111.17652"><ele>0.0</ele></trkpt>
      <trkpt lat="38.28268" lon="-111.17648"><ele>0.0</ele></trkpt>
      <trkpt lat="38.28267" lon="-111.17644"><ele>0.0</ele></trkpt>
      <trkpt lat="38.28258" lon="-111.17629"><ele>0.0</ele></trkpt>
      <trkpt lat="38.28256" lon="-111.17625"><ele>0.0</ele></trkpt>
      <trkpt lat="38.28247" lon="-111.17613"><ele>0.0</ele></trkpt>
      <trkpt lat="38.28246" lon="-111.17611"><ele>0.0</ele></trkpt>
      <trkpt lat="38.28222" lon="-111.17577"><ele>0.0</ele></trkpt>
      <trkpt lat="38.28191" lon="-111.17536"><ele>0.0</ele></trkpt>
      <trkpt lat="38.28165" lon="-111.17498"><ele>0.0</ele></trkpt>
      <trkpt lat="38.28159" lon="-111.17487"><ele>0.0</ele></trkpt>
      <trkpt lat="38.28158" lon="-111.17487"><ele>0.0</ele></trkpt>
      <trkpt lat="38.28152" lon="-111.17474"><ele>0.0</ele></trkpt>
      <trkpt lat="38.28152" lon="-111.17473"><ele>0.0</ele></trkpt>
      <trkpt lat="38.28148" lon="-111.17466"><ele>0.0</ele></trkpt>
      <trkpt lat="38.28144" lon="-111.17457"><ele>0.0</ele></trkpt>
      <trkpt lat="38.28143" lon="-111.17453"><ele>0.0</ele></trkpt>
      <trkpt lat="38.28136" lon="-111.17434"><ele>0.0</ele></trkpt>
      <trkpt lat="38.28136" lon="-111.17432"><ele>0.0</ele></trkpt>
      <trkpt lat="38.28131" lon="-111.17417"><ele>0.0</ele></trkpt>
      <trkpt lat="38.2813" lon="-111.17413"><ele>0.0</ele></trkpt>
      <trkpt lat="38.28125" lon="-111.17384"><ele>0.0</ele></trkpt>
      <trkpt lat="38.28122" lon="-111.17356"><ele>0.0</ele></trkpt>
      <trkpt lat="38.28122" lon="-111.17329"><ele>0.0</ele></trkpt>
      <trkpt lat="38.28123" lon="-111.1732"><ele>0.0</ele></trkpt>
      <trkpt lat="38.28123" lon="-111.17314"><ele>0.0</ele></trkpt>
      <trkpt lat="38.28125" lon="-111.17297"><ele>0.0</ele></trkpt>
      <trkpt lat="38.28128" lon="-111.17279"><ele>0.0</ele></trkpt>
      <trkpt lat="38.28131" lon="-111.17269"><ele>0.0</ele></trkpt>
      <trkpt lat="38.28134" lon="-111.17254"><ele>0.0</ele></trkpt>
      <trkpt lat="38.28142" lon="-111.1723"><ele>0.0</ele></trkpt>
      <trkpt lat="38.28147" lon="-111.1722"><ele>0.0</ele></trkpt>
      <trkpt lat="38.2815" lon="-111.17212"><ele>0.0</ele></trkpt>
      <trkpt lat="38.28189" lon="-111.17145"><ele>0.0</ele></trkpt>
      <trkpt lat="38.28201" lon="-111.17126"><ele>0.0</ele></trkpt>
      <trkpt lat="38.28205" lon="-111.17121"><ele>0.0</ele></trkpt>
      <trkpt lat="38.28206" lon="-111.17118"><ele>0.0</ele></trkpt>
      <trkpt lat="38.2831" lon="-111.16955"><ele>0.0</ele></trkpt>
      <trkpt lat="38.28317" lon="-111.16942"><ele>0.0</ele></trkpt>
      <trkpt lat="38.28321" lon="-111.16937"><ele>0.0</ele></trkpt>
      <trkpt lat="38.28327" lon="-111.16926"><ele>0.0</ele></trkpt>
      <trkpt lat="38.28328" lon="-111.16922"><ele>0.0</ele></trkpt>
      <trkpt lat="38.28333" lon="-111.16912"><ele>0.0</ele></trkpt>
      <trkpt lat="38.28336" lon="-111.16904"><ele>0.0</ele></trkpt>
      <trkpt lat="38.28337" lon="-111.16902"><ele>0.0</ele></trkpt>
      <trkpt lat="38.28345" lon="-111.16879"><ele>0.0</ele></trkpt>
      <trkpt lat="38.28346" lon="-111.16872"><ele>0.0</ele></trkpt>
      <trkpt lat="38.28349" lon="-111.16862"><ele>0.0</ele></trkpt>
      <trkpt lat="38.28353" lon="-111.1684"><ele>0.0</ele></trkpt>
      <trkpt lat="38.28354" lon="-111.1683"><ele>0.0</ele></trkpt>
      <trkpt lat="38.28354" lon="-111.16822"><ele>0.0</ele></trkpt>
      <trkpt lat="38.28355" lon="-111.16815"><ele>0.0</ele></trkpt>
      <trkpt lat="38.28355" lon="-111.16795"><ele>0.0</ele></trkpt>
      <trkpt lat="38.28354" lon="-111.16786"><ele>0.0</ele></trkpt>
      <trkpt lat="38.28354" lon="-111.16777"><ele>0.0</ele></trkpt>
      <trkpt lat="38.28353" lon="-111.16767"><ele>0.0</ele></trkpt>
      <trkpt lat="38.28349" lon="-111.16746"><ele>0.0</ele></trkpt>
      <trkpt lat="38.28324" lon="-111.16643"><ele>0.0</ele></trkpt>
      <trkpt lat="38.28323" lon="-111.16637"><ele>0.0</ele></trkpt>
      <trkpt lat="38.2832" lon="-111.16627"><ele>0.0</ele></trkpt>
      <trkpt lat="38.28318" lon="-111.16614"><ele>0.0</ele></trkpt>
      <trkpt lat="38.28316" lon="-111.16605"><ele>0.0</ele></trkpt>
      <trkpt lat="38.28313" lon="-111.16578"><ele>0.0</ele></trkpt>
      <trkpt lat="38.28313" lon="-111.16564"><ele>0.0</ele></trkpt>
      <trkpt lat="38.28316" lon="-111.16535"><ele>0.0</ele></trkpt>
      <trkpt lat="38.28318" lon="-111.16529"><ele>0.0</ele></trkpt>
      <trkpt lat="38.2832" lon="-111.1652"><ele>0.0</ele></trkpt>
      <trkpt lat="38.28323" lon="-111.16512"><ele>0.0</ele></trkpt>
      <trkpt lat="38.28325" lon="-111.16504"><ele>0.0</ele></trkpt>
      <trkpt lat="38.28326" lon="-111.16504"><ele>0.0</ele></trkpt>
      <trkpt lat="38.28331" lon="-111.16491"><ele>0.0</ele></trkpt>
      <trkpt lat="38.28335" lon="-111.16485"><ele>0.0</ele></trkpt>
      <trkpt lat="38.28335" lon="-111.16484"><ele>0.0</ele></trkpt>
      <trkpt lat="38.28336" lon="-111.16483"><ele>0.0</ele></trkpt>
      <trkpt lat="38.28343" lon="-111.16473"><ele>0.0</ele></trkpt>
      <trkpt lat="38.28353" lon="-111.16461"><ele>0.0</ele></trkpt>
      <trkpt lat="38.28364" lon="-111.1645"><ele>0.0</ele></trkpt>
      <trkpt lat="38.28372" lon="-111.16444"><ele>0.0</ele></trkpt>
      <trkpt lat="38.28383" lon="-111.16437"><ele>0.0</ele></trkpt>
      <trkpt lat="38.28388" lon="-111.16435"><ele>0.0</ele></trkpt>
      <trkpt lat="38.28396" lon="-111.16431"><ele>0.0</ele></trkpt>
      <trkpt lat="38.28405" lon="-111.16429"><ele>0.0</ele></trkpt>
      <trkpt lat="38.28411" lon="-111.16427"><ele>0.0</ele></trkpt>
      <trkpt lat="38.28423" lon="-111.16425"><ele>0.0</ele></trkpt>
      <trkpt lat="38.28432" lon="-111.16425"><ele>0.0</ele></trkpt>
      <trkpt lat="38.2844" lon="-111.16424"><ele>0.0</ele></trkpt>
      <trkpt lat="38.28519" lon="-111.16424"><ele>0.0</ele></trkpt>
      <trkpt lat="38.28526" lon="-111.16423"><ele>0.0</ele></trkpt>
      <trkpt lat="38.28536" lon="-111.16423"><ele>0.0</ele></trkpt>
      <trkpt lat="38.28538" lon="-111.16422"><ele>0.0</ele></trkpt>
      <trkpt lat="38.28554" lon="-111.1642"><ele>0.0</ele></trkpt>
      <trkpt lat="38.28577" lon="-111.16414"><ele>0.0</ele></trkpt>
      <trkpt lat="38.28584" lon="-111.16411"><ele>0.0</ele></trkpt>
      <trkpt lat="38.28598" lon="-111.16406"><ele>0.0</ele></trkpt>
      <trkpt lat="38.28605" lon="-111.16403"><ele>0.0</ele></trkpt>
      <trkpt lat="38.28623" lon="-111.16393"><ele>0.0</ele></trkpt>
      <trkpt lat="38.28625" lon="-111.16393"><ele>0.0</ele></trkpt>
      <trkpt lat="38.28655" lon="-111.16374"><ele>0.0</ele></trkpt>
      <trkpt lat="38.28656" lon="-111.16374"><ele>0.0</ele></trkpt>
      <trkpt lat="38.28685" lon="-111.16355"><ele>0.0</ele></trkpt>
      <trkpt lat="38.28696" lon="-111.16349"><ele>0.0</ele></trkpt>
      <trkpt lat="38.28707" lon="-111.16342"><ele>0.0</ele></trkpt>
      <trkpt lat="38.28716" lon="-111.16337"><ele>0.0</ele></trkpt>
      <trkpt lat="38.2872" lon="-111.16334"><ele>0.0</ele></trkpt>
      <trkpt lat="38.28733" lon="-111.16327"><ele>0.0</ele></trkpt>
      <trkpt lat="38.28736" lon="-111.16325"><ele>0.0</ele></trkpt>
      <trkpt lat="38.28753" lon="-111.16316"><ele>0.0</ele></trkpt>
      <trkpt lat="38.28753" lon="-111.16315"><ele>0.0</ele></trkpt>
      <trkpt lat="38.2877" lon="-111.16306"><ele>0.0</ele></trkpt>
      <trkpt lat="38.28773" lon="-111.16304"><ele>0.0</ele></trkpt>
      <trkpt lat="38.28783" lon="-111.16299"><ele>0.0</ele></trkpt>
      <trkpt lat="38.28801" lon="-111.16288"><ele>0.0</ele></trkpt>
      <trkpt lat="38.28803" lon="-111.16288"><ele>0.0</ele></trkpt>
      <trkpt lat="38.28812" lon="-111.16282"><ele>0.0</ele></trkpt>
      <trkpt lat="38.28819" lon="-111.16278"><ele>0.0</ele></trkpt>
      <trkpt lat="38.28834" lon="-111.16268"><ele>0.0</ele></trkpt>
      <trkpt lat="38.28835" lon="-111.16268"><ele>0.0</ele></trkpt>
      <trkpt lat="38.28851" lon="-111.16257"><ele>0.0</ele></trkpt>
      <trkpt lat="38.28852" lon="-111.16257"><ele>0.0</ele></trkpt>
      <trkpt lat="38.28859" lon="-111.16251"><ele>0.0</ele></trkpt>
      <trkpt lat="38.28866" lon="-111.16247"><ele>0.0</ele></trkpt>
      <trkpt lat="38.28879" lon="-111.16237"><ele>0.0</ele></trkpt>
      <trkpt lat="38.28888" lon="-111.16231"><ele>0.0</ele></trkpt>
      <trkpt lat="38.28908" lon="-111.16216"><ele>0.0</ele></trkpt>
      <trkpt lat="38.28917" lon="-111.16207"><ele>0.0</ele></trkpt>
      <trkpt lat="38.28927" lon="-111.16194"><ele>0.0</ele></trkpt>
      <trkpt lat="38.28935" lon="-111.16179"><ele>0.0</ele></trkpt>
      <trkpt lat="38.28938" lon="-111.16171"><ele>0.0</ele></trkpt>
      <trkpt lat="38.28939" lon="-111.16165"><ele>0.0</ele></trkpt>
      <trkpt lat="38.28941" lon="-111.1616"><ele>0.0</ele></trkpt>
      <trkpt lat="38.28942" lon="-111.16151"><ele>0.0</ele></trkpt>
      <trkpt lat="38.28944" lon="-111.1614"><ele>0.0</ele></trkpt>
      <trkpt lat="38.28944" lon="-111.1612"><ele>0.0</ele></trkpt>
      <trkpt lat="38.28943" lon="-111.16114"><ele>0.0</ele></trkpt>
      <trkpt lat="38.28943" lon="-111.16107"><ele>0.0</ele></trkpt>
      <trkpt lat="38.28942" lon="-111.16101"><ele>0.0</ele></trkpt>
      <trkpt lat="38.28935" lon="-111.16078"><ele>0.0</ele></trkpt>
      <trkpt lat="38.28923" lon="-111.16056"><ele>0.0</ele></trkpt>
      <trkpt lat="38.28906" lon="-111.16033"><ele>0.0</ele></trkpt>
      <trkpt lat="38.28906" lon="-111.16032"><ele>0.0</ele></trkpt>
      <trkpt lat="38.289" lon="-111.16025"><ele>0.0</ele></trkpt>
      <trkpt lat="38.28894" lon="-111.16016"><ele>0.0</ele></trkpt>
      <trkpt lat="38.28893" lon="-111.16016"><ele>0.0</ele></trkpt>
      <trkpt lat="38.28869" lon="-111.15982"><ele>0.0</ele></trkpt>
      <trkpt lat="38.28843" lon="-111.1595"><ele>0.0</ele></trkpt>
      <trkpt lat="38.28841" lon="-111.15948"><ele>0.0</ele></trkpt>
      <trkpt lat="38.28819" lon="-111.15921"><ele>0.0</ele></trkpt>
      <trkpt lat="38.28793" lon="-111.15885"><ele>0.0</ele></trkpt>
      <trkpt lat="38.28792" lon="-111.15884"><ele>0.0</ele></trkpt>
      <trkpt lat="38.28789" lon="-111.1588"><ele>0.0</ele></trkpt>
      <trkpt lat="38.28775" lon="-111.15852"><ele>0.0</ele></trkpt>
      <trkpt lat="38.28767" lon="-111.15833"><ele>0.0</ele></trkpt>
      <trkpt lat="38.28759" lon="-111.15804"><ele>0.0</ele></trkpt>
      <trkpt lat="38.28759" lon="-111.15801"><ele>0.0</ele></trkpt>
      <trkpt lat="38.28757" lon="-111.15789"><ele>0.0</ele></trkpt>
      <trkpt lat="38.28753" lon="-111.15751"><ele>0.0</ele></trkpt>
      <trkpt lat="38.28753" lon="-111.15577"><ele>0.0</ele></trkpt>
      <trkpt lat="38.2875" lon="-111.15545"><ele>0.0</ele></trkpt>
      <trkpt lat="38.28745" lon="-111.15521"><ele>0.0</ele></trkpt>
      <trkpt lat="38.28743" lon="-111.15514"><ele>0.0</ele></trkpt>
      <trkpt lat="38.28741" lon="-111.1551"><ele>0.0</ele></trkpt>
      <trkpt lat="38.28736" lon="-111.15497"><ele>0.0</ele></trkpt>
      <trkpt lat="38.28732" lon="-111.15491"><ele>0.0</ele></trkpt>
      <trkpt lat="38.28727" lon="-111.15485"><ele>0.0</ele></trkpt>
      <trkpt lat="38.28718" lon="-111.15472"><ele>0.0</ele></trkpt>
      <trkpt lat="38.28712" lon="-111.15465"><ele>0.0</ele></trkpt>
      <trkpt lat="38.287" lon="-111.15453"><ele>0.0</ele></trkpt>
      <trkpt lat="38.28686" lon="-111.15443"><ele>0.0</ele></trkpt>
      <trkpt lat="38.28609" lon="-111.15396"><ele>0.0</ele></trkpt>
      <trkpt lat="38.28586" lon="-111.15379"><ele>0.0</ele></trkpt>
      <trkpt lat="38.28579" lon="-111.15373"><ele>0.0</ele></trkpt>
      <trkpt lat="38.28573" lon="-111.15367"><ele>0.0</ele></trkpt>
      <trkpt lat="38.28566" lon="-111.15361"><ele>0.0</ele></trkpt>
      <trkpt lat="38.28565" lon="-111.15359"><ele>0.0</ele></trkpt>
      <trkpt lat="38.28564" lon="-111.15358"><ele>0.0</ele></trkpt>
      <trkpt lat="38.28561" lon="-111.15354"><ele>0.0</ele></trkpt>
      <trkpt lat="38.28555" lon="-111.15348"><ele>0.0</ele></trkpt>
      <trkpt lat="38.28543" lon="-111.15331"><ele>0.0</ele></trkpt>
      <trkpt lat="38.2854" lon="-111.15325"><ele>0.0</ele></trkpt>
      <trkpt lat="38.28539" lon="-111.15325"><ele>0.0</ele></trkpt>
      <trkpt lat="38.28529" lon="-111.15307"><ele>0.0</ele></trkpt>
      <trkpt lat="38.28528" lon="-111.15304"><ele>0.0</ele></trkpt>
      <trkpt lat="38.28523" lon="-111.15294"><ele>0.0</ele></trkpt>
      <trkpt lat="38.28519" lon="-111.15284"><ele>0.0</ele></trkpt>
      <trkpt lat="38.28509" lon="-111.15255"><ele>0.0</ele></trkpt>
      <trkpt lat="38.28504" lon="-111.15238"><ele>0.0</ele></trkpt>
      <trkpt lat="38.28465" lon="-111.1507"><ele>0.0</ele></trkpt>
      <trkpt lat="38.28464" lon="-111.15069"><ele>0.0</ele></trkpt>
      <trkpt lat="38.28432" lon="-111.14929"><ele>0.0</ele></trkpt>
      <trkpt lat="38.28423" lon="-111.14881"><ele>0.0</ele></trkpt>
      <trkpt lat="38.28419" lon="-111.14832"><ele>0.0</ele></trkpt>
      <trkpt lat="38.28419" lon="-111.14821"><ele>0.0</ele></trkpt>
      <trkpt lat="38.28421" lon="-111.14802"><ele>0.0</ele></trkpt>
      <trkpt lat="38.28421" lon="-111.14799"><ele>0.0</ele></trkpt>
      <trkpt lat="38.28424" lon="-111.1478"><ele>0.0</ele></trkpt>
      <trkpt lat="38.28424" lon="-111.14779"><ele>0.0</ele></trkpt>
      <trkpt lat="38.28429" lon="-111.14754"><ele>0.0</ele></trkpt>
      <trkpt lat="38.28438" lon="-111.14726"><ele>0.0</ele></trkpt>
      <trkpt lat="38.28448" lon="-111.14704"><ele>0.0</ele></trkpt>
      <trkpt lat="38.28461" lon="-111.14679"><ele>0.0</ele></trkpt>
      <trkpt lat="38.28483" lon="-111.14646"><ele>0.0</ele></trkpt>
      <trkpt lat="38.28485" lon="-111.14642"><ele>0.0</ele></trkpt>
      <trkpt lat="38.28677" lon="-111.14379"><ele>0.0</ele></trkpt>
      <trkpt lat="38.28689" lon="-111.14361"><ele>0.0</ele></trkpt>
      <trkpt lat="38.28706" lon="-111.14332"><ele>0.0</ele></trkpt>
      <trkpt lat="38.28711" lon="-111.14321"><ele>0.0</ele></trkpt>
      <trkpt lat="38.28719" lon="-111.143"><ele>0.0</ele></trkpt>
      <trkpt lat="38.28729" lon="-111.14267"><ele>0.0</ele></trkpt>
      <trkpt lat="38.2873" lon="-111.14259"><ele>0.0</ele></trkpt>
      <trkpt lat="38.28732" lon="-111.1425"><ele>0.0</ele></trkpt>
      <trkpt lat="38.28734" lon="-111.14236"><ele>0.0</ele></trkpt>
      <trkpt lat="38.28735" lon="-111.14224"><ele>0.0</ele></trkpt>
      <trkpt lat="38.28735" lon="-111.14217"><ele>0.0</ele></trkpt>
      <trkpt lat="38.28736" lon="-111.14212"><ele>0.0</ele></trkpt>
      <trkpt lat="38.28736" lon="-111.14196"><ele>0.0</ele></trkpt>
      <trkpt lat="38.28735" lon="-111.14187"><ele>0.0</ele></trkpt>
      <trkpt lat="38.28735" lon="-111.14169"><ele>0.0</ele></trkpt>
      <trkpt lat="38.28731" lon="-111.14141"><ele>0.0</ele></trkpt>
      <trkpt lat="38.28731" lon="-111.1414"><ele>0.0</ele></trkpt>
      <trkpt lat="38.28727" lon="-111.14121"><ele>0.0</ele></trkpt>
      <trkpt lat="38.28721" lon="-111.14102"><ele>0.0</ele></trkpt>
      <trkpt lat="38.28719" lon="-111.14097"><ele>0.0</ele></trkpt>
      <trkpt lat="38.28719" lon="-111.14096"><ele>0.0</ele></trkpt>
      <trkpt lat="38.28711" lon="-111.14077"><ele>0.0</ele></trkpt>
      <trkpt lat="38.28711" lon="-111.14075"><ele>0.0</ele></trkpt>
      <trkpt lat="38.28701" lon="-111.14057"><ele>0.0</ele></trkpt>
      <trkpt lat="38.28701" lon="-111.14056"><ele>0.0</ele></trkpt>
      <trkpt lat="38.28697" lon="-111.1405"><ele>0.0</ele></trkpt>
      <trkpt lat="38.28693" lon="-111.14042"><ele>0.0</ele></trkpt>
      <trkpt lat="38.2869" lon="-111.14038"><ele>0.0</ele></trkpt>
      <trkpt lat="38.28687" lon="-111.14033"><ele>0.0</ele></trkpt>
      <trkpt lat="38.28674" lon="-111.14016"><ele>0.0</ele></trkpt>
      <trkpt lat="38.28665" lon="-111.14006"><ele>0.0</ele></trkpt>
      <trkpt lat="38.28651" lon="-111.13992"><ele>0.0</ele></trkpt>
      <trkpt lat="38.2865" lon="-111.13992"><ele>0.0</ele></trkpt>
      <trkpt lat="38.28643" lon="-111.13986"><ele>0.0</ele></trkpt>
      <trkpt lat="38.28636" lon="-111.13981"><ele>0.0</ele></trkpt>
      <trkpt lat="38.28635" lon="-111.1398"><ele>0.0</ele></trkpt>
      <trkpt lat="38.28621" lon="-111.13971"><ele>0.0</ele></trkpt>
      <trkpt lat="38.28608" lon="-111.13964"><ele>0.0</ele></trkpt>
      <trkpt lat="38.28598" lon="-111.1396"><ele>0.0</ele></trkpt>
      <trkpt lat="38.28585" lon="-111.13956"><ele>0.0</ele></trkpt>
      <trkpt lat="38.2858" lon="-111.13954"><ele>0.0</ele></trkpt>
      <trkpt lat="38.28568" lon="-111.13952"><ele>0.0</ele></trkpt>
      <trkpt lat="38.2856" lon="-111.1395"><ele>0.0</ele></trkpt>
      <trkpt lat="38.28554" lon="-111.13949"><ele>0.0</ele></trkpt>
      <trkpt lat="38.28533" lon="-111.13949"><ele>0.0</ele></trkpt>
      <trkpt lat="38.28455" lon="-111.13954"><ele>0.0</ele></trkpt>
      <trkpt lat="38.28424" lon="-111.13954"><ele>0.0</ele></trkpt>
      <trkpt lat="38.28396" lon="-111.13951"><ele>0.0</ele></trkpt>
      <trkpt lat="38.28388" lon="-111.13949"><ele>0.0</ele></trkpt>
      <trkpt lat="38.28381" lon="-111.13948"><ele>0.0</ele></trkpt>
      <trkpt lat="38.28359" lon="-111.1394"><ele>0.0</ele></trkpt>
      <trkpt lat="38.28358" lon="-111.1394"><ele>0.0</ele></trkpt>
      <trkpt lat="38.28344" lon="-111.13934"><ele>0.0</ele></trkpt>
      <trkpt lat="38.28331" lon="-111.13927"><ele>0.0</ele></trkpt>
      <trkpt lat="38.28317" lon="-111.13918"><ele>0.0</ele></trkpt>
      <trkpt lat="38.28295" lon="-111.13902"><ele>0.0</ele></trkpt>
      <trkpt lat="38.28285" lon="-111.13894"><ele>0.0</ele></trkpt>
      <trkpt lat="38.28262" lon="-111.13871"><ele>0.0</ele></trkpt>
      <trkpt lat="38.2825" lon="-111.13857"><ele>0.0</ele></trkpt>
      <trkpt lat="38.28242" lon="-111.13846"><ele>0.0</ele></trkpt>
      <trkpt lat="38.2823" lon="-111.13827"><ele>0.0</ele></trkpt>
      <trkpt lat="38.28218" lon="-111.13806"><ele>0.0</ele></trkpt>
      <trkpt lat="38.28205" lon="-111.13779"><ele>0.0</ele></trkpt>
      <trkpt lat="38.28202" lon="-111.1377"><ele>0.0</ele></trkpt>
      <trkpt lat="38.28197" lon="-111.13759"><ele>0.0</ele></trkpt>
      <trkpt lat="38.28197" lon="-111.13758"><ele>0.0</ele></trkpt>
      <trkpt lat="38.2819" lon="-111.13735"><ele>0.0</ele></trkpt>
      <trkpt lat="38.28188" lon="-111.1373"><ele>0.0</ele></trkpt>
      <trkpt lat="38.28185" lon="-111.13719"><ele>0.0</ele></trkpt>
      <trkpt lat="38.28185" lon="-111.13717"><ele>0.0</ele></trkpt>
      <trkpt lat="38.28184" lon="-111.13711"><ele>0.0</ele></trkpt>
      <trkpt lat="38.28181" lon="-111.13699"><ele>0.0</ele></trkpt>
      <trkpt lat="38.28181" lon="-111.13695"><ele>0.0</ele></trkpt>
      <trkpt lat="38.28179" lon="-111.13685"><ele>0.0</ele></trkpt>
      <trkpt lat="38.28178" lon="-111.13675"><ele>0.0</ele></trkpt>
      <trkpt lat="38.28177" lon="-111.13672"><ele>0.0</ele></trkpt>
      <trkpt lat="38.28176" lon="-111.13664"><ele>0.0</ele></trkpt>
      <trkpt lat="38.28176" lon="-111.13657"><ele>0.0</ele></trkpt>
      <trkpt lat="38.28175" lon="-111.1365"><ele>0.0</ele></trkpt>
      <trkpt lat="38.28175" lon="-111.13644"><ele>0.0</ele></trkpt>
      <trkpt lat="38.28174" lon="-111.13633"><ele>0.0</ele></trkpt>
      <trkpt lat="38.28174" lon="-111.13619"><ele>0.0</ele></trkpt>
      <trkpt lat="38.28175" lon="-111.13609"><ele>0.0</ele></trkpt>
      <trkpt lat="38.28175" lon="-111.13592"><ele>0.0</ele></trkpt>
      <trkpt lat="38.28176" lon="-111.13584"><ele>0.0</ele></trkpt>
      <trkpt lat="38.28176" lon="-111.13581"><ele>0.0</ele></trkpt>
      <trkpt lat="38.28178" lon="-111.13571"><ele>0.0</ele></trkpt>
      <trkpt lat="38.28179" lon="-111.13561"><ele>0.0</ele></trkpt>
      <trkpt lat="38.28183" lon="-111.1354"><ele>0.0</ele></trkpt>
      <trkpt lat="38.28183" lon="-111.13536"><ele>0.0</ele></trkpt>
      <trkpt lat="38.28185" lon="-111.1353"><ele>0.0</ele></trkpt>
      <trkpt lat="38.28187" lon="-111.1352"><ele>0.0</ele></trkpt>
      <trkpt lat="38.2827" lon="-111.13255"><ele>0.0</ele></trkpt>
      <trkpt lat="38.28283" lon="-111.13217"><ele>0.0</ele></trkpt>
      <trkpt lat="38.28289" lon="-111.13196"><ele>0.0</ele></trkpt>
      <trkpt lat="38.2829" lon="-111.13195"><ele>0.0</ele></trkpt>
      <trkpt lat="38.28296" lon="-111.13174"><ele>0.0</ele></trkpt>
      <trkpt lat="38.28299" lon="-111.13166"><ele>0.0</ele></trkpt>
      <trkpt lat="38.28314" lon="-111.13112"><ele>0.0</ele></trkpt>
      <trkpt lat="38.28319" lon="-111.13089"><ele>0.0</ele></trkpt>
      <trkpt lat="38.28323" lon="-111.13074"><ele>0.0</ele></trkpt>
      <trkpt lat="38.28337" lon="-111.12994"><ele>0.0</ele></trkpt>
      <trkpt lat="38.28338" lon="-111.12982"><ele>0.0</ele></trkpt>
      <trkpt lat="38.28342" lon="-111.12956"><ele>0.0</ele></trkpt>
      <trkpt lat="38.28353" lon="-111.12847"><ele>0.0</ele></trkpt>
      <trkpt lat="38.28301" lon="-111.12863"><ele>0.0</ele></trkpt>
      <trkpt lat="38.283" lon="-111.12863"><ele>0.0</ele></trkpt>
      <trkpt lat="38.28297" lon="-111.12864"><ele>0.0</ele></trkpt>
      <trkpt lat="38.28295" lon="-111.12865"><ele>0.0</ele></trkpt>
      <trkpt lat="38.28231" lon="-111.12882"><ele>0.0</ele></trkpt>
      <trkpt lat="38.2823" lon="-111.12882"><ele>0.0</ele></trkpt>
      <trkpt lat="38.282" lon="-111.12887"><ele>0.0</ele></trkpt>
      <trkpt lat="38.28158" lon="-111.12891"><ele>0.0</ele></trkpt>
      <trkpt lat="38.28131" lon="-111.12891"><ele>0.0</ele></trkpt>
      <trkpt lat="38.28081" lon="-111.12887"><ele>0.0</ele></trkpt>
      <trkpt lat="38.28059" lon="-111.12884"><ele>0.0</ele></trkpt>
      <trkpt lat="38.28016" lon="-111.12873"><ele>0.0</ele></trkpt>
      <trkpt lat="38.28015" lon="-111.12873"><ele>0.0</ele></trkpt>
      <trkpt lat="38.27946" lon="-111.12853"><ele>0.0</ele></trkpt>
      <trkpt lat="38.27945" lon="-111.12853"><ele>0.0</ele></trkpt>
      <trkpt lat="38.27941" lon="-111.12852"><ele>0.0</ele></trkpt>
      <trkpt lat="38.27914" lon="-111.12848"><ele>0.0</ele></trkpt>
      <trkpt lat="38.27873" lon="-111.1285"><ele>0.0</ele></trkpt>
      <trkpt lat="38.27856" lon="-111.12854"><ele>0.0</ele></trkpt>
      <trkpt lat="38.27843" lon="-111.12858"><ele>0.0</ele></trkpt>
      <trkpt lat="38.27839" lon="-111.1286"><ele>0.0</ele></trkpt>
      <trkpt lat="38.27838" lon="-111.1286"><ele>0.0</ele></trkpt>
      <trkpt lat="38.27822" lon="-111.12869"><ele>0.0</ele></trkpt>
      <trkpt lat="38.27797" lon="-111.12886"><ele>0.0</ele></trkpt>
      <trkpt lat="38.27777" lon="-111.12907"><ele>0.0</ele></trkpt>
      <trkpt lat="38.27777" lon="-111.12908"><ele>0.0</ele></trkpt>
      <trkpt lat="38.27764" lon="-111.12923"><ele>0.0</ele></trkpt>
      <trkpt lat="38.27758" lon="-111.12929"><ele>0.0</ele></trkpt>
      <trkpt lat="38.27752" lon="-111.12938"><ele>0.0</ele></trkpt>
      <trkpt lat="38.27751" lon="-111.12939"><ele>0.0</ele></trkpt>
      <trkpt lat="38.27739" lon="-111.12955"><ele>0.0</ele></trkpt>
      <trkpt lat="38.27739" lon="-111.12956"><ele>0.0</ele></trkpt>
      <trkpt lat="38.27703" lon="-111.13005"><ele>0.0</ele></trkpt>
      <trkpt lat="38.27702" lon="-111.13006"><ele>0.0</ele></trkpt>
      <trkpt lat="38.27666" lon="-111.13056"><ele>0.0</ele></trkpt>
      <trkpt lat="38.27665" lon="-111.13056"><ele>0.0</ele></trkpt>
      <trkpt lat="38.27617" lon="-111.13119"><ele>0.0</ele></trkpt>
      <trkpt lat="38.27599" lon="-111.13141"><ele>0.0</ele></trkpt>
      <trkpt lat="38.27588" lon="-111.13152"><ele>0.0</ele></trkpt>
      <trkpt lat="38.27566" lon="-111.1317"><ele>0.0</ele></trkpt>
      <trkpt lat="38.27535" lon="-111.13191"><ele>0.0</ele></trkpt>
      <trkpt lat="38.27521" lon="-111.13198"><ele>0.0</ele></trkpt>
      <trkpt lat="38.27498" lon="-111.13206"><ele>0.0</ele></trkpt>
      <trkpt lat="38.27491" lon="-111.13209"><ele>0.0</ele></trkpt>
      <trkpt lat="38.27453" lon="-111.13218"><ele>0.0</ele></trkpt>
      <trkpt lat="38.27411" lon="-111.13218"><ele>0.0</ele></trkpt>
      <trkpt lat="38.27399" lon="-111.13217"><ele>0.0</ele></trkpt>
      <trkpt lat="38.27375" lon="-111.13212"><ele>0.0</ele></trkpt>
      <trkpt lat="38.27355" lon="-111.13206"><ele>0.0</ele></trkpt>
      <trkpt lat="38.27332" lon="-111.13197"><ele>0.0</ele></trkpt>
      <trkpt lat="38.27331" lon="-111.13197"><ele>0.0</ele></trkpt>
      <trkpt lat="38.27315" lon="-111.1319"><ele>0.0</ele></trkpt>
      <trkpt lat="38.27314" lon="-111.13189"><ele>0.0</ele></trkpt>
      <trkpt lat="38.27264" lon="-111.13168"><ele>0.0</ele></trkpt>
      <trkpt lat="38.27263" lon="-111.13168"><ele>0.0</ele></trkpt>
      <trkpt lat="38.27161" lon="-111.13126"><ele>0.0</ele></trkpt>
      <trkpt lat="38.2716" lon="-111.13125"><ele>0.0</ele></trkpt>
      <trkpt lat="38.2712" lon="-111.13108"><ele>0.0</ele></trkpt>
      <trkpt lat="38.27092" lon="-111.13099"><ele>0.0</ele></trkpt>
      <trkpt lat="38.27065" lon="-111.13089"><ele>0.0</ele></trkpt>
      <trkpt lat="38.26968" lon="-111.13078"><ele>0.0</ele></trkpt>
      <trkpt lat="38.26967" lon="-111.13077"><ele>0.0</ele></trkpt>
      <trkpt lat="38.2677" lon="-111.1306"><ele>0.0</ele></trkpt>
      <trkpt lat="38.2675" lon="-111.13059"><ele>0.0</ele></trkpt>
      <trkpt lat="38.26716" lon="-111.13056"><ele>0.0</ele></trkpt>
      <trkpt lat="38.26596" lon="-111.13049"><ele>0.0</ele></trkpt>
      <trkpt lat="38.26561" lon="-111.13022"><ele>0.0</ele></trkpt>
      <trkpt lat="38.2656" lon="-111.13021"><ele>0.0</ele></trkpt>
      <trkpt lat="38.2653" lon="-111.12998"><ele>0.0</ele></trkpt>
      <trkpt lat="38.26529" lon="-111.12998"><ele>0.0</ele></trkpt>
      <trkpt lat="38.26397" lon="-111.12897"><ele>0.0</ele></trkpt>
      <trkpt lat="38.26317" lon="-111.12801"><ele>0.0</ele></trkpt>
      <trkpt lat="38.2627" lon="-111.12723"><ele>0.0</ele></trkpt>
      <trkpt lat="38.2627" lon="-111.12722"><ele>0.0</ele></trkpt>
      <trkpt lat="38.2626" lon="-111.12705"><ele>0.0</ele></trkpt>
      <trkpt lat="38.26259" lon="-111.12704"><ele>0.0</ele></trkpt>
      <trkpt lat="38.26195" lon="-111.12595"><ele>0.0</ele></trkpt>
      <trkpt lat="38.26194" lon="-111.12594"><ele>0.0</ele></trkpt>
      <trkpt lat="38.26119" lon="-111.12467"><ele>0.0</ele></trkpt>
      <trkpt lat="38.26119" lon="-111.12466"><ele>0.0</ele></trkpt>
      <trkpt lat="38.26076" lon="-111.12394"><ele>0.0</ele></trkpt>
      <trkpt lat="38.26075" lon="-111.12393"><ele>0.0</ele></trkpt>
      <trkpt lat="38.26023" lon="-111.12301"><ele>0.0</ele></trkpt>
      <trkpt lat="38.26023" lon="-111.123"><ele>0.0</ele></trkpt>
      <trkpt lat="38.26012" lon="-111.12282"><ele>0.0</ele></trkpt>
      <trkpt lat="38.25929" lon="-111.12133"><ele>0.0</ele></trkpt>
      <trkpt lat="38.25928" lon="-111.12133"><ele>0.0</ele></trkpt>
      <trkpt lat="38.25903" lon="-111.12069"><ele>0.0</ele></trkpt>
      <trkpt lat="38.25885" lon="-111.12036"><ele>0.0</ele></trkpt>
      <trkpt lat="38.25872" lon="-111.12017"><ele>0.0</ele></trkpt>
      <trkpt lat="38.25869" lon="-111.12014"><ele>0.0</ele></trkpt>
      <trkpt lat="38.25863" lon="-111.12004"><ele>0.0</ele></trkpt>
      <trkpt lat="38.25856" lon="-111.11995"><ele>0.0</ele></trkpt>
      <trkpt lat="38.25824" lon="-111.11946"><ele>0.0</ele></trkpt>
      <trkpt lat="38.25786" lon="-111.119"><ele>0.0</ele></trkpt>
      <trkpt lat="38.25769" lon="-111.11888"><ele>0.0</ele></trkpt>
      <trkpt lat="38.25744" lon="-111.11872"><ele>0.0</ele></trkpt>
      <trkpt lat="38.25736" lon="-111.11872"><ele>0.0</ele></trkpt>
      <trkpt lat="38.25664" lon="-111.11868"><ele>0.0</ele></trkpt>
      <trkpt lat="38.25653" lon="-111.11868"><ele>0.0</ele></trkpt>
      <trkpt lat="38.25587" lon="-111.11856"><ele>0.0</ele></trkpt>
      <trkpt lat="38.25575" lon="-111.11853"><ele>0.0</ele></trkpt>
      <trkpt lat="38.25569" lon="-111.11851"><ele>0.0</ele></trkpt>
      <trkpt lat="38.2548" lon="-111.11831"><ele>0.0</ele></trkpt>
      <trkpt lat="38.25435" lon="-111.11812"><ele>0.0</ele></trkpt>
      <trkpt lat="38.25429" lon="-111.1181"><ele>0.0</ele></trkpt>
      <trkpt lat="38.2538" lon="-111.11789"><ele>0.0</ele></trkpt>
      <trkpt lat="38.25322" lon="-111.1176"><ele>0.0</ele></trkpt>
      <trkpt lat="38.2531" lon="-111.11758"><ele>0.0</ele></trkpt>
      <trkpt lat="38.25187" lon="-111.11728"><ele>0.0</ele></trkpt>
      <trkpt lat="38.25175" lon="-111.11726"><ele>0.0</ele></trkpt>
      <trkpt lat="38.25033" lon="-111.11692"><ele>0.0</ele></trkpt>
      <trkpt lat="38.25027" lon="-111.11691"><ele>0.0</ele></trkpt>
      <trkpt lat="38.24987" lon="-111.11681"><ele>0.0</ele></trkpt>
      <trkpt lat="38.24903" lon="-111.11692"><ele>0.0</ele></trkpt>
      <trkpt lat="38.24867" lon="-111.11698"><ele>0.0</ele></trkpt>
      <trkpt lat="38.24655" lon="-111.11748"><ele>0.0</ele></trkpt>
      <trkpt lat="38.24486" lon="-111.11791"><ele>0.0</ele></trkpt>
      <trkpt lat="38.24435" lon="-111.118"><ele>0.0</ele></trkpt>
      <trkpt lat="38.24411" lon="-111.11802"><ele>0.0</ele></trkpt>
      <trkpt lat="38.24379" lon="-111.11802"><ele>0.0</ele></trkpt>
      <trkpt lat="38.24361" lon="-111.118"><ele>0.0</ele></trkpt>
      <trkpt lat="38.24358" lon="-111.11799"><ele>0.0</ele></trkpt>
      <trkpt lat="38.24353" lon="-111.11799"><ele>0.0</ele></trkpt>
      <trkpt lat="38.24305" lon="-111.11792"><ele>0.0</ele></trkpt>
      <trkpt lat="38.24299" lon="-111.11792"><ele>0.0</ele></trkpt>
      <trkpt lat="38.24268" lon="-111.11787"><ele>0.0</ele></trkpt>
      <trkpt lat="38.24102" lon="-111.11766"><ele>0.0</ele></trkpt>
      <trkpt lat="38.2409" lon="-111.11765"><ele>0.0</ele></trkpt>
      <trkpt lat="38.23906" lon="-111.11741"><ele>0.0</ele></trkpt>
      <trkpt lat="38.23902" lon="-111.1174"><ele>0.0</ele></trkpt>
      <trkpt lat="38.23893" lon="-111.11739"><ele>0.0</ele></trkpt>
      <trkpt lat="38.23888" lon="-111.11738"><ele>0.0</ele></trkpt>
      <trkpt lat="38.23884" lon="-111.11738"><ele>0.0</ele></trkpt>
      <trkpt lat="38.23798" lon="-111.11727"><ele>0.0</ele></trkpt>
      <trkpt lat="38.23741" lon="-111.11718"><ele>0.0</ele></trkpt>
      <trkpt lat="38.23386" lon="-111.11673"><ele>0.0</ele></trkpt>
      <trkpt lat="38.23365" lon="-111.11671"><ele>0.0</ele></trkpt>
      <trkpt lat="38.23295" lon="-111.11647"><ele>0.0</ele></trkpt>
      <trkpt lat="38.23209" lon="-111.11597"><ele>0.0</ele></trkpt>
      <trkpt lat="38.23095" lon="-111.11596"><ele>0.0</ele></trkpt>
      <trkpt lat="38.23072" lon="-111.11598"><ele>0.0</ele></trkpt>
      <trkpt lat="38.23063" lon="-111.11598"><ele>0.0</ele></trkpt>
      <trkpt lat="38.22949" lon="-111.11615"><ele>0.0</ele></trkpt>
      <trkpt lat="38.22928" lon="-111.11613"><ele>0.0</ele></trkpt>
      <trkpt lat="38.22877" lon="-111.11592"><ele>0.0</ele></trkpt>
      <trkpt lat="38.22848" lon="-111.11564"><ele>0.0</ele></trkpt>
      <trkpt lat="38.22823" lon="-111.11526"><ele>0.0</ele></trkpt>
      <trkpt lat="38.22801" lon="-111.11489"><ele>0.0</ele></trkpt>
      <trkpt lat="38.22788" lon="-111.11469"><ele>0.0</ele></trkpt>
      <trkpt lat="38.22763" lon="-111.11443"><ele>0.0</ele></trkpt>
      <trkpt lat="38.22757" lon="-111.1144"><ele>0.0</ele></trkpt>
      <trkpt lat="38.22747" lon="-111.11433"><ele>0.0</ele></trkpt>
      <trkpt lat="38.22729" lon="-111.11422"><ele>0.0</ele></trkpt>
      <trkpt lat="38.22665" lon="-111.11388"><ele>0.0</ele></trkpt>
      <trkpt lat="38.22648" lon="-111.11384"><ele>0.0</ele></trkpt>
      <trkpt lat="38.22631" lon="-111.11381"><ele>0.0</ele></trkpt>
      <trkpt lat="38.22628" lon="-111.1138"><ele>0.0</ele></trkpt>
      <trkpt lat="38.22542" lon="-111.11365"><ele>0.0</ele></trkpt>
      <trkpt lat="38.22539" lon="-111.11364"><ele>0.0</ele></trkpt>
      <trkpt lat="38.22534" lon="-111.11364"><ele>0.0</ele></trkpt>
      <trkpt lat="38.22524" lon="-111.11362"><ele>0.0</ele></trkpt>
      <trkpt lat="38.22523" lon="-111.11362"><ele>0.0</ele></trkpt>
      <trkpt lat="38.22489" lon="-111.11356"><ele>0.0</ele></trkpt>
      <trkpt lat="38.22485" lon="-111.11356"><ele>0.0</ele></trkpt>
      <trkpt lat="38.22481" lon="-111.11355"><ele>0.0</ele></trkpt>
      <trkpt lat="38.22462" lon="-111.11352"><ele>0.0</ele></trkpt>
      <trkpt lat="38.22453" lon="-111.1135"><ele>0.0</ele></trkpt>
      <trkpt lat="38.22444" lon="-111.11349"><ele>0.0</ele></trkpt>
      <trkpt lat="38.22364" lon="-111.11333"><ele>0.0</ele></trkpt>
      <trkpt lat="38.2236" lon="-111.11333"><ele>0.0</ele></trkpt>
      <trkpt lat="38.22356" lon="-111.11331"><ele>0.0</ele></trkpt>
      <trkpt lat="38.22354" lon="-111.11331"><ele>0.0</ele></trkpt>
      <trkpt lat="38.22298" lon="-111.11305"><ele>0.0</ele></trkpt>
      <trkpt lat="38.22244" lon="-111.11275"><ele>0.0</ele></trkpt>
      <trkpt lat="38.22222" lon="-111.11264"><ele>0.0</ele></trkpt>
      <trkpt lat="38.22217" lon="-111.11261"><ele>0.0</ele></trkpt>
      <trkpt lat="38.22212" lon="-111.11259"><ele>0.0</ele></trkpt>
      <trkpt lat="38.22036" lon="-111.11217"><ele>0.0</ele></trkpt>
      <trkpt lat="38.22035" lon="-111.11217"><ele>0.0</ele></trkpt>
      <trkpt lat="38.22032" lon="-111.11216"><ele>0.0</ele></trkpt>
      <trkpt lat="38.22018" lon="-111.11213"><ele>0.0</ele></trkpt>
      <trkpt lat="38.22016" lon="-111.11213"><ele>0.0</ele></trkpt>
      <trkpt lat="38.21981" lon="-111.11206"><ele>0.0</ele></trkpt>
      <trkpt lat="38.21945" lon="-111.112"><ele>0.0</ele></trkpt>
      <trkpt lat="38.21928" lon="-111.11196"><ele>0.0</ele></trkpt>
      <trkpt lat="38.2191" lon="-111.11193"><ele>0.0</ele></trkpt>
      <trkpt lat="38.21797" lon="-111.11168"><ele>0.0</ele></trkpt>
      <trkpt lat="38.21787" lon="-111.11165"><ele>0.0</ele></trkpt>
      <trkpt lat="38.21432" lon="-111.10984"><ele>0.0</ele></trkpt>
      <trkpt lat="38.21431" lon="-111.10984"><ele>0.0</ele></trkpt>
      <trkpt lat="38.212" lon="-111.10859"><ele>0.0</ele></trkpt>
      <trkpt lat="38.21199" lon="-111.10858"><ele>0.0</ele></trkpt>
      <trkpt lat="38.21166" lon="-111.10841"><ele>0.0</ele></trkpt>
      <trkpt lat="38.21133" lon="-111.10822"><ele>0.0</ele></trkpt>
      <trkpt lat="38.21066" lon="-111.10787"><ele>0.0</ele></trkpt>
      <trkpt lat="38.21051" lon="-111.10778"><ele>0.0</ele></trkpt>
      <trkpt lat="38.2105" lon="-111.10778"><ele>0.0</ele></trkpt>
      <trkpt lat="38.20935" lon="-111.10716"><ele>0.0</ele></trkpt>
      <trkpt lat="38.20934" lon="-111.10715"><ele>0.0</ele></trkpt>
      <trkpt lat="38.20811" lon="-111.10649"><ele>0.0</ele></trkpt>
      <trkpt lat="38.20589" lon="-111.10522"><ele>0.0</ele></trkpt>
      <trkpt lat="38.20587" lon="-111.10522"><ele>0.0</ele></trkpt>
      <trkpt lat="38.20571" lon="-111.10512"><ele>0.0</ele></trkpt>
      <trkpt lat="38.20555" lon="-111.10503"><ele>0.0</ele></trkpt>
      <trkpt lat="38.20539" lon="-111.10495"><ele>0.0</ele></trkpt>
      <trkpt lat="38.20523" lon="-111.10485"><ele>0.0</ele></trkpt>
      <trkpt lat="38.20522" lon="-111.10484"><ele>0.0</ele></trkpt>
      <trkpt lat="38.20215" lon="-111.1028"><ele>0.0</ele></trkpt>
      <trkpt lat="38.20114" lon="-111.10216"><ele>0.0</ele></trkpt>
      <trkpt lat="38.20103" lon="-111.10208"><ele>0.0</ele></trkpt>
      <trkpt lat="38.19943" lon="-111.10105"><ele>0.0</ele></trkpt>
      <trkpt lat="38.19848" lon="-111.10039"><ele>0.0</ele></trkpt>
      <trkpt lat="38.19784" lon="-111.09997"><ele>0.0</ele></trkpt>
      <trkpt lat="38.19777" lon="-111.09993"><ele>0.0</ele></trkpt>
      <trkpt lat="38.19769" lon="-111.09985"><ele>0.0</ele></trkpt>
      <trkpt lat="38.19754" lon="-111.09972"><ele>0.0</ele></trkpt>
      <trkpt lat="38.1974" lon="-111.09958"><ele>0.0</ele></trkpt>
      <trkpt lat="38.19476" lon="-111.0972"><ele>0.0</ele></trkpt>
      <trkpt lat="38.19469" lon="-111.09715"><ele>0.0</ele></trkpt>
      <trkpt lat="38.19461" lon="-111.09707"><ele>0.0</ele></trkpt>
      <trkpt lat="38.19386" lon="-111.09643"><ele>0.0</ele></trkpt>
      <trkpt lat="38.19372" lon="-111.0963"><ele>0.0</ele></trkpt>
      <trkpt lat="38.19253" lon="-111.09527"><ele>0.0</ele></trkpt>
      <trkpt lat="38.19244" lon="-111.0952"><ele>0.0</ele></trkpt>
      <trkpt lat="38.19181" lon="-111.09487"><ele>0.0</ele></trkpt>
      <trkpt lat="38.19123" lon="-111.09467"><ele>0.0</ele></trkpt>
      <trkpt lat="38.18981" lon="-111.09408"><ele>0.0</ele></trkpt>
      <trkpt lat="38.18959" lon="-111.09398"><ele>0.0</ele></trkpt>
      <trkpt lat="38.18781" lon="-111.09369"><ele>0.0</ele></trkpt>
      <trkpt lat="38.18686" lon="-111.09364"><ele>0.0</ele></trkpt>
      <trkpt lat="38.1865" lon="-111.09365"><ele>0.0</ele></trkpt>
      <trkpt lat="38.18579" lon="-111.0937"><ele>0.0</ele></trkpt>
      <trkpt lat="38.18543" lon="-111.09374"><ele>0.0</ele></trkpt>
      <trkpt lat="38.18537" lon="-111.09374"><ele>0.0</ele></trkpt>
      <trkpt lat="38.18525" lon="-111.09376"><ele>0.0</ele></trkpt>
      <trkpt lat="38.18352" lon="-111.0939"><ele>0.0</ele></trkpt>
      <trkpt lat="38.18345" lon="-111.09391"><ele>0.0</ele></trkpt>
      <trkpt lat="38.18328" lon="-111.09392"><ele>0.0</ele></trkpt>
      <trkpt lat="38.1831" lon="-111.09398"><ele>0.0</ele></trkpt>
      <trkpt lat="38.18292" lon="-111.09403"><ele>0.0</ele></trkpt>
      <trkpt lat="38.1827" lon="-111.09404"><ele>0.0</ele></trkpt>
      <trkpt lat="38.18239" lon="-111.09408"><ele>0.0</ele></trkpt>
      <trkpt lat="38.18236" lon="-111.09408"><ele>0.0</ele></trkpt>
      <trkpt lat="38.18185" lon="-111.09414"><ele>0.0</ele></trkpt>
      <trkpt lat="38.1814" lon="-111.09417"><ele>0.0</ele></trkpt>
      <trkpt lat="38.18124" lon="-111.09415"><ele>0.0</ele></trkpt>
      <trkpt lat="38.18082" lon="-111.09422"><ele>0.0</ele></trkpt>
      <trkpt lat="38.18008" lon="-111.09442"><ele>0.0</ele></trkpt>
      <trkpt lat="38.17994" lon="-111.09448"><ele>0.0</ele></trkpt>
      <trkpt lat="38.17977" lon="-111.09454"><ele>0.0</ele></trkpt>
      <trkpt lat="38.17755" lon="-111.09545"><ele>0.0</ele></trkpt>
      <trkpt lat="38.17754" lon="-111.09545"><ele>0.0</ele></trkpt>
      <trkpt lat="38.17532" lon="-111.09638"><ele>0.0</ele></trkpt>
      <trkpt lat="38.17531" lon="-111.09638"><ele>0.0</ele></trkpt>
      <trkpt lat="38.17475" lon="-111.09654"><ele>0.0</ele></trkpt>
      <trkpt lat="38.17444" lon="-111.09652"><ele>0.0</ele></trkpt>
      <trkpt lat="38.17436" lon="-111.09651"><ele>0.0</ele></trkpt>
      <trkpt lat="38.17409" lon="-111.09642"><ele>0.0</ele></trkpt>
      <trkpt lat="38.17388" lon="-111.09636"><ele>0.0</ele></trkpt>
      <trkpt lat="38.17339" lon="-111.09618"><ele>0.0</ele></trkpt>
      <trkpt lat="38.173" lon="-111.09589"><ele>0.0</ele></trkpt>
      <trkpt lat="38.17296" lon="-111.09587"><ele>0.0</ele></trkpt>
      <trkpt lat="38.17261" lon="-111.09563"><ele>0.0</ele></trkpt>
      <trkpt lat="38.17178" lon="-111.09491"><ele>0.0</ele></trkpt>
      <trkpt lat="38.17103" lon="-111.09431"><ele>0.0</ele></trkpt>
      <trkpt lat="38.17067" lon="-111.09404"><ele>0.0</ele></trkpt>
      <trkpt lat="38.16968" lon="-111.09315"><ele>0.0</ele></trkpt>
      <trkpt lat="38.16835" lon="-111.09181"><ele>0.0</ele></trkpt>
      <trkpt lat="38.16832" lon="-111.09179"><ele>0.0</ele></trkpt>
      <trkpt lat="38.1649" lon="-111.0882"><ele>0.0</ele></trkpt>
      <trkpt lat="38.16451" lon="-111.08787"><ele>0.0</ele></trkpt>
      <trkpt lat="38.16447" lon="-111.08783"><ele>0.0</ele></trkpt>
      <trkpt lat="38.16435" lon="-111.08776"><ele>0.0</ele></trkpt>
      <trkpt lat="38.16432" lon="-111.08775"><ele>0.0</ele></trkpt>
      <trkpt lat="38.16424" lon="-111.0877"><ele>0.0</ele></trkpt>
      <trkpt lat="38.16367" lon="-111.08747"><ele>0.0</ele></trkpt>
      <trkpt lat="38.16364" lon="-111.08745"><ele>0.0</ele></trkpt>
      <trkpt lat="38.16341" lon="-111.08735"><ele>0.0</ele></trkpt>
      <trkpt lat="38.16243" lon="-111.08698"><ele>0.0</ele></trkpt>
      <trkpt lat="38.16198" lon="-111.08684"><ele>0.0</ele></trkpt>
      <trkpt lat="38.16156" lon="-111.08674"><ele>0.0</ele></trkpt>
      <trkpt lat="38.16154" lon="-111.08673"><ele>0.0</ele></trkpt>
      <trkpt lat="38.16123" lon="-111.08671"><ele>0.0</ele></trkpt>
      <trkpt lat="38.1612" lon="-111.0867"><ele>0.0</ele></trkpt>
      <trkpt lat="38.16074" lon="-111.08667"><ele>0.0</ele></trkpt>
      <trkpt lat="38.15998" lon="-111.0867"><ele>0.0</ele></trkpt>
      <trkpt lat="38.15916" lon="-111.08667"><ele>0.0</ele></trkpt>
      <trkpt lat="38.15868" lon="-111.0867"><ele>0.0</ele></trkpt>
      <trkpt lat="38.15851" lon="-111.08672"><ele>0.0</ele></trkpt>
      <trkpt lat="38.15827" lon="-111.08673"><ele>0.0</ele></trkpt>
      <trkpt lat="38.1579" lon="-111.08683"><ele>0.0</ele></trkpt>
      <trkpt lat="38.15764" lon="-111.08684"><ele>0.0</ele></trkpt>
      <trkpt lat="38.15747" lon="-111.08686"><ele>0.0</ele></trkpt>
      <trkpt lat="38.15691" lon="-111.08685"><ele>0.0</ele></trkpt>
      <trkpt lat="38.15675" lon="-111.08683"><ele>0.0</ele></trkpt>
      <trkpt lat="38.15672" lon="-111.08683"><ele>0.0</ele></trkpt>
      <trkpt lat="38.15644" lon="-111.0868"><ele>0.0</ele></trkpt>
      <trkpt lat="38.15639" lon="-111.08679"><ele>0.0</ele></trkpt>
      <trkpt lat="38.15636" lon="-111.08678"><ele>0.0</ele></trkpt>
      <trkpt lat="38.15625" lon="-111.08676"><ele>0.0</ele></trkpt>
      <trkpt lat="38.15608" lon="-111.08666"><ele>0.0</ele></trkpt>
      <trkpt lat="38.15603" lon="-111.08661"><ele>0.0</ele></trkpt>
      <trkpt lat="38.15576" lon="-111.08638"><ele>0.0</ele></trkpt>
      <trkpt lat="38.15576" lon="-111.08637"><ele>0.0</ele></trkpt>
      <trkpt lat="38.15573" lon="-111.08635"><ele>0.0</ele></trkpt>
      <trkpt lat="38.15515" lon="-111.08576"><ele>0.0</ele></trkpt>
      <trkpt lat="38.15488" lon="-111.08551"><ele>0.0</ele></trkpt>
      <trkpt lat="38.15474" lon="-111.08537"><ele>0.0</ele></trkpt>
      <trkpt lat="38.15462" lon="-111.08527"><ele>0.0</ele></trkpt>
      <trkpt lat="38.15417" lon="-111.08485"><ele>0.0</ele></trkpt>
      <trkpt lat="38.15218" lon="-111.08313"><ele>0.0</ele></trkpt>
      <trkpt lat="38.15178" lon="-111.08282"><ele>0.0</ele></trkpt>
      <trkpt lat="38.15143" lon="-111.08261"><ele>0.0</ele></trkpt>
      <trkpt lat="38.15107" lon="-111.0825"><ele>0.0</ele></trkpt>
      <trkpt lat="38.15092" lon="-111.08247"><ele>0.0</ele></trkpt>
      <trkpt lat="38.15088" lon="-111.08247"><ele>0.0</ele></trkpt>
      <trkpt lat="38.15019" lon="-111.08232"><ele>0.0</ele></trkpt>
      <trkpt lat="38.14987" lon="-111.08223"><ele>0.0</ele></trkpt>
      <trkpt lat="38.14985" lon="-111.08223"><ele>0.0</ele></trkpt>
      <trkpt lat="38.1497" lon="-111.08218"><ele>0.0</ele></trkpt>
      <trkpt lat="38.14936" lon="-111.08214"><ele>0.0</ele></trkpt>
      <trkpt lat="38.14921" lon="-111.08216"><ele>0.0</ele></trkpt>
      <trkpt lat="38.14894" lon="-111.08226"><ele>0.0</ele></trkpt>
      <trkpt lat="38.14864" lon="-111.08233"><ele>0.0</ele></trkpt>
      <trkpt lat="38.14815" lon="-111.08236"><ele>0.0</ele></trkpt>
      <trkpt lat="38.1481" lon="-111.08235"><ele>0.0</ele></trkpt>
      <trkpt lat="38.14756" lon="-111.08234"><ele>0.0</ele></trkpt>
      <trkpt lat="38.14753" lon="-111.08235"><ele>0.0</ele></trkpt>
      <trkpt lat="38.14738" lon="-111.08236"><ele>0.0</ele></trkpt>
      <trkpt lat="38.14673" lon="-111.08236"><ele>0.0</ele></trkpt>
      <trkpt lat="38.14666" lon="-111.08238"><ele>0.0</ele></trkpt>
      <trkpt lat="38.14664" lon="-111.08239"><ele>0.0</ele></trkpt>
      <trkpt lat="38.14646" lon="-111.08245"><ele>0.0</ele></trkpt>
      <trkpt lat="38.14631" lon="-111.08249"><ele>0.0</ele></trkpt>
      <trkpt lat="38.14629" lon="-111.0825"><ele>0.0</ele></trkpt>
      <trkpt lat="38.14616" lon="-111.08254"><ele>0.0</ele></trkpt>
      <trkpt lat="38.14614" lon="-111.08255"><ele>0.0</ele></trkpt>
      <trkpt lat="38.14596" lon="-111.08258"><ele>0.0</ele></trkpt>
      <trkpt lat="38.14584" lon="-111.08261"><ele>0.0</ele></trkpt>
      <trkpt lat="38.14532" lon="-111.08262"><ele>0.0</ele></trkpt>
      <trkpt lat="38.14525" lon="-111.08259"><ele>0.0</ele></trkpt>
      <trkpt lat="38.14507" lon="-111.08253"><ele>0.0</ele></trkpt>
      <trkpt lat="38.14505" lon="-111.08252"><ele>0.0</ele></trkpt>
      <trkpt lat="38.14504" lon="-111.08251"><ele>0.0</ele></trkpt>
      <trkpt lat="38.14476" lon="-111.08237"><ele>0.0</ele></trkpt>
      <trkpt lat="38.14439" lon="-111.08223"><ele>0.0</ele></trkpt>
      <trkpt lat="38.14422" lon="-111.08215"><ele>0.0</ele></trkpt>
      <trkpt lat="38.14407" lon="-111.08209"><ele>0.0</ele></trkpt>
      <trkpt lat="38.14389" lon="-111.0819"><ele>0.0</ele></trkpt>
      <trkpt lat="38.14368" lon="-111.08159"><ele>0.0</ele></trkpt>
      <trkpt lat="38.14352" lon="-111.08147"><ele>0.0</ele></trkpt>
      <trkpt lat="38.14336" lon="-111.08133"><ele>0.0</ele></trkpt>
      <trkpt lat="38.14335" lon="-111.08133"><ele>0.0</ele></trkpt>
      <trkpt lat="38.14284" lon="-111.0811"><ele>0.0</ele></trkpt>
      <trkpt lat="38.14215" lon="-111.08097"><ele>0.0</ele></trkpt>
      <trkpt lat="38.14183" lon="-111.0809"><ele>0.0</ele></trkpt>
      <trkpt lat="38.14061" lon="-111.08091"><ele>0.0</ele></trkpt>
      <trkpt lat="38.14036" lon="-111.08092"><ele>0.0</ele></trkpt>
      <trkpt lat="38.1399" lon="-111.08092"><ele>0.0</ele></trkpt>
      <trkpt lat="38.13969" lon="-111.08087"><ele>0.0</ele></trkpt>
      <trkpt lat="38.13874" lon="-111.0806"><ele>0.0</ele></trkpt>
      <trkpt lat="38.13872" lon="-111.0806"><ele>0.0</ele></trkpt>
      <trkpt lat="38.13863" lon="-111.08056"><ele>0.0</ele></trkpt>
      <trkpt lat="38.13775" lon="-111.07969"><ele>0.0</ele></trkpt>
      <trkpt lat="38.13735" lon="-111.07923"><ele>0.0</ele></trkpt>
      <trkpt lat="38.1372" lon="-111.07909"><ele>0.0</ele></trkpt>
      <trkpt lat="38.13712" lon="-111.079"><ele>0.0</ele></trkpt>
      <trkpt lat="38.13704" lon="-111.07893"><ele>0.0</ele></trkpt>
      <trkpt lat="38.13679" lon="-111.07867"><ele>0.0</ele></trkpt>
      <trkpt lat="38.13676" lon="-111.07863"><ele>0.0</ele></trkpt>
      <trkpt lat="38.13641" lon="-111.07834"><ele>0.0</ele></trkpt>
      <trkpt lat="38.13607" lon="-111.07814"><ele>0.0</ele></trkpt>
      <trkpt lat="38.13584" lon="-111.07805"><ele>0.0</ele></trkpt>
      <trkpt lat="38.13505" lon="-111.07808"><ele>0.0</ele></trkpt>
      <trkpt lat="38.13452" lon="-111.07797"><ele>0.0</ele></trkpt>
      <trkpt lat="38.13358" lon="-111.07781"><ele>0.0</ele></trkpt>
      <trkpt lat="38.13314" lon="-111.07758"><ele>0.0</ele></trkpt>
      <trkpt lat="38.13241" lon="-111.07713"><ele>0.0</ele></trkpt>
      <trkpt lat="38.13174" lon="-111.07677"><ele>0.0</ele></trkpt>
      <trkpt lat="38.13043" lon="-111.07645"><ele>0.0</ele></trkpt>
      <trkpt lat="38.13026" lon="-111.07642"><ele>0.0</ele></trkpt>
      <trkpt lat="38.1301" lon="-111.07629"><ele>0.0</ele></trkpt>
      <trkpt lat="38.12979" lon="-111.07598"><ele>0.0</ele></trkpt>
      <trkpt lat="38.12942" lon="-111.07567"><ele>0.0</ele></trkpt>
      <trkpt lat="38.12917" lon="-111.07558"><ele>0.0</ele></trkpt>
      <trkpt lat="38.12915" lon="-111.07557"><ele>0.0</ele></trkpt>
      <trkpt lat="38.12902" lon="-111.07553"><ele>0.0</ele></trkpt>
      <trkpt lat="38.12892" lon="-111.07549"><ele>0.0</ele></trkpt>
      <trkpt lat="38.1281" lon="-111.07544"><ele>0.0</ele></trkpt>
      <trkpt lat="38.12777" lon="-111.07539"><ele>0.0</ele></trkpt>
      <trkpt lat="38.12774" lon="-111.07539"><ele>0.0</ele></trkpt>
      <trkpt lat="38.12761" lon="-111.07537"><ele>0.0</ele></trkpt>
      <trkpt lat="38.12739" lon="-111.07531"><ele>0.0</ele></trkpt>
      <trkpt lat="38.12721" lon="-111.07527"><ele>0.0</ele></trkpt>
      <trkpt lat="38.12703" lon="-111.07522"><ele>0.0</ele></trkpt>
      <trkpt lat="38.12689" lon="-111.07519"><ele>0.0</ele></trkpt>
      <trkpt lat="38.12668" lon="-111.07513"><ele>0.0</ele></trkpt>
      <trkpt lat="38.12653" lon="-111.0751"><ele>0.0</ele></trkpt>
      <trkpt lat="38.12512" lon="-111.07473"><ele>0.0</ele></trkpt>
      <trkpt lat="38.12509" lon="-111.07473"><ele>0.0</ele></trkpt>
      <trkpt lat="38.12477" lon="-111.07464"><ele>0.0</ele></trkpt>
      <trkpt lat="38.12474" lon="-111.07464"><ele>0.0</ele></trkpt>
      <trkpt lat="38.12449" lon="-111.07457"><ele>0.0</ele></trkpt>
      <trkpt lat="38.12371" lon="-111.0744"><ele>0.0</ele></trkpt>
      <trkpt lat="38.12368" lon="-111.07439"><ele>0.0</ele></trkpt>
      <trkpt lat="38.12265" lon="-111.07417"><ele>0.0</ele></trkpt>
      <trkpt lat="38.12262" lon="-111.07416"><ele>0.0</ele></trkpt>
      <trkpt lat="38.12208" lon="-111.07404"><ele>0.0</ele></trkpt>
      <trkpt lat="38.12195" lon="-111.07402"><ele>0.0</ele></trkpt>
      <trkpt lat="38.1212" lon="-111.07385"><ele>0.0</ele></trkpt>
      <trkpt lat="38.12087" lon="-111.07379"><ele>0.0</ele></trkpt>
      <trkpt lat="38.12084" lon="-111.07379"><ele>0.0</ele></trkpt>
      <trkpt lat="38.11962" lon="-111.07364"><ele>0.0</ele></trkpt>
      <trkpt lat="38.11959" lon="-111.07364"><ele>0.0</ele></trkpt>
      <trkpt lat="38.11951" lon="-111.07363"><ele>0.0</ele></trkpt>
      <trkpt lat="38.11924" lon="-111.07353"><ele>0.0</ele></trkpt>
      <trkpt lat="38.11923" lon="-111.07353"><ele>0.0</ele></trkpt>
      <trkpt lat="38.11891" lon="-111.07332"><ele>0.0</ele></trkpt>
      <trkpt lat="38.1177" lon="-111.07242"><ele>0.0</ele></trkpt>
      <trkpt lat="38.11766" lon="-111.07238"><ele>0.0</ele></trkpt>
      <trkpt lat="38.11761" lon="-111.07235"><ele>0.0</ele></trkpt>
      <trkpt lat="38.11722" lon="-111.07207"><ele>0.0</ele></trkpt>
      <trkpt lat="38.11687" lon="-111.07184"><ele>0.0</ele></trkpt>
      <trkpt lat="38.11676" lon="-111.07176"><ele>0.0</ele></trkpt>
      <trkpt lat="38.11579" lon="-111.07114"><ele>0.0</ele></trkpt>
      <trkpt lat="38.11575" lon="-111.07111"><ele>0.0</ele></trkpt>
      <trkpt lat="38.11546" lon="-111.07094"><ele>0.0</ele></trkpt>
      <trkpt lat="38.11528" lon="-111.07087"><ele>0.0</ele></trkpt>
      <trkpt lat="38.11459" lon="-111.07069"><ele>0.0</ele></trkpt>
      <trkpt lat="38.11457" lon="-111.07068"><ele>0.0</ele></trkpt>
      <trkpt lat="38.11454" lon="-111.07067"><ele>0.0</ele></trkpt>
      <trkpt lat="38.11401" lon="-111.07055"><ele>0.0</ele></trkpt>
      <trkpt lat="38.11201" lon="-111.07025"><ele>0.0</ele></trkpt>
      <trkpt lat="38.11178" lon="-111.07025"><ele>0.0</ele></trkpt>
      <trkpt lat="38.1116" lon="-111.07024"><ele>0.0</ele></trkpt>
      <trkpt lat="38.1109" lon="-111.07023"><ele>0.0</ele></trkpt>
      <trkpt lat="38.10559" lon="-111.07028"><ele>0.0</ele></trkpt>
      <trkpt lat="38.10541" lon="-111.07027"><ele>0.0</ele></trkpt>
      <trkpt lat="38.10529" lon="-111.07027"><ele>0.0</ele></trkpt>
      <trkpt lat="38.10505" lon="-111.07024"><ele>0.0</ele></trkpt>
      <trkpt lat="38.10487" lon="-111.07019"><ele>0.0</ele></trkpt>
      <trkpt lat="38.10482" lon="-111.07017"><ele>0.0</ele></trkpt>
      <trkpt lat="38.1047" lon="-111.07014"><ele>0.0</ele></trkpt>
      <trkpt lat="38.10452" lon="-111.07008"><ele>0.0</ele></trkpt>
      <trkpt lat="38.1045" lon="-111.07008"><ele>0.0</ele></trkpt>
      <trkpt lat="38.10415" lon="-111.0699"><ele>0.0</ele></trkpt>
      <trkpt lat="38.1036" lon="-111.06951"><ele>0.0</ele></trkpt>
      <trkpt lat="38.10341" lon="-111.06944"><ele>0.0</ele></trkpt>
      <trkpt lat="38.10296" lon="-111.06936"><ele>0.0</ele></trkpt>
      <trkpt lat="38.10277" lon="-111.06935"><ele>0.0</ele></trkpt>
      <trkpt lat="38.1026" lon="-111.06933"><ele>0.0</ele></trkpt>
      <trkpt lat="38.1026" lon="-111.06934"><ele>0.0</ele></trkpt>
      <trkpt lat="38.10254" lon="-111.06956"><ele>0.0</ele></trkpt>
      <trkpt lat="38.10249" lon="-111.06968"><ele>0.0</ele></trkpt>
      <trkpt lat="38.10249" lon="-111.06969"><ele>0.0</ele></trkpt>
      <trkpt lat="38.10237" lon="-111.06989"><ele>0.0</ele></trkpt>
      <trkpt lat="38.10229" lon="-111.07005"><ele>0.0</ele></trkpt>
      <trkpt lat="38.10227" lon="-111.07008"><ele>0.0</ele></trkpt>
      <trkpt lat="38.10218" lon="-111.07031"><ele>0.0</ele></trkpt>
      <trkpt lat="38.10207" lon="-111.07063"><ele>0.0</ele></trkpt>
      <trkpt lat="38.10201" lon="-111.07089"><ele>0.0</ele></trkpt>
      <trkpt lat="38.102" lon="-111.07091"><ele>0.0</ele></trkpt>
      <trkpt lat="38.10193" lon="-111.07133"><ele>0.0</ele></trkpt>
      <trkpt lat="38.10192" lon="-111.07135"><ele>0.0</ele></trkpt>
      <trkpt lat="38.10187" lon="-111.07167"><ele>0.0</ele></trkpt>
      <trkpt lat="38.10187" lon="-111.07188"><ele>0.0</ele></trkpt>
      <trkpt lat="38.10186" lon="-111.0721"><ele>0.0</ele></trkpt>
      <trkpt lat="38.10183" lon="-111.0722"><ele>0.0</ele></trkpt>
      <trkpt lat="38.10182" lon="-111.07225"><ele>0.0</ele></trkpt>
      <trkpt lat="38.10174" lon="-111.07236"><ele>0.0</ele></trkpt>
      <trkpt lat="38.10165" lon="-111.07244"><ele>0.0</ele></trkpt>
      <trkpt lat="38.10155" lon="-111.07247"><ele>0.0</ele></trkpt>
      <trkpt lat="38.10153" lon="-111.07247"><ele>0.0</ele></trkpt>
      <trkpt lat="38.10151" lon="-111.07248"><ele>0.0</ele></trkpt>
      <trkpt lat="38.10144" lon="-111.0725"><ele>0.0</ele></trkpt>
      <trkpt lat="38.10128" lon="-111.07252"><ele>0.0</ele></trkpt>
      <trkpt lat="38.10109" lon="-111.07252"><ele>0.0</ele></trkpt>
      <trkpt lat="38.10094" lon="-111.07255"><ele>0.0</ele></trkpt>
      <trkpt lat="38.10087" lon="-111.0726"><ele>0.0</ele></trkpt>
      <trkpt lat="38.10069" lon="-111.07279"><ele>0.0</ele></trkpt>
      <trkpt lat="38.10067" lon="-111.07282"><ele>0.0</ele></trkpt>
      <trkpt lat="38.10034" lon="-111.07316"><ele>0.0</ele></trkpt>
      <trkpt lat="38.10031" lon="-111.07323"><ele>0.0</ele></trkpt>
      <trkpt lat="38.10031" lon="-111.07324"><ele>0.0</ele></trkpt>
      <trkpt lat="38.1003" lon="-111.07327"><ele>0.0</ele></trkpt>
      <trkpt lat="38.10029" lon="-111.07338"><ele>0.0</ele></trkpt>
      <trkpt lat="38.1003" lon="-111.07347"><ele>0.0</ele></trkpt>
      <trkpt lat="38.10035" lon="-111.07368"><ele>0.0</ele></trkpt>
      <trkpt lat="38.10038" lon="-111.07378"><ele>0.0</ele></trkpt>
      <trkpt lat="38.10037" lon="-111.07393"><ele>0.0</ele></trkpt>
      <trkpt lat="38.10032" lon="-111.07406"><ele>0.0</ele></trkpt>
      <trkpt lat="38.10028" lon="-111.07412"><ele>0.0</ele></trkpt>
      <trkpt lat="38.10017" lon="-111.07424"><ele>0.0</ele></trkpt>
      <trkpt lat="38.10016" lon="-111.07426"><ele>0.0</ele></trkpt>
      <trkpt lat="38.09996" lon="-111.07448"><ele>0.0</ele></trkpt>
      <trkpt lat="38.09987" lon="-111.07463"><ele>0.0</ele></trkpt>
      <trkpt lat="38.09983" lon="-111.07481"><ele>0.0</ele></trkpt>
      <trkpt lat="38.09964" lon="-111.07609"><ele>0.0</ele></trkpt>
      <trkpt lat="38.0996" lon="-111.07628"><ele>0.0</ele></trkpt>
      <trkpt lat="38.09956" lon="-111.07637"><ele>0.0</ele></trkpt>
      <trkpt lat="38.09949" lon="-111.07656"><ele>0.0</ele></trkpt>
      <trkpt lat="38.0993" lon="-111.0772"><ele>0.0</ele></trkpt>
      <trkpt lat="38.09919" lon="-111.07764"><ele>0.0</ele></trkpt>
      <trkpt lat="38.09914" lon="-111.07795"><ele>0.0</ele></trkpt>
      <trkpt lat="38.09911" lon="-111.07808"><ele>0.0</ele></trkpt>
      <trkpt lat="38.09911" lon="-111.07812"><ele>0.0</ele></trkpt>
      <trkpt lat="38.09907" lon="-111.0783"><ele>0.0</ele></trkpt>
      <trkpt lat="38.09907" lon="-111.07832"><ele>0.0</ele></trkpt>
      <trkpt lat="38.09905" lon="-111.07843"><ele>0.0</ele></trkpt>
      <trkpt lat="38.09904" lon="-111.07853"><ele>0.0</ele></trkpt>
      <trkpt lat="38.09904" lon="-111.07861"><ele>0.0</ele></trkpt>
      <trkpt lat="38.09908" lon="-111.07888"><ele>0.0</ele></trkpt>
      <trkpt lat="38.09916" lon="-111.07909"><ele>0.0</ele></trkpt>
      <trkpt lat="38.09916" lon="-111.07922"><ele>0.0</ele></trkpt>
      <trkpt lat="38.09911" lon="-111.07939"><ele>0.0</ele></trkpt>
      <trkpt lat="38.09911" lon="-111.07942"><ele>0.0</ele></trkpt>
      <trkpt lat="38.09902" lon="-111.07983"><ele>0.0</ele></trkpt>
      <trkpt lat="38.09902" lon="-111.07986"><ele>0.0</ele></trkpt>
      <trkpt lat="38.09898" lon="-111.08021"><ele>0.0</ele></trkpt>
      <trkpt lat="38.09894" lon="-111.0804"><ele>0.0</ele></trkpt>
      <trkpt lat="38.09891" lon="-111.08051"><ele>0.0</ele></trkpt>
      <trkpt lat="38.09875" lon="-111.0808"><ele>0.0</ele></trkpt>
      <trkpt lat="38.09872" lon="-111.08093"><ele>0.0</ele></trkpt>
      <trkpt lat="38.09868" lon="-111.08107"><ele>0.0</ele></trkpt>
      <trkpt lat="38.09856" lon="-111.08163"><ele>0.0</ele></trkpt>
      <trkpt lat="38.09855" lon="-111.08181"><ele>0.0</ele></trkpt>
      <trkpt lat="38.09854" lon="-111.0819"><ele>0.0</ele></trkpt>
      <trkpt lat="38.09849" lon="-111.08207"><ele>0.0</ele></trkpt>
      <trkpt lat="38.09837" lon="-111.08227"><ele>0.0</ele></trkpt>
      <trkpt lat="38.09784" lon="-111.08307"><ele>0.0</ele></trkpt>
      <trkpt lat="38.09773" lon="-111.08326"><ele>0.0</ele></trkpt>
      <trkpt lat="38.09737" lon="-111.08378"><ele>0.0</ele></trkpt>
      <trkpt lat="38.09736" lon="-111.0838"><ele>0.0</ele></trkpt>
      <trkpt lat="38.09731" lon="-111.08387"><ele>0.0</ele></trkpt>
      <trkpt lat="38.09725" lon="-111.08392"><ele>0.0</ele></trkpt>
      <trkpt lat="38.09722" lon="-111.08395"><ele>0.0</ele></trkpt>
      <trkpt lat="38.09712" lon="-111.08401"><ele>0.0</ele></trkpt>
      <trkpt lat="38.09698" lon="-111.08408"><ele>0.0</ele></trkpt>
      <trkpt lat="38.09687" lon="-111.0842"><ele>0.0</ele></trkpt>
      <trkpt lat="38.09679" lon="-111.08437"><ele>0.0</ele></trkpt>
      <trkpt lat="38.09674" lon="-111.08451"><ele>0.0</ele></trkpt>
      <trkpt lat="38.09667" lon="-111.08459"><ele>0.0</ele></trkpt>
      <trkpt lat="38.09654" lon="-111.08463"><ele>0.0</ele></trkpt>
      <trkpt lat="38.0964" lon="-111.08464"><ele>0.0</ele></trkpt>
      <trkpt lat="38.09632" lon="-111.08464"><ele>0.0</ele></trkpt>
      <trkpt lat="38.09618" lon="-111.08462"><ele>0.0</ele></trkpt>
      <trkpt lat="38.09611" lon="-111.0846"><ele>0.0</ele></trkpt>
      <trkpt lat="38.09604" lon="-111.08459"><ele>0.0</ele></trkpt>
      <trkpt lat="38.09584" lon="-111.08454"><ele>0.0</ele></trkpt>
      <trkpt lat="38.09572" lon="-111.08454"><ele>0.0</ele></trkpt>
      <trkpt lat="38.09565" lon="-111.08456"><ele>0.0</ele></trkpt>
      <trkpt lat="38.09553" lon="-111.08466"><ele>0.0</ele></trkpt>
      <trkpt lat="38.0955" lon="-111.08469"><ele>0.0</ele></trkpt>
      <trkpt lat="38.09542" lon="-111.08482"><ele>0.0</ele></trkpt>
      <trkpt lat="38.09533" lon="-111.08491"><ele>0.0</ele></trkpt>
      <trkpt lat="38.09526" lon="-111.08494"><ele>0.0</ele></trkpt>
      <trkpt lat="38.09521" lon="-111.08497"><ele>0.0</ele></trkpt>
      <trkpt lat="38.095" lon="-111.08502"><ele>0.0</ele></trkpt>
      <trkpt lat="38.09481" lon="-111.08514"><ele>0.0</ele></trkpt>
      <trkpt lat="38.09461" lon="-111.08532"><ele>0.0</ele></trkpt>
      <trkpt lat="38.09452" lon="-111.08538"><ele>0.0</ele></trkpt>
      <trkpt lat="38.09445" lon="-111.08541"><ele>0.0</ele></trkpt>
      <trkpt lat="38.0944" lon="-111.08542"><ele>0.0</ele></trkpt>
      <trkpt lat="38.09422" lon="-111.0854"><ele>0.0</ele></trkpt>
      <trkpt lat="38.094" lon="-111.08541"><ele>0.0</ele></trkpt>
      <trkpt lat="38.09387" lon="-111.08545"><ele>0.0</ele></trkpt>
      <trkpt lat="38.09386" lon="-111.08545"><ele>0.0</ele></trkpt>
      <trkpt lat="38.09373" lon="-111.08558"><ele>0.0</ele></trkpt>
      <trkpt lat="38.09365" lon="-111.08573"><ele>0.0</ele></trkpt>
      <trkpt lat="38.09362" lon="-111.08577"><ele>0.0</ele></trkpt>
      <trkpt lat="38.09361" lon="-111.0858"><ele>0.0</ele></trkpt>
      <trkpt lat="38.0934" lon="-111.08613"><ele>0.0</ele></trkpt>
      <trkpt lat="38.09302" lon="-111.08652"><ele>0.0</ele></trkpt>
      <trkpt lat="38.093" lon="-111.08657"><ele>0.0</ele></trkpt>
      <trkpt lat="38.09295" lon="-111.08664"><ele>0.0</ele></trkpt>
      <trkpt lat="38.0929" lon="-111.08679"><ele>0.0</ele></trkpt>
      <trkpt lat="38.09284" lon="-111.08724"><ele>0.0</ele></trkpt>
      <trkpt lat="38.09269" lon="-111.08783"><ele>0.0</ele></trkpt>
      <trkpt lat="38.09267" lon="-111.088"><ele>0.0</ele></trkpt>
      <trkpt lat="38.09265" lon="-111.08809"><ele>0.0</ele></trkpt>
      <trkpt lat="38.09263" lon="-111.08848"><ele>0.0</ele></trkpt>
      <trkpt lat="38.09265" lon="-111.08885"><ele>0.0</ele></trkpt>
      <trkpt lat="38.09261" lon="-111.08937"><ele>0.0</ele></trkpt>
      <trkpt lat="38.09261" lon="-111.08945"><ele>0.0</ele></trkpt>
      <trkpt lat="38.09252" lon="-111.09032"><ele>0.0</ele></trkpt>
      <trkpt lat="38.09251" lon="-111.09035"><ele>0.0</ele></trkpt>
      <trkpt lat="38.09248" lon="-111.09071"><ele>0.0</ele></trkpt>
      <trkpt lat="38.09247" lon="-111.09078"><ele>0.0</ele></trkpt>
      <trkpt lat="38.09247" lon="-111.09081"><ele>0.0</ele></trkpt>
      <trkpt lat="38.09244" lon="-111.09096"><ele>0.0</ele></trkpt>
      <trkpt lat="38.09234" lon="-111.09118"><ele>0.0</ele></trkpt>
      <trkpt lat="38.09218" lon="-111.09145"><ele>0.0</ele></trkpt>
      <trkpt lat="38.09208" lon="-111.09157"><ele>0.0</ele></trkpt>
      <trkpt lat="38.09196" lon="-111.09174"><ele>0.0</ele></trkpt>
      <trkpt lat="38.09185" lon="-111.09187"><ele>0.0</ele></trkpt>
      <trkpt lat="38.09159" lon="-111.09229"><ele>0.0</ele></trkpt>
      <trkpt lat="38.09136" lon="-111.09253"><ele>0.0</ele></trkpt>
      <trkpt lat="38.09109" lon="-111.0929"><ele>0.0</ele></trkpt>
      <trkpt lat="38.09066" lon="-111.09362"><ele>0.0</ele></trkpt>
      <trkpt lat="38.0906" lon="-111.09375"><ele>0.0</ele></trkpt>
      <trkpt lat="38.09059" lon="-111.09378"><ele>0.0</ele></trkpt>
      <trkpt lat="38.09052" lon="-111.09407"><ele>0.0</ele></trkpt>
      <trkpt lat="38.09032" lon="-111.09463"><ele>0.0</ele></trkpt>
      <trkpt lat="38.0903" lon="-111.09467"><ele>0.0</ele></trkpt>
      <trkpt lat="38.09011" lon="-111.09521"><ele>0.0</ele></trkpt>
      <trkpt lat="38.09008" lon="-111.0954"><ele>0.0</ele></trkpt>
      <trkpt lat="38.09009" lon="-111.09548"><ele>0.0</ele></trkpt>
      <trkpt lat="38.09009" lon="-111.09562"><ele>0.0</ele></trkpt>
      <trkpt lat="38.09016" lon="-111.09593"><ele>0.0</ele></trkpt>
      <trkpt lat="38.09017" lon="-111.09611"><ele>0.0</ele></trkpt>
      <trkpt lat="38.09018" lon="-111.09615"><ele>0.0</ele></trkpt>
      <trkpt lat="38.09018" lon="-111.0962"><ele>0.0</ele></trkpt>
      <trkpt lat="38.0902" lon="-111.09637"><ele>0.0</ele></trkpt>
      <trkpt lat="38.09033" lon="-111.09676"><ele>0.0</ele></trkpt>
      <trkpt lat="38.09035" lon="-111.09684"><ele>0.0</ele></trkpt>
      <trkpt lat="38.09038" lon="-111.097"><ele>0.0</ele></trkpt>
      <trkpt lat="38.09037" lon="-111.09715"><ele>0.0</ele></trkpt>
      <trkpt lat="38.09032" lon="-111.09748"><ele>0.0</ele></trkpt>
      <trkpt lat="38.09032" lon="-111.09752"><ele>0.0</ele></trkpt>
      <trkpt lat="38.0903" lon="-111.09766"><ele>0.0</ele></trkpt>
      <trkpt lat="38.0903" lon="-111.09785"><ele>0.0</ele></trkpt>
      <trkpt lat="38.09031" lon="-111.098"><ele>0.0</ele></trkpt>
      <trkpt lat="38.0903" lon="-111.09817"><ele>0.0</ele></trkpt>
      <trkpt lat="38.09025" lon="-111.09838"><ele>0.0</ele></trkpt>
      <trkpt lat="38.09025" lon="-111.09839"><ele>0.0</ele></trkpt>
      <trkpt lat="38.09012" lon="-111.0988"><ele>0.0</ele></trkpt>
      <trkpt lat="38.09002" lon="-111.09917"><ele>0.0</ele></trkpt>
      <trkpt lat="38.08999" lon="-111.09934"><ele>0.0</ele></trkpt>
      <trkpt lat="38.08999" lon="-111.09951"><ele>0.0</ele></trkpt>
      <trkpt lat="38.08998" lon="-111.09973"><ele>0.0</ele></trkpt>
      <trkpt lat="38.08997" lon="-111.09982"><ele>0.0</ele></trkpt>
      <trkpt lat="38.0899" lon="-111.1"><ele>0.0</ele></trkpt>
      <trkpt lat="38.08969" lon="-111.10046"><ele>0.0</ele></trkpt>
      <trkpt lat="38.08963" lon="-111.10057"><ele>0.0</ele></trkpt>
      <trkpt lat="38.08954" lon="-111.10068"><ele>0.0</ele></trkpt>
      <trkpt lat="38.08941" lon="-111.10077"><ele>0.0</ele></trkpt>
      <trkpt lat="38.08928" lon="-111.10087"><ele>0.0</ele></trkpt>
      <trkpt lat="38.08925" lon="-111.10092"><ele>0.0</ele></trkpt>
      <trkpt lat="38.08922" lon="-111.10095"><ele>0.0</ele></trkpt>
      <trkpt lat="38.0891" lon="-111.10112"><ele>0.0</ele></trkpt>
      <trkpt lat="38.08902" lon="-111.1013"><ele>0.0</ele></trkpt>
      <trkpt lat="38.08902" lon="-111.10132"><ele>0.0</ele></trkpt>
      <trkpt lat="38.08897" lon="-111.10156"><ele>0.0</ele></trkpt>
      <trkpt lat="38.08893" lon="-111.10191"><ele>0.0</ele></trkpt>
      <trkpt lat="38.08895" lon="-111.10212"><ele>0.0</ele></trkpt>
      <trkpt lat="38.08899" lon="-111.10239"><ele>0.0</ele></trkpt>
      <trkpt lat="38.089" lon="-111.10258"><ele>0.0</ele></trkpt>
      <trkpt lat="38.08896" lon="-111.10276"><ele>0.0</ele></trkpt>
      <trkpt lat="38.0889" lon="-111.10316"><ele>0.0</ele></trkpt>
      <trkpt lat="38.08879" lon="-111.10364"><ele>0.0</ele></trkpt>
      <trkpt lat="38.08878" lon="-111.10374"><ele>0.0</ele></trkpt>
      <trkpt lat="38.08869" lon="-111.10423"><ele>0.0</ele></trkpt>
      <trkpt lat="38.08868" lon="-111.10426"><ele>0.0</ele></trkpt>
      <trkpt lat="38.08866" lon="-111.10441"><ele>0.0</ele></trkpt>
      <trkpt lat="38.08859" lon="-111.10462"><ele>0.0</ele></trkpt>
      <trkpt lat="38.08851" lon="-111.10483"><ele>0.0</ele></trkpt>
      <trkpt lat="38.0885" lon="-111.10487"><ele>0.0</ele></trkpt>
      <trkpt lat="38.08848" lon="-111.10504"><ele>0.0</ele></trkpt>
      <trkpt lat="38.08848" lon="-111.10528"><ele>0.0</ele></trkpt>
      <trkpt lat="38.08853" lon="-111.10555"><ele>0.0</ele></trkpt>
      <trkpt lat="38.08864" lon="-111.10598"><ele>0.0</ele></trkpt>
      <trkpt lat="38.08871" lon="-111.10618"><ele>0.0</ele></trkpt>
      <trkpt lat="38.08877" lon="-111.10632"><ele>0.0</ele></trkpt>
      <trkpt lat="38.08885" lon="-111.10656"><ele>0.0</ele></trkpt>
      <trkpt lat="38.08886" lon="-111.1066"><ele>0.0</ele></trkpt>
      <trkpt lat="38.08889" lon="-111.10689"><ele>0.0</ele></trkpt>
      <trkpt lat="38.08893" lon="-111.107"><ele>0.0</ele></trkpt>
      <trkpt lat="38.08913" lon="-111.10733"><ele>0.0</ele></trkpt>
      <trkpt lat="38.08923" lon="-111.10756"><ele>0.0</ele></trkpt>
      <trkpt lat="38.08923" lon="-111.10757"><ele>0.0</ele></trkpt>
      <trkpt lat="38.08937" lon="-111.10791"><ele>0.0</ele></trkpt>
      <trkpt lat="38.08938" lon="-111.10801"><ele>0.0</ele></trkpt>
      <trkpt lat="38.08939" lon="-111.10805"><ele>0.0</ele></trkpt>
      <trkpt lat="38.08933" lon="-111.10819"><ele>0.0</ele></trkpt>
      <trkpt lat="38.08932" lon="-111.10823"><ele>0.0</ele></trkpt>
      <trkpt lat="38.08918" lon="-111.10852"><ele>0.0</ele></trkpt>
      <trkpt lat="38.08908" lon="-111.10865"><ele>0.0</ele></trkpt>
      <trkpt lat="38.08904" lon="-111.10868"><ele>0.0</ele></trkpt>
      <trkpt lat="38.08888" lon="-111.1087"><ele>0.0</ele></trkpt>
      <trkpt lat="38.08881" lon="-111.10875"><ele>0.0</ele></trkpt>
      <trkpt lat="38.08871" lon="-111.10884"><ele>0.0</ele></trkpt>
      <trkpt lat="38.08865" lon="-111.10887"><ele>0.0</ele></trkpt>
      <trkpt lat="38.0886" lon="-111.10888"><ele>0.0</ele></trkpt>
      <trkpt lat="38.08831" lon="-111.10882"><ele>0.0</ele></trkpt>
      <trkpt lat="38.08828" lon="-111.10882"><ele>0.0</ele></trkpt>
      <trkpt lat="38.08823" lon="-111.1088"><ele>0.0</ele></trkpt>
      <trkpt lat="38.08817" lon="-111.1088"><ele>0.0</ele></trkpt>
      <trkpt lat="38.08811" lon="-111.10881"><ele>0.0</ele></trkpt>
      <trkpt lat="38.08802" lon="-111.10886"><ele>0.0</ele></trkpt>
      <trkpt lat="38.08791" lon="-111.10891"><ele>0.0</ele></trkpt>
      <trkpt lat="38.0878" lon="-111.10894"><ele>0.0</ele></trkpt>
      <trkpt lat="38.08779" lon="-111.10895"><ele>0.0</ele></trkpt>
      <trkpt lat="38.08768" lon="-111.10899"><ele>0.0</ele></trkpt>
      <trkpt lat="38.08763" lon="-111.10902"><ele>0.0</ele></trkpt>
      <trkpt lat="38.08721" lon="-111.10946"><ele>0.0</ele></trkpt>
      <trkpt lat="38.08719" lon="-111.10947"><ele>0.0</ele></trkpt>
      <trkpt lat="38.08689" lon="-111.10985"><ele>0.0</ele></trkpt>
      <trkpt lat="38.0868" lon="-111.1099"><ele>0.0</ele></trkpt>
      <trkpt lat="38.08677" lon="-111.10991"><ele>0.0</ele></trkpt>
      <trkpt lat="38.08673" lon="-111.10993"><ele>0.0</ele></trkpt>
      <trkpt lat="38.08663" lon="-111.10995"><ele>0.0</ele></trkpt>
      <trkpt lat="38.08652" lon="-111.10998"><ele>0.0</ele></trkpt>
      <trkpt lat="38.08647" lon="-111.11002"><ele>0.0</ele></trkpt>
      <trkpt lat="38.08645" lon="-111.11004"><ele>0.0</ele></trkpt>
      <trkpt lat="38.08642" lon="-111.11013"><ele>0.0</ele></trkpt>
      <trkpt lat="38.08643" lon="-111.11021"><ele>0.0</ele></trkpt>
      <trkpt lat="38.08644" lon="-111.11024"><ele>0.0</ele></trkpt>
      <trkpt lat="38.08647" lon="-111.11029"><ele>0.0</ele></trkpt>
      <trkpt lat="38.08656" lon="-111.1104"><ele>0.0</ele></trkpt>
      <trkpt lat="38.0867" lon="-111.11054"><ele>0.0</ele></trkpt>
      <trkpt lat="38.0867" lon="-111.11055"><ele>0.0</ele></trkpt>
      <trkpt lat="38.08671" lon="-111.11055"><ele>0.0</ele></trkpt>
      <trkpt lat="38.08679" lon="-111.11068"><ele>0.0</ele></trkpt>
      <trkpt lat="38.0869" lon="-111.11091"><ele>0.0</ele></trkpt>
      <trkpt lat="38.08691" lon="-111.11092"><ele>0.0</ele></trkpt>
      <trkpt lat="38.08697" lon="-111.11114"><ele>0.0</ele></trkpt>
      <trkpt lat="38.08697" lon="-111.11135"><ele>0.0</ele></trkpt>
      <trkpt lat="38.08698" lon="-111.11147"><ele>0.0</ele></trkpt>
      <trkpt lat="38.08702" lon="-111.11167"><ele>0.0</ele></trkpt>
      <trkpt lat="38.08707" lon="-111.11176"><ele>0.0</ele></trkpt>
      <trkpt lat="38.08709" lon="-111.11178"><ele>0.0</ele></trkpt>
      <trkpt lat="38.08709" lon="-111.11179"><ele>0.0</ele></trkpt>
      <trkpt lat="38.08715" lon="-111.11188"><ele>0.0</ele></trkpt>
      <trkpt lat="38.08724" lon="-111.112"><ele>0.0</ele></trkpt>
      <trkpt lat="38.08731" lon="-111.11214"><ele>0.0</ele></trkpt>
      <trkpt lat="38.08732" lon="-111.11215"><ele>0.0</ele></trkpt>
      <trkpt lat="38.08747" lon="-111.11243"><ele>0.0</ele></trkpt>
      <trkpt lat="38.08753" lon="-111.11251"><ele>0.0</ele></trkpt>
      <trkpt lat="38.08766" lon="-111.11276"><ele>0.0</ele></trkpt>
      <trkpt lat="38.08769" lon="-111.11285"><ele>0.0</ele></trkpt>
      <trkpt lat="38.08768" lon="-111.11291"><ele>0.0</ele></trkpt>
      <trkpt lat="38.08768" lon="-111.11299"><ele>0.0</ele></trkpt>
      <trkpt lat="38.08762" lon="-111.11327"><ele>0.0</ele></trkpt>
      <trkpt lat="38.08761" lon="-111.11337"><ele>0.0</ele></trkpt>
      <trkpt lat="38.08764" lon="-111.1135"><ele>0.0</ele></trkpt>
      <trkpt lat="38.08767" lon="-111.11368"><ele>0.0</ele></trkpt>
      <trkpt lat="38.08768" lon="-111.11379"><ele>0.0</ele></trkpt>
      <trkpt lat="38.08759" lon="-111.11414"><ele>0.0</ele></trkpt>
      <trkpt lat="38.08756" lon="-111.11422"><ele>0.0</ele></trkpt>
      <trkpt lat="38.08756" lon="-111.11423"><ele>0.0</ele></trkpt>
      <trkpt lat="38.08753" lon="-111.11428"><ele>0.0</ele></trkpt>
      <trkpt lat="38.08751" lon="-111.11439"><ele>0.0</ele></trkpt>
      <trkpt lat="38.08748" lon="-111.1145"><ele>0.0</ele></trkpt>
      <trkpt lat="38.08743" lon="-111.11465"><ele>0.0</ele></trkpt>
      <trkpt lat="38.08735" lon="-111.11484"><ele>0.0</ele></trkpt>
      <trkpt lat="38.08731" lon="-111.115"><ele>0.0</ele></trkpt>
      <trkpt lat="38.08729" lon="-111.11512"><ele>0.0</ele></trkpt>
      <trkpt lat="38.08729" lon="-111.11519"><ele>0.0</ele></trkpt>
      <trkpt lat="38.08732" lon="-111.11524"><ele>0.0</ele></trkpt>
      <trkpt lat="38.08734" lon="-111.11526"><ele>0.0</ele></trkpt>
      <trkpt lat="38.08746" lon="-111.11531"><ele>0.0</ele></trkpt>
      <trkpt lat="38.08749" lon="-111.11536"><ele>0.0</ele></trkpt>
      <trkpt lat="38.0875" lon="-111.11537"><ele>0.0</ele></trkpt>
      <trkpt lat="38.0875" lon="-111.11547"><ele>0.0</ele></trkpt>
      <trkpt lat="38.08749" lon="-111.11558"><ele>0.0</ele></trkpt>
      <trkpt lat="38.08748" lon="-111.11562"><ele>0.0</ele></trkpt>
      <trkpt lat="38.08747" lon="-111.11571"><ele>0.0</ele></trkpt>
      <trkpt lat="38.08748" lon="-111.11578"><ele>0.0</ele></trkpt>
      <trkpt lat="38.08751" lon="-111.11592"><ele>0.0</ele></trkpt>
      <trkpt lat="38.08752" lon="-111.11603"><ele>0.0</ele></trkpt>
      <trkpt lat="38.08751" lon="-111.11605"><ele>0.0</ele></trkpt>
      <trkpt lat="38.08751" lon="-111.11608"><ele>0.0</ele></trkpt>
      <trkpt lat="38.08748" lon="-111.11615"><ele>0.0</ele></trkpt>
      <trkpt lat="38.08745" lon="-111.11624"><ele>0.0</ele></trkpt>
      <trkpt lat="38.08738" lon="-111.11632"><ele>0.0</ele></trkpt>
      <trkpt lat="38.0873" lon="-111.11638"><ele>0.0</ele></trkpt>
      <trkpt lat="38.08722" lon="-111.11643"><ele>0.0</ele></trkpt>
      <trkpt lat="38.08714" lon="-111.11649"><ele>0.0</ele></trkpt>
      <trkpt lat="38.08706" lon="-111.11657"><ele>0.0</ele></trkpt>
      <trkpt lat="38.087" lon="-111.1167"><ele>0.0</ele></trkpt>
      <trkpt lat="38.08698" lon="-111.11684"><ele>0.0</ele></trkpt>
      <trkpt lat="38.08699" lon="-111.11687"><ele>0.0</ele></trkpt>
      <trkpt lat="38.08698" lon="-111.117"><ele>0.0</ele></trkpt>
      <trkpt lat="38.08699" lon="-111.11711"><ele>0.0</ele></trkpt>
      <trkpt lat="38.08704" lon="-111.11727"><ele>0.0</ele></trkpt>
      <trkpt lat="38.08711" lon="-111.11739"><ele>0.0</ele></trkpt>
      <trkpt lat="38.08713" lon="-111.11748"><ele>0.0</ele></trkpt>
      <trkpt lat="38.08713" lon="-111.11755"><ele>0.0</ele></trkpt>
      <trkpt lat="38.08711" lon="-111.11762"><ele>0.0</ele></trkpt>
      <trkpt lat="38.08707" lon="-111.1177"><ele>0.0</ele></trkpt>
      <trkpt lat="38.08694" lon="-111.11791"><ele>0.0</ele></trkpt>
      <trkpt lat="38.08694" lon="-111.11792"><ele>0.0</ele></trkpt>
      <trkpt lat="38.08692" lon="-111.11806"><ele>0.0</ele></trkpt>
      <trkpt lat="38.08692" lon="-111.11816"><ele>0.0</ele></trkpt>
      <trkpt lat="38.0869" lon="-111.11827"><ele>0.0</ele></trkpt>
      <trkpt lat="38.08687" lon="-111.11836"><ele>0.0</ele></trkpt>
      <trkpt lat="38.08687" lon="-111.11838"><ele>0.0</ele></trkpt>
      <trkpt lat="38.08682" lon="-111.11846"><ele>0.0</ele></trkpt>
      <trkpt lat="38.08679" lon="-111.11852"><ele>0.0</ele></trkpt>
      <trkpt lat="38.08677" lon="-111.11854"><ele>0.0</ele></trkpt>
      <trkpt lat="38.08672" lon="-111.11858"><ele>0.0</ele></trkpt>
      <trkpt lat="38.08669" lon="-111.11863"><ele>0.0</ele></trkpt>
      <trkpt lat="38.08667" lon="-111.11868"><ele>0.0</ele></trkpt>
      <trkpt lat="38.08667" lon="-111.11872"><ele>0.0</ele></trkpt>
      <trkpt lat="38.08666" lon="-111.11876"><ele>0.0</ele></trkpt>
      <trkpt lat="38.08671" lon="-111.11889"><ele>0.0</ele></trkpt>
      <trkpt lat="38.08672" lon="-111.11893"><ele>0.0</ele></trkpt>
      <trkpt lat="38.08674" lon="-111.1191"><ele>0.0</ele></trkpt>
      <trkpt lat="38.08675" lon="-111.11915"><ele>0.0</ele></trkpt>
      <trkpt lat="38.08676" lon="-111.11926"><ele>0.0</ele></trkpt>
      <trkpt lat="38.08675" lon="-111.11948"><ele>0.0</ele></trkpt>
      <trkpt lat="38.08675" lon="-111.11965"><ele>0.0</ele></trkpt>
      <trkpt lat="38.08673" lon="-111.11979"><ele>0.0</ele></trkpt>
      <trkpt lat="38.08673" lon="-111.11984"><ele>0.0</ele></trkpt>
      <trkpt lat="38.08668" lon="-111.12001"><ele>0.0</ele></trkpt>
      <trkpt lat="38.08667" lon="-111.12006"><ele>0.0</ele></trkpt>
      <trkpt lat="38.08668" lon="-111.12018"><ele>0.0</ele></trkpt>
      <trkpt lat="38.08666" lon="-111.12042"><ele>0.0</ele></trkpt>
      <trkpt lat="38.08662" lon="-111.12052"><ele>0.0</ele></trkpt>
      <trkpt lat="38.08658" lon="-111.12064"><ele>0.0</ele></trkpt>
      <trkpt lat="38.08646" lon="-111.1211"><ele>0.0</ele></trkpt>
      <trkpt lat="38.08645" lon="-111.12112"><ele>0.0</ele></trkpt>
      <trkpt lat="38.08642" lon="-111.12121"><ele>0.0</ele></trkpt>
      <trkpt lat="38.0864" lon="-111.12131"><ele>0.0</ele></trkpt>
      <trkpt lat="38.0864" lon="-111.12137"><ele>0.0</ele></trkpt>
      <trkpt lat="38.08638" lon="-111.12147"><ele>0.0</ele></trkpt>
      <trkpt lat="38.08635" lon="-111.12156"><ele>0.0</ele></trkpt>
      <trkpt lat="38.08629" lon="-111.1217"><ele>0.0</ele></trkpt>
      <trkpt lat="38.08628" lon="-111.12174"><ele>0.0</ele></trkpt>
      <trkpt lat="38.08626" lon="-111.12178"><ele>0.0</ele></trkpt>
      <trkpt lat="38.08623" lon="-111.1219"><ele>0.0</ele></trkpt>
      <trkpt lat="38.08623" lon="-111.12199"><ele>0.0</ele></trkpt>
      <trkpt lat="38.08621" lon="-111.12216"><ele>0.0</ele></trkpt>
      <trkpt lat="38.08621" lon="-111.12226"><ele>0.0</ele></trkpt>
      <trkpt lat="38.08625" lon="-111.12232"><ele>0.0</ele></trkpt>
      <trkpt lat="38.08633" lon="-111.12239"><ele>0.0</ele></trkpt>
      <trkpt lat="38.08652" lon="-111.12253"><ele>0.0</ele></trkpt>
      <trkpt lat="38.08655" lon="-111.12259"><ele>0.0</ele></trkpt>
      <trkpt lat="38.08659" lon="-111.12269"><ele>0.0</ele></trkpt>
      <trkpt lat="38.08662" lon="-111.12284"><ele>0.0</ele></trkpt>
      <trkpt lat="38.08662" lon="-111.12286"><ele>0.0</ele></trkpt>
      <trkpt lat="38.08663" lon="-111.12291"><ele>0.0</ele></trkpt>
      <trkpt lat="38.08663" lon="-111.12332"><ele>0.0</ele></trkpt>
      <trkpt lat="38.08664" lon="-111.12337"><ele>0.0</ele></trkpt>
      <trkpt lat="38.08662" lon="-111.12355"><ele>0.0</ele></trkpt>
      <trkpt lat="38.08661" lon="-111.12359"><ele>0.0</ele></trkpt>
      <trkpt lat="38.0866" lon="-111.12361"><ele>0.0</ele></trkpt>
      <trkpt lat="38.08657" lon="-111.12377"><ele>0.0</ele></trkpt>
      <trkpt lat="38.08655" lon="-111.12381"><ele>0.0</ele></trkpt>
      <trkpt lat="38.08655" lon="-111.12383"><ele>0.0</ele></trkpt>
      <trkpt lat="38.08649" lon="-111.12391"><ele>0.0</ele></trkpt>
      <trkpt lat="38.08642" lon="-111.12396"><ele>0.0</ele></trkpt>
      <trkpt lat="38.08641" lon="-111.12396"><ele>0.0</ele></trkpt>
      <trkpt lat="38.08629" lon="-111.12405"><ele>0.0</ele></trkpt>
      <trkpt lat="38.08627" lon="-111.12407"><ele>0.0</ele></trkpt>
      <trkpt lat="38.08618" lon="-111.12414"><ele>0.0</ele></trkpt>
      <trkpt lat="38.08597" lon="-111.12424"><ele>0.0</ele></trkpt>
      <trkpt lat="38.08589" lon="-111.12429"><ele>0.0</ele></trkpt>
      <trkpt lat="38.08578" lon="-111.12439"><ele>0.0</ele></trkpt>
      <trkpt lat="38.08559" lon="-111.12452"><ele>0.0</ele></trkpt>
      <trkpt lat="38.08546" lon="-111.12459"><ele>0.0</ele></trkpt>
      <trkpt lat="38.0853" lon="-111.12466"><ele>0.0</ele></trkpt>
      <trkpt lat="38.08518" lon="-111.12478"><ele>0.0</ele></trkpt>
      <trkpt lat="38.08513" lon="-111.12484"><ele>0.0</ele></trkpt>
      <trkpt lat="38.08506" lon="-111.12488"><ele>0.0</ele></trkpt>
      <trkpt lat="38.085" lon="-111.12498"><ele>0.0</ele></trkpt>
      <trkpt lat="38.0849" lon="-111.12511"><ele>0.0</ele></trkpt>
      <trkpt lat="38.08473" lon="-111.12528"><ele>0.0</ele></trkpt>
      <trkpt lat="38.08455" lon="-111.12532"><ele>0.0</ele></trkpt>
      <trkpt lat="38.08444" lon="-111.12538"><ele>0.0</ele></trkpt>
      <trkpt lat="38.08432" lon="-111.12546"><ele>0.0</ele></trkpt>
      <trkpt lat="38.08421" lon="-111.12555"><ele>0.0</ele></trkpt>
      <trkpt lat="38.08414" lon="-111.12562"><ele>0.0</ele></trkpt>
      <trkpt lat="38.08411" lon="-111.12566"><ele>0.0</ele></trkpt>
      <trkpt lat="38.08404" lon="-111.12579"><ele>0.0</ele></trkpt>
      <trkpt lat="38.08384" lon="-111.12599"><ele>0.0</ele></trkpt>
      <trkpt lat="38.0836" lon="-111.12621"><ele>0.0</ele></trkpt>
      <trkpt lat="38.08348" lon="-111.12639"><ele>0.0</ele></trkpt>
      <trkpt lat="38.08343" lon="-111.12643"><ele>0.0</ele></trkpt>
    </trkseg>
  </trk>
</gpx>